source_isil,target_isil,source_status,parse_success,target_exists_in_snapshot,self_loop,in_cycle
IT-AG0049,IT-AG0078,Biblioteca confluita in IT-AG0078,True,True,False,False
IT-AG0080,IT-AG0007,Biblioteca confluita in IT-AG0007,True,True,False,False
IT-AL0147,IT-AL0024,Biblioteca confluita in IT-AL0024,True,True,False,False
IT-AL0155,IT-AL0238,Biblioteca confluita in IT-AL0238,True,True,False,False
IT-AL0156,IT-AL0238,Biblioteca confluita in IT-AL0238,True,True,False,False
IT-AN0007,IT-FM0049,Biblioteca confluita in IT-FM0049,True,True,False,False
IT-AN0010,IT-AN0012,Biblioteca confluita in IT-AN0012,True,True,False,False
IT-AN0034,IT-AN0035,Biblioteca confluita in IT-AN0035,True,True,False,False
IT-AN0048,IT-FM0049,Biblioteca confluita in IT-FM0049,True,True,False,False
IT-AN0107,IT-AN0126,Biblioteca confluita in IT-AN0126,True,True,False,False
IT-AN0132,IT-AN0190,Biblioteca confluita in IT-AN0190,True,True,False,False
IT-AP0069,IT-AN0039,Biblioteca confluita in IT-AN0039,True,True,False,False
IT-AP0114,IT-MC0263,Biblioteca confluita in IT-MC0263,True,True,False,False
IT-AP0115,IT-AP0083,Biblioteca confluita in IT-AP0083,True,True,False,False
IT-AV0061,IT-AV0163,Biblioteca confluita in IT-AV0163,True,True,False,False
IT-AV0071,,Biblioteca confluita,False,False,False,False
IT-BA0133,IT-BA0354,Biblioteca confluita in IT-BA0354,True,True,False,False
IT-BA0134,IT-BA0033,Biblioteca confluita in IT-BA0033,True,True,False,False
IT-BA0170,IT-BA0282,Biblioteca confluita in IT-BA0282,True,True,False,False
IT-BA0171,IT-BA0282,Biblioteca confluita in IT-BA0282,True,True,False,False
IT-BA0172,IT-BA0282,Biblioteca confluita in IT-BA0282,True,True,False,False
IT-BA0183,IT-BA0169,Biblioteca confluita in IT-BA0169,True,True,False,False
IT-BA0239,IT-BA0354,Biblioteca confluita in IT-BA0354,True,True,False,False
IT-BA0242,IT-BA0354,Biblioteca confluita in IT-BA0354,True,True,False,False
IT-BA0281,IT-BA0282,Biblioteca confluita in IT-BA0282,True,True,False,False
IT-BA0294,IT-BA0282,Biblioteca confluita in IT-BA0282,True,True,False,False
IT-BA0297,IT-BA0169,Biblioteca confluita in IT-BA0169,True,True,False,False
IT-BA0337,IT-BA0136,Biblioteca confluita in IT-BA0136,True,True,False,False
IT-BA0343,IT-BA0136,Biblioteca confluita in IT-BA0136,True,True,False,False
IT-BG0025,IT-BG0290,Biblioteca confluita in IT-BG0290,True,True,False,False
IT-BG0385,IT-BG0044,Biblioteca confluita in IT-BG0044,True,True,False,False
IT-BN0084,IT-BN0095,Biblioteca confluita in IT-BN0095,True,True,False,False
IT-BN0085,IT-BN0095,Biblioteca confluita in IT-BN0095,True,True,False,False
IT-BN0086,IT-BN0095,Biblioteca confluita in IT-BN0095,True,True,False,False
IT-BN0087,IT-BN0006,Biblioteca confluita in IT-BN0006,True,True,False,False
IT-BN0101,IT-BN0095,Biblioteca confluita in IT-BN0095,True,True,False,False
IT-BN0102,IT-BN0095,Biblioteca confluita in IT-BN0095,True,True,False,False
IT-BN0112,IT-BN0034,Biblioteca confluita in IT-BN0034,True,True,False,False
IT-BO0029,IT-BO0012,Biblioteca confluita in IT-BO0012,True,True,False,False
IT-BO0044,IT-BO0429,Biblioteca confluita in IT-BO0429,True,True,False,False
IT-BO0051,IT-BO0508,Biblioteca confluita in IT-BO0508,True,True,False,False
IT-BO0053,IT-BO0421,Biblioteca confluita in IT-BO0421,True,True,False,False
IT-BO0108,IT-BO0540,Biblioteca confluita in IT-BO0540,True,True,False,False
IT-BO0110,IT-BO0540,Biblioteca confluita in IT-BO0540,True,True,False,False
IT-BO0112,IT-BO0540,Biblioteca confluita in IT-BO0540,True,True,False,False
IT-BO0113,IT-BO0540,Biblioteca confluita in IT-BO0540,True,True,False,False
IT-BO0115,IT-BO0540,Biblioteca confluita in IT-BO0540,True,True,False,False
IT-BO0121,IT-BO0540,Biblioteca confluita in IT-BO0540,True,True,False,False
IT-BO0126,IT-BO0508,Biblioteca confluita in IT-BO0508,True,True,False,False
IT-BO0129,IT-BO0508,Biblioteca confluita in IT-BO0508,True,True,False,False
IT-BO0131,IT-BO0508,Biblioteca confluita in IT-BO0508,True,True,False,False
IT-BO0138,IT-BO0012,Biblioteca confluita in IT-BO0012,True,True,False,False
IT-BO0141,IT-BO0508,Biblioteca confluita in IT-BO0508,True,True,False,False
IT-BO0146,IT-BO0012,Biblioteca confluita in IT-BO0012,True,True,False,False
IT-BO0149,IT-BO0540,Biblioteca confluita in IT-BO0540,True,True,False,False
IT-BO0151,IT-BO0212,Biblioteca confluita in IT-BO0212,True,True,False,False
IT-BO0160,IT-BO0012,Biblioteca confluita in IT-BO0012,True,True,False,False
IT-BO0169,IT-BO0422,Biblioteca confluita in IT-BO0422,True,True,False,False
IT-BO0172,IT-BO0012,Biblioteca confluita in IT-BO0012,True,True,False,False
IT-BO0332,IT-BO0330,Biblioteca confluita in IT-BO0330,True,True,False,False
IT-BO0427,IT-BO0422,Biblioteca confluita in IT-BO0422,True,True,False,False
IT-BO0430,IT-BO0429,Biblioteca confluita in IT-BO0429,True,True,False,False
IT-BO0431,IT-BO0429,Biblioteca confluita in IT-BO0429,True,True,False,False
IT-BO0433,IT-BO0422,Biblioteca confluita in IT-BO0422,True,True,False,False
IT-BO0434,IT-BO0449,Biblioteca confluita in IT-BO0449,True,True,False,False
IT-BO0439,IT-BO0510,Biblioteca confluita in IT-BO0510,True,True,False,False
IT-BO0440,IT-BO0121,Biblioteca confluita in IT-BO0121,True,True,False,False
IT-BO0443,IT-BO0012,Biblioteca confluita in IT-BO0012,True,True,False,False
IT-BO0448,IT-BO0518,Biblioteca confluita in IT-BO0518,True,True,False,False
IT-BO0450,IT-BO0012,Biblioteca confluita in IT-BO0012,True,True,False,False
IT-BO0454,IT-BO0453,Biblioteca confluita in IT-BO0453,True,True,False,False
IT-BO0456,IT-BO0461,Biblioteca confluita in IT-BO0461,True,True,False,False
IT-BO0466,IT-BO0510,Biblioteca confluita in IT-BO0510,True,True,False,False
IT-BO0468,IT-BO0422,Biblioteca confluita in IT-BO0422,True,True,False,False
IT-BO0469,IT-BO0518,Biblioteca confluita in IT-BO0518,True,True,False,False
IT-BO0470,IT-BO0518,Biblioteca confluita in IT-BO0518,True,True,False,False
IT-BO0472,IT-BO0441,Biblioteca confluita in IT-BO0441,True,True,False,False
IT-BO0476,IT-BO0421,Biblioteca confluita in IT-BO0421,True,True,False,False
IT-BO0481,IT-BO0012,Biblioteca confluita in IT-BO0012,True,True,False,False
IT-BO0482,IT-BO0012,Biblioteca confluita in IT-BO0012,True,True,False,False
IT-BO0495,IT-BO0282,Biblioteca confluita in IT-BO0282,True,True,False,False
IT-BO0496,IT-BO0508,Biblioteca confluita in IT-BO0508,True,True,False,False
IT-BO0497,IT-BO0508,Biblioteca confluita in IT-BO0508,True,True,False,False
IT-BO0498,IT-BO0508,Biblioteca confluita in IT-BO0508,True,True,False,False
IT-BO0499,IT-BO0508,Biblioteca confluita in IT-BO0508,True,True,False,False
IT-BO0500,IT-BO0508,Biblioteca confluita in IT-BO0508,True,True,False,False
IT-BO0501,IT-BO0508,Biblioteca confluita in IT-BO0508,True,True,False,False
IT-BO0509,IT-BO0422,Biblioteca confluita in IT-BO0422,True,True,False,False
IT-BO0541,IT-BO0012,Biblioteca confluita in IT-BO0012,True,True,False,False
IT-BO0551,IT-BO0342,Biblioteca confluita in IT-BO0342,True,True,False,False
IT-BO0552,IT-BO0639,Biblioteca confluita in IT-BO0639,True,True,False,False
IT-BO0583,IT-BO0280,Biblioteca confluita in IT-BO0280,True,True,False,False
IT-BO0631,IT-RM0806,Biblioteca confluita in IT-RM0806,True,True,False,False
IT-BS0199,IT-BS0026,Biblioteca confluita in IT-BS0026,True,True,False,False
IT-BS0225,IT-BS0360,Biblioteca confluita in IT-BS0360,True,True,False,False
IT-BS0349,IT-BS0524,Biblioteca confluita in IT-BS0524,True,True,False,False
IT-BS0415,IT-BS0208,Biblioteca confluita in IT-BS0208,True,True,False,False
IT-CA0019,IT-SS0071,Biblioteca confluita in IT-SS0071,True,True,False,False
IT-CA0020,IT-SS0071,Biblioteca confluita in IT-SS0071,True,True,False,False
IT-CA0037,IT-CA0180,Biblioteca confluita in IT-CA0180,True,True,False,False
IT-CA0038,IT-CA0011,Biblioteca confluita in IT-CA0011,True,True,False,False
IT-CA0041,IT-CA0298,Biblioteca confluita in IT-CA0298,True,True,False,False
IT-CA0042,IT-CA0298,Biblioteca confluita in IT-CA0298,True,True,False,False
IT-CA0047,IT-CA0033,Biblioteca confluita in IT-CA0033,True,True,False,False
IT-CA0051,IT-CA0298,Biblioteca confluita in IT-CA0298,True,True,False,False
IT-CA0052,IT-CA0298,Biblioteca confluita in IT-CA0298,True,True,False,False
IT-CA0056,IT-CA0011,Biblioteca confluita in IT-CA0011,True,True,False,False
IT-CA0058,IT-CA0298,Biblioteca confluita in IT-CA0298,True,True,False,False
IT-CA0063,IT-CA0298,Biblioteca confluita in IT-CA0298,True,True,False,False
IT-CA0064,IT-CA0298,Biblioteca confluita in IT-CA0298,True,True,False,False
IT-CA0065,IT-CA0300,Biblioteca confluita in IT-CA0300,True,True,False,False
IT-CA0068,IT-CA0011,Biblioteca confluita in IT-CA0011,True,True,False,False
IT-CA0071,IT-CA0298,Biblioteca confluita in IT-CA0298,True,True,False,False
IT-CA0073,IT-CA0298,Biblioteca confluita in IT-CA0298,True,True,False,False
IT-CA0074,IT-CA0298,Biblioteca confluita in IT-CA0298,True,True,False,False
IT-CA0161,IT-CA0300,Biblioteca confluita in IT-CA0300,True,True,False,False
IT-CA0168,IT-CA0180,Biblioteca confluita in IT-CA0180,True,True,False,False
IT-CA0169,IT-CA0300,Biblioteca confluita in IT-CA0300,True,True,False,False
IT-CA0170,IT-CA0300,Biblioteca confluita in IT-CA0300,True,True,False,False
IT-CA0174,IT-CA0298,Biblioteca confluita in IT-CA0298,True,True,False,False
IT-CA0176,IT-CA0298,Biblioteca confluita in IT-CA0298,True,True,False,False
IT-CA0180,IT-CA0300,Biblioteca confluita in IT-CA0300,True,True,False,False
IT-CA0183,IT-CA0011,Biblioteca confluita in IT-CA0011,True,True,False,False
IT-CA0184,IT-CA0011,Biblioteca confluita in IT-CA0011,True,True,False,False
IT-CA0188,IT-CA0298,Biblioteca confluita in IT-CA0298,True,True,False,False
IT-CA0221,IT-CA0298,Biblioteca confluita in IT-CA0298,True,True,False,False
IT-CA0222,IT-CA0298,Biblioteca confluita in IT-CA0298,True,True,False,False
IT-CA0223,IT-CA0298,Biblioteca confluita in IT-CA0298,True,True,False,False
IT-CA0226,IT-CA0298,Biblioteca confluita in IT-CA0298,True,True,False,False
IT-CA0233,IT-CA0298,Biblioteca confluita in IT-CA0298,True,True,False,False
IT-CA0252,IT-CA0300,Biblioteca confluita in IT-CA0300,True,True,False,False
IT-CA0254,IT-CA0298,Biblioteca confluita in IT-CA0298,True,True,False,False
IT-CA0255,IT-CA0298,Biblioteca confluita in IT-CA0298,True,True,False,False
IT-CA0257,IT-CA0011,Biblioteca confluita in IT-CA0011,True,True,False,False
IT-CA0258,IT-CA0259,Biblioteca confluita in IT-CA0259,True,True,False,False
IT-CA0262,IT-CA0298,Biblioteca confluita in IT-CA0298,True,True,False,False
IT-CA0263,IT-CA0017,Biblioteca confluita in IT-CA0017,True,True,False,False
IT-CA0267,IT-CA0296,Biblioteca confluita in IT-CA0296,True,True,False,False
IT-CA0270,IT-CA0147,Biblioteca confluita in IT-CA0147,True,True,False,False
IT-CA0273,IT-CA0298,Biblioteca confluita in IT-CA0298,True,True,False,False
IT-CA0275,IT-CA0298,Biblioteca confluita in IT-CA0298,True,True,False,False
IT-CA0276,IT-CA0298,Biblioteca confluita in IT-CA0298,True,True,False,False
IT-CA0277,IT-CA0301,Biblioteca confluita in IT-CA0301,True,True,False,False
IT-CA0278,IT-CA0301,Biblioteca confluita in IT-CA0301,True,True,False,False
IT-CA0279,IT-CA0298,Biblioteca confluita in IT-CA0298,True,True,False,False
IT-CA0280,IT-CA0298,Biblioteca confluita in IT-CA0298,True,True,False,False
IT-CA0282,IT-CA0298,Biblioteca confluita in IT-CA0298,True,True,False,False
IT-CA0283,IT-CA0298,Biblioteca confluita in IT-CA0298,True,True,False,False
IT-CA0284,IT-CA0298,Biblioteca confluita in IT-CA0298,True,True,False,False
IT-CA0285,IT-CA0298,Biblioteca confluita in IT-CA0298,True,True,False,False
IT-CA0286,IT-CA0298,Biblioteca confluita in IT-CA0298,True,True,False,False
IT-CA0288,IT-CA0011,Biblioteca confluita in IT-CA0011,True,True,False,False
IT-CA0301,IT-CA0011,Biblioteca confluita in IT-CA0011,True,True,False,False
IT-CA0302,IT-CA0298,Biblioteca confluita in IT-CA0298,True,True,False,False
IT-CA0303,IT-CA0318,Biblioteca confluita in IT-CA0318,True,True,False,False
IT-CA0305,IT-CA0298,Biblioteca confluita in IT-CA0298,True,True,False,False
IT-CB0109,IT-CB0111,Biblioteca confluita in IT-CB0111,True,True,False,False
IT-CE0015,IT-SA0075,Biblioteca confluita in IT-SA0075,True,True,False,False
IT-CN0157,IT-CN0153,Biblioteca confluita in IT-CN0153,True,True,False,False
IT-CN0232,IT-CN0199,Biblioteca confluita in IT-CN0199,True,True,False,False
IT-CN0262,IT-CN0266,Biblioteca confluita in IT-CN0266,True,True,False,False
IT-CO0206,IT-MI1281,Biblioteca confluita in IT-MI1281,True,True,False,False
IT-CO0273,IT-BO0098,Biblioteca confluita in IT-BO0098,True,True,False,False
IT-CR0211,IT-CR0062,Biblioteca confluita in IT-CR0062,True,True,False,False
IT-CR0228,IT-MI0657,Biblioteca confluita in IT-MI0657,True,True,False,False
IT-CR0237,IT-CR0228,Biblioteca confluita in IT-CR0228,True,True,False,False
IT-CS0115,IT-CS0083,Biblioteca confluita in IT-CS0083,True,True,False,False
IT-CS0119,IT-CS0083,Biblioteca confluita in IT-CS0083,True,True,False,False
IT-CS0144,IT-CS0041,Biblioteca confluita in IT-CS0041,True,True,False,False
IT-CS0170,IT-CS0138,Biblioteca confluita in IT-CS0138,True,True,False,False
IT-CS0178,IT-CS0138,Biblioteca confluita in IT-CS0138,True,True,False,False
IT-CS0179,IT-CS0138,Biblioteca confluita in IT-CS0138,True,True,False,False
IT-CS0180,IT-CS0138,Biblioteca confluita in IT-CS0138,True,True,False,False
IT-CS0183,IT-CS0138,Biblioteca confluita in IT-CS0138,True,True,False,False
IT-CS0253,IT-CS0138,Biblioteca confluita in IT-CS0138,True,True,False,False
IT-CS0258,IT-CS0138,Biblioteca confluita in IT-CS0138,True,True,False,False
IT-CS0260,IT-CS0138,Biblioteca confluita in IT-CS0138,True,True,False,False
IT-CS0274,IT-CS0138,Biblioteca confluita in IT-CS0138,True,True,False,False
IT-CT0036,IT-CT0337,Biblioteca confluita in IT-CT0337,True,True,False,False
IT-CT0038,IT-CT0208,Biblioteca confluita in IT-CT0208,True,True,False,False
IT-CT0041,IT-CT0337,Biblioteca confluita in IT-CT0337,True,True,False,False
IT-CT0046,IT-CT0214,Biblioteca confluita in IT-CT0214,True,True,False,False
IT-CT0053,IT-CT0337,Biblioteca confluita in IT-CT0337,True,True,False,False
IT-CT0177,IT-CT0337,Biblioteca confluita in IT-CT0337,True,True,False,False
IT-CT0178,IT-CT0337,Biblioteca confluita in IT-CT0337,True,True,False,False
IT-CT0180,IT-CT0337,Biblioteca confluita in IT-CT0337,True,True,False,False
IT-CT0181,IT-CT0337,Biblioteca confluita in IT-CT0337,True,True,False,False
IT-CT0183,IT-CT0337,Biblioteca confluita in IT-CT0337,True,True,False,False
IT-CT0185,IT-CT0337,Biblioteca confluita in IT-CT0337,True,True,False,False
IT-CT0187,IT-CT0337,Biblioteca confluita in IT-CT0337,True,True,False,False
IT-CT0188,IT-CT0337,Biblioteca confluita in IT-CT0337,True,True,False,False
IT-CT0189,IT-CT0337,Biblioteca confluita in IT-CT0337,True,True,False,False
IT-CT0190,IT-CT0337,Biblioteca confluita in IT-CT0337,True,True,False,False
IT-CT0191,IT-CT0337,Biblioteca confluita in IT-CT0337,True,True,False,False
IT-CT0192,IT-CT0337,Biblioteca confluita in IT-CT0337,True,True,False,False
IT-CT0194,IT-CT0337,Biblioteca confluita in IT-CT0337,True,True,False,False
IT-CT0195,IT-CT0337,Biblioteca confluita in IT-CT0337,True,True,False,False
IT-CT0196,IT-CT0337,Biblioteca confluita in IT-CT0337,True,True,False,False
IT-CT0197,IT-CT0337,Biblioteca confluita in IT-CT0337,True,True,False,False
IT-CT0198,IT-CT0337,Biblioteca confluita in IT-CT0337,True,True,False,False
IT-CT0200,IT-CT0337,Biblioteca confluita in IT-CT0337,True,True,False,False
IT-CT0202,IT-CT0337,Biblioteca confluita in IT-CT0337,True,True,False,False
IT-CT0203,IT-CT0337,Biblioteca confluita in IT-CT0337,True,True,False,False
IT-CT0204,IT-CT0337,Biblioteca confluita in IT-CT0337,True,True,False,False
IT-CT0216,IT-CT0337,Biblioteca confluita in IT-CT0337,True,True,False,False
IT-CT0218,IT-CT0337,Biblioteca confluita in IT-CT0337,True,True,False,False
IT-CT0219,IT-CT0337,Biblioteca confluita in IT-CT0337,True,True,False,False
IT-CT0225,IT-CT0337,Biblioteca confluita in IT-CT0337,True,True,False,False
IT-CT0226,IT-CT0337,Biblioteca confluita in IT-CT0337,True,True,False,False
IT-CT0227,IT-CT0214,Biblioteca confluita in IT-CT0214,True,True,False,False
IT-CT0228,IT-CT0214,Biblioteca confluita in IT-CT0214,True,True,False,False
IT-CT0229,IT-CT0043,Biblioteca confluita in IT-CT0043,True,True,False,False
IT-CT0231,IT-CT0214,Biblioteca confluita in IT-CT0214,True,True,False,False
IT-CT0232,IT-CT0230,Biblioteca confluita in IT-CT0230,True,True,False,False
IT-CT0233,IT-CT0214,Biblioteca confluita in IT-CT0214,True,True,False,False
IT-CT0234,IT-CT0042,Biblioteca confluita in IT-CT0042,True,True,False,False
IT-CT0235,IT-CT0230,Biblioteca confluita in IT-CT0230,True,True,False,False
IT-CT0236,IT-CT0214,Biblioteca confluita in IT-CT0214,True,True,False,False
IT-CT0265,IT-CT0213,Biblioteca confluita in IT-CT0213,True,True,False,False
IT-CT0266,IT-CT0212,Biblioteca confluita in IT-CT0212,True,True,False,False
IT-CT0268,IT-CT0213,Biblioteca confluita in IT-CT0213,True,True,False,False
IT-CT0269,IT-CT0213,Biblioteca confluita in IT-CT0213,True,True,False,False
IT-CT0270,IT-CT0208,Biblioteca confluita in IT-CT0208,True,True,False,False
IT-CT0272,IT-CT0337,Biblioteca confluita in IT-CT0337,True,True,False,False
IT-CT0273,IT-CT0337,Biblioteca confluita in IT-CT0337,True,True,False,False
IT-CT0274,IT-CT0337,Biblioteca confluita in IT-CT0337,True,True,False,False
IT-CT0275,IT-CT0337,Biblioteca confluita in IT-CT0337,True,True,False,False
IT-CT0276,IT-CT0337,Biblioteca confluita in IT-CT0337,True,True,False,False
IT-CT0277,IT-CT0337,Biblioteca confluita in IT-CT0337,True,True,False,False
IT-CT0278,IT-CT0337,Biblioteca confluita in IT-CT0337,True,True,False,False
IT-CT0279,IT-CT0337,Biblioteca confluita in IT-CT0337,True,True,False,False
IT-CT0280,IT-CT0211,Biblioteca confluita in IT-CT0211,True,True,False,False
IT-CT0281,IT-CT0213,Biblioteca confluita in IT-CT0213,True,True,False,False
IT-CT0282,IT-CT0212,Biblioteca confluita in IT-CT0212,True,True,False,False
IT-CT0283,IT-CT0213,Biblioteca confluita in IT-CT0213,True,True,False,False
IT-CT0284,IT-CT0213,Biblioteca confluita in IT-CT0213,True,True,False,False
IT-CT0285,IT-CT0337,Biblioteca confluita in IT-CT0337,True,True,False,False
IT-CT0286,IT-CT0337,Biblioteca confluita in IT-CT0337,True,True,False,False
IT-CZ0131,IT-CZ0124,Biblioteca confluita in IT-CZ0124,True,True,False,False
IT-FC0080,IT-FC0011,Biblioteca confluita in IT-FC0011,True,True,False,False
IT-FC0104,IT-FC0131,Biblioteca confluita in IT-FC0131,True,True,False,False
IT-FC0111,IT-FC0131,Biblioteca confluita in IT-FC0131,True,True,False,False
IT-FC0149,IT-FC0131,Biblioteca confluita in IT-FC0131,True,True,False,False
IT-FC0152,IT-FC0136,Biblioteca confluita in IT-FC0136,True,True,False,False
IT-FE0024,IT-FE0107,Biblioteca confluita in IT-FE0107,True,True,False,False
IT-FE0025,IT-FE0107,Biblioteca confluita in IT-FE0107,True,True,False,False
IT-FE0026,IT-FE0107,Biblioteca confluita in IT-FE0107,True,True,False,False
IT-FE0028,IT-FE0163,Biblioteca confluita in IT-FE0163,True,True,False,False
IT-FE0029,IT-FE0107,Biblioteca confluita in IT-FE0107,True,True,False,False
IT-FE0030,IT-FE0163,Biblioteca confluita in IT-FE0163,True,True,False,False
IT-FE0032,IT-FE0107,Biblioteca confluita in IT-FE0107,True,True,False,False
IT-FE0033,IT-FE0107,Biblioteca confluita in IT-FE0107,True,True,False,False
IT-FE0059,IT-FE0162,Biblioteca confluita in IT-FE0162,True,True,False,False
IT-FE0060,IT-FE0162,Biblioteca confluita in IT-FE0162,True,True,False,False
IT-FE0061,IT-FE0107,Biblioteca confluita in IT-FE0107,True,True,False,False
IT-FE0062,IT-FE0107,Biblioteca confluita in IT-FE0107,True,True,False,False
IT-FE0063,IT-FE0107,Biblioteca confluita in IT-FE0107,True,True,False,False
IT-FE0064,IT-FE0162,Biblioteca confluita in IT-FE0162,True,True,False,False
IT-FE0066,IT-FE0162,Biblioteca confluita in IT-FE0162,True,True,False,False
IT-FE0067,IT-FE0162,Biblioteca confluita in IT-FE0162,True,True,False,False
IT-FE0069,IT-FE0162,Biblioteca confluita in IT-FE0162,True,True,False,False
IT-FE0070,IT-FE0107,Biblioteca confluita in IT-FE0107,True,True,False,False
IT-FE0071,IT-FE0162,Biblioteca confluita in IT-FE0162,True,True,False,False
IT-FE0072,IT-FE0162,Biblioteca confluita in IT-FE0162,True,True,False,False
IT-FE0073,IT-FE0162,Biblioteca confluita in IT-FE0162,True,True,False,False
IT-FE0074,IT-FE0162,Biblioteca confluita in IT-FE0162,True,True,False,False
IT-FE0075,IT-FE0162,Biblioteca confluita in IT-FE0162,True,True,False,False
IT-FE0076,IT-FE0162,Biblioteca confluita in IT-FE0162,True,True,False,False
IT-FE0077,IT-FE0162,Biblioteca confluita in IT-FE0162,True,True,False,False
IT-FE0078,IT-FE0162,Biblioteca confluita in IT-FE0162,True,True,False,False
IT-FE0079,IT-FE0162,Biblioteca confluita in IT-FE0162,True,True,False,False
IT-FE0080,IT-FE0162,Biblioteca confluita in IT-FE0162,True,True,False,False
IT-FE0081,IT-FE0107,Biblioteca confluita in IT-FE0107,True,True,False,False
IT-FE0082,IT-FE0107,Biblioteca confluita in IT-FE0107,True,True,False,False
IT-FE0083,IT-FE0107,Biblioteca confluita in IT-FE0107,True,True,False,False
IT-FE0084,IT-FE0107,Biblioteca confluita in IT-FE0107,True,True,False,False
IT-FE0085,IT-FE0162,Biblioteca confluita in IT-FE0162,True,True,False,False
IT-FE0086,IT-FE0162,Biblioteca confluita in IT-FE0162,True,True,False,False
IT-FE0087,IT-FE0107,Biblioteca confluita in IT-FE0107,True,True,False,False
IT-FE0088,IT-FE0162,Biblioteca confluita in IT-FE0162,True,True,False,False
IT-FE0089,IT-FE0107,Biblioteca confluita in IT-FE0107,True,True,False,False
IT-FE0090,IT-FE0162,Biblioteca confluita in IT-FE0162,True,True,False,False
IT-FE0102,IT-FE0162,Biblioteca confluita in IT-FE0162,True,True,False,False
IT-FE0103,IT-FE0162,Biblioteca confluita in IT-FE0162,True,True,False,False
IT-FE0105,IT-FE0163,Biblioteca confluita in IT-FE0163,True,True,False,False
IT-FE0106,IT-FE0107,Biblioteca confluita in IT-FE0107,True,True,False,False
IT-FE0110,IT-FE0164,Biblioteca confluita in IT-FE0164,True,True,False,False
IT-FE0150,IT-FE0107,Biblioteca confluita in IT-FE0107,True,True,False,False
IT-FE0151,IT-FE0162,Biblioteca confluita in IT-FE0162,True,True,False,False
IT-FE0153,IT-FE0162,Biblioteca confluita in IT-FE0162,True,True,False,False
IT-FE0154,IT-FE0107,Biblioteca confluita in IT-FE0107,True,True,False,False
IT-FE0155,IT-FE0107,Biblioteca confluita in IT-FE0107,True,True,False,False
IT-FE0161,IT-FE0162,Biblioteca confluita in IT-FE0162,True,True,False,False
IT-FI0037,IT-FI0233,Biblioteca confluita in IT-FI0233,True,True,False,False
IT-FI0197,IT-FI0196,Biblioteca confluita in IT-FI0196,True,True,False,False
IT-FI0208,IT-FI0597,Biblioteca confluita in IT-FI0597,True,True,False,False
IT-FI0209,IT-FI0597,Biblioteca confluita in IT-FI0597,True,True,False,False
IT-FI0210,IT-FI0597,Biblioteca confluita in IT-FI0597,True,True,False,False
IT-FI0212,IT-FI0211,Biblioteca confluita in IT-FI0211,True,True,False,False
IT-FI0214,IT-FI0211,Biblioteca confluita in IT-FI0211,True,True,False,False
IT-FI0216,IT-FI0215,Biblioteca confluita in IT-FI0215,True,True,False,False
IT-FI0217,IT-FI0215,Biblioteca confluita in IT-FI0215,True,True,False,False
IT-FI0218,IT-FI0215,Biblioteca confluita in IT-FI0215,True,True,False,False
IT-FI0219,IT-FI0215,Biblioteca confluita in IT-FI0215,True,True,False,False
IT-FI0220,IT-FI0215,Biblioteca confluita in IT-FI0215,True,True,False,False
IT-FI0221,IT-FI0215,Biblioteca confluita in IT-FI0215,True,True,False,False
IT-FI0222,IT-FI0215,Biblioteca confluita in IT-FI0215,True,True,False,False
IT-FI0226,IT-FI0598,Biblioteca confluita in IT-FI0598,True,True,False,False
IT-FI0229,IT-FI0215,Biblioteca confluita in IT-FI0215,True,True,False,False
IT-FI0232,IT-FI0231,Biblioteca confluita in IT-FI0231,True,True,False,False
IT-FI0235,IT-FI0233,Biblioteca confluita in IT-FI0233,True,True,False,False
IT-FI0236,IT-FI0233,Biblioteca confluita in IT-FI0233,True,True,False,False
IT-FI0238,IT-FI0233,Biblioteca confluita in IT-FI0233,True,True,False,False
IT-FI0239,IT-FI0215,Biblioteca confluita in IT-FI0215,True,True,False,False
IT-FI0240,IT-FI0598,Biblioteca confluita in IT-FI0598,True,True,False,False
IT-FI0241,IT-FI0598,Biblioteca confluita in IT-FI0598,True,True,False,False
IT-FI0243,IT-FI0230,Biblioteca confluita in IT-FI0230,True,True,False,False
IT-FI0244,IT-FI0215,Biblioteca confluita in IT-FI0215,True,True,False,False
IT-FI0245,IT-FI0233,Biblioteca confluita in IT-FI0233,True,True,False,False
IT-FI0247,IT-FI0230,Biblioteca confluita in IT-FI0230,True,True,False,False
IT-FI0272,IT-FI0215,Biblioteca confluita in IT-FI0215,True,True,False,False
IT-FI0273,IT-FI0215,Biblioteca confluita in IT-FI0215,True,True,False,False
IT-FI0274,IT-FI0215,Biblioteca confluita in IT-FI0215,True,True,False,False
IT-FI0275,IT-FI0215,Biblioteca confluita in IT-FI0215,True,True,False,False
IT-FI0276,IT-FI0215,Biblioteca confluita in IT-FI0215,True,True,False,False
IT-FI0277,IT-FI0215,Biblioteca confluita in IT-FI0215,True,True,False,False
IT-FI0278,IT-FI0215,Biblioteca confluita in IT-FI0215,True,True,False,False
IT-FI0279,IT-FI0215,Biblioteca confluita in IT-FI0215,True,True,False,False
IT-FI0280,IT-FI0215,Biblioteca confluita in IT-FI0215,True,True,False,False
IT-FI0281,IT-FI0597,Biblioteca confluita in IT-FI0597,True,True,False,False
IT-FI0282,IT-FI0597,Biblioteca confluita in IT-FI0597,True,True,False,False
IT-FI0283,IT-FI0215,Biblioteca confluita in IT-FI0215,True,True,False,False
IT-FI0284,IT-FI0231,Biblioteca confluita in IT-FI0231,True,True,False,False
IT-FI0286,IT-FI0215,Biblioteca confluita in IT-FI0215,True,True,False,False
IT-FI0287,IT-FI0597,Biblioteca confluita in IT-FI0597,True,True,False,False
IT-FI0288,IT-FI0597,Biblioteca confluita in IT-FI0597,True,True,False,False
IT-FI0289,IT-FI0215,Biblioteca confluita in IT-FI0215,True,True,False,False
IT-FI0290,IT-FI0233,Biblioteca confluita in IT-FI0233,True,True,False,False
IT-FI0291,IT-FI0231,Biblioteca confluita in IT-FI0231,True,True,False,False
IT-FI0294,IT-FI0215,Biblioteca confluita in IT-FI0215,True,True,False,False
IT-FI0295,IT-FI0231,Biblioteca confluita in IT-FI0231,True,True,False,False
IT-FI0297,IT-FI0215,Biblioteca confluita in IT-FI0215,True,True,False,False
IT-FI0298,IT-FI0215,Biblioteca confluita in IT-FI0215,True,True,False,False
IT-FI0299,IT-FI0211,Biblioteca confluita in IT-FI0211,True,True,False,False
IT-FI0300,IT-FI0233,Biblioteca confluita in IT-FI0233,True,True,False,False
IT-FI0301,IT-FI0225,Biblioteca confluita in IT-FI0225,True,True,False,False
IT-FI0303,IT-FI0211,Biblioteca confluita in IT-FI0211,True,True,False,False
IT-FI0304,IT-FI0211,Biblioteca confluita in IT-FI0211,True,True,False,False
IT-FI0305,IT-FI0211,Biblioteca confluita in IT-FI0211,True,True,False,False
IT-FI0306,IT-FI0598,Biblioteca confluita in IT-FI0598,True,True,False,False
IT-FI0307,IT-FI0231,Biblioteca confluita in IT-FI0231,True,True,False,False
IT-FI0308,IT-FI0233,Biblioteca confluita in IT-FI0233,True,True,False,False
IT-FI0309,IT-FI0597,Biblioteca confluita in IT-FI0597,True,True,False,False
IT-FI0310,IT-FI0597,Biblioteca confluita in IT-FI0597,True,True,False,False
IT-FI0311,IT-FI0215,Biblioteca confluita in IT-FI0215,True,True,False,False
IT-FI0313,IT-FI0215,Biblioteca confluita in IT-FI0215,True,True,False,False
IT-FI0314,IT-FI0230,Biblioteca confluita in IT-FI0230,True,True,False,False
IT-FI0320,IT-FI0501,Biblioteca confluita in IT-FI0501,True,True,False,False
IT-FI0331,IT-FI0611,Biblioteca confluita in IT-FI0611,True,True,False,False
IT-FI0347,IT-FI0227,Biblioteca confluita in IT-FI0227,True,True,False,False
IT-FI0348,IT-FI0215,Biblioteca confluita in IT-FI0215,True,True,False,False
IT-FI0353,IT-FI0215,Biblioteca confluita in IT-FI0215,True,True,False,False
IT-FI0369,IT-FI0230,Biblioteca confluita in IT-FI0230,True,True,False,False
IT-FI0370,IT-FI0597,Biblioteca confluita in IT-FI0597,True,True,False,False
IT-FI0372,IT-FI0230,Biblioteca confluita in IT-FI0230,True,True,False,False
IT-FI0373,IT-FI0233,Biblioteca confluita in IT-FI0233,True,True,False,False
IT-FI0374,IT-FI0215,Biblioteca confluita in IT-FI0215,True,True,False,False
IT-FI0376,IT-FI0215,Biblioteca confluita in IT-FI0215,True,True,False,False
IT-FI0377,IT-FI0233,Biblioteca confluita in IT-FI0233,True,True,False,False
IT-FI0378,IT-FI0597,Biblioteca confluita in IT-FI0597,True,True,False,False
IT-FI0432,IT-AR0007,Biblioteca confluita in IT-AR0007,True,True,False,False
IT-FI0532,IT-FI0098,Biblioteca confluita in IT-FI0098,True,True,False,False
IT-FI0545,IT-FI0598,Biblioteca confluita in IT-FI0598,True,True,False,False
IT-FI0546,IT-FI0212,Biblioteca confluita in IT-FI0212,True,True,False,False
IT-FI0564,IT-FI0233,Biblioteca confluita in IT-FI0233,True,True,False,False
IT-FI0565,IT-FI0228,Biblioteca confluita in IT-FI0228,True,True,False,False
IT-FI0566,IT-FI0228,Biblioteca confluita in IT-FI0228,True,True,False,False
IT-FI0578,IT-FI0224,Biblioteca confluita in IT-FI0224,True,True,False,False
IT-FI0579,IT-FI0227,Biblioteca confluita in IT-FI0227,True,True,False,False
IT-FI0580,IT-FI0227,Biblioteca confluita in IT-FI0227,True,True,False,False
IT-FI0581,IT-FI0598,Biblioteca confluita in IT-FI0598,True,True,False,False
IT-FI0583,IT-FI0230,Biblioteca confluita in IT-FI0230,True,True,False,False
IT-FI0591,IT-FI0215,Biblioteca confluita in IT-FI0215,True,True,False,False
IT-FI0616,IT-FI0363,Biblioteca confluita in IT-FI0363,True,True,False,False
IT-FI0622,IT-FI0553,Biblioteca confluita in IT-FI0553,True,True,False,False
IT-FI0877,IT-FI0553,Biblioteca confluita in IT-FI0553,True,True,False,False
IT-FR0100,IT-FR0098,Biblioteca confluita in IT-FR0098,True,True,False,False
IT-FR0143,IT-FR0017,Biblioteca confluita in IT-FR0017,True,True,False,False
IT-GE0030,IT-TO0071,Biblioteca confluita in IT-TO0071,True,True,False,False
IT-GE0031,IT-CH0164,Biblioteca confluita in IT-CH0164,True,True,False,False
IT-GE0032,IT-GE0185,Biblioteca confluita in IT-GE0185,True,True,False,False
IT-GE0062,IT-GE0257,Biblioteca confluita in IT-GE0257,True,True,False,False
IT-GE0067,IT-GE0257,Biblioteca confluita in IT-GE0257,True,True,False,False
IT-GE0068,IT-GE0257,Biblioteca confluita in IT-GE0257,True,True,False,False
IT-GE0069,IT-GE0057,Biblioteca confluita in IT-GE0057,True,True,False,False
IT-GE0072,IT-GE0044,Biblioteca confluita in IT-GE0044,True,True,False,False
IT-GE0074,IT-GE0232,Biblioteca confluita in IT-GE0232,True,True,False,False
IT-GE0076,IT-GE0257,Biblioteca confluita in IT-GE0257,True,True,False,False
IT-GE0085,IT-GE0257,Biblioteca confluita in IT-GE0257,True,True,False,False
IT-GE0093,IT-GE0044,Biblioteca confluita in IT-GE0044,True,True,False,False
IT-GE0095,IT-GE0257,Biblioteca confluita in IT-GE0257,True,True,False,False
IT-GE0098,IT-GE0105,Biblioteca confluita in IT-GE0105,True,True,False,False
IT-GE0101,IT-GE0257,Biblioteca confluita in IT-GE0257,True,True,False,False
IT-GE0102,IT-GE0278,Biblioteca confluita in IT-GE0278,True,True,False,False
IT-GE0114,IT-GE0417,Biblioteca confluita in IT-GE0417,True,True,False,False
IT-GE0118,IT-GE0242,Biblioteca confluita in IT-GE0242,True,True,False,False
IT-GE0123,IT-GE0257,Biblioteca confluita in IT-GE0257,True,True,False,False
IT-GE0124,IT-GE0257,Biblioteca confluita in IT-GE0257,True,True,False,False
IT-GE0127,IT-GE0066,Biblioteca confluita in IT-GE0066,True,True,False,False
IT-GE0140,IT-RM2064,Biblioteca confluita in IT-RM2064,True,True,False,False
IT-GE0193,IT-GE0648,Biblioteca confluita in IT-GE0648,True,True,False,False
IT-GE0201,IT-PD0172,Biblioteca confluita in IT-PD0172,True,True,False,False
IT-GE0215,IT-GE0045,Biblioteca confluita in IT-GE0045,True,True,False,False
IT-GE0229,IT-GE0257,Biblioteca confluita in IT-GE0257,True,True,False,False
IT-GE0230,IT-GE0257,Biblioteca confluita in IT-GE0257,True,True,False,False
IT-GE0231,IT-GE0232,Biblioteca confluita in IT-GE0232,True,True,False,False
IT-GE0233,IT-GE0390,Biblioteca confluita in IT-GE0390,True,True,False,False
IT-GE0234,IT-GE0390,Biblioteca confluita in IT-GE0390,True,True,False,False
IT-GE0236,IT-GE0066,Biblioteca confluita in IT-GE0066,True,True,False,False
IT-GE0238,IT-GE0237,Biblioteca confluita in IT-GE0237,True,True,False,False
IT-GE0240,IT-GE0242,Biblioteca confluita in IT-GE0242,True,True,False,False
IT-GE0241,IT-GE0390,Biblioteca confluita in IT-GE0390,True,True,False,False
IT-GE0243,IT-GE0066,Biblioteca confluita in IT-GE0066,True,True,False,False
IT-GE0244,IT-GE0066,Biblioteca confluita in IT-GE0066,True,True,False,False
IT-GE0246,IT-GE0237,Biblioteca confluita in IT-GE0237,True,True,False,False
IT-GE0255,IT-GE0254,Biblioteca confluita in IT-GE0254,True,True,False,False
IT-GE0256,IT-GE0254,Biblioteca confluita in IT-GE0254,True,True,False,False
IT-GE0258,IT-GE0257,Biblioteca confluita in IT-GE0257,True,True,False,False
IT-GE0259,IT-GE0257,Biblioteca confluita in IT-GE0257,True,True,False,False
IT-GE0260,IT-GE0232,Biblioteca confluita in IT-GE0232,True,True,False,False
IT-GE0263,IT-GE0105,Biblioteca confluita in IT-GE0105,True,True,False,False
IT-GE0264,IT-GE0232,Biblioteca confluita in IT-GE0232,True,True,False,False
IT-GE0265,IT-GE0263,Biblioteca confluita in IT-GE0263,True,True,False,False
IT-GE0266,IT-GE0262,Biblioteca confluita in IT-GE0262,True,True,False,False
IT-GE0267,IT-GE0262,Biblioteca confluita in IT-GE0262,True,True,False,False
IT-GE0270,IT-GE0408,Biblioteca confluita in IT-GE0408,True,True,False,False
IT-GE0272,IT-GE0066,Biblioteca confluita in IT-GE0066,True,True,False,False
IT-GE0273,IT-GE0417,Biblioteca confluita in IT-GE0417,True,True,False,False
IT-GE0275,IT-GE0066,Biblioteca confluita in IT-GE0066,True,True,False,False
IT-GE0277,IT-GE0278,Biblioteca confluita in IT-GE0278,True,True,False,False
IT-GE0281,IT-GE0278,Biblioteca confluita in IT-GE0278,True,True,False,False
IT-GE0282,IT-GE0278,Biblioteca confluita in IT-GE0278,True,True,False,False
IT-GE0287,IT-GE0390,Biblioteca confluita in IT-GE0390,True,True,False,False
IT-GE0301,IT-GE0648,Biblioteca confluita in IT-GE0648,True,True,False,False
IT-GE0302,IT-GE0648,Biblioteca confluita in IT-GE0648,True,True,False,False
IT-GE0315,IT-GE0039,Biblioteca confluita in IT-GE0039,True,True,False,False
IT-GE0352,IT-GE0666,Biblioteca confluita in IT-GE0666,True,True,False,False
IT-GE0357,IT-GE0434,Biblioteca confluita in IT-GE0434,True,True,False,False
IT-GE0359,IT-GE0361,Biblioteca confluita in IT-GE0361,True,True,False,False
IT-GE0365,IT-GE0044,Biblioteca confluita in IT-GE0044,True,True,False,False
IT-GE0367,IT-GE0390,Biblioteca confluita in IT-GE0390,True,True,False,False
IT-GE0374,IT-GE0648,Biblioteca confluita in IT-GE0648,True,True,False,False
IT-GE0378,IT-GE0262,Biblioteca confluita in IT-GE0262,True,True,False,False
IT-GE0383,IT-GE0045,Biblioteca confluita in IT-GE0045,True,True,False,False
IT-GE0391,IT-GE0390,Biblioteca confluita in IT-GE0390,True,True,False,False
IT-GE0393,IT-IM0070,Biblioteca confluita in IT-IM0070,True,True,False,False
IT-GE0400,IT-GE0237,Biblioteca confluita in IT-GE0237,True,True,False,False
IT-GE0401,,Biblioteca confluita,False,False,False,False
IT-GE0402,IT-GE0040,Biblioteca confluita in IT-GE0040,True,True,False,False
IT-GE0410,IT-GE0672,Biblioteca confluita in IT-GE0672,True,True,False,False
IT-GE0414,IT-GE0408,Biblioteca confluita in IT-GE0408,True,True,False,False
IT-GE0418,IT-GE0040,Biblioteca confluita in IT-GE0040,True,True,False,False
IT-GE0419,IT-GE0040,Biblioteca confluita in IT-GE0040,True,True,False,False
IT-GE0420,,Biblioteca confluita,False,False,False,False
IT-GE0421,,Biblioteca confluita,False,False,False,False
IT-GE0422,IT-GE0040,Biblioteca confluita in IT-GE0040,True,True,False,False
IT-GE0423,IT-GE0040,Biblioteca confluita in IT-GE0040,True,True,False,False
IT-GE0424,IT-GE0040,Biblioteca confluita in IT-GE0040,True,True,False,False
IT-GE0425,IT-GE0040,Biblioteca confluita in IT-GE0040,True,True,False,False
IT-GE0426,IT-GE0040,Biblioteca confluita in IT-GE0040,True,True,False,False
IT-GE0427,IT-GE0040,Biblioteca confluita in IT-GE0040,True,True,False,False
IT-GE0428,IT-GE0040,Biblioteca confluita in IT-GE0040,True,True,False,False
IT-GE0443,,Biblioteca confluita,False,False,False,False
IT-IM0065,IT-GE0039,Biblioteca confluita in IT-GE0039,True,True,False,False
IT-IM0067,IT-GE0039,Biblioteca confluita in IT-GE0039,True,True,False,False
IT-LE0106,IT-LE0105,Biblioteca confluita in IT-LE0105,True,True,False,False
IT-LE0218,IT-LE0242,Biblioteca confluita in IT-LE0242,True,True,False,False
IT-LE0220,IT-LE0242,Biblioteca confluita in IT-LE0242,True,True,False,False
IT-LE0239,IT-LE0242,Biblioteca confluita in IT-LE0242,True,True,False,False
IT-LE0240,IT-LE0242,Biblioteca confluita in IT-LE0242,True,True,False,False
IT-LU0018,IT-LU0088,Biblioteca confluita in IT-LU0088,True,True,False,False
IT-LU0076,IT-LU0039,Biblioteca confluita in IT-LU0039,True,True,False,False
IT-LU0082,IT-LU0006,Biblioteca confluita in IT-LU0006,True,True,False,False
IT-MC0102,IT-FM0049,Biblioteca confluita in IT-FM0049,True,True,False,False
IT-MC0155,IT-FM0049,Biblioteca confluita in IT-FM0049,True,True,False,False
IT-MC0169,IT-MC0170,Biblioteca confluita in IT-MC0170,True,True,False,False
IT-MC0171,IT-MC0183,Biblioteca confluita in IT-MC0183,True,True,False,False
IT-MC0172,IT-MC0183,Biblioteca confluita in IT-MC0183,True,True,False,False
IT-MC0175,IT-MC0183,Biblioteca confluita in IT-MC0183,True,True,False,False
IT-MC0176,IT-MC0183,Biblioteca confluita in IT-MC0183,True,True,False,False
IT-MC0177,IT-MC0255,Biblioteca confluita in IT-MC0255,True,True,False,False
IT-MC0178,IT-MC0183,Biblioteca confluita in IT-MC0183,True,True,False,False
IT-MC0180,IT-MC0183,Biblioteca confluita in IT-MC0183,True,True,False,False
IT-MC0184,IT-MC0276,Biblioteca confluita in IT-MC0276,True,True,False,False
IT-MC0185,IT-MC0276,Biblioteca confluita in IT-MC0276,True,True,False,False
IT-MC0186,IT-MC0276,Biblioteca confluita in IT-MC0276,True,True,False,False
IT-MC0187,IT-MC0276,Biblioteca confluita in IT-MC0276,True,True,False,False
IT-MC0188,IT-MC0199,Biblioteca confluita in IT-MC0199,True,True,False,False
IT-MC0189,IT-MC0199,Biblioteca confluita in IT-MC0199,True,True,False,False
IT-MC0190,IT-MC0276,Biblioteca confluita in IT-MC0276,True,True,False,False
IT-MC0194,IT-MC0276,Biblioteca confluita in IT-MC0276,True,True,False,False
IT-MC0195,IT-MC0276,Biblioteca confluita in IT-MC0276,True,True,False,False
IT-MC0196,IT-MC0276,Biblioteca confluita in IT-MC0276,True,True,False,False
IT-MC0217,IT-MC0199,Biblioteca confluita in IT-MC0199,True,True,False,False
IT-MC0218,IT-MC0276,Biblioteca confluita in IT-MC0276,True,True,False,False
IT-MC0221,IT-MC0170,Biblioteca confluita in IT-MC0170,True,True,False,False
IT-MC0257,IT-MC0170,Biblioteca confluita in IT-MC0170,True,True,False,False
IT-MC0271,,Biblioteca confluita,False,False,False,False
IT-ME0056,IT-ME0055,Biblioteca confluita in IT-ME0055,True,True,False,False
IT-ME0058,IT-ME0057,Biblioteca confluita in IT-ME0057,True,True,False,False
IT-ME0061,IT-ME0055,Biblioteca confluita in IT-ME0055,True,True,False,False
IT-ME0063,IT-ME0057,Biblioteca confluita in IT-ME0057,True,True,False,False
IT-ME0070,IT-ME0055,Biblioteca confluita in IT-ME0055,True,True,False,False
IT-ME0072,IT-ME0055,Biblioteca confluita in IT-ME0055,True,True,False,False
IT-ME0073,IT-ME0055,Biblioteca confluita in IT-ME0055,True,True,False,False
IT-ME0080,IT-ME0057,Biblioteca confluita in IT-ME0057,True,True,False,False
IT-ME0083,IT-ME0055,Biblioteca confluita in IT-ME0055,True,True,False,False
IT-ME0086,IT-ME0055,Biblioteca confluita in IT-ME0055,True,True,False,False
IT-ME0087,IT-ME0055,Biblioteca confluita in IT-ME0055,True,True,False,False
IT-ME0088,IT-ME0055,Biblioteca confluita in IT-ME0055,True,True,False,False
IT-ME0089,IT-ME0055,Biblioteca confluita in IT-ME0055,True,True,False,False
IT-ME0090,IT-ME0057,Biblioteca confluita in IT-ME0057,True,True,False,False
IT-ME0092,IT-ME0333,Biblioteca confluita in IT-ME0333,True,True,False,False
IT-ME0093,IT-ME0055,Biblioteca confluita in IT-ME0055,True,True,False,False
IT-ME0095,IT-ME0057,Biblioteca confluita in IT-ME0057,True,True,False,False
IT-ME0097,IT-ME0055,Biblioteca confluita in IT-ME0055,True,True,False,False
IT-ME0098,IT-ME0333,Biblioteca confluita in IT-ME0333,True,True,False,False
IT-ME0210,IT-ME0069,Biblioteca confluita in IT-ME0069,True,True,False,False
IT-ME0211,IT-ME0069,Biblioteca confluita in IT-ME0069,True,True,False,False
IT-ME0212,IT-ME0069,Biblioteca confluita in IT-ME0069,True,True,False,False
IT-ME0213,IT-ME0069,Biblioteca confluita in IT-ME0069,True,True,False,False
IT-ME0215,IT-ME0069,Biblioteca confluita in IT-ME0069,True,True,False,False
IT-ME0216,IT-ME0069,Biblioteca confluita in IT-ME0069,True,True,False,False
IT-ME0217,IT-ME0069,Biblioteca confluita in IT-ME0069,True,True,False,False
IT-ME0220,IT-ME0069,Biblioteca confluita in IT-ME0069,True,True,False,False
IT-ME0221,IT-ME0069,Biblioteca confluita in IT-ME0069,True,True,False,False
IT-ME0222,IT-ME0069,Biblioteca confluita in IT-ME0069,True,True,False,False
IT-ME0226,IT-ME0069,Biblioteca confluita in IT-ME0069,True,True,False,False
IT-ME0228,IT-ME0069,Biblioteca confluita in IT-ME0069,True,True,False,False
IT-ME0230,IT-ME0333,Biblioteca confluita in IT-ME0333,True,True,False,False
IT-ME0239,IT-ME0238,Biblioteca confluita in IT-ME0238,True,True,False,False
IT-ME0260,IT-ME0049,Biblioteca confluita in IT-ME0049,True,True,False,False
IT-ME0261,IT-ME0049,Biblioteca confluita in IT-ME0049,True,True,False,False
IT-ME0262,IT-ME0049,Biblioteca confluita in IT-ME0049,True,True,False,False
IT-ME0264,IT-ME0049,Biblioteca confluita in IT-ME0049,True,True,False,False
IT-ME0265,IT-ME0049,Biblioteca confluita in IT-ME0049,True,True,False,False
IT-ME0266,IT-ME0049,Biblioteca confluita in IT-ME0049,True,True,False,False
IT-ME0270,IT-ME0055,Biblioteca confluita in IT-ME0055,True,True,False,False
IT-ME0273,IT-ME0055,Biblioteca confluita in IT-ME0055,True,True,False,False
IT-ME0274,IT-ME0055,Biblioteca confluita in IT-ME0055,True,True,False,False
IT-ME0275,IT-ME0055,Biblioteca confluita in IT-ME0055,True,True,False,False
IT-ME0282,IT-ME0055,Biblioteca confluita in IT-ME0055,True,True,False,False
IT-ME0288,IT-ME0055,Biblioteca confluita in IT-ME0055,True,True,False,False
IT-ME0295,IT-ME0055,Biblioteca confluita in IT-ME0055,True,True,False,False
IT-ME0297,IT-ME0055,Biblioteca confluita in IT-ME0055,True,True,False,False
IT-ME0308,IT-ME0055,Biblioteca confluita in IT-ME0055,True,True,False,False
IT-ME0316,IT-ME0055,Biblioteca confluita in IT-ME0055,True,True,False,False
IT-ME0319,IT-ME0055,Biblioteca confluita in IT-ME0055,True,True,False,False
IT-ME0321,IT-ME0055,Biblioteca confluita in IT-ME0055,True,True,False,False
IT-ME0322,IT-ME0055,Biblioteca confluita in IT-ME0055,True,True,False,False
IT-ME0324,IT-ME0055,Biblioteca confluita in IT-ME0055,True,True,False,False
IT-ME0327,IT-ME0055,Biblioteca confluita in IT-ME0055,True,True,False,False
IT-ME0334,IT-ME0333,Biblioteca confluita in IT-ME0333,True,True,False,False
IT-ME0335,IT-ME0333,Biblioteca confluita in IT-ME0333,True,True,False,False
IT-ME0336,IT-ME0333,Biblioteca confluita in IT-ME0333,True,True,False,False
IT-ME0337,IT-ME0333,Biblioteca confluita in IT-ME0333,True,True,False,False
IT-ME0338,IT-ME0333,Biblioteca confluita in IT-ME0333,True,True,False,False
IT-ME0339,IT-ME0333,Biblioteca confluita in IT-ME0333,True,True,False,False
IT-ME0341,IT-ME0057,Biblioteca confluita in IT-ME0057,True,True,False,False
IT-ME0342,IT-ME0057,Biblioteca confluita in IT-ME0057,True,True,False,False
IT-ME0343,IT-ME0057,Biblioteca confluita in IT-ME0057,True,True,False,False
IT-ME0344,IT-ME0057,Biblioteca confluita in IT-ME0057,True,True,False,False
IT-ME0346,IT-ME0057,Biblioteca confluita in IT-ME0057,True,True,False,False
IT-ME0354,IT-ME0352,Biblioteca confluita in IT-ME0352,True,True,False,False
IT-ME0355,IT-ME0352,Biblioteca confluita in IT-ME0352,True,True,False,False
IT-ME0357,IT-ME0352,Biblioteca confluita in IT-ME0352,True,True,False,False
IT-ME0358,IT-ME0352,Biblioteca confluita in IT-ME0352,True,True,False,False
IT-ME0361,IT-ME0352,Biblioteca confluita in IT-ME0352,True,True,False,False
IT-ME0380,IT-ME0399,Biblioteca confluita in IT-ME0399,True,True,False,False
IT-ME0383,IT-ME0466,Biblioteca confluita in IT-ME0466,True,True,False,False
IT-ME0410,IT-ME0399,Biblioteca confluita in IT-ME0399,True,True,False,False
IT-ME0412,IT-ME0055,Biblioteca confluita in IT-ME0055,True,True,False,False
IT-ME0413,IT-ME0069,Biblioteca confluita in IT-ME0069,True,True,False,False
IT-MI0197,IT-MI1339,Biblioteca confluita in IT-MI1339,True,True,False,False
IT-MI0209,IT-MI0164,Biblioteca confluita in IT-MI0164,True,True,False,False
IT-MI0212,IT-MI0275,Biblioteca confluita in IT-MI0275,True,True,False,False
IT-MI0217,IT-MI0275,Biblioteca confluita in IT-MI0275,True,True,False,False
IT-MI0221,IT-MI0275,Biblioteca confluita in IT-MI0275,True,True,False,False
IT-MI0222,IT-MI0164,Biblioteca confluita in IT-MI0164,True,True,False,False
IT-MI0232,IT-MI0275,Biblioteca confluita in IT-MI0275,True,True,False,False
IT-MI0239,IT-MI1134,Biblioteca confluita in IT-MI1134,True,True,False,False
IT-MI0243,IT-MI0275,Biblioteca confluita in IT-MI0275,True,True,False,False
IT-MI0248,IT-MI0164,Biblioteca confluita in IT-MI0164,True,True,False,False
IT-MI0250,IT-MI0164,Biblioteca confluita in IT-MI0164,True,True,False,False
IT-MI0303,IT-PV0144,Biblioteca confluita in IT-PV0144,True,True,False,False
IT-MI0311,IT-MI0275,Biblioteca confluita in IT-MI0275,True,True,False,False
IT-MI0348,IT-MI0340,Biblioteca confluita in IT-MI0340,True,True,False,False
IT-MI0354,IT-MI1281,Biblioteca confluita in IT-MI1281,True,True,False,False
IT-MI0480,IT-MI0488,Biblioteca confluita in IT-MI0488,True,True,False,False
IT-MI0574,IT-MI0164,Biblioteca confluita in IT-MI0164,True,True,False,False
IT-MI0577,IT-MI0164,Biblioteca confluita in IT-MI0164,True,True,False,False
IT-MI0578,IT-MI0597,Biblioteca confluita in IT-MI0597,True,True,False,False
IT-MI0581,IT-MI1145,Biblioteca confluita in IT-MI1145,True,True,False,False
IT-MI0582,IT-MI1145,Biblioteca confluita in IT-MI1145,True,True,False,False
IT-MI0583,IT-MI0164,Biblioteca confluita in IT-MI0164,True,True,False,False
IT-MI0584,IT-MI0164,Biblioteca confluita in IT-MI0164,True,True,False,False
IT-MI0585,IT-MI1281,Biblioteca confluita in IT-MI1281,True,True,False,False
IT-MI0586,IT-MI1281,Biblioteca confluita in IT-MI1281,True,True,False,False
IT-MI0587,IT-MI1298,Biblioteca confluita in IT-MI1298,True,True,False,False
IT-MI0588,IT-MI1298,Biblioteca confluita in IT-MI1298,True,True,False,False
IT-MI0589,IT-MI1298,Biblioteca confluita in IT-MI1298,True,True,False,False
IT-MI0590,IT-MI1298,Biblioteca confluita in IT-MI1298,True,True,False,False
IT-MI0591,IT-MI0164,Biblioteca confluita in IT-MI0164,True,True,False,False
IT-MI0593,IT-MI0164,Biblioteca confluita in IT-MI0164,True,True,False,False
IT-MI0594,IT-MI1281,Biblioteca confluita in IT-MI1281,True,True,False,False
IT-MI0595,,Biblioteca confluita,False,False,False,False
IT-MI0596,IT-MI1298,Biblioteca confluita in IT-MI1298,True,True,False,False
IT-MI0597,IT-MI0164,Biblioteca confluita in IT-MI0164,True,True,False,False
IT-MI0598,IT-MI0164,Biblioteca confluita in IT-MI0164,True,True,False,False
IT-MI0605,IT-MI0275,Biblioteca confluita in IT-MI0275,True,True,False,False
IT-MI0607,IT-MI0275,Biblioteca confluita in IT-MI0275,True,True,False,False
IT-MI0609,IT-MI0275,Biblioteca confluita in IT-MI0275,True,True,False,False
IT-MI0610,IT-MI1975,Biblioteca confluita in IT-MI1975,True,True,False,False
IT-MI0612,IT-MI0614,Biblioteca confluita in IT-MI0614,True,True,False,False
IT-MI0613,IT-MI1975,Biblioteca confluita in IT-MI1975,True,True,False,False
IT-MI0614,IT-MI1975,Biblioteca confluita in IT-MI1975,True,True,False,False
IT-MI0619,IT-MI1339,Biblioteca confluita in IT-MI1339,True,True,False,False
IT-MI0643,IT-MI1339,Biblioteca confluita in IT-MI1339,True,True,False,False
IT-MI0644,IT-MI1975,Biblioteca confluita in IT-MI1975,True,True,False,False
IT-MI0645,IT-MI1129,Biblioteca confluita in IT-MI1129,True,True,False,False
IT-MI0648,IT-MI1134,Biblioteca confluita in IT-MI1134,True,True,False,False
IT-MI0654,IT-MI0272,Biblioteca confluita in IT-MI0272,True,True,False,False
IT-MI0655,IT-MI0657,Biblioteca confluita in IT-MI0657,True,True,False,False
IT-MI0656,IT-MI0657,Biblioteca confluita in IT-MI0657,True,True,False,False
IT-MI0664,IT-MI0657,Biblioteca confluita in IT-MI0657,True,True,False,False
IT-MI0666,IT-MI1975,Biblioteca confluita in IT-MI1975,True,True,False,False
IT-MI0822,IT-MI0185,Biblioteca confluita in IT-MI0185,True,True,False,False
IT-MI1085,IT-MI1304,Biblioteca confluita in IT-MI1304,True,True,False,False
IT-MI1119,IT-MI0164,Biblioteca confluita in IT-MI0164,True,True,False,False
IT-MI1121,IT-MI1281,Biblioteca confluita in IT-MI1281,True,True,False,False
IT-MI1135,IT-MI1134,Biblioteca confluita in IT-MI1134,True,True,False,False
IT-MI1183,IT-MI0888,Biblioteca confluita in IT-MI0888,True,True,False,False
IT-MI1192,IT-MI1145,Biblioteca confluita in IT-MI1145,True,True,False,False
IT-MI1234,IT-MI1256,Biblioteca confluita in IT-MI1256,True,True,False,False
IT-MI1239,IT-MI1273,Biblioteca confluita in IT-MI1273,True,True,False,False
IT-MI1260,IT-MI0669,Biblioteca confluita in IT-MI0669,True,True,False,False
IT-MI1265,IT-MI1264,Biblioteca confluita in IT-MI1264,True,True,False,False
IT-MI1267,IT-MI1975,Biblioteca confluita in IT-MI1975,True,True,False,False
IT-MI1268,IT-MI0190,Biblioteca confluita in IT-MI0190,True,True,False,False
IT-MI1269,IT-MI0666,Biblioteca confluita in IT-MI0666,True,True,False,False
IT-MI1278,IT-MI0272,Biblioteca confluita in IT-MI0272,True,True,False,False
IT-MI1298,IT-MI0164,Biblioteca confluita in IT-MI0164,True,True,False,False
IT-MI1302,IT-MI1154,Biblioteca confluita in IT-MI1154,True,True,False,False
IT-MI1303,IT-MI0597,Biblioteca confluita in IT-MI0597,True,True,False,False
IT-MI1304,IT-MI1154,Biblioteca confluita in IT-MI1154,True,True,False,False
IT-MI1305,IT-MI0275,Biblioteca confluita in IT-MI0275,True,True,False,False
IT-MI1323,IT-MI0194,Biblioteca confluita in IT-MI0194,True,True,False,False
IT-MI1333,IT-MI0164,Biblioteca confluita in IT-MI0164,True,True,False,False
IT-MI1351,IT-MI1264,Biblioteca confluita in IT-MI1264,True,True,False,False
IT-MI1352,IT-MI1129,Biblioteca confluita in IT-MI1129,True,True,False,False
IT-MI1353,IT-MI1340,Biblioteca confluita in IT-MI1340,True,True,False,False
IT-MN0145,IT-MN0035,Biblioteca confluita in IT-MN0035,True,True,False,False
IT-MN0154,IT-MN0120,Biblioteca confluita in IT-MN0120,True,True,False,False
IT-MO0039,IT-MO0208,Biblioteca confluita in IT-MO0208,True,True,False,False
IT-MO0068,IT-MO0208,Biblioteca confluita in IT-MO0208,True,True,False,False
IT-MO0069,IT-MO0208,Biblioteca confluita in IT-MO0208,True,True,False,False
IT-MO0084,IT-MO0208,Biblioteca confluita in IT-MO0208,True,True,False,False
IT-MO0163,IT-MO0208,Biblioteca confluita in IT-MO0208,True,True,False,False
IT-MO0164,IT-MO0208,Biblioteca confluita in IT-MO0208,True,True,False,False
IT-MO0165,IT-MO0208,Biblioteca confluita in IT-MO0208,True,True,False,False
IT-MO0166,IT-MO0208,Biblioteca confluita in IT-MO0208,True,True,False,False
IT-MO0167,IT-MO0208,Biblioteca confluita in IT-MO0208,True,True,False,False
IT-MO0177,IT-MO0208,Biblioteca confluita in IT-MO0208,True,True,False,False
IT-MO0179,IT-MO0168,Biblioteca confluita in IT-MO0168,True,True,False,False
IT-MO0181,IT-MO0208,Biblioteca confluita in IT-MO0208,True,True,False,False
IT-MO0190,IT-MO0348,Biblioteca confluita in IT-MO0348,True,True,False,False
IT-MO0211,IT-MO0056,Biblioteca confluita in IT-MO0056,True,True,False,False
IT-MO0229,IT-MO0224,Biblioteca confluita in IT-MO0224,True,True,False,False
IT-MS0033,IT-MS0027,Biblioteca confluita in IT-MS0027,True,True,False,False
IT-MS0035,IT-MS0019,Biblioteca confluita in IT-MS0019,True,True,False,False
IT-NA0056,IT-NA0260,Biblioteca confluita in IT-NA0260,True,True,False,False
IT-NA0109,IT-NA0588,Biblioteca confluita in IT-NA0588,True,True,False,False
IT-NA0113,IT-NA0588,Biblioteca confluita in IT-NA0588,True,True,False,False
IT-NA0114,IT-NA0588,Biblioteca confluita in IT-NA0588,True,True,False,False
IT-NA0143,IT-NA0588,Biblioteca confluita in IT-NA0588,True,True,False,False
IT-NA0148,IT-NA0588,Biblioteca confluita in IT-NA0588,True,True,False,False
IT-NA0149,IT-NA0588,Biblioteca confluita in IT-NA0588,True,True,False,False
IT-NA0150,IT-NA0588,Biblioteca confluita in IT-NA0588,True,True,False,False
IT-NA0252,IT-NA0260,Biblioteca confluita in IT-NA0260,True,True,False,False
IT-NA0277,,Biblioteca confluita,False,False,False,False
IT-NA0289,IT-NA0705,Biblioteca confluita in IT-NA0705,True,True,False,False
IT-NA0290,IT-NA0706,Biblioteca confluita in IT-NA0706,True,True,False,False
IT-NA0291,IT-NA0704,Biblioteca confluita in IT-NA0704,True,True,False,False
IT-NA0292,IT-NA0705,Biblioteca confluita in IT-NA0705,True,True,False,False
IT-NA0293,IT-NA0705,Biblioteca confluita in IT-NA0705,True,True,False,False
IT-NA0342,IT-NA0423,Biblioteca confluita in IT-NA0423,True,True,False,False
IT-NA0354,IT-NA0430,Biblioteca confluita in IT-NA0430,True,True,False,False
IT-NA0393,IT-NA0588,Biblioteca confluita in IT-NA0588,True,True,False,False
IT-NA0397,IT-NA0365,Biblioteca confluita in IT-NA0365,True,True,False,False
IT-NA0398,IT-NA0365,Biblioteca confluita in IT-NA0365,True,True,False,False
IT-NA0427,IT-NA0365,Biblioteca confluita in IT-NA0365,True,True,False,False
IT-NA0428,IT-NA0284,Biblioteca confluita in IT-NA0284,True,True,False,False
IT-NA0447,IT-NA0704,Biblioteca confluita in IT-NA0704,True,True,False,False
IT-NA0448,IT-NA0706,Biblioteca confluita in IT-NA0706,True,True,False,False
IT-NA0504,IT-NA0588,Biblioteca confluita in IT-NA0588,True,True,False,False
IT-NA0505,IT-NA0588,Biblioteca confluita in IT-NA0588,True,True,False,False
IT-NA0506,IT-NA0112,Biblioteca confluita in IT-NA0112,True,True,False,False
IT-NA0507,IT-NA0112,Biblioteca confluita in IT-NA0112,True,True,False,False
IT-NA0508,IT-NA0112,Biblioteca confluita in IT-NA0112,True,True,False,False
IT-NA0509,IT-NA0112,Biblioteca confluita in IT-NA0112,True,True,False,False
IT-NA0510,IT-NA0112,Biblioteca confluita in IT-NA0112,True,True,False,False
IT-NA0511,IT-NA0112,Biblioteca confluita in IT-NA0112,True,True,False,False
IT-NA0512,IT-NA0112,Biblioteca confluita in IT-NA0112,True,True,False,False
IT-NA0514,IT-NA0112,Biblioteca confluita in IT-NA0112,True,True,False,False
IT-NA0515,IT-NA0112,Biblioteca confluita in IT-NA0112,True,True,False,False
IT-NA0516,IT-NA0112,Biblioteca confluita in IT-NA0112,True,True,False,False
IT-NA0542,IT-NA0112,Biblioteca confluita in IT-NA0112,True,True,False,False
IT-NA0543,IT-NA0112,Biblioteca confluita in IT-NA0112,True,True,False,False
IT-NA0544,IT-NA0112,Biblioteca confluita in IT-NA0112,True,True,False,False
IT-NA0545,IT-NA0112,Biblioteca confluita in IT-NA0112,True,True,False,False
IT-NA0546,IT-NA0112,Biblioteca confluita in IT-NA0112,True,True,False,False
IT-NA0549,IT-NA0588,Biblioteca confluita in IT-NA0588,True,True,False,False
IT-NA0550,IT-NA0588,Biblioteca confluita in IT-NA0588,True,True,False,False
IT-NA0551,IT-NA0588,Biblioteca confluita in IT-NA0588,True,True,False,False
IT-NA0552,IT-NA0588,Biblioteca confluita in IT-NA0588,True,True,False,False
IT-NA0553,IT-NA0588,Biblioteca confluita in IT-NA0588,True,True,False,False
IT-NA0554,IT-NA0588,Biblioteca confluita in IT-NA0588,True,True,False,False
IT-NA0556,,Biblioteca confluita,False,False,False,False
IT-NA0557,IT-NA0588,Biblioteca confluita in IT-NA0588,True,True,False,False
IT-NA0559,IT-NA0588,Biblioteca confluita in IT-NA0588,True,True,False,False
IT-NA0560,IT-NA0588,Biblioteca confluita in IT-NA0588,True,True,False,False
IT-NA0561,IT-NA0588,Biblioteca confluita in IT-NA0588,True,True,False,False
IT-NA0562,IT-NA0588,Biblioteca confluita in IT-NA0588,True,True,False,False
IT-NA0563,IT-NA0588,Biblioteca confluita in IT-NA0588,True,True,False,False
IT-NA0564,IT-NA0588,Biblioteca confluita in IT-NA0588,True,True,False,False
IT-NA0565,IT-NA0588,Biblioteca confluita in IT-NA0588,True,True,False,False
IT-NA0566,IT-NA0588,Biblioteca confluita in IT-NA0588,True,True,False,False
IT-NA0567,IT-NA0588,Biblioteca confluita in IT-NA0588,True,True,False,False
IT-NA0574,IT-NA0588,Biblioteca confluita in IT-NA0588,True,True,False,False
IT-NA0575,IT-NA0588,Biblioteca confluita in IT-NA0588,True,True,False,False
IT-NA0576,IT-NA0588,Biblioteca confluita in IT-NA0588,True,True,False,False
IT-NA0577,IT-NA0588,Biblioteca confluita in IT-NA0588,True,True,False,False
IT-NA0653,IT-NA0706,Biblioteca confluita in IT-NA0706,True,True,False,False
IT-NO0136,IT-NO0137,Biblioteca confluita in IT-NO0137,True,True,False,False
IT-NO0146,IT-NO0137,Biblioteca confluita in IT-NO0137,True,True,False,False
IT-NO0201,IT-MI2034,Biblioteca confluita in IT-MI2034,True,True,False,False
IT-NU0051,IT-NU0103,Biblioteca confluita in IT-NU0103,True,True,False,False
IT-OR0067,IT-CA0514,Biblioteca confluita in IT-CA0514,True,True,False,False
IT-PA0067,IT-PA0343,Biblioteca confluita in IT-PA0343,True,True,False,False
IT-PA0070,IT-PA0318,Biblioteca confluita in IT-PA0318,True,True,False,False
IT-PA0076,IT-PA0129,Biblioteca confluita in IT-PA0129,True,True,False,False
IT-PA0080,IT-PA0343,Biblioteca confluita in IT-PA0343,True,True,False,False
IT-PA0102,IT-PA0394,Biblioteca confluita in IT-PA0394,True,True,False,False
IT-PA0105,IT-PA0343,Biblioteca confluita in IT-PA0343,True,True,False,False
IT-PA0110,IT-PA0065,Biblioteca confluita in IT-PA0065,True,True,False,False
IT-PA0112,IT-PA0065,Biblioteca confluita in IT-PA0065,True,True,False,False
IT-PA0114,IT-PA0065,Biblioteca confluita in IT-PA0065,True,True,False,False
IT-PA0125,IT-PA0318,Biblioteca confluita in IT-PA0318,True,True,False,False
IT-PA0130,IT-PA0065,Biblioteca confluita in IT-PA0065,True,True,False,False
IT-PA0134,IT-PA0318,Biblioteca confluita in IT-PA0318,True,True,False,False
IT-PA0139,IT-PA0155,Biblioteca confluita in IT-PA0155,True,True,False,False
IT-PA0142,IT-PA0394,Biblioteca confluita in IT-PA0394,True,True,False,False
IT-PA0144,IT-PA0076,Biblioteca confluita in IT-PA0076,True,True,False,False
IT-PA0145,IT-PA0343,Biblioteca confluita in IT-PA0343,True,True,False,False
IT-PA0149,IT-PA0318,Biblioteca confluita in IT-PA0318,True,True,False,False
IT-PA0151,IT-PA0065,Biblioteca confluita in IT-PA0065,True,True,False,False
IT-PA0154,IT-PA0335,Biblioteca confluita in IT-PA0335,True,True,False,False
IT-PA0156,IT-PA0155,Biblioteca confluita in IT-PA0155,True,True,False,False
IT-PA0161,IT-PA0140,Biblioteca confluita in IT-PA0140,True,True,False,False
IT-PA0190,IT-PA0559,Biblioteca confluita in IT-PA0559,True,True,False,False
IT-PA0224,IT-PA0097,Biblioteca confluita in IT-PA0097,True,True,False,False
IT-PA0314,IT-PA0352,Biblioteca confluita in IT-PA0352,True,True,False,False
IT-PA0323,IT-PA0319,Biblioteca confluita in IT-PA0319,True,True,False,False
IT-PA0335,IT-PA0321,Biblioteca confluita in IT-PA0321,True,True,False,False
IT-PA0341,IT-PA0343,Biblioteca confluita in IT-PA0343,True,True,False,False
IT-PA0342,IT-PA0343,Biblioteca confluita in IT-PA0343,True,True,False,False
IT-PA0344,IT-PA0343,Biblioteca confluita in IT-PA0343,True,True,False,False
IT-PA0345,IT-PA0343,Biblioteca confluita in IT-PA0343,True,True,False,False
IT-PA0346,IT-PA0343,Biblioteca confluita in IT-PA0343,True,True,False,False
IT-PA0347,IT-PA0343,Biblioteca confluita in IT-PA0343,True,True,False,False
IT-PA0349,IT-PA0343,Biblioteca confluita in IT-PA0343,True,True,False,False
IT-PA0351,IT-PA0343,Biblioteca confluita in IT-PA0343,True,True,False,False
IT-PA0373,IT-PA0324,Biblioteca confluita in IT-PA0324,True,True,False,False
IT-PA0374,IT-PA0324,Biblioteca confluita in IT-PA0324,True,True,False,False
IT-PA0375,IT-PA0066,Biblioteca confluita in IT-PA0066,True,True,False,False
IT-PA0379,IT-PA0129,Biblioteca confluita in IT-PA0129,True,True,False,False
IT-PA0380,IT-PA0155,Biblioteca confluita in IT-PA0155,True,True,False,False
IT-PA0381,IT-PA0155,Biblioteca confluita in IT-PA0155,True,True,False,False
IT-PA0382,IT-PA0140,Biblioteca confluita in IT-PA0140,True,True,False,False
IT-PA0383,IT-PA0155,Biblioteca confluita in IT-PA0155,True,True,False,False
IT-PA0384,IT-PA0155,Biblioteca confluita in IT-PA0155,True,True,False,False
IT-PA0385,IT-PA0155,Biblioteca confluita in IT-PA0155,True,True,False,False
IT-PA0386,IT-PA0103,Biblioteca confluita in IT-PA0103,True,True,False,False
IT-PA0393,IT-PA0129,Biblioteca confluita in IT-PA0129,True,True,False,False
IT-PA0397,IT-PA0140,Biblioteca confluita in IT-PA0140,True,True,False,False
IT-PA0401,IT-PA0140,Biblioteca confluita in IT-PA0140,True,True,False,False
IT-PA0402,IT-PA0519,Biblioteca confluita in IT-PA0519,True,True,False,False
IT-PA0409,IT-PA0065,Biblioteca confluita in IT-PA0065,True,True,False,False
IT-PA0417,IT-PA0519,Biblioteca confluita in IT-PA0519,True,True,False,False
IT-PA0421,IT-PA0417,Biblioteca confluita in IT-PA0417,True,True,False,False
IT-PA0460,IT-PA0320,Biblioteca confluita in IT-PA0320,True,True,False,False
IT-PA0488,IT-PA0100,Biblioteca confluita in IT-PA0100,True,True,False,False
IT-PA0520,IT-PA0320,Biblioteca confluita in IT-PA0320,True,True,False,False
IT-PA0528,IT-PA0320,Biblioteca confluita in IT-PA0320,True,True,False,False
IT-PA0535,IT-PA0343,Biblioteca confluita in IT-PA0343,True,True,False,False
IT-PA0671,IT-AG0134,Biblioteca confluita in IT-AG0134,True,True,False,False
IT-PC0070,IT-PC0028,Biblioteca confluita in IT-PC0028,True,True,False,False
IT-PC0077,IT-PC0079,Biblioteca confluita in IT-PC0079,True,True,False,False
IT-PD0017,IT-PD0172,Biblioteca confluita in IT-PD0172,True,True,False,False
IT-PD0242,,Biblioteca confluita,False,False,False,False
IT-PD0252,,Biblioteca confluita,False,False,False,False
IT-PD0253,,Biblioteca confluita,False,False,False,False
IT-PD0254,,Biblioteca confluita,False,False,False,False
IT-PD0256,,Biblioteca confluita,False,False,False,False
IT-PD0264,,Biblioteca confluita,False,False,False,False
IT-PD0266,,Biblioteca confluita,False,False,False,False
IT-PD0267,,Biblioteca confluita,False,False,False,False
IT-PD0268,,Biblioteca confluita,False,False,False,False
IT-PD0269,,Biblioteca confluita,False,False,False,False
IT-PD0270,,Biblioteca confluita,False,False,False,False
IT-PD0274,,Biblioteca confluita,False,False,False,False
IT-PD0275,,Biblioteca confluita,False,False,False,False
IT-PD0276,,Biblioteca confluita,False,False,False,False
IT-PD0277,,Biblioteca confluita,False,False,False,False
IT-PD0278,,Biblioteca confluita,False,False,False,False
IT-PD0281,,Biblioteca confluita,False,False,False,False
IT-PD0285,,Biblioteca confluita,False,False,False,False
IT-PD0286,,Biblioteca confluita,False,False,False,False
IT-PD0287,,Biblioteca confluita,False,False,False,False
IT-PD0288,,Biblioteca confluita,False,False,False,False
IT-PD0289,,Biblioteca confluita,False,False,False,False
IT-PD0290,,Biblioteca confluita,False,False,False,False
IT-PD0291,,Biblioteca confluita,False,False,False,False
IT-PD0292,,Biblioteca confluita,False,False,False,False
IT-PD0293,,Biblioteca confluita,False,False,False,False
IT-PD0294,,Biblioteca confluita,False,False,False,False
IT-PD0295,,Biblioteca confluita,False,False,False,False
IT-PD0296,,Biblioteca confluita,False,False,False,False
IT-PD0297,,Biblioteca confluita,False,False,False,False
IT-PD0298,,Biblioteca confluita,False,False,False,False
IT-PD0299,,Biblioteca confluita,False,False,False,False
IT-PD0301,,Biblioteca confluita,False,False,False,False
IT-PD0302,,Biblioteca confluita,False,False,False,False
IT-PD0303,,Biblioteca confluita,False,False,False,False
IT-PD0304,,Biblioteca confluita,False,False,False,False
IT-PD0305,,Biblioteca confluita,False,False,False,False
IT-PD0308,,Biblioteca confluita,False,False,False,False
IT-PD0309,,Biblioteca confluita,False,False,False,False
IT-PD0319,,Biblioteca confluita,False,False,False,False
IT-PD0323,IT-PD0343,Biblioteca confluita in IT-PD0343,True,True,False,False
IT-PD0324,IT-PD0313,Biblioteca confluita in IT-PD0313,True,True,False,False
IT-PD0325,,Biblioteca confluita,False,False,False,False
IT-PD0327,IT-PD0343,Biblioteca confluita in IT-PD0343,True,True,False,False
IT-PD0329,IT-PD0370,Biblioteca confluita in IT-PD0370,True,True,False,False
IT-PD0334,,Biblioteca confluita,False,False,False,False
IT-PD0335,,Biblioteca confluita,False,False,False,False
IT-PD0336,,Biblioteca confluita,False,False,False,False
IT-PD0337,,Biblioteca confluita,False,False,False,False
IT-PD0339,IT-PD0341,Biblioteca confluita in IT-PD0341,True,True,False,False
IT-PD0346,,Biblioteca confluita,False,False,False,False
IT-PD0367,,Biblioteca confluita,False,False,False,False
IT-PD0369,,Biblioteca confluita,False,False,False,False
IT-PD0373,,Biblioteca confluita,False,False,False,False
IT-PD0403,IT-PD0341,Biblioteca confluita in IT-PD0341,True,True,False,False
IT-PD0441,IT-PD0258,Biblioteca confluita in IT-PD0258,True,True,False,False
IT-PD0449,IT-PD0021,Biblioteca confluita in IT-PD0021,True,True,False,False
IT-PD0463,IT-PD0338,Biblioteca confluita in IT-PD0338,True,True,False,False
IT-PD0465,IT-PD0338,Biblioteca confluita in IT-PD0338,True,True,False,False
IT-PD0468,IT-PD0260,Biblioteca confluita in IT-PD0260,True,True,False,False
IT-PE0055,IT-PE0047,Biblioteca confluita in IT-PE0047,True,True,False,False
IT-PE0061,IT-PE0018,Biblioteca confluita in IT-PE0018,True,True,False,False
IT-PG0249,IT-PG1007,Biblioteca confluita in IT-PG1007,True,True,False,False
IT-PG0251,IT-PG0430,Biblioteca confluita in IT-PG0430,True,True,False,False
IT-PG0254,IT-PG0430,Biblioteca confluita in IT-PG0430,True,True,False,False
IT-PG0257,IT-PG0430,Biblioteca confluita in IT-PG0430,True,True,False,False
IT-PG0258,IT-PG0431,Biblioteca confluita in IT-PG0431,True,True,False,False
IT-PG0261,,Biblioteca confluita,False,False,False,False
IT-PG0262,IT-PG0431,Biblioteca confluita in IT-PG0431,True,True,False,False
IT-PG0263,IT-PG0431,Biblioteca confluita in IT-PG0431,True,True,False,False
IT-PG0264,IT-PG0431,Biblioteca confluita in IT-PG0431,True,True,False,False
IT-PG0275,IT-PG0430,Biblioteca confluita in IT-PG0430,True,True,False,False
IT-PG0276,IT-PG0430,Biblioteca confluita in IT-PG0430,True,True,False,False
IT-PG0278,IT-PG0277,Biblioteca confluita in IT-PG0277,True,True,False,False
IT-PG0280,IT-PG0277,Biblioteca confluita in IT-PG0277,True,True,False,False
IT-PG0283,IT-PG0277,Biblioteca confluita in IT-PG0277,True,True,False,False
IT-PG0285,IT-PG0277,Biblioteca confluita in IT-PG0277,True,True,False,False
IT-PG0287,IT-PG0277,Biblioteca confluita in IT-PG0277,True,True,False,False
IT-PG0289,IT-PG0277,Biblioteca confluita in IT-PG0277,True,True,False,False
IT-PG0290,IT-PG0277,Biblioteca confluita in IT-PG0277,True,True,False,False
IT-PG0291,IT-PG0277,Biblioteca confluita in IT-PG0277,True,True,False,False
IT-PG0298,IT-PG0277,Biblioteca confluita in IT-PG0277,True,True,False,False
IT-PG0374,IT-PG0277,Biblioteca confluita in IT-PG0277,True,True,False,False
IT-PG0404,IT-PG0033,Biblioteca confluita in IT-PG0033,True,True,False,False
IT-PG0426,IT-PG0277,Biblioteca confluita in IT-PG0277,True,True,False,False
IT-PG1029,IT-PG1026,Biblioteca confluita in IT-PG1026,True,True,False,False
IT-PI0007,IT-PI0416,Biblioteca confluita in IT-PI0416,True,True,False,False
IT-PI0179,IT-PI0182,Biblioteca confluita in IT-PI0182,True,True,False,False
IT-PI0180,IT-PI0182,Biblioteca confluita in IT-PI0182,True,True,False,False
IT-PI0185,IT-PI0182,Biblioteca confluita in IT-PI0182,True,True,False,False
IT-PI0186,IT-PI0193,Biblioteca confluita in IT-PI0193,True,True,False,False
IT-PI0188,IT-PI0182,Biblioteca confluita in IT-PI0182,True,True,False,False
IT-PI0190,IT-PI0191,Biblioteca confluita in IT-PI0191,True,True,False,False
IT-PI0191,IT-PI0182,Biblioteca confluita in IT-PI0182,True,True,False,False
IT-PI0192,IT-PI0182,Biblioteca confluita in IT-PI0182,True,True,False,False
IT-PI0200,IT-PI0320,Biblioteca confluita in IT-PI0320,True,True,False,False
IT-PI0214,IT-PI0201,Biblioteca confluita in IT-PI0201,True,True,False,False
IT-PI0224,IT-PI0201,Biblioteca confluita in IT-PI0201,True,True,False,False
IT-PI0235,IT-PI0233,Biblioteca confluita in IT-PI0233,True,True,False,False
IT-PI0236,IT-PI0233,Biblioteca confluita in IT-PI0233,True,True,False,False
IT-PI0241,IT-PI0233,Biblioteca confluita in IT-PI0233,True,True,False,False
IT-PI0248,IT-PI0233,Biblioteca confluita in IT-PI0233,True,True,False,False
IT-PI0256,IT-PI0318,Biblioteca confluita in IT-PI0318,True,True,False,False
IT-PI0258,IT-PI0251,Biblioteca confluita in IT-PI0251,True,True,False,False
IT-PI0263,IT-PI0416,Biblioteca confluita in IT-PI0416,True,True,False,False
IT-PI0276,IT-PI0225,Biblioteca confluita in IT-PI0225,True,True,False,False
IT-PI0296,IT-PI0233,Biblioteca confluita in IT-PI0233,True,True,False,False
IT-PI0297,IT-PI0233,Biblioteca confluita in IT-PI0233,True,True,False,False
IT-PI0298,IT-PI0233,Biblioteca confluita in IT-PI0233,True,True,False,False
IT-PI0299,IT-PI0233,Biblioteca confluita in IT-PI0233,True,True,False,False
IT-PI0300,IT-PI0233,Biblioteca confluita in IT-PI0233,True,True,False,False
IT-PI0301,IT-PI0233,Biblioteca confluita in IT-PI0233,True,True,False,False
IT-PI0302,IT-PI0233,Biblioteca confluita in IT-PI0233,True,True,False,False
IT-PI0303,IT-PI0233,Biblioteca confluita in IT-PI0233,True,True,False,False
IT-PI0306,IT-PI0182,Biblioteca confluita in IT-PI0182,True,True,False,False
IT-PI0307,IT-PI0182,Biblioteca confluita in IT-PI0182,True,True,False,False
IT-PI0319,IT-PI0318,Biblioteca confluita in IT-PI0318,True,True,False,False
IT-PI0321,IT-PI0320,Biblioteca confluita in IT-PI0320,True,True,False,False
IT-PI0322,IT-PI0318,Biblioteca confluita in IT-PI0318,True,True,False,False
IT-PI0323,IT-PI0318,Biblioteca confluita in IT-PI0318,True,True,False,False
IT-PI0324,IT-PI0318,Biblioteca confluita in IT-PI0318,True,True,False,False
IT-PI0327,IT-PI0320,Biblioteca confluita in IT-PI0320,True,True,False,False
IT-PI0328,IT-PI0320,Biblioteca confluita in IT-PI0320,True,True,False,False
IT-PI0329,IT-PI0320,Biblioteca confluita in IT-PI0320,True,True,False,False
IT-PI0330,IT-PI0318,Biblioteca confluita in IT-PI0318,True,True,False,False
IT-PI0331,IT-PI0318,Biblioteca confluita in IT-PI0318,True,True,False,False
IT-PI0338,IT-PI0201,Biblioteca confluita in IT-PI0201,True,True,False,False
IT-PI0342,IT-PI0201,Biblioteca confluita in IT-PI0201,True,True,False,False
IT-PI0349,IT-PI0416,Biblioteca confluita in IT-PI0416,True,True,False,False
IT-PI0350,IT-PI0416,Biblioteca confluita in IT-PI0416,True,True,False,False
IT-PI0351,IT-PI0318,Biblioteca confluita in IT-PI0318,True,True,False,False
IT-PI0352,IT-PI0193,Biblioteca confluita in IT-PI0193,True,True,False,False
IT-PI0354,IT-PI0191,Biblioteca confluita in IT-PI0191,True,True,False,False
IT-PI0365,IT-PI0278,Biblioteca confluita in IT-PI0278,True,True,False,False
IT-PI0366,IT-PI0278,Biblioteca confluita in IT-PI0278,True,True,False,False
IT-PI0376,IT-PI0416,Biblioteca confluita in IT-PI0416,True,True,False,False
IT-PI0380,IT-PI0416,Biblioteca confluita in IT-PI0416,True,True,False,False
IT-PR0023,IT-PR0240,Biblioteca confluita in IT-PR0240,True,True,False,False
IT-PR0024,IT-BO0342,Biblioteca confluita in IT-BO0342,True,True,False,False
IT-PR0033,IT-PR0032,Biblioteca confluita in IT-PR0032,True,True,False,False
IT-PR0034,IT-PR0032,Biblioteca confluita in IT-PR0032,True,True,False,False
IT-PR0035,IT-PR0139,Biblioteca confluita in IT-PR0139,True,True,False,False
IT-PR0050,IT-PR0032,Biblioteca confluita in IT-PR0032,True,True,False,False
IT-PR0051,IT-PR0139,Biblioteca confluita in IT-PR0139,True,True,False,False
IT-PR0052,IT-PR0032,Biblioteca confluita in IT-PR0032,True,True,False,False
IT-PR0054,IT-PR0056,Biblioteca confluita in IT-PR0056,True,True,False,False
IT-PR0055,IT-PR0032,Biblioteca confluita in IT-PR0032,True,True,False,False
IT-PR0056,IT-PR0141,Biblioteca confluita in IT-PR0141,True,True,False,False
IT-PR0058,IT-PR0076,Biblioteca confluita in IT-PR0076,True,True,False,False
IT-PR0059,IT-PR0032,Biblioteca confluita in IT-PR0032,True,True,False,False
IT-PR0060,IT-PR0032,Biblioteca confluita in IT-PR0032,True,True,False,False
IT-PR0062,IT-PR0032,Biblioteca confluita in IT-PR0032,True,True,False,False
IT-PR0063,IT-PR0032,Biblioteca confluita in IT-PR0032,True,True,False,False
IT-PR0065,IT-PR0139,Biblioteca confluita in IT-PR0139,True,True,False,False
IT-PR0067,IT-PR0032,Biblioteca confluita in IT-PR0032,True,True,False,False
IT-PR0068,IT-PR0032,Biblioteca confluita in IT-PR0032,True,True,False,False
IT-PR0069,IT-PR0032,Biblioteca confluita in IT-PR0032,True,True,False,False
IT-PR0079,IT-PR0032,Biblioteca confluita in IT-PR0032,True,True,False,False
IT-PR0080,IT-PR0032,Biblioteca confluita in IT-PR0032,True,True,False,False
IT-PR0081,IT-PR0032,Biblioteca confluita in IT-PR0032,True,True,False,False
IT-PR0084,IT-PR0032,Biblioteca confluita in IT-PR0032,True,True,False,False
IT-PR0094,IT-PR0032,Biblioteca confluita in IT-PR0032,True,True,False,False
IT-PR0095,IT-PR0139,Biblioteca confluita in IT-PR0139,True,True,False,False
IT-PR0096,IT-PR0032,Biblioteca confluita in IT-PR0032,True,True,False,False
IT-PR0097,IT-PR0032,Biblioteca confluita in IT-PR0032,True,True,False,False
IT-PR0126,IT-PR0031,Biblioteca confluita in IT-PR0031,True,True,False,False
IT-PR0127,IT-PR0031,Biblioteca confluita in IT-PR0031,True,True,False,False
IT-PR0140,IT-PR0141,Biblioteca confluita in IT-PR0141,True,True,False,False
IT-PR0142,IT-PR0141,Biblioteca confluita in IT-PR0141,True,True,False,False
IT-PR0143,IT-PR0141,Biblioteca confluita in IT-PR0141,True,True,False,False
IT-PR0144,IT-PR0032,Biblioteca confluita in IT-PR0032,True,True,False,False
IT-PR0147,IT-PR0139,Biblioteca confluita in IT-PR0139,True,True,False,False
IT-PR0148,IT-PR0139,Biblioteca confluita in IT-PR0139,True,True,False,False
IT-PR0150,IT-PR0139,Biblioteca confluita in IT-PR0139,True,True,False,False
IT-PR0151,IT-PR0139,Biblioteca confluita in IT-PR0139,True,True,False,False
IT-PR0154,IT-PR0072,Biblioteca confluita in IT-PR0072,True,True,False,False
IT-PR0170,IT-PR0240,Biblioteca confluita in IT-PR0240,True,True,False,False
IT-PR0172,IT-PR0141,Biblioteca confluita in IT-PR0141,True,True,False,False
IT-PR0173,IT-PR0240,Biblioteca confluita in IT-PR0240,True,True,False,False
IT-PR0175,IT-PR0056,Biblioteca confluita in IT-PR0056,True,True,False,False
IT-PR0176,IT-PR0141,Biblioteca confluita in IT-PR0141,True,True,False,False
IT-PR0179,IT-PR0169,Biblioteca confluita in IT-PR0169,True,True,False,False
IT-PR0180,IT-PR0169,Biblioteca confluita in IT-PR0169,True,True,False,False
IT-PR0181,IT-PR0169,Biblioteca confluita in IT-PR0169,True,True,False,False
IT-PR0182,IT-PR0169,Biblioteca confluita in IT-PR0169,True,True,False,False
IT-PR0183,IT-PR0240,Biblioteca confluita in IT-PR0240,True,True,False,False
IT-PR0184,IT-PR0240,Biblioteca confluita in IT-PR0240,True,True,False,False
IT-PR0186,IT-PR0240,Biblioteca confluita in IT-PR0240,True,True,False,False
IT-PR0187,IT-PR0076,Biblioteca confluita in IT-PR0076,True,True,False,False
IT-PR0188,IT-PR0076,Biblioteca confluita in IT-PR0076,True,True,False,False
IT-PR0189,IT-PR0076,Biblioteca confluita in IT-PR0076,True,True,False,False
IT-PR0190,IT-PR0076,Biblioteca confluita in IT-PR0076,True,True,False,False
IT-PR0191,IT-PR0076,Biblioteca confluita in IT-PR0076,True,True,False,False
IT-PR0193,IT-PR0076,Biblioteca confluita in IT-PR0076,True,True,False,False
IT-PR0194,IT-PR0076,Biblioteca confluita in IT-PR0076,True,True,False,False
IT-PR0195,IT-PR0076,Biblioteca confluita in IT-PR0076,True,True,False,False
IT-PR0196,IT-PR0076,Biblioteca confluita in IT-PR0076,True,True,False,False
IT-PR0197,IT-PR0076,Biblioteca confluita in IT-PR0076,True,True,False,False
IT-PR0198,IT-PR0031,Biblioteca confluita in IT-PR0031,True,True,False,False
IT-PR0200,IT-PR0031,Biblioteca confluita in IT-PR0031,True,True,False,False
IT-PR0201,IT-PR0072,Biblioteca confluita in IT-PR0072,True,True,False,False
IT-PR0205,IT-PR0056,Biblioteca confluita in IT-PR0056,True,True,False,False
IT-PR0221,IT-PR0174,Biblioteca confluita in IT-PR0174,True,True,False,False
IT-PR0230,IT-PR0076,Biblioteca confluita in IT-PR0076,True,True,False,False
IT-PR0238,IT-PR0142,Biblioteca confluita in IT-PR0142,True,True,False,False
IT-PU0009,IT-PU0010,Biblioteca confluita in IT-PU0010,True,True,False,False
IT-PU0073,IT-FM0049,Biblioteca confluita in IT-FM0049,True,True,False,False
IT-PU0126,IT-PU0206,Biblioteca confluita in IT-PU0206,True,True,False,False
IT-PU0128,IT-PU0206,Biblioteca confluita in IT-PU0206,True,True,False,False
IT-PU0131,IT-PU0206,Biblioteca confluita in IT-PU0206,True,True,False,False
IT-PU0132,IT-PU0206,Biblioteca confluita in IT-PU0206,True,True,False,False
IT-PU0133,IT-PU0206,Biblioteca confluita in IT-PU0206,True,True,False,False
IT-PU0134,IT-PU0206,Biblioteca confluita in IT-PU0206,True,True,False,False
IT-PU0135,IT-PU0157,Biblioteca confluita in IT-PU0157,True,True,False,False
IT-PU0136,IT-PU0206,Biblioteca confluita in IT-PU0206,True,True,False,False
IT-PU0138,IT-PU0206,Biblioteca confluita in IT-PU0206,True,True,False,False
IT-PU0139,IT-PU0206,Biblioteca confluita in IT-PU0206,True,True,False,False
IT-PU0158,IT-PU0157,Biblioteca confluita in IT-PU0157,True,True,False,False
IT-PU0159,IT-PU0157,Biblioteca confluita in IT-PU0157,True,True,False,False
IT-PU0160,IT-PU0157,Biblioteca confluita in IT-PU0157,True,True,False,False
IT-PU0161,IT-PU0157,Biblioteca confluita in IT-PU0157,True,True,False,False
IT-PU0162,IT-PU0157,Biblioteca confluita in IT-PU0157,True,True,False,False
IT-PU0163,IT-PU0157,Biblioteca confluita in IT-PU0157,True,True,False,False
IT-PU0164,IT-PU0157,Biblioteca confluita in IT-PU0157,True,True,False,False
IT-PU0165,IT-PU0157,Biblioteca confluita in IT-PU0157,True,True,False,False
IT-PU0166,IT-PU0157,Biblioteca confluita in IT-PU0157,True,True,False,False
IT-PU0167,IT-PU0157,Biblioteca confluita in IT-PU0157,True,True,False,False
IT-PU0168,IT-PU0157,Biblioteca confluita in IT-PU0157,True,True,False,False
IT-PU0169,IT-PU0157,Biblioteca confluita in IT-PU0157,True,True,False,False
IT-PU0172,IT-PU0145,Biblioteca confluita in IT-PU0145,True,True,False,False
IT-PU0173,IT-PU0206,Biblioteca confluita in IT-PU0206,True,True,False,False
IT-PU0203,IT-PU0157,Biblioteca confluita in IT-PU0157,True,True,False,False
IT-PU0207,IT-PU0206,Biblioteca confluita in IT-PU0206,True,True,False,False
IT-PV0069,IT-PV0370,Biblioteca confluita in IT-PV0370,True,True,False,False
IT-PV0072,IT-PV0369,Biblioteca confluita in IT-PV0369,True,True,False,False
IT-PV0076,IT-PV0370,Biblioteca confluita in IT-PV0370,True,True,False,False
IT-PV0081,IT-PV0265,Biblioteca confluita in IT-PV0265,True,True,False,False
IT-PV0084,IT-PV0295,Biblioteca confluita in IT-PV0295,True,True,False,False
IT-PV0094,IT-PV0265,Biblioteca confluita in IT-PV0265,True,True,False,False
IT-PV0095,IT-PV0265,Biblioteca confluita in IT-PV0265,True,True,False,False
IT-PV0098,IT-PV0369,Biblioteca confluita in IT-PV0369,True,True,False,False
IT-PV0106,IT-PV0265,Biblioteca confluita in IT-PV0265,True,True,False,False
IT-PV0107,IT-PV0265,Biblioteca confluita in IT-PV0265,True,True,False,False
IT-PV0119,IT-PV0265,Biblioteca confluita in IT-PV0265,True,True,False,False
IT-PV0124,IT-PV0265,Biblioteca confluita in IT-PV0265,True,True,False,False
IT-PV0126,IT-PV0265,Biblioteca confluita in IT-PV0265,True,True,False,False
IT-PV0127,,Biblioteca confluita,False,False,False,False
IT-PV0233,IT-PV0295,Biblioteca confluita in IT-PV0295,True,True,False,False
IT-PV0234,IT-PV0265,Biblioteca confluita in IT-PV0265,True,True,False,False
IT-PV0241,IT-PV0367,Biblioteca confluita in IT-PV0367,True,True,False,False
IT-PV0242,IT-PV0265,Biblioteca confluita in IT-PV0265,True,True,False,False
IT-PV0248,,Biblioteca confluita,False,False,False,False
IT-PV0249,IT-PV0265,Biblioteca confluita in IT-PV0265,True,True,False,False
IT-PV0250,IT-PV0265,Biblioteca confluita in IT-PV0265,True,True,False,False
IT-PV0252,IT-PV0265,Biblioteca confluita in IT-PV0265,True,True,False,False
IT-PV0253,IT-PV0265,Biblioteca confluita in IT-PV0265,True,True,False,False
IT-PV0254,IT-PV0265,Biblioteca confluita in IT-PV0265,True,True,False,False
IT-PV0255,IT-PV0265,Biblioteca confluita in IT-PV0265,True,True,False,False
IT-PV0256,IT-PV0265,Biblioteca confluita in IT-PV0265,True,True,False,False
IT-PV0266,IT-PV0265,Biblioteca confluita in IT-PV0265,True,True,False,False
IT-PV0267,IT-PV0265,Biblioteca confluita in IT-PV0265,True,True,False,False
IT-PV0269,IT-PV0265,Biblioteca confluita in IT-PV0265,True,True,False,False
IT-PV0282,IT-PV0265,Biblioteca confluita in IT-PV0265,True,True,False,False
IT-PV0284,IT-PV0265,Biblioteca confluita in IT-PV0265,True,True,False,False
IT-PV0285,IT-PV0265,Biblioteca confluita in IT-PV0265,True,True,False,False
IT-PV0311,,Biblioteca confluita,False,False,False,False
IT-PV0314,IT-PV0367,Biblioteca confluita in IT-PV0367,True,True,False,False
IT-PV0315,,Biblioteca confluita,False,False,False,False
IT-PV0336,IT-PV0265,Biblioteca confluita in IT-PV0265,True,True,False,False
IT-PV0337,IT-PV0369,Biblioteca confluita in IT-PV0369,True,True,False,False
IT-PV0338,IT-PV0265,Biblioteca confluita in IT-PV0265,True,True,False,False
IT-PV0340,IT-PV0265,Biblioteca confluita in IT-PV0265,True,True,False,False
IT-PV0341,IT-PV0265,Biblioteca confluita in IT-PV0265,True,True,False,False
IT-PV0346,IT-PV0265,Biblioteca confluita in IT-PV0265,True,True,False,False
IT-PV0350,IT-PV0265,Biblioteca confluita in IT-PV0265,True,True,False,False
IT-PV0351,IT-PV0265,Biblioteca confluita in IT-PV0265,True,True,False,False
IT-PV0352,IT-PV0265,Biblioteca confluita in IT-PV0265,True,True,False,False
IT-PV0353,IT-PV0265,Biblioteca confluita in IT-PV0265,True,True,False,False
IT-PV0354,IT-PV0265,Biblioteca confluita in IT-PV0265,True,True,False,False
IT-PV0368,IT-PV0367,Biblioteca confluita in IT-PV0367,True,True,False,False
IT-RA0027,IT-RA0026,Biblioteca confluita in IT-RA0026,True,True,False,False
IT-RA0033,IT-RA0037,Biblioteca confluita in IT-RA0037,True,True,False,False
IT-RA0049,IT-RA0104,Biblioteca confluita in IT-RA0104,True,True,False,False
IT-RA0072,IT-RA0009,Biblioteca confluita in IT-RA0009,True,True,False,False
IT-RA0125,IT-RA0036,Biblioteca confluita in IT-RA0036,True,True,False,False
IT-RA0130,IT-RA0036,Biblioteca confluita in IT-RA0036,True,True,False,False
IT-RA0131,IT-RA0036,Biblioteca confluita in IT-RA0036,True,True,False,False
IT-RA0133,IT-RA0026,Biblioteca confluita in IT-RA0026,True,True,False,False
IT-RE0037,IT-RE0036,Biblioteca confluita in IT-RE0036,True,True,False,False
IT-RE0094,IT-BO0421,Biblioteca confluita in IT-BO0421,True,True,False,False
IT-RE0095,IT-BO0421,Biblioteca confluita in IT-BO0421,True,True,False,False
IT-RE0096,IT-BO0421,Biblioteca confluita in IT-BO0421,True,True,False,False
IT-RE0098,IT-BO0421,Biblioteca confluita in IT-BO0421,True,True,False,False
IT-RM0130,IT-RM0108,Biblioteca confluita in IT-RM0108,True,True,False,False
IT-RM0358,IT-RM1200,Biblioteca confluita in IT-RM1200,True,True,False,False
IT-RM0406,IT-RM1232,Biblioteca confluita in IT-RM1232,True,True,False,False
IT-RM0415,IT-RM0535,Biblioteca confluita in IT-RM0535,True,True,False,False
IT-RM0811,IT-RM0426,Biblioteca confluita in IT-RM0426,True,True,False,False
IT-RM0820,IT-RM1686,Biblioteca confluita in IT-RM1686,True,True,False,False
IT-RM0823,IT-RM0960,Biblioteca confluita in IT-RM0960,True,True,False,False
IT-RM0824,,Biblioteca confluita,False,False,False,False
IT-RM0858,IT-RM0490,Biblioteca confluita in IT-RM0490,True,True,False,False
IT-RM0900,IT-RM1620,Biblioteca confluita in IT-RM1620,True,True,False,False
IT-RM0903,IT-RM1620,Biblioteca confluita in IT-RM1620,True,True,False,False
IT-RM0904,IT-RM1339,Biblioteca confluita in IT-RM1339,True,True,False,False
IT-RM0907,IT-RM0909,Biblioteca confluita in IT-RM0909,True,True,False,False
IT-RM0908,IT-RM0909,Biblioteca confluita in IT-RM0909,True,True,False,False
IT-RM0911,IT-RM0910,Biblioteca confluita in IT-RM0910,True,True,False,False
IT-RM0914,IT-RM1676,Biblioteca confluita in IT-RM1676,True,True,False,False
IT-RM0920,IT-RM0936,Biblioteca confluita in IT-RM0936,True,True,False,False
IT-RM0923,IT-RM0943,Biblioteca confluita in IT-RM0943,True,True,False,False
IT-RM0924,IT-RM1338,Biblioteca confluita in IT-RM1338,True,True,False,False
IT-RM0925,IT-RM0917,Biblioteca confluita in IT-RM0917,True,True,False,False
IT-RM0927,IT-RM0940,Biblioteca confluita in IT-RM0940,True,True,False,False
IT-RM0928,IT-RM0917,Biblioteca confluita in IT-RM0917,True,True,False,False
IT-RM0929,IT-RM0917,Biblioteca confluita in IT-RM0917,True,True,False,False
IT-RM0930,IT-RM1653,Biblioteca confluita in IT-RM1653,True,True,False,False
IT-RM0932,IT-RM0945,Biblioteca confluita in IT-RM0945,True,True,False,False
IT-RM0935,IT-RM1338,Biblioteca confluita in IT-RM1338,True,True,False,False
IT-RM0937,IT-RM1338,Biblioteca confluita in IT-RM1338,True,True,False,False
IT-RM0940,IT-RM1022,Biblioteca confluita in IT-RM1022,True,True,False,False
IT-RM0942,IT-RM0940,Biblioteca confluita in IT-RM0940,True,True,False,False
IT-RM0946,IT-RM0920,Biblioteca confluita in IT-RM0920,True,True,False,False
IT-RM0947,IT-RM0916,Biblioteca confluita in IT-RM0916,True,True,False,False
IT-RM0948,IT-RM0940,Biblioteca confluita in IT-RM0940,True,True,False,False
IT-RM0949,IT-RM0910,Biblioteca confluita in IT-RM0910,True,True,False,False
IT-RM0952,IT-RM0973,Biblioteca confluita in IT-RM0973,True,True,False,False
IT-RM0955,IT-RM1338,Biblioteca confluita in IT-RM1338,True,True,False,False
IT-RM0956,IT-RM1338,Biblioteca confluita in IT-RM1338,True,True,False,False
IT-RM0961,IT-RM0967,Biblioteca confluita in IT-RM0967,True,True,False,False
IT-RM0962,IT-RM0972,Biblioteca confluita in IT-RM0972,True,True,False,False
IT-RM0963,IT-RM1514,Biblioteca confluita in IT-RM1514,True,True,False,False
IT-RM0964,IT-RM1514,Biblioteca confluita in IT-RM1514,True,True,False,False
IT-RM0965,IT-RM1514,Biblioteca confluita in IT-RM1514,True,True,False,False
IT-RM0966,IT-RM1514,Biblioteca confluita in IT-RM1514,True,True,False,False
IT-RM0968,IT-RM0967,Biblioteca confluita in IT-RM0967,True,True,False,False
IT-RM0969,IT-RM0973,Biblioteca confluita in IT-RM0973,True,True,False,False
IT-RM0971,IT-RM0972,Biblioteca confluita in IT-RM0972,True,True,False,False
IT-RM0985,IT-RM1337,Biblioteca confluita in IT-RM1337,True,True,False,False
IT-RM0986,IT-RM1016,Biblioteca confluita in IT-RM1016,True,True,False,False
IT-RM0993,IT-RM1700,Biblioteca confluita in IT-RM1700,True,True,False,False
IT-RM0997,IT-RM1700,Biblioteca confluita in IT-RM1700,True,True,False,False
IT-RM1000,IT-RM0995,Biblioteca confluita in IT-RM0995,True,True,False,False
IT-RM1001,IT-RM0998,Biblioteca confluita in IT-RM0998,True,True,False,False
IT-RM1003,IT-RM1700,Biblioteca confluita in IT-RM1700,True,True,False,False
IT-RM1004,IT-RM1611,Biblioteca confluita in IT-RM1611,True,True,False,False
IT-RM1006,IT-RM1007,Biblioteca confluita in IT-RM1007,True,True,False,False
IT-RM1009,IT-RM0954,Biblioteca confluita in IT-RM0954,True,True,False,False
IT-RM1010,IT-RM1008,Biblioteca confluita in IT-RM1008,True,True,False,False
IT-RM1011,IT-RM1008,Biblioteca confluita in IT-RM1008,True,True,False,False
IT-RM1012,IT-RM0899,Biblioteca confluita in IT-RM0899,True,True,False,False
IT-RM1014,IT-RM0985,Biblioteca confluita in IT-RM0985,True,True,False,False
IT-RM1018,IT-RM1016,Biblioteca confluita in IT-RM1016,True,True,False,False
IT-RM1019,IT-RM1887,Biblioteca confluita in IT-RM1887,True,True,False,False
IT-RM1023,IT-RM0917,Biblioteca confluita in IT-RM0917,True,True,False,False
IT-RM1024,IT-RM1022,Biblioteca confluita in IT-RM1022,True,True,False,False
IT-RM1025,IT-RM1653,Biblioteca confluita in IT-RM1653,True,True,False,False
IT-RM1026,IT-RM1029,Biblioteca confluita in IT-RM1029,True,True,False,False
IT-RM1028,,Biblioteca confluita,False,False,False,False
IT-RM1031,IT-RM1611,Biblioteca confluita in IT-RM1611,True,True,False,False
IT-RM1034,IT-RM1038,Biblioteca confluita in IT-RM1038,True,True,False,False
IT-RM1035,IT-RM1038,Biblioteca confluita in IT-RM1038,True,True,False,False
IT-RM1036,IT-RM1040,Biblioteca confluita in IT-RM1040,True,True,False,False
IT-RM1041,IT-RM1042,Biblioteca confluita in IT-RM1042,True,True,False,False
IT-RM1046,IT-RM1611,Biblioteca confluita in IT-RM1611,True,True,False,False
IT-RM1047,,Biblioteca confluita,False,False,False,False
IT-RM1049,IT-RM0906,Biblioteca confluita in IT-RM0906,True,True,False,False
IT-RM1058,IT-RM1022,Biblioteca confluita in IT-RM1022,True,True,False,False
IT-RM1063,IT-RM1338,Biblioteca confluita in IT-RM1338,True,True,False,False
IT-RM1065,IT-RM0916,Biblioteca confluita in IT-RM0916,True,True,False,False
IT-RM1067,IT-RM1007,Biblioteca confluita in IT-RM1007,True,True,False,False
IT-RM1070,IT-RM1022,Biblioteca confluita in IT-RM1022,True,True,False,False
IT-RM1073,IT-RM1072,Biblioteca confluita in IT-RM1072,True,True,False,False
IT-RM1123,IT-RM1919,Biblioteca confluita in IT-RM1919,True,True,False,False
IT-RM1128,IT-RM2053,Biblioteca confluita in IT-RM2053,True,True,False,False
IT-RM1130,IT-RM1299,Biblioteca confluita in IT-RM1299,True,True,False,False
IT-RM1141,IT-RM0744,Biblioteca confluita in IT-RM0744,True,True,False,False
IT-RM1155,IT-RM0945,Biblioteca confluita in IT-RM0945,True,True,False,False
IT-RM1156,IT-RM1158,Biblioteca confluita in IT-RM1158,True,True,False,False
IT-RM1163,IT-RM1225,Biblioteca confluita in IT-RM1225,True,True,False,False
IT-RM1175,IT-RM1620,Biblioteca confluita in IT-RM1620,True,True,False,False
IT-RM1228,IT-RM1482,Biblioteca confluita in IT-RM1482,True,True,False,False
IT-RM1232,IT-RM0528,Biblioteca confluita in IT-RM0528,True,True,False,False
IT-RM1236,IT-RM0985,Biblioteca confluita in IT-RM0985,True,True,False,False
IT-RM1237,IT-RM2053,Biblioteca confluita in IT-RM2053,True,True,False,False
IT-RM1253,IT-RM1887,Biblioteca confluita in IT-RM1887,True,True,False,False
IT-RM1256,IT-RM1616,Biblioteca confluita in IT-RM1616,True,True,False,False
IT-RM1268,IT-RM0916,Biblioteca confluita in IT-RM0916,True,True,False,False
IT-RM1282,IT-RM0906,Biblioteca confluita in IT-RM0906,True,True,False,False
IT-RM1289,IT-RM1299,Biblioteca confluita in IT-RM1299,True,True,False,False
IT-RM1292,IT-RM1611,Biblioteca confluita in IT-RM1611,True,True,False,False
IT-RM1344,IT-VE0164,Biblioteca confluita in IT-VE0164,True,True,False,False
IT-RM1372,IT-RM0910,Biblioteca confluita in IT-RM0910,True,True,False,False
IT-RM1409,IT-RM0210,Biblioteca confluita in IT-RM0210,True,True,False,False
IT-RM1416,IT-RM0426,Biblioteca confluita in IT-RM0426,True,True,False,False
IT-RM1470,IT-RM0983,Biblioteca confluita in IT-RM0983,True,True,False,False
IT-RM1527,IT-RM1529,Biblioteca confluita in IT-RM1529,True,True,False,False
IT-RM1606,IT-RM1019,Biblioteca confluita in IT-RM1019,True,True,False,False
IT-RM1678,IT-RM2081,Biblioteca confluita in IT-RM2081,True,True,False,False
IT-RM1682,IT-RM0573,Biblioteca confluita in IT-RM0573,True,True,False,False
IT-RM1688,,Biblioteca confluita,False,False,False,False
IT-RM1911,IT-RM0989,Biblioteca confluita in IT-RM0989,True,True,False,False
IT-RN0012,IT-RN0044,Biblioteca confluita in IT-RN0044,True,True,False,False
IT-RN0021,IT-RN0083,Biblioteca confluita in IT-RN0083,True,True,False,False
IT-RN0045,IT-RN0083,Biblioteca confluita in IT-RN0083,True,True,False,False
IT-SA0053,,Biblioteca confluita,False,False,False,False
IT-SA0120,IT-SA0119,Biblioteca confluita in IT-SA0119,True,True,False,False
IT-SA0121,IT-SA0119,Biblioteca confluita in IT-SA0119,True,True,False,False
IT-SA0124,IT-SA0186,Biblioteca confluita in IT-SA0186,True,True,False,False
IT-SA0125,IT-SA0186,Biblioteca confluita in IT-SA0186,True,True,False,False
IT-SA0127,IT-SA0119,Biblioteca confluita in IT-SA0119,True,True,False,False
IT-SA0128,IT-SA0119,Biblioteca confluita in IT-SA0119,True,True,False,False
IT-SA0129,IT-SA0186,Biblioteca confluita in IT-SA0186,True,True,False,False
IT-SA0130,IT-SA0119,Biblioteca confluita in IT-SA0119,True,True,False,False
IT-SA0131,IT-SA0186,Biblioteca confluita in IT-SA0186,True,True,False,False
IT-SA0133,IT-SA0119,Biblioteca confluita in IT-SA0119,True,True,False,False
IT-SA0134,IT-SA0119,Biblioteca confluita in IT-SA0119,True,True,False,False
IT-SA0136,IT-SA0119,Biblioteca confluita in IT-SA0119,True,True,False,False
IT-SA0140,IT-SA0119,Biblioteca confluita in IT-SA0119,True,True,False,False
IT-SA0141,IT-SA0186,Biblioteca confluita in IT-SA0186,True,True,False,False
IT-SA0142,IT-SA0119,Biblioteca confluita in IT-SA0119,True,True,False,False
IT-SA0144,IT-SA0186,Biblioteca confluita in IT-SA0186,True,True,False,False
IT-SA0175,IT-SA0119,Biblioteca confluita in IT-SA0119,True,True,False,False
IT-SA0212,IT-SA0186,Biblioteca confluita in IT-SA0186,True,True,False,False
IT-SI0139,IT-SI0104,Biblioteca confluita in IT-SI0104,True,True,False,False
IT-SP0034,IT-SP0195,Biblioteca confluita in IT-SP0195,True,True,False,False
IT-SP0086,IT-SP0058,Biblioteca confluita in IT-SP0058,True,True,False,False
IT-SP0099,IT-SP0031,Biblioteca confluita in IT-SP0031,True,True,False,False
IT-SP0105,IT-SP0106,Biblioteca confluita in IT-SP0106,True,True,False,False
IT-SR0043,IT-SR0003,Biblioteca confluita in IT-SR0003,True,True,False,False
IT-SS0042,IT-SS0272,Biblioteca confluita in IT-SS0272,True,True,False,False
IT-SS0057,IT-SS0166,Biblioteca confluita in IT-SS0166,True,True,False,False
IT-SS0058,IT-SS0166,Biblioteca confluita in IT-SS0166,True,True,False,False
IT-SS0064,IT-SS0166,Biblioteca confluita in IT-SS0166,True,True,False,False
IT-SS0066,IT-SS0166,Biblioteca confluita in IT-SS0166,True,True,False,False
IT-SS0067,IT-SS0166,Biblioteca confluita in IT-SS0166,True,True,False,False
IT-SS0069,IT-SS0142,Biblioteca confluita in IT-SS0142,True,True,False,False
IT-SS0074,IT-SS0166,Biblioteca confluita in IT-SS0166,True,True,False,False
IT-SS0075,IT-SS0166,Biblioteca confluita in IT-SS0166,True,True,False,False
IT-SS0076,IT-SS0166,Biblioteca confluita in IT-SS0166,True,True,False,False
IT-SS0077,IT-SS0166,Biblioteca confluita in IT-SS0166,True,True,False,False
IT-SS0079,IT-SS0142,Biblioteca confluita in IT-SS0142,True,True,False,False
IT-SS0080,IT-SS0183,Biblioteca confluita in IT-SS0183,True,True,False,False
IT-SS0081,IT-SS0167,Biblioteca confluita in IT-SS0167,True,True,False,False
IT-SS0082,IT-SS0142,Biblioteca confluita in IT-SS0142,True,True,False,False
IT-SS0083,IT-SS0166,Biblioteca confluita in IT-SS0166,True,True,False,False
IT-SS0084,IT-SS0142,Biblioteca confluita in IT-SS0142,True,True,False,False
IT-SS0085,IT-SS0166,Biblioteca confluita in IT-SS0166,True,True,False,False
IT-SS0086,IT-SS0166,Biblioteca confluita in IT-SS0166,True,True,False,False
IT-SS0088,IT-SS0142,Biblioteca confluita in IT-SS0142,True,True,False,False
IT-SS0089,IT-SS0166,Biblioteca confluita in IT-SS0166,True,True,False,False
IT-SS0092,IT-SS0142,Biblioteca confluita in IT-SS0142,True,True,False,False
IT-SS0094,IT-SS0166,Biblioteca confluita in IT-SS0166,True,True,False,False
IT-SS0095,IT-SS0166,Biblioteca confluita in IT-SS0166,True,True,False,False
IT-SS0097,IT-SS0166,Biblioteca confluita in IT-SS0166,True,True,False,False
IT-SS0098,IT-SS0142,Biblioteca confluita in IT-SS0142,True,True,False,False
IT-SS0099,IT-SS0167,Biblioteca confluita in IT-SS0167,True,True,False,False
IT-SS0100,IT-SS0166,Biblioteca confluita in IT-SS0166,True,True,False,False
IT-SS0101,IT-SS0166,Biblioteca confluita in IT-SS0166,True,True,False,False
IT-SS0103,IT-SS0166,Biblioteca confluita in IT-SS0166,True,True,False,False
IT-SS0104,IT-SS0142,Biblioteca confluita in IT-SS0142,True,True,False,False
IT-SS0105,IT-SS0142,Biblioteca confluita in IT-SS0142,True,True,False,False
IT-SS0106,IT-SS0142,Biblioteca confluita in IT-SS0142,True,True,False,False
IT-SS0107,IT-SS0166,Biblioteca confluita in IT-SS0166,True,True,False,False
IT-SS0108,IT-SS0166,Biblioteca confluita in IT-SS0166,True,True,False,False
IT-SS0109,IT-SS0166,Biblioteca confluita in IT-SS0166,True,True,False,False
IT-SS0110,IT-SS0166,Biblioteca confluita in IT-SS0166,True,True,False,False
IT-SS0132,IT-CA0015,Biblioteca confluita in IT-CA0015,True,True,False,False
IT-SS0140,IT-SS0166,Biblioteca confluita in IT-SS0166,True,True,False,False
IT-SS0141,IT-SS0166,Biblioteca confluita in IT-SS0166,True,True,False,False
IT-SS0144,IT-SS0167,Biblioteca confluita in IT-SS0167,True,True,False,False
IT-SS0145,IT-SS0167,Biblioteca confluita in IT-SS0167,True,True,False,False
IT-SS0146,IT-SS0167,Biblioteca confluita in IT-SS0167,True,True,False,False
IT-SS0147,IT-SS0166,Biblioteca confluita in IT-SS0166,True,True,False,False
IT-SS0148,IT-SS0166,Biblioteca confluita in IT-SS0166,True,True,False,False
IT-SS0149,IT-SS0166,Biblioteca confluita in IT-SS0166,True,True,False,False
IT-SS0150,IT-SS0166,Biblioteca confluita in IT-SS0166,True,True,False,False
IT-SS0151,IT-SS0166,Biblioteca confluita in IT-SS0166,True,True,False,False
IT-SS0154,IT-SS0209,Biblioteca confluita in IT-SS0209,True,True,False,False
IT-SS0155,IT-SS0209,Biblioteca confluita in IT-SS0209,True,True,False,False
IT-SS0156,IT-SS0209,Biblioteca confluita in IT-SS0209,True,True,False,False
IT-SS0157,IT-SS0209,Biblioteca confluita in IT-SS0209,True,True,False,False
IT-SS0158,IT-SS0167,Biblioteca confluita in IT-SS0167,True,True,False,False
IT-SS0159,IT-SS0166,Biblioteca confluita in IT-SS0166,True,True,False,False
IT-SS0164,IT-SS0209,Biblioteca confluita in IT-SS0209,True,True,False,False
IT-SS0165,IT-SS0142,Biblioteca confluita in IT-SS0142,True,True,False,False
IT-SS0168,IT-SS0183,Biblioteca confluita in IT-SS0183,True,True,False,False
IT-SS0186,IT-SS0167,Biblioteca confluita in IT-SS0167,True,True,False,False
IT-SS0194,IT-SS0183,Biblioteca confluita in IT-SS0183,True,True,False,False
IT-SS0199,IT-SS0271,Biblioteca confluita in IT-SS0271,True,True,False,False
IT-SS0210,IT-SS0167,Biblioteca confluita in IT-SS0167,True,True,False,False
IT-SS0211,IT-SS0166,Biblioteca confluita in IT-SS0166,True,True,False,False
IT-SS0212,IT-SS0209,Biblioteca confluita in IT-SS0209,True,True,False,False
IT-SS0216,IT-SS0111,Biblioteca confluita in IT-SS0111,True,True,False,False
IT-SS0217,IT-SS0111,Biblioteca confluita in IT-SS0111,True,True,False,False
IT-SS0218,IT-SS0272,Biblioteca confluita in IT-SS0272,True,True,False,False
IT-SS0219,IT-SS0272,Biblioteca confluita in IT-SS0272,True,True,False,False
IT-SS0225,IT-SS0080,Biblioteca confluita in IT-SS0080,True,True,False,False
IT-SS0226,IT-SS0209,Biblioteca confluita in IT-SS0209,True,True,False,False
IT-SS0227,IT-SS0166,Biblioteca confluita in IT-SS0166,True,True,False,False
IT-SS0228,IT-SS0166,Biblioteca confluita in IT-SS0166,True,True,False,False
IT-SS0229,IT-SS0167,Biblioteca confluita in IT-SS0167,True,True,False,False
IT-SS0230,IT-SS0167,Biblioteca confluita in IT-SS0167,True,True,False,False
IT-SS0231,IT-SS0167,Biblioteca confluita in IT-SS0167,True,True,False,False
IT-SS0232,IT-SS0167,Biblioteca confluita in IT-SS0167,True,True,False,False
IT-SS0233,IT-SS0167,Biblioteca confluita in IT-SS0167,True,True,False,False
IT-SS0234,IT-SS0167,Biblioteca confluita in IT-SS0167,True,True,False,False
IT-SS0235,IT-SS0167,Biblioteca confluita in IT-SS0167,True,True,False,False
IT-SS0237,IT-SS0169,Biblioteca confluita in IT-SS0169,True,True,False,False
IT-SS0238,IT-SS0167,Biblioteca confluita in IT-SS0167,True,True,False,False
IT-SS0255,IT-SS0209,Biblioteca confluita in IT-SS0209,True,True,False,False
IT-SS0258,IT-SS0014,Biblioteca confluita in IT-SS0014,True,True,False,False
IT-SS0267,IT-SS0267,Biblioteca confluita in IT-SS0267,True,True,True,True
IT-SV0002,IT-SV0226,Biblioteca confluita in IT-SV0226,True,True,False,False
IT-SV0004,IT-SV0226,Biblioteca confluita in IT-SV0226,True,True,False,False
IT-SV0106,IT-SV0006,Biblioteca confluita in IT-SV0006,True,True,False,False
IT-TA0052,IT-TA0049,Biblioteca confluita in IT-TA0049,True,True,False,False
IT-TE0038,IT-TE0003,Biblioteca confluita in IT-TE0003,True,True,False,False
IT-TE0047,IT-TE0045,Biblioteca confluita in IT-TE0045,True,True,False,False
IT-TE0049,IT-TE0045,Biblioteca confluita in IT-TE0045,True,True,False,False
IT-TE0072,IT-TE0035,Biblioteca confluita in IT-TE0035,True,True,False,False
IT-TN0124,IT-TN0129,Biblioteca confluita in IT-TN0129,True,True,False,False
IT-TN0127,IT-TN0132,Biblioteca confluita in IT-TN0132,True,True,False,False
IT-TN0156,IT-TN0157,Biblioteca confluita in IT-TN0157,True,True,False,False
IT-TN0170,IT-TN0123,Biblioteca confluita in IT-TN0123,True,True,False,False
IT-TN0191,IT-TN0153,Biblioteca confluita in IT-TN0153,True,True,False,False
IT-TN0242,IT-TN0153,Biblioteca confluita in IT-TN0153,True,True,False,False
IT-TN0245,IT-TN0129,Biblioteca confluita in IT-TN0129,True,True,False,False
IT-TN0247,IT-TN0153,Biblioteca confluita in IT-TN0153,True,True,False,False
IT-TN0248,IT-TN0155,Biblioteca confluita in IT-TN0155,True,True,False,False
IT-TN0252,IT-TN0153,Biblioteca confluita in IT-TN0153,True,True,False,False
IT-TN0254,IT-TN0132,Biblioteca confluita in IT-TN0132,True,True,False,False
IT-TN0255,IT-TN0153,Biblioteca confluita in IT-TN0153,True,True,False,False
IT-TN0256,IT-TN0592,Biblioteca confluita in IT-TN0592,True,True,False,False
IT-TO0233,IT-PD0172,Biblioteca confluita in IT-PD0172,True,True,False,False
IT-TO0249,IT-TO0326,Biblioteca confluita in IT-TO0326,True,True,False,False
IT-TO0268,IT-TO1203,Biblioteca confluita in IT-TO1203,True,True,False,False
IT-TO0279,,Biblioteca confluita,False,False,False,False
IT-TO0287,IT-TO0350,Biblioteca confluita in IT-TO0350,True,True,False,False
IT-TO0313,IT-TO0646,Biblioteca confluita in IT-TO0646,True,True,False,False
IT-TO0333,,Biblioteca confluita,False,False,False,False
IT-TO0334,,Biblioteca confluita,False,False,False,False
IT-TO0349,IT-TO1203,Biblioteca confluita in IT-TO1203,True,True,False,False
IT-TO0382,IT-TO0531,Biblioteca confluita in IT-TO0531,True,True,False,False
IT-TO0389,IT-TO0531,Biblioteca confluita in IT-TO0531,True,True,False,False
IT-TO0530,IT-TO0531,Biblioteca confluita in IT-TO0531,True,True,False,False
IT-TO0579,IT-TO0464,Biblioteca confluita in IT-TO0464,True,True,False,False
IT-TO0636,IT-TO1203,Biblioteca confluita in IT-TO1203,True,True,False,False
IT-TO0638,,Biblioteca confluita,False,False,False,False
IT-TO0644,IT-TO1203,Biblioteca confluita in IT-TO1203,True,True,False,False
IT-TO0656,IT-TO0661,Biblioteca confluita in IT-TO0661,True,True,False,False
IT-TO0659,IT-TO0528,Biblioteca confluita in IT-TO0528,True,True,False,False
IT-TO0702,IT-TO0531,Biblioteca confluita in IT-TO0531,True,True,False,False
IT-TO0703,IT-TO0531,Biblioteca confluita in IT-TO0531,True,True,False,False
IT-TO0704,IT-TO0531,Biblioteca confluita in IT-TO0531,True,True,False,False
IT-TO0707,IT-TO0531,Biblioteca confluita in IT-TO0531,True,True,False,False
IT-TO0709,IT-TO0531,Biblioteca confluita in IT-TO0531,True,True,False,False
IT-TO0710,IT-TO0531,Biblioteca confluita in IT-TO0531,True,True,False,False
IT-TO0714,IT-TO0650,Biblioteca confluita in IT-TO0650,True,True,False,False
IT-TO0796,IT-TO0531,Biblioteca confluita in IT-TO0531,True,True,False,False
IT-TO0821,IT-TO0531,Biblioteca confluita in IT-TO0531,True,True,False,False
IT-TO0832,IT-TO0135,Biblioteca confluita in IT-TO0135,True,True,False,False
IT-TO0898,IT-TO0226,Biblioteca confluita in IT-TO0226,True,True,False,False
IT-TO0909,IT-TO0528,Biblioteca confluita in IT-TO0528,True,True,False,False
IT-TO0926,IT-TO0257,Biblioteca confluita in IT-TO0257,True,True,False,False
IT-TO0940,IT-TO0531,Biblioteca confluita in IT-TO0531,True,True,False,False
IT-TO0970,IT-TO0954,Biblioteca confluita in IT-TO0954,True,True,False,False
IT-TO0972,IT-TO0637,Biblioteca confluita in IT-TO0637,True,True,False,False
IT-TO0991,IT-TO1242,Biblioteca confluita in IT-TO1242,True,True,False,False
IT-TP0064,IT-TP0001,Biblioteca confluita in IT-TP0001,True,True,False,False
IT-TR0039,IT-TR0022,Biblioteca confluita in IT-TR0022,True,True,False,False
IT-TR0060,IT-TR0032,Biblioteca confluita in IT-TR0032,True,True,False,False
IT-TR0061,IT-TR0032,Biblioteca confluita in IT-TR0032,True,True,False,False
IT-TS0102,,Biblioteca confluita,False,False,False,False
IT-TS0104,IT-TS0012,Biblioteca confluita in IT-TS0012,True,True,False,False
IT-TS0105,IT-TS0012,Biblioteca confluita in IT-TS0012,True,True,False,False
IT-TS0138,IT-TS0150,Biblioteca confluita in IT-TS0150,True,True,False,False
IT-TS0139,IT-TS0269,Biblioteca confluita in IT-TS0269,True,True,False,False
IT-TS0140,IT-TS0269,Biblioteca confluita in IT-TS0269,True,True,False,False
IT-TS0147,IT-TS0141,Biblioteca confluita in IT-TS0141,True,True,False,False
IT-TS0148,IT-TS0162,Biblioteca confluita in IT-TS0162,True,True,False,False
IT-TS0149,IT-TS0269,Biblioteca confluita in IT-TS0269,True,True,False,False
IT-TS0151,,Biblioteca confluita,False,False,False,False
IT-TS0152,IT-TS0150,Biblioteca confluita in IT-TS0150,True,True,False,False
IT-TS0165,IT-TS0269,Biblioteca confluita in IT-TS0269,True,True,False,False
IT-TS0166,IT-TS0216,Biblioteca confluita in IT-TS0216,True,True,False,False
IT-TS0170,IT-TS0216,Biblioteca confluita in IT-TS0216,True,True,False,False
IT-TS0171,IT-TS0216,Biblioteca confluita in IT-TS0216,True,True,False,False
IT-TS0172,IT-TS0216,Biblioteca confluita in IT-TS0216,True,True,False,False
IT-TS0173,IT-TS0141,Biblioteca confluita in IT-TS0141,True,True,False,False
IT-TS0174,IT-TS0141,Biblioteca confluita in IT-TS0141,True,True,False,False
IT-TS0175,IT-TS0141,Biblioteca confluita in IT-TS0141,True,True,False,False
IT-TS0181,IT-TS0141,Biblioteca confluita in IT-TS0141,True,True,False,False
IT-TS0183,IT-TS0276,Biblioteca confluita in IT-TS0276,True,True,False,False
IT-TS0184,IT-TS0276,Biblioteca confluita in IT-TS0276,True,True,False,False
IT-TS0185,IT-TS0276,Biblioteca confluita in IT-TS0276,True,True,False,False
IT-TS0186,IT-TS0276,Biblioteca confluita in IT-TS0276,True,True,False,False
IT-TS0188,IT-TS0141,Biblioteca confluita in IT-TS0141,True,True,False,False
IT-TS0195,IT-TS0141,Biblioteca confluita in IT-TS0141,True,True,False,False
IT-TS0199,IT-TS0141,Biblioteca confluita in IT-TS0141,True,True,False,False
IT-TS0210,IT-TS0240,Biblioteca confluita in IT-TS0240,True,True,False,False
IT-TS0213,IT-TS0216,Biblioteca confluita in IT-TS0216,True,True,False,False
IT-TS0214,IT-TS0215,Biblioteca confluita in IT-TS0215,True,True,False,False
IT-TS0215,IT-TS0269,Biblioteca confluita in IT-TS0269,True,True,False,False
IT-TS0218,IT-TS0276,Biblioteca confluita in IT-TS0276,True,True,False,False
IT-TS0219,IT-TS0150,Biblioteca confluita in IT-TS0150,True,True,False,False
IT-TS0220,IT-TS0150,Biblioteca confluita in IT-TS0150,True,True,False,False
IT-TS0221,IT-TS0276,Biblioteca confluita in IT-TS0276,True,True,False,False
IT-TS0224,IT-TS0141,Biblioteca confluita in IT-TS0141,True,True,False,False
IT-TS0240,IT-TS0222,Biblioteca confluita in IT-TS0222,True,True,False,False
IT-TS0242,IT-TS0254,Biblioteca confluita in IT-TS0254,True,True,False,False
IT-TS0245,IT-TS0141,Biblioteca confluita in IT-TS0141,True,True,False,False
IT-TS0247,IT-TS0216,Biblioteca confluita in IT-TS0216,True,True,False,False
IT-TS0252,IT-TS0269,Biblioteca confluita in IT-TS0269,True,True,False,False
IT-TS0256,IT-TS0141,Biblioteca confluita in IT-TS0141,True,True,False,False
IT-TS0263,IT-TS0141,Biblioteca confluita in IT-TS0141,True,True,False,False
IT-TS0264,IT-GO0106,Biblioteca confluita in IT-GO0106,True,True,False,False
IT-TS0267,IT-TS0216,Biblioteca confluita in IT-TS0216,True,True,False,False
IT-TV0155,IT-TV0163,Biblioteca confluita in IT-TV0163,True,True,False,False
IT-TV0169,IT-VE0195,Biblioteca confluita in IT-VE0195,True,True,False,False
IT-UD0111,,Biblioteca confluita,False,False,False,False
IT-UD0168,,Biblioteca confluita,False,False,False,False
IT-UD0177,,Biblioteca confluita,False,False,False,False
IT-UD0184,,Biblioteca confluita,False,False,False,False
IT-UD0185,,Biblioteca confluita,False,False,False,False
IT-UD0186,,Biblioteca confluita,False,False,False,False
IT-UD0187,,Biblioteca confluita,False,False,False,False
IT-UD0199,,Biblioteca confluita,False,False,False,False
IT-UD0200,,Biblioteca confluita,False,False,False,False
IT-UD0201,,Biblioteca confluita,False,False,False,False
IT-UD0238,,Biblioteca confluita,False,False,False,False
IT-UD0239,,Biblioteca confluita,False,False,False,False
IT-UD0240,,Biblioteca confluita,False,False,False,False
IT-UD0241,,Biblioteca confluita,False,False,False,False
IT-UD0242,,Biblioteca confluita,False,False,False,False
IT-VC0141,IT-VC0072,Biblioteca confluita in IT-VC0072,True,True,False,False
IT-VE0035,IT-VE0031,Biblioteca confluita in IT-VE0031,True,True,False,False
IT-VE0096,IT-VE0364,Biblioteca confluita in IT-VE0364,True,True,False,False
IT-VE0174,IT-VE0190,Biblioteca confluita in IT-VE0190,True,True,False,False
IT-VE0177,IT-VE0190,Biblioteca confluita in IT-VE0190,True,True,False,False
IT-VE0178,IT-VE0308,Biblioteca confluita in IT-VE0308,True,True,False,False
IT-VE0179,IT-VE0279,Biblioteca confluita in IT-VE0279,True,True,False,False
IT-VE0180,IT-VE0188,Biblioteca confluita in IT-VE0188,True,True,False,False
IT-VE0181,IT-VE0279,Biblioteca confluita in IT-VE0279,True,True,False,False
IT-VE0182,IT-VE0183,Biblioteca confluita in IT-VE0183,True,True,False,False
IT-VE0184,IT-VE0277,Biblioteca confluita in IT-VE0277,True,True,False,False
IT-VE0185,IT-VE0190,Biblioteca confluita in IT-VE0190,True,True,False,False
IT-VE0186,IT-VE0308,Biblioteca confluita in IT-VE0308,True,True,False,False
IT-VE0187,IT-VE0308,Biblioteca confluita in IT-VE0308,True,True,False,False
IT-VE0189,IT-VE0190,Biblioteca confluita in IT-VE0190,True,True,False,False
IT-VE0191,IT-VE0308,Biblioteca confluita in IT-VE0308,True,True,False,False
IT-VE0192,IT-VE0308,Biblioteca confluita in IT-VE0308,True,True,False,False
IT-VE0194,IT-VE0308,Biblioteca confluita in IT-VE0308,True,True,False,False
IT-VE0198,IT-VE0195,Biblioteca confluita in IT-VE0195,True,True,False,False
IT-VE0200,IT-VE0195,Biblioteca confluita in IT-VE0195,True,True,False,False
IT-VE0221,IT-VE0195,Biblioteca confluita in IT-VE0195,True,True,False,False
IT-VE0233,IT-VE0195,Biblioteca confluita in IT-VE0195,True,True,False,False
IT-VE0238,IT-VE0195,Biblioteca confluita in IT-VE0195,True,True,False,False
IT-VE0242,IT-VE0308,Biblioteca confluita in IT-VE0308,True,True,False,False
IT-VE0244,IT-VE0277,Biblioteca confluita in IT-VE0277,True,True,False,False
IT-VE0246,IT-VE0190,Biblioteca confluita in IT-VE0190,True,True,False,False
IT-VE0247,IT-VE0193,Biblioteca confluita in IT-VE0193,True,True,False,False
IT-VE0248,IT-VE0183,Biblioteca confluita in IT-VE0183,True,True,False,False
IT-VE0249,IT-VE0173,Biblioteca confluita in IT-VE0173,True,True,False,False
IT-VE0251,IT-VE0308,Biblioteca confluita in IT-VE0308,True,True,False,False
IT-VE0271,IT-VE0268,Biblioteca confluita in IT-VE0268,True,True,False,False
IT-VE0276,IT-VE0190,Biblioteca confluita in IT-VE0190,True,True,False,False
IT-VR0124,IT-VR0059,Biblioteca confluita in IT-VR0059,True,True,False,False
IT-VR0125,IT-VR0059,Biblioteca confluita in IT-VR0059,True,True,False,False
IT-VR0135,IT-VR0138,Biblioteca confluita in IT-VR0138,True,True,False,False
IT-VR0136,IT-VR0211,Biblioteca confluita in IT-VR0211,True,True,False,False
IT-VR0138,IT-VR0232,Biblioteca confluita in IT-VR0232,True,True,False,False
IT-VR0150,IT-VR0138,Biblioteca confluita in IT-VR0138,True,True,False,False
IT-VR0151,IT-VR0232,Biblioteca confluita in IT-VR0232,True,True,False,False
IT-VR0157,IT-VR0230,Biblioteca confluita in IT-VR0230,True,True,False,False
IT-VR0180,IT-VR0210,Biblioteca confluita in IT-VR0210,True,True,False,False
IT-VR0181,IT-VR0230,Biblioteca confluita in IT-VR0230,True,True,False,False
IT-VR0182,IT-VR0210,Biblioteca confluita in IT-VR0210,True,True,False,False
IT-VR0183,IT-VR0230,Biblioteca confluita in IT-VR0230,True,True,False,False
IT-VR0185,IT-VR0233,Biblioteca confluita in IT-VR0233,True,True,False,False
IT-VR0186,,Biblioteca confluita,False,False,False,False
IT-VR0188,IT-VR0231,Biblioteca confluita in IT-VR0231,True,True,False,False
IT-VR0211,IT-VR0232,Biblioteca confluita in IT-VR0232,True,True,False,False
IT-VR0233,IT-VR0212,Biblioteca confluita in IT-VR0212,True,True,False,False
IT-VT0001,IT-VT0125,Biblioteca confluita in IT-VT0125,True,True,False,False
IT-VT0059,IT-VT0125,Biblioteca confluita in IT-VT0125,True,True,False,False
IT-VT0069,IT-VT0214,Biblioteca confluita in IT-VT0214,True,True,False,False
IT-VT0091,IT-VT0051,Biblioteca confluita in IT-VT0051,True,True,False,False
IT-VT0098,IT-VT0214,Biblioteca confluita in IT-VT0214,True,True,False,False
IT-VT0104,IT-VT0125,Biblioteca confluita in IT-VT0125,True,True,False,False
IT-VT0105,IT-VT0125,Biblioteca confluita in IT-VT0125,True,True,False,False
IT-VT0118,IT-VT0214,Biblioteca confluita in IT-VT0214,True,True,False,False
IT-VT0126,IT-VT0214,Biblioteca confluita in IT-VT0214,True,True,False,False
