current_istat_code,current_name,predecessor_istat_code,predecessor_name,transformation_type,effective_date,source,aggregation_rule,notes
001001,Agliè,001001,Agliè,unchanged,,POSAS 2019/2025 direct comparison,sum,
001002,Airasca,001002,Airasca,unchanged,,POSAS 2019/2025 direct comparison,sum,
001003,Ala di Stura,001003,Ala di Stura,unchanged,,POSAS 2019/2025 direct comparison,sum,
001004,Albiano d'Ivrea,001004,Albiano d'Ivrea,unchanged,,POSAS 2019/2025 direct comparison,sum,
001006,Almese,001006,Almese,unchanged,,POSAS 2019/2025 direct comparison,sum,
001007,Alpette,001007,Alpette,unchanged,,POSAS 2019/2025 direct comparison,sum,
001008,Alpignano,001008,Alpignano,unchanged,,POSAS 2019/2025 direct comparison,sum,
001009,Andezeno,001009,Andezeno,unchanged,,POSAS 2019/2025 direct comparison,sum,
001010,Andrate,001010,Andrate,unchanged,,POSAS 2019/2025 direct comparison,sum,
001011,Angrogna,001011,Angrogna,unchanged,,POSAS 2019/2025 direct comparison,sum,
001012,Arignano,001012,Arignano,unchanged,,POSAS 2019/2025 direct comparison,sum,
001013,Avigliana,001013,Avigliana,unchanged,,POSAS 2019/2025 direct comparison,sum,
001014,Azeglio,001014,Azeglio,unchanged,,POSAS 2019/2025 direct comparison,sum,
001015,Bairo,001015,Bairo,unchanged,,POSAS 2019/2025 direct comparison,sum,
001016,Balangero,001016,Balangero,unchanged,,POSAS 2019/2025 direct comparison,sum,
001017,Baldissero Canavese,001017,Baldissero Canavese,unchanged,,POSAS 2019/2025 direct comparison,sum,
001018,Baldissero Torinese,001018,Baldissero Torinese,unchanged,,POSAS 2019/2025 direct comparison,sum,
001019,Balme,001019,Balme,unchanged,,POSAS 2019/2025 direct comparison,sum,
001020,Banchette,001020,Banchette,unchanged,,POSAS 2019/2025 direct comparison,sum,
001021,Barbania,001021,Barbania,unchanged,,POSAS 2019/2025 direct comparison,sum,
001022,Bardonecchia,001022,Bardonecchia,unchanged,,POSAS 2019/2025 direct comparison,sum,
001023,Barone Canavese,001023,Barone Canavese,unchanged,,POSAS 2019/2025 direct comparison,sum,
001024,Beinasco,001024,Beinasco,unchanged,,POSAS 2019/2025 direct comparison,sum,
001025,Bibiana,001025,Bibiana,unchanged,,POSAS 2019/2025 direct comparison,sum,
001026,Bobbio Pellice,001026,Bobbio Pellice,unchanged,,POSAS 2019/2025 direct comparison,sum,
001027,Bollengo,001027,Bollengo,unchanged,,POSAS 2019/2025 direct comparison,sum,
001028,Borgaro Torinese,001028,Borgaro Torinese,unchanged,,POSAS 2019/2025 direct comparison,sum,
001029,Borgiallo,001029,Borgiallo,unchanged,,POSAS 2019/2025 direct comparison,sum,
001030,Borgofranco d'Ivrea,001030,Borgofranco d'Ivrea,unchanged,,POSAS 2019/2025 direct comparison,sum,
001031,Borgomasino,001031,Borgomasino,unchanged,,POSAS 2019/2025 direct comparison,sum,
001032,Borgone Susa,001032,Borgone Susa,unchanged,,POSAS 2019/2025 direct comparison,sum,
001033,Bosconero,001033,Bosconero,unchanged,,POSAS 2019/2025 direct comparison,sum,
001034,Brandizzo,001034,Brandizzo,unchanged,,POSAS 2019/2025 direct comparison,sum,
001035,Bricherasio,001035,Bricherasio,unchanged,,POSAS 2019/2025 direct comparison,sum,
001036,Brosso,001036,Brosso,unchanged,,POSAS 2019/2025 direct comparison,sum,
001037,Brozolo,001037,Brozolo,unchanged,,POSAS 2019/2025 direct comparison,sum,
001038,Bruino,001038,Bruino,unchanged,,POSAS 2019/2025 direct comparison,sum,
001039,Brusasco,001039,Brusasco,unchanged,,POSAS 2019/2025 direct comparison,sum,
001040,Bruzolo,001040,Bruzolo,unchanged,,POSAS 2019/2025 direct comparison,sum,
001041,Buriasco,001041,Buriasco,unchanged,,POSAS 2019/2025 direct comparison,sum,
001042,Burolo,001042,Burolo,unchanged,,POSAS 2019/2025 direct comparison,sum,
001043,Busano,001043,Busano,unchanged,,POSAS 2019/2025 direct comparison,sum,
001044,Bussoleno,001044,Bussoleno,unchanged,,POSAS 2019/2025 direct comparison,sum,
001045,Buttigliera Alta,001045,Buttigliera Alta,unchanged,,POSAS 2019/2025 direct comparison,sum,
001046,Cafasse,001046,Cafasse,unchanged,,POSAS 2019/2025 direct comparison,sum,
001047,Caluso,001047,Caluso,unchanged,,POSAS 2019/2025 direct comparison,sum,
001048,Cambiano,001048,Cambiano,unchanged,,POSAS 2019/2025 direct comparison,sum,
001049,Campiglione Fenile,001049,Campiglione Fenile,unchanged,,POSAS 2019/2025 direct comparison,sum,
001050,Candia Canavese,001050,Candia Canavese,unchanged,,POSAS 2019/2025 direct comparison,sum,
001051,Candiolo,001051,Candiolo,unchanged,,POSAS 2019/2025 direct comparison,sum,
001052,Canischio,001052,Canischio,unchanged,,POSAS 2019/2025 direct comparison,sum,
001053,Cantalupa,001053,Cantalupa,unchanged,,POSAS 2019/2025 direct comparison,sum,
001054,Cantoira,001054,Cantoira,unchanged,,POSAS 2019/2025 direct comparison,sum,
001055,Caprie,001055,Caprie,unchanged,,POSAS 2019/2025 direct comparison,sum,
001056,Caravino,001056,Caravino,unchanged,,POSAS 2019/2025 direct comparison,sum,
001057,Carema,001057,Carema,unchanged,,POSAS 2019/2025 direct comparison,sum,
001058,Carignano,001058,Carignano,unchanged,,POSAS 2019/2025 direct comparison,sum,
001059,Carmagnola,001059,Carmagnola,unchanged,,POSAS 2019/2025 direct comparison,sum,
001060,Casalborgone,001060,Casalborgone,unchanged,,POSAS 2019/2025 direct comparison,sum,
001061,Cascinette d'Ivrea,001061,Cascinette d'Ivrea,unchanged,,POSAS 2019/2025 direct comparison,sum,
001062,Caselette,001062,Caselette,unchanged,,POSAS 2019/2025 direct comparison,sum,
001063,Caselle Torinese,001063,Caselle Torinese,unchanged,,POSAS 2019/2025 direct comparison,sum,
001064,Castagneto Po,001064,Castagneto Po,unchanged,,POSAS 2019/2025 direct comparison,sum,
001065,Castagnole Piemonte,001065,Castagnole Piemonte,unchanged,,POSAS 2019/2025 direct comparison,sum,
001066,Castellamonte,001066,Castellamonte,unchanged,,POSAS 2019/2025 direct comparison,sum,
001067,Castelnuovo Nigra,001067,Castelnuovo Nigra,unchanged,,POSAS 2019/2025 direct comparison,sum,
001068,Castiglione Torinese,001068,Castiglione Torinese,unchanged,,POSAS 2019/2025 direct comparison,sum,
001069,Cavagnolo,001069,Cavagnolo,unchanged,,POSAS 2019/2025 direct comparison,sum,
001070,Cavour,001070,Cavour,unchanged,,POSAS 2019/2025 direct comparison,sum,
001071,Cercenasco,001071,Cercenasco,unchanged,,POSAS 2019/2025 direct comparison,sum,
001072,Ceres,001072,Ceres,unchanged,,POSAS 2019/2025 direct comparison,sum,
001073,Ceresole Reale,001073,Ceresole Reale,unchanged,,POSAS 2019/2025 direct comparison,sum,
001074,Cesana Torinese,001074,Cesana Torinese,unchanged,,POSAS 2019/2025 direct comparison,sum,
001075,Chialamberto,001075,Chialamberto,unchanged,,POSAS 2019/2025 direct comparison,sum,
001076,Chianocco,001076,Chianocco,unchanged,,POSAS 2019/2025 direct comparison,sum,
001077,Chiaverano,001077,Chiaverano,unchanged,,POSAS 2019/2025 direct comparison,sum,
001078,Chieri,001078,Chieri,unchanged,,POSAS 2019/2025 direct comparison,sum,
001079,Chiesanuova,001079,Chiesanuova,unchanged,,POSAS 2019/2025 direct comparison,sum,
001080,Chiomonte,001080,Chiomonte,unchanged,,POSAS 2019/2025 direct comparison,sum,
001081,Chiusa di San Michele,001081,Chiusa di San Michele,unchanged,,POSAS 2019/2025 direct comparison,sum,
001082,Chivasso,001082,Chivasso,unchanged,,POSAS 2019/2025 direct comparison,sum,
001083,Ciconio,001083,Ciconio,unchanged,,POSAS 2019/2025 direct comparison,sum,
001084,Cintano,001084,Cintano,unchanged,,POSAS 2019/2025 direct comparison,sum,
001085,Cinzano,001085,Cinzano,unchanged,,POSAS 2019/2025 direct comparison,sum,
001086,Ciriè,001086,Ciriè,unchanged,,POSAS 2019/2025 direct comparison,sum,
001087,Claviere,001087,Claviere,unchanged,,POSAS 2019/2025 direct comparison,sum,
001088,Coassolo Torinese,001088,Coassolo Torinese,unchanged,,POSAS 2019/2025 direct comparison,sum,
001089,Coazze,001089,Coazze,unchanged,,POSAS 2019/2025 direct comparison,sum,
001090,Collegno,001090,Collegno,unchanged,,POSAS 2019/2025 direct comparison,sum,
001091,Colleretto Castelnuovo,001091,Colleretto Castelnuovo,unchanged,,POSAS 2019/2025 direct comparison,sum,
001092,Colleretto Giacosa,001092,Colleretto Giacosa,unchanged,,POSAS 2019/2025 direct comparison,sum,
001093,Condove,001093,Condove,unchanged,,POSAS 2019/2025 direct comparison,sum,
001094,Corio,001094,Corio,unchanged,,POSAS 2019/2025 direct comparison,sum,
001095,Cossano Canavese,001095,Cossano Canavese,unchanged,,POSAS 2019/2025 direct comparison,sum,
001096,Cuceglio,001096,Cuceglio,unchanged,,POSAS 2019/2025 direct comparison,sum,
001097,Cumiana,001097,Cumiana,unchanged,,POSAS 2019/2025 direct comparison,sum,
001098,Cuorgnè,001098,Cuorgnè,unchanged,,POSAS 2019/2025 direct comparison,sum,
001099,Druento,001099,Druento,unchanged,,POSAS 2019/2025 direct comparison,sum,
001100,Exilles,001100,Exilles,unchanged,,POSAS 2019/2025 direct comparison,sum,
001101,Favria,001101,Favria,unchanged,,POSAS 2019/2025 direct comparison,sum,
001102,Feletto,001102,Feletto,unchanged,,POSAS 2019/2025 direct comparison,sum,
001103,Fenestrelle,001103,Fenestrelle,unchanged,,POSAS 2019/2025 direct comparison,sum,
001104,Fiano,001104,Fiano,unchanged,,POSAS 2019/2025 direct comparison,sum,
001105,Fiorano Canavese,001105,Fiorano Canavese,unchanged,,POSAS 2019/2025 direct comparison,sum,
001106,Foglizzo,001106,Foglizzo,unchanged,,POSAS 2019/2025 direct comparison,sum,
001107,Forno Canavese,001107,Forno Canavese,unchanged,,POSAS 2019/2025 direct comparison,sum,
001108,Frassinetto,001108,Frassinetto,unchanged,,POSAS 2019/2025 direct comparison,sum,
001109,Front,001109,Front,unchanged,,POSAS 2019/2025 direct comparison,sum,
001110,Frossasco,001110,Frossasco,unchanged,,POSAS 2019/2025 direct comparison,sum,
001111,Garzigliana,001111,Garzigliana,unchanged,,POSAS 2019/2025 direct comparison,sum,
001112,Gassino Torinese,001112,Gassino Torinese,unchanged,,POSAS 2019/2025 direct comparison,sum,
001113,Germagnano,001113,Germagnano,unchanged,,POSAS 2019/2025 direct comparison,sum,
001114,Giaglione,001114,Giaglione,unchanged,,POSAS 2019/2025 direct comparison,sum,
001115,Giaveno,001115,Giaveno,unchanged,,POSAS 2019/2025 direct comparison,sum,
001116,Givoletto,001116,Givoletto,unchanged,,POSAS 2019/2025 direct comparison,sum,
001117,Gravere,001117,Gravere,unchanged,,POSAS 2019/2025 direct comparison,sum,
001118,Groscavallo,001118,Groscavallo,unchanged,,POSAS 2019/2025 direct comparison,sum,
001119,Grosso,001119,Grosso,unchanged,,POSAS 2019/2025 direct comparison,sum,
001120,Grugliasco,001120,Grugliasco,unchanged,,POSAS 2019/2025 direct comparison,sum,
001121,Ingria,001121,Ingria,unchanged,,POSAS 2019/2025 direct comparison,sum,
001122,Inverso Pinasca,001122,Inverso Pinasca,unchanged,,POSAS 2019/2025 direct comparison,sum,
001123,Isolabella,001123,Isolabella,unchanged,,POSAS 2019/2025 direct comparison,sum,
001124,Issiglio,001124,Issiglio,unchanged,,POSAS 2019/2025 direct comparison,sum,
001125,Ivrea,001125,Ivrea,unchanged,,POSAS 2019/2025 direct comparison,sum,
001126,La Cassa,001126,La Cassa,unchanged,,POSAS 2019/2025 direct comparison,sum,
001127,La Loggia,001127,La Loggia,unchanged,,POSAS 2019/2025 direct comparison,sum,
001128,Lanzo Torinese,001128,Lanzo Torinese,unchanged,,POSAS 2019/2025 direct comparison,sum,
001129,Lauriano,001129,Lauriano,unchanged,,POSAS 2019/2025 direct comparison,sum,
001130,Leini,001130,Leini,unchanged,,POSAS 2019/2025 direct comparison,sum,
001131,Lemie,001131,Lemie,unchanged,,POSAS 2019/2025 direct comparison,sum,
001132,Lessolo,001132,Lessolo,unchanged,,POSAS 2019/2025 direct comparison,sum,
001133,Levone,001133,Levone,unchanged,,POSAS 2019/2025 direct comparison,sum,
001134,Locana,001134,Locana,unchanged,,POSAS 2019/2025 direct comparison,sum,
001135,Lombardore,001135,Lombardore,unchanged,,POSAS 2019/2025 direct comparison,sum,
001136,Lombriasco,001136,Lombriasco,unchanged,,POSAS 2019/2025 direct comparison,sum,
001137,Loranzè,001137,Loranzè,unchanged,,POSAS 2019/2025 direct comparison,sum,
001139,Luserna San Giovanni,001139,Luserna San Giovanni,unchanged,,POSAS 2019/2025 direct comparison,sum,
001140,Lusernetta,001140,Lusernetta,unchanged,,POSAS 2019/2025 direct comparison,sum,
001141,Lusigliè,001141,Lusigliè,unchanged,,POSAS 2019/2025 direct comparison,sum,
001142,Macello,001142,Macello,unchanged,,POSAS 2019/2025 direct comparison,sum,
001143,Maglione,001143,Maglione,unchanged,,POSAS 2019/2025 direct comparison,sum,
001144,Marentino,001144,Marentino,unchanged,,POSAS 2019/2025 direct comparison,sum,
001145,Massello,001145,Massello,unchanged,,POSAS 2019/2025 direct comparison,sum,
001146,Mathi,001146,Mathi,unchanged,,POSAS 2019/2025 direct comparison,sum,
001147,Mattie,001147,Mattie,unchanged,,POSAS 2019/2025 direct comparison,sum,
001148,Mazzè,001148,Mazzè,unchanged,,POSAS 2019/2025 direct comparison,sum,
001149,Meana di Susa,001149,Meana di Susa,unchanged,,POSAS 2019/2025 direct comparison,sum,
001150,Mercenasco,001150,Mercenasco,unchanged,,POSAS 2019/2025 direct comparison,sum,
001152,Mezzenile,001152,Mezzenile,unchanged,,POSAS 2019/2025 direct comparison,sum,
001153,Mombello di Torino,001153,Mombello di Torino,unchanged,,POSAS 2019/2025 direct comparison,sum,
001154,Mompantero,001154,Mompantero,unchanged,,POSAS 2019/2025 direct comparison,sum,
001155,Monastero di Lanzo,001155,Monastero di Lanzo,unchanged,,POSAS 2019/2025 direct comparison,sum,
001156,Moncalieri,001156,Moncalieri,unchanged,,POSAS 2019/2025 direct comparison,sum,
001157,Moncenisio,001157,Moncenisio,unchanged,,POSAS 2019/2025 direct comparison,sum,
001158,Montaldo Torinese,001158,Montaldo Torinese,unchanged,,POSAS 2019/2025 direct comparison,sum,
001159,Montalenghe,001159,Montalenghe,unchanged,,POSAS 2019/2025 direct comparison,sum,
001160,Montalto Dora,001160,Montalto Dora,unchanged,,POSAS 2019/2025 direct comparison,sum,
001161,Montanaro,001161,Montanaro,unchanged,,POSAS 2019/2025 direct comparison,sum,
001162,Monteu da Po,001162,Monteu da Po,unchanged,,POSAS 2019/2025 direct comparison,sum,
001163,Moriondo Torinese,001163,Moriondo Torinese,unchanged,,POSAS 2019/2025 direct comparison,sum,
001164,Nichelino,001164,Nichelino,unchanged,,POSAS 2019/2025 direct comparison,sum,
001165,Noasca,001165,Noasca,unchanged,,POSAS 2019/2025 direct comparison,sum,
001166,Nole,001166,Nole,unchanged,,POSAS 2019/2025 direct comparison,sum,
001167,Nomaglio,001167,Nomaglio,unchanged,,POSAS 2019/2025 direct comparison,sum,
001168,None,001168,None,unchanged,,POSAS 2019/2025 direct comparison,sum,
001169,Novalesa,001169,Novalesa,unchanged,,POSAS 2019/2025 direct comparison,sum,
001170,Oglianico,001170,Oglianico,unchanged,,POSAS 2019/2025 direct comparison,sum,
001171,Orbassano,001171,Orbassano,unchanged,,POSAS 2019/2025 direct comparison,sum,
001172,Orio Canavese,001172,Orio Canavese,unchanged,,POSAS 2019/2025 direct comparison,sum,
001173,Osasco,001173,Osasco,unchanged,,POSAS 2019/2025 direct comparison,sum,
001174,Osasio,001174,Osasio,unchanged,,POSAS 2019/2025 direct comparison,sum,
001175,Oulx,001175,Oulx,unchanged,,POSAS 2019/2025 direct comparison,sum,
001176,Ozegna,001176,Ozegna,unchanged,,POSAS 2019/2025 direct comparison,sum,
001177,Palazzo Canavese,001177,Palazzo Canavese,unchanged,,POSAS 2019/2025 direct comparison,sum,
001178,Pancalieri,001178,Pancalieri,unchanged,,POSAS 2019/2025 direct comparison,sum,
001179,Parella,001179,Parella,unchanged,,POSAS 2019/2025 direct comparison,sum,
001180,Pavarolo,001180,Pavarolo,unchanged,,POSAS 2019/2025 direct comparison,sum,
001181,Pavone Canavese,001181,Pavone Canavese,unchanged,,POSAS 2019/2025 direct comparison,sum,
001183,Pecetto Torinese,001183,Pecetto Torinese,unchanged,,POSAS 2019/2025 direct comparison,sum,
001184,Perosa Argentina,001184,Perosa Argentina,unchanged,,POSAS 2019/2025 direct comparison,sum,
001185,Perosa Canavese,001185,Perosa Canavese,unchanged,,POSAS 2019/2025 direct comparison,sum,
001186,Perrero,001186,Perrero,unchanged,,POSAS 2019/2025 direct comparison,sum,
001187,Pertusio,001187,Pertusio,unchanged,,POSAS 2019/2025 direct comparison,sum,
001188,Pessinetto,001188,Pessinetto,unchanged,,POSAS 2019/2025 direct comparison,sum,
001189,Pianezza,001189,Pianezza,unchanged,,POSAS 2019/2025 direct comparison,sum,
001190,Pinasca,001190,Pinasca,unchanged,,POSAS 2019/2025 direct comparison,sum,
001191,Pinerolo,001191,Pinerolo,unchanged,,POSAS 2019/2025 direct comparison,sum,
001192,Pino Torinese,001192,Pino Torinese,unchanged,,POSAS 2019/2025 direct comparison,sum,
001193,Piobesi Torinese,001193,Piobesi Torinese,unchanged,,POSAS 2019/2025 direct comparison,sum,
001194,Piossasco,001194,Piossasco,unchanged,,POSAS 2019/2025 direct comparison,sum,
001195,Piscina,001195,Piscina,unchanged,,POSAS 2019/2025 direct comparison,sum,
001196,Piverone,001196,Piverone,unchanged,,POSAS 2019/2025 direct comparison,sum,
001197,Poirino,001197,Poirino,unchanged,,POSAS 2019/2025 direct comparison,sum,
001198,Pomaretto,001198,Pomaretto,unchanged,,POSAS 2019/2025 direct comparison,sum,
001199,Pont Canavese,001199,Pont-Canavese,name_string_change_same_code,,POSAS 2019/2025 direct comparison; official administrative-change classification only where separately documented.,sum,Denominazione 2019: Pont-Canavese; denominazione 2025: Pont Canavese.
001200,Porte,001200,Porte,unchanged,,POSAS 2019/2025 direct comparison,sum,
001201,Pragelato,001201,Pragelato,unchanged,,POSAS 2019/2025 direct comparison,sum,
001202,Prali,001202,Prali,unchanged,,POSAS 2019/2025 direct comparison,sum,
001203,Pralormo,001203,Pralormo,unchanged,,POSAS 2019/2025 direct comparison,sum,
001204,Pramollo,001204,Pramollo,unchanged,,POSAS 2019/2025 direct comparison,sum,
001205,Prarostino,001205,Prarostino,unchanged,,POSAS 2019/2025 direct comparison,sum,
001206,Prascorsano,001206,Prascorsano,unchanged,,POSAS 2019/2025 direct comparison,sum,
001207,Pratiglione,001207,Pratiglione,unchanged,,POSAS 2019/2025 direct comparison,sum,
001208,Quagliuzzo,001208,Quagliuzzo,unchanged,,POSAS 2019/2025 direct comparison,sum,
001209,Quassolo,001209,Quassolo,unchanged,,POSAS 2019/2025 direct comparison,sum,
001210,Quincinetto,001210,Quincinetto,unchanged,,POSAS 2019/2025 direct comparison,sum,
001211,Reano,001211,Reano,unchanged,,POSAS 2019/2025 direct comparison,sum,
001212,Ribordone,001212,Ribordone,unchanged,,POSAS 2019/2025 direct comparison,sum,
001213,Rivalba,001213,Rivalba,unchanged,,POSAS 2019/2025 direct comparison,sum,
001214,Rivalta di Torino,001214,Rivalta di Torino,unchanged,,POSAS 2019/2025 direct comparison,sum,
001215,Riva presso Chieri,001215,Riva presso Chieri,unchanged,,POSAS 2019/2025 direct comparison,sum,
001216,Rivara,001216,Rivara,unchanged,,POSAS 2019/2025 direct comparison,sum,
001217,Rivarolo Canavese,001217,Rivarolo Canavese,unchanged,,POSAS 2019/2025 direct comparison,sum,
001218,Rivarossa,001218,Rivarossa,unchanged,,POSAS 2019/2025 direct comparison,sum,
001219,Rivoli,001219,Rivoli,unchanged,,POSAS 2019/2025 direct comparison,sum,
001220,Robassomero,001220,Robassomero,unchanged,,POSAS 2019/2025 direct comparison,sum,
001221,Rocca Canavese,001221,Rocca Canavese,unchanged,,POSAS 2019/2025 direct comparison,sum,
001222,Roletto,001222,Roletto,unchanged,,POSAS 2019/2025 direct comparison,sum,
001223,Romano Canavese,001223,Romano Canavese,unchanged,,POSAS 2019/2025 direct comparison,sum,
001224,Ronco Canavese,001224,Ronco Canavese,unchanged,,POSAS 2019/2025 direct comparison,sum,
001225,Rondissone,001225,Rondissone,unchanged,,POSAS 2019/2025 direct comparison,sum,
001226,Rorà,001226,Rorà,unchanged,,POSAS 2019/2025 direct comparison,sum,
001227,Roure,001227,Roure,unchanged,,POSAS 2019/2025 direct comparison,sum,
001228,Rosta,001228,Rosta,unchanged,,POSAS 2019/2025 direct comparison,sum,
001229,Rubiana,001229,Rubiana,unchanged,,POSAS 2019/2025 direct comparison,sum,
001230,Rueglio,001230,Rueglio,unchanged,,POSAS 2019/2025 direct comparison,sum,
001231,Salassa,001231,Salassa,unchanged,,POSAS 2019/2025 direct comparison,sum,
001232,Salbertrand,001232,Salbertrand,unchanged,,POSAS 2019/2025 direct comparison,sum,
001233,Salerano Canavese,001233,Salerano Canavese,unchanged,,POSAS 2019/2025 direct comparison,sum,
001234,Salza di Pinerolo,001234,Salza di Pinerolo,unchanged,,POSAS 2019/2025 direct comparison,sum,
001235,Samone,001235,Samone,unchanged,,POSAS 2019/2025 direct comparison,sum,
001236,San Benigno Canavese,001236,San Benigno Canavese,unchanged,,POSAS 2019/2025 direct comparison,sum,
001237,San Carlo Canavese,001237,San Carlo Canavese,unchanged,,POSAS 2019/2025 direct comparison,sum,
001238,San Colombano Belmonte,001238,San Colombano Belmonte,unchanged,,POSAS 2019/2025 direct comparison,sum,
001239,San Didero,001239,San Didero,unchanged,,POSAS 2019/2025 direct comparison,sum,
001240,San Francesco al Campo,001240,San Francesco al Campo,unchanged,,POSAS 2019/2025 direct comparison,sum,
001241,Sangano,001241,Sangano,unchanged,,POSAS 2019/2025 direct comparison,sum,
001242,San Germano Chisone,001242,San Germano Chisone,unchanged,,POSAS 2019/2025 direct comparison,sum,
001243,San Gillio,001243,San Gillio,unchanged,,POSAS 2019/2025 direct comparison,sum,
001244,San Giorgio Canavese,001244,San Giorgio Canavese,unchanged,,POSAS 2019/2025 direct comparison,sum,
001245,San Giorio di Susa,001245,San Giorio di Susa,unchanged,,POSAS 2019/2025 direct comparison,sum,
001246,San Giusto Canavese,001246,San Giusto Canavese,unchanged,,POSAS 2019/2025 direct comparison,sum,
001247,San Martino Canavese,001247,San Martino Canavese,unchanged,,POSAS 2019/2025 direct comparison,sum,
001248,San Maurizio Canavese,001248,San Maurizio Canavese,unchanged,,POSAS 2019/2025 direct comparison,sum,
001249,San Mauro Torinese,001249,San Mauro Torinese,unchanged,,POSAS 2019/2025 direct comparison,sum,
001250,San Pietro Val Lemina,001250,San Pietro Val Lemina,unchanged,,POSAS 2019/2025 direct comparison,sum,
001251,San Ponso,001251,San Ponso,unchanged,,POSAS 2019/2025 direct comparison,sum,
001252,San Raffaele Cimena,001252,San Raffaele Cimena,unchanged,,POSAS 2019/2025 direct comparison,sum,
001253,San Sebastiano da Po,001253,San Sebastiano da Po,unchanged,,POSAS 2019/2025 direct comparison,sum,
001254,San Secondo di Pinerolo,001254,San Secondo di Pinerolo,unchanged,,POSAS 2019/2025 direct comparison,sum,
001255,Sant'Ambrogio di Torino,001255,Sant'Ambrogio di Torino,unchanged,,POSAS 2019/2025 direct comparison,sum,
001256,Sant'Antonino di Susa,001256,Sant'Antonino di Susa,unchanged,,POSAS 2019/2025 direct comparison,sum,
001257,Santena,001257,Santena,unchanged,,POSAS 2019/2025 direct comparison,sum,
001258,Sauze di Cesana,001258,Sauze di Cesana,unchanged,,POSAS 2019/2025 direct comparison,sum,
001259,Sauze d'Oulx,001259,Sauze d'Oulx,unchanged,,POSAS 2019/2025 direct comparison,sum,
001260,Scalenghe,001260,Scalenghe,unchanged,,POSAS 2019/2025 direct comparison,sum,
001261,Scarmagno,001261,Scarmagno,unchanged,,POSAS 2019/2025 direct comparison,sum,
001262,Sciolze,001262,Sciolze,unchanged,,POSAS 2019/2025 direct comparison,sum,
001263,Sestriere,001263,Sestriere,unchanged,,POSAS 2019/2025 direct comparison,sum,
001264,Settimo Rottaro,001264,Settimo Rottaro,unchanged,,POSAS 2019/2025 direct comparison,sum,
001265,Settimo Torinese,001265,Settimo Torinese,unchanged,,POSAS 2019/2025 direct comparison,sum,
001266,Settimo Vittone,001266,Settimo Vittone,unchanged,,POSAS 2019/2025 direct comparison,sum,
001267,Sparone,001267,Sparone,unchanged,,POSAS 2019/2025 direct comparison,sum,
001268,Strambinello,001268,Strambinello,unchanged,,POSAS 2019/2025 direct comparison,sum,
001269,Strambino,001269,Strambino,unchanged,,POSAS 2019/2025 direct comparison,sum,
001270,Susa,001270,Susa,unchanged,,POSAS 2019/2025 direct comparison,sum,
001271,Tavagnasco,001271,Tavagnasco,unchanged,,POSAS 2019/2025 direct comparison,sum,
001272,Torino,001272,Torino,unchanged,,POSAS 2019/2025 direct comparison,sum,
001273,Torrazza Piemonte,001273,Torrazza Piemonte,unchanged,,POSAS 2019/2025 direct comparison,sum,
001274,Torre Canavese,001274,Torre Canavese,unchanged,,POSAS 2019/2025 direct comparison,sum,
001275,Torre Pellice,001275,Torre Pellice,unchanged,,POSAS 2019/2025 direct comparison,sum,
001276,Trana,001276,Trana,unchanged,,POSAS 2019/2025 direct comparison,sum,
001278,Traversella,001278,Traversella,unchanged,,POSAS 2019/2025 direct comparison,sum,
001279,Traves,001279,Traves,unchanged,,POSAS 2019/2025 direct comparison,sum,
001280,Trofarello,001280,Trofarello,unchanged,,POSAS 2019/2025 direct comparison,sum,
001281,Usseaux,001281,Usseaux,unchanged,,POSAS 2019/2025 direct comparison,sum,
001282,Usseglio,001282,Usseglio,unchanged,,POSAS 2019/2025 direct comparison,sum,
001283,Vaie,001283,Vaie,unchanged,,POSAS 2019/2025 direct comparison,sum,
001284,Val della Torre,001284,Val della Torre,unchanged,,POSAS 2019/2025 direct comparison,sum,
001285,Valgioie,001285,Valgioie,unchanged,,POSAS 2019/2025 direct comparison,sum,
001286,Vallo Torinese,001286,Vallo Torinese,unchanged,,POSAS 2019/2025 direct comparison,sum,
001287,Valperga,001287,Valperga,unchanged,,POSAS 2019/2025 direct comparison,sum,
001288,Valprato Soana,001288,Valprato Soana,unchanged,,POSAS 2019/2025 direct comparison,sum,
001289,Varisella,001289,Varisella,unchanged,,POSAS 2019/2025 direct comparison,sum,
001290,Vauda Canavese,001290,Vauda Canavese,unchanged,,POSAS 2019/2025 direct comparison,sum,
001291,Venaus,001291,Venaus,unchanged,,POSAS 2019/2025 direct comparison,sum,
001292,Venaria Reale,001292,Venaria Reale,unchanged,,POSAS 2019/2025 direct comparison,sum,
001293,Verolengo,001293,Verolengo,unchanged,,POSAS 2019/2025 direct comparison,sum,
001294,Verrua Savoia,001294,Verrua Savoia,unchanged,,POSAS 2019/2025 direct comparison,sum,
001295,Vestignè,001295,Vestignè,unchanged,,POSAS 2019/2025 direct comparison,sum,
001296,Vialfrè,001296,Vialfrè,unchanged,,POSAS 2019/2025 direct comparison,sum,
001298,Vidracco,001298,Vidracco,unchanged,,POSAS 2019/2025 direct comparison,sum,
001299,Vigone,001299,Vigone,unchanged,,POSAS 2019/2025 direct comparison,sum,
001300,Villafranca Piemonte,001300,Villafranca Piemonte,unchanged,,POSAS 2019/2025 direct comparison,sum,
001301,Villanova Canavese,001301,Villanova Canavese,unchanged,,POSAS 2019/2025 direct comparison,sum,
001302,Villarbasse,001302,Villarbasse,unchanged,,POSAS 2019/2025 direct comparison,sum,
001303,Villar Dora,001303,Villar Dora,unchanged,,POSAS 2019/2025 direct comparison,sum,
001304,Villareggia,001304,Villareggia,unchanged,,POSAS 2019/2025 direct comparison,sum,
001305,Villar Focchiardo,001305,Villar Focchiardo,unchanged,,POSAS 2019/2025 direct comparison,sum,
001306,Villar Pellice,001306,Villar Pellice,unchanged,,POSAS 2019/2025 direct comparison,sum,
001307,Villar Perosa,001307,Villar Perosa,unchanged,,POSAS 2019/2025 direct comparison,sum,
001308,Villastellone,001308,Villastellone,unchanged,,POSAS 2019/2025 direct comparison,sum,
001309,Vinovo,001309,Vinovo,unchanged,,POSAS 2019/2025 direct comparison,sum,
001310,Virle Piemonte,001310,Virle Piemonte,unchanged,,POSAS 2019/2025 direct comparison,sum,
001311,Vische,001311,Vische,unchanged,,POSAS 2019/2025 direct comparison,sum,
001312,Vistrorio,001312,Vistrorio,unchanged,,POSAS 2019/2025 direct comparison,sum,
001313,Viù,001313,Viù,unchanged,,POSAS 2019/2025 direct comparison,sum,
001314,Volpiano,001314,Volpiano,unchanged,,POSAS 2019/2025 direct comparison,sum,
001315,Volvera,001315,Volvera,unchanged,,POSAS 2019/2025 direct comparison,sum,
001316,Mappano,001316,Mappano,unchanged,,POSAS 2019/2025 direct comparison,sum,
001317,Val di Chy,001005,Alice Superiore,fusion,2019-01-01,https://www.istat.it/storage/codici-unita-amministrative/Novita-2025-2017.pdf,sum,
001317,Val di Chy,001138,Lugnacco,fusion,2019-01-01,https://www.istat.it/storage/codici-unita-amministrative/Novita-2025-2017.pdf,sum,
001317,Val di Chy,001182,Pecco,fusion,2019-01-01,https://www.istat.it/storage/codici-unita-amministrative/Novita-2025-2017.pdf,sum,
001318,Valchiusa,001151,Meugliano,fusion,2019-01-01,https://www.istat.it/storage/codici-unita-amministrative/Novita-2025-2017.pdf,sum,
001318,Valchiusa,001277,Trausella,fusion,2019-01-01,https://www.istat.it/storage/codici-unita-amministrative/Novita-2025-2017.pdf,sum,
001318,Valchiusa,001297,Vico Canavese,fusion,2019-01-01,https://www.istat.it/storage/codici-unita-amministrative/Novita-2025-2017.pdf,sum,
002002,Alagna Valsesia,002002,Alagna Valsesia,incorporation,2019-01-01,https://www.istat.it/storage/codici-unita-amministrative/Novita-2025-2017.pdf,sum,
002002,Alagna Valsesia,002114,Riva Valdobbia,incorporation,2019-01-01,https://www.istat.it/storage/codici-unita-amministrative/Novita-2025-2017.pdf,sum,
002003,Albano Vercellese,002003,Albano Vercellese,unchanged,,POSAS 2019/2025 direct comparison,sum,
002004,Alice Castello,002004,Alice Castello,unchanged,,POSAS 2019/2025 direct comparison,sum,
002006,Arborio,002006,Arborio,unchanged,,POSAS 2019/2025 direct comparison,sum,
002007,Asigliano Vercellese,002007,Asigliano Vercellese,unchanged,,POSAS 2019/2025 direct comparison,sum,
002008,Balmuccia,002008,Balmuccia,unchanged,,POSAS 2019/2025 direct comparison,sum,
002009,Balocco,002009,Balocco,unchanged,,POSAS 2019/2025 direct comparison,sum,
002011,Bianzè,002011,Bianzè,unchanged,,POSAS 2019/2025 direct comparison,sum,
002014,Boccioleto,002014,Boccioleto,unchanged,,POSAS 2019/2025 direct comparison,sum,
002015,Borgo d'Ale,002015,Borgo d'Ale,unchanged,,POSAS 2019/2025 direct comparison,sum,
002016,Borgosesia,002016,Borgosesia,unchanged,,POSAS 2019/2025 direct comparison,sum,
002017,Borgo Vercelli,002017,Borgo Vercelli,unchanged,,POSAS 2019/2025 direct comparison,sum,
002021,Buronzo,002021,Buronzo,unchanged,,POSAS 2019/2025 direct comparison,sum,
002025,Campertogno,002025,Campertogno,unchanged,,POSAS 2019/2025 direct comparison,sum,
002029,Carcoforo,002029,Carcoforo,unchanged,,POSAS 2019/2025 direct comparison,sum,
002030,Caresana,002030,Caresana,unchanged,,POSAS 2019/2025 direct comparison,sum,
002031,Caresanablot,002031,Caresanablot,unchanged,,POSAS 2019/2025 direct comparison,sum,
002032,Carisio,002032,Carisio,unchanged,,POSAS 2019/2025 direct comparison,sum,
002033,Casanova Elvo,002033,Casanova Elvo,unchanged,,POSAS 2019/2025 direct comparison,sum,
002035,San Giacomo Vercellese,002035,San Giacomo Vercellese,unchanged,,POSAS 2019/2025 direct comparison,sum,
002041,Cervatto,002041,Cervatto,unchanged,,POSAS 2019/2025 direct comparison,sum,
002042,Cigliano,002042,Cigliano,unchanged,,POSAS 2019/2025 direct comparison,sum,
002043,Civiasco,002043,Civiasco,unchanged,,POSAS 2019/2025 direct comparison,sum,
002045,Collobiano,002045,Collobiano,unchanged,,POSAS 2019/2025 direct comparison,sum,
002047,Costanzana,002047,Costanzana,unchanged,,POSAS 2019/2025 direct comparison,sum,
002048,Cravagliana,002048,Cravagliana,unchanged,,POSAS 2019/2025 direct comparison,sum,
002049,Crescentino,002049,Crescentino,unchanged,,POSAS 2019/2025 direct comparison,sum,
002052,Crova,002052,Crova,unchanged,,POSAS 2019/2025 direct comparison,sum,
002054,Desana,002054,Desana,unchanged,,POSAS 2019/2025 direct comparison,sum,
002057,Fobello,002057,Fobello,unchanged,,POSAS 2019/2025 direct comparison,sum,
002058,Fontanetto Po,002058,Fontanetto Po,unchanged,,POSAS 2019/2025 direct comparison,sum,
002059,Formigliana,002059,Formigliana,unchanged,,POSAS 2019/2025 direct comparison,sum,
002061,Gattinara,002061,Gattinara,unchanged,,POSAS 2019/2025 direct comparison,sum,
002062,Ghislarengo,002062,Ghislarengo,unchanged,,POSAS 2019/2025 direct comparison,sum,
002065,Greggio,002065,Greggio,unchanged,,POSAS 2019/2025 direct comparison,sum,
002066,Guardabosone,002066,Guardabosone,unchanged,,POSAS 2019/2025 direct comparison,sum,
002067,Lamporo,002067,Lamporo,unchanged,,POSAS 2019/2025 direct comparison,sum,
002068,Lenta,002068,Lenta,unchanged,,POSAS 2019/2025 direct comparison,sum,
002070,Lignana,002070,Lignana,unchanged,,POSAS 2019/2025 direct comparison,sum,
002071,Livorno Ferraris,002071,Livorno Ferraris,unchanged,,POSAS 2019/2025 direct comparison,sum,
002072,Lozzolo,002072,Lozzolo,unchanged,,POSAS 2019/2025 direct comparison,sum,
002078,Mollia,002078,Mollia,unchanged,,POSAS 2019/2025 direct comparison,sum,
002079,Moncrivello,002079,Moncrivello,unchanged,,POSAS 2019/2025 direct comparison,sum,
002082,Motta de' Conti,002082,Motta de' Conti,unchanged,,POSAS 2019/2025 direct comparison,sum,
002088,Olcenengo,002088,Olcenengo,unchanged,,POSAS 2019/2025 direct comparison,sum,
002089,Oldenico,002089,Oldenico,unchanged,,POSAS 2019/2025 direct comparison,sum,
002090,Palazzolo Vercellese,002090,Palazzolo Vercellese,unchanged,,POSAS 2019/2025 direct comparison,sum,
002091,Pertengo,002091,Pertengo,unchanged,,POSAS 2019/2025 direct comparison,sum,
002093,Pezzana,002093,Pezzana,unchanged,,POSAS 2019/2025 direct comparison,sum,
002096,Pila,002096,Pila,unchanged,,POSAS 2019/2025 direct comparison,sum,
002097,Piode,002097,Piode,unchanged,,POSAS 2019/2025 direct comparison,sum,
002102,Postua,002102,Postua,unchanged,,POSAS 2019/2025 direct comparison,sum,
002104,Prarolo,002104,Prarolo,unchanged,,POSAS 2019/2025 direct comparison,sum,
002107,Quarona,002107,Quarona,unchanged,,POSAS 2019/2025 direct comparison,sum,
002108,Quinto Vercellese,002108,Quinto Vercellese,unchanged,,POSAS 2019/2025 direct comparison,sum,
002110,Rassa,002110,Rassa,unchanged,,POSAS 2019/2025 direct comparison,sum,
002113,Rimella,002113,Rimella,unchanged,,POSAS 2019/2025 direct comparison,sum,
002115,Rive,002115,Rive,unchanged,,POSAS 2019/2025 direct comparison,sum,
002116,Roasio,002116,Roasio,unchanged,,POSAS 2019/2025 direct comparison,sum,
002118,Ronsecco,002118,Ronsecco,unchanged,,POSAS 2019/2025 direct comparison,sum,
002121,Rossa,002121,Rossa,unchanged,,POSAS 2019/2025 direct comparison,sum,
002122,Rovasenda,002122,Rovasenda,unchanged,,POSAS 2019/2025 direct comparison,sum,
002126,Salasco,002126,Salasco,unchanged,,POSAS 2019/2025 direct comparison,sum,
002127,Sali Vercellese,002127,Sali Vercellese,unchanged,,POSAS 2019/2025 direct comparison,sum,
002128,Saluggia,002128,Saluggia,unchanged,,POSAS 2019/2025 direct comparison,sum,
002131,San Germano Vercellese,002131,San Germano Vercellese,unchanged,,POSAS 2019/2025 direct comparison,sum,
002133,Santhià,002133,Santhià,unchanged,,POSAS 2019/2025 direct comparison,sum,
002134,Scopa,002134,Scopa,unchanged,,POSAS 2019/2025 direct comparison,sum,
002135,Scopello,002135,Scopello,unchanged,,POSAS 2019/2025 direct comparison,sum,
002137,Serravalle Sesia,002137,Serravalle Sesia,unchanged,,POSAS 2019/2025 direct comparison,sum,
002142,Stroppiana,002142,Stroppiana,unchanged,,POSAS 2019/2025 direct comparison,sum,
002147,Tricerro,002147,Tricerro,unchanged,,POSAS 2019/2025 direct comparison,sum,
002148,Trino,002148,Trino,unchanged,,POSAS 2019/2025 direct comparison,sum,
002150,Tronzano Vercellese,002150,Tronzano Vercellese,unchanged,,POSAS 2019/2025 direct comparison,sum,
002152,Valduggia,002152,Valduggia,unchanged,,POSAS 2019/2025 direct comparison,sum,
002156,Varallo,002156,Varallo,unchanged,,POSAS 2019/2025 direct comparison,sum,
002158,Vercelli,002158,Vercelli,unchanged,,POSAS 2019/2025 direct comparison,sum,
002163,Villarboit,002163,Villarboit,unchanged,,POSAS 2019/2025 direct comparison,sum,
002164,Villata,002164,Villata,unchanged,,POSAS 2019/2025 direct comparison,sum,
002166,Vocca,002166,Vocca,unchanged,,POSAS 2019/2025 direct comparison,sum,
002170,Alto Sermenza,002170,Alto Sermenza,unchanged,,POSAS 2019/2025 direct comparison,sum,
002171,Cellio con Breia,002171,Cellio con Breia,unchanged,,POSAS 2019/2025 direct comparison,sum,
003001,Agrate Conturbia,003001,Agrate Conturbia,unchanged,,POSAS 2019/2025 direct comparison,sum,
003002,Ameno,003002,Ameno,unchanged,,POSAS 2019/2025 direct comparison,sum,
003006,Armeno,003006,Armeno,unchanged,,POSAS 2019/2025 direct comparison,sum,
003008,Arona,003008,Arona,unchanged,,POSAS 2019/2025 direct comparison,sum,
003012,Barengo,003012,Barengo,unchanged,,POSAS 2019/2025 direct comparison,sum,
003016,Bellinzago Novarese,003016,Bellinzago Novarese,unchanged,,POSAS 2019/2025 direct comparison,sum,
003018,Biandrate,003018,Biandrate,unchanged,,POSAS 2019/2025 direct comparison,sum,
003019,Boca,003019,Boca,unchanged,,POSAS 2019/2025 direct comparison,sum,
003021,Bogogno,003021,Bogogno,unchanged,,POSAS 2019/2025 direct comparison,sum,
003022,Bolzano Novarese,003022,Bolzano Novarese,unchanged,,POSAS 2019/2025 direct comparison,sum,
003023,Borgolavezzaro,003023,Borgolavezzaro,unchanged,,POSAS 2019/2025 direct comparison,sum,
003024,Borgomanero,003024,Borgomanero,unchanged,,POSAS 2019/2025 direct comparison,sum,
003025,Borgo Ticino,003025,Borgo Ticino,unchanged,,POSAS 2019/2025 direct comparison,sum,
003026,Briga Novarese,003026,Briga Novarese,unchanged,,POSAS 2019/2025 direct comparison,sum,
003027,Briona,003027,Briona,unchanged,,POSAS 2019/2025 direct comparison,sum,
003030,Caltignaga,003030,Caltignaga,unchanged,,POSAS 2019/2025 direct comparison,sum,
003032,Cameri,003032,Cameri,unchanged,,POSAS 2019/2025 direct comparison,sum,
003036,Carpignano Sesia,003036,Carpignano Sesia,unchanged,,POSAS 2019/2025 direct comparison,sum,
003037,Casalbeltrame,003037,Casalbeltrame,unchanged,,POSAS 2019/2025 direct comparison,sum,
003039,Casaleggio Novara,003039,Casaleggio Novara,unchanged,,POSAS 2019/2025 direct comparison,sum,
003040,Casalino,003040,Casalino,unchanged,,POSAS 2019/2025 direct comparison,sum,
003041,Casalvolone,003041,Casalvolone,unchanged,,POSAS 2019/2025 direct comparison,sum,
003042,Castellazzo Novarese,003042,Castellazzo Novarese,unchanged,,POSAS 2019/2025 direct comparison,sum,
003043,Castelletto sopra Ticino,003043,Castelletto sopra Ticino,unchanged,,POSAS 2019/2025 direct comparison,sum,
003044,Cavaglietto,003044,Cavaglietto,unchanged,,POSAS 2019/2025 direct comparison,sum,
003045,Cavaglio d'Agogna,003045,Cavaglio d'Agogna,unchanged,,POSAS 2019/2025 direct comparison,sum,
003047,Cavallirio,003047,Cavallirio,unchanged,,POSAS 2019/2025 direct comparison,sum,
003049,Cerano,003049,Cerano,unchanged,,POSAS 2019/2025 direct comparison,sum,
003051,Colazza,003051,Colazza,unchanged,,POSAS 2019/2025 direct comparison,sum,
003052,Comignago,003052,Comignago,unchanged,,POSAS 2019/2025 direct comparison,sum,
003055,Cressa,003055,Cressa,unchanged,,POSAS 2019/2025 direct comparison,sum,
003058,Cureggio,003058,Cureggio,unchanged,,POSAS 2019/2025 direct comparison,sum,
003060,Divignano,003060,Divignano,unchanged,,POSAS 2019/2025 direct comparison,sum,
003062,Dormelletto,003062,Dormelletto,unchanged,,POSAS 2019/2025 direct comparison,sum,
003065,Fara Novarese,003065,Fara Novarese,unchanged,,POSAS 2019/2025 direct comparison,sum,
003066,Fontaneto d'Agogna,003066,Fontaneto d'Agogna,unchanged,,POSAS 2019/2025 direct comparison,sum,
003068,Galliate,003068,Galliate,unchanged,,POSAS 2019/2025 direct comparison,sum,
003069,Garbagna Novarese,003069,Garbagna Novarese,unchanged,,POSAS 2019/2025 direct comparison,sum,
003070,Gargallo,003070,Gargallo,unchanged,,POSAS 2019/2025 direct comparison,sum,
003073,Ghemme,003073,Ghemme,unchanged,,POSAS 2019/2025 direct comparison,sum,
003076,Gozzano,003076,Gozzano,unchanged,,POSAS 2019/2025 direct comparison,sum,
003077,Granozzo con Monticello,003077,Granozzo con Monticello,unchanged,,POSAS 2019/2025 direct comparison,sum,
003079,Grignasco,003079,Grignasco,unchanged,,POSAS 2019/2025 direct comparison,sum,
003082,Invorio,003082,Invorio,unchanged,,POSAS 2019/2025 direct comparison,sum,
003083,Landiona,003083,Landiona,unchanged,,POSAS 2019/2025 direct comparison,sum,
003084,Lesa,003084,Lesa,unchanged,,POSAS 2019/2025 direct comparison,sum,
003088,Maggiora,003088,Maggiora,unchanged,,POSAS 2019/2025 direct comparison,sum,
003090,Mandello Vitta,003090,Mandello Vitta,unchanged,,POSAS 2019/2025 direct comparison,sum,
003091,Marano Ticino,003091,Marano Ticino,unchanged,,POSAS 2019/2025 direct comparison,sum,
003093,Massino Visconti,003093,Massino Visconti,unchanged,,POSAS 2019/2025 direct comparison,sum,
003095,Meina,003095,Meina,unchanged,,POSAS 2019/2025 direct comparison,sum,
003097,Mezzomerico,003097,Mezzomerico,unchanged,,POSAS 2019/2025 direct comparison,sum,
003098,Miasino,003098,Miasino,unchanged,,POSAS 2019/2025 direct comparison,sum,
003100,Momo,003100,Momo,unchanged,,POSAS 2019/2025 direct comparison,sum,
003103,Nebbiuno,003103,Nebbiuno,unchanged,,POSAS 2019/2025 direct comparison,sum,
003104,Nibbiola,003104,Nibbiola,unchanged,,POSAS 2019/2025 direct comparison,sum,
003106,Novara,003106,Novara,unchanged,,POSAS 2019/2025 direct comparison,sum,
003108,Oleggio,003108,Oleggio,unchanged,,POSAS 2019/2025 direct comparison,sum,
003109,Oleggio Castello,003109,Oleggio Castello,unchanged,,POSAS 2019/2025 direct comparison,sum,
003112,Orta San Giulio,003112,Orta San Giulio,unchanged,,POSAS 2019/2025 direct comparison,sum,
003114,Paruzzaro,003114,Paruzzaro,unchanged,,POSAS 2019/2025 direct comparison,sum,
003115,Pella,003115,Pella,unchanged,,POSAS 2019/2025 direct comparison,sum,
003116,Pettenasco,003116,Pettenasco,unchanged,,POSAS 2019/2025 direct comparison,sum,
003119,Pisano,003119,Pisano,unchanged,,POSAS 2019/2025 direct comparison,sum,
003120,Pogno,003120,Pogno,unchanged,,POSAS 2019/2025 direct comparison,sum,
003121,Pombia,003121,Pombia,unchanged,,POSAS 2019/2025 direct comparison,sum,
003122,Prato Sesia,003122,Prato Sesia,unchanged,,POSAS 2019/2025 direct comparison,sum,
003129,Recetto,003129,Recetto,unchanged,,POSAS 2019/2025 direct comparison,sum,
003130,Romagnano Sesia,003130,Romagnano Sesia,unchanged,,POSAS 2019/2025 direct comparison,sum,
003131,Romentino,003131,Romentino,unchanged,,POSAS 2019/2025 direct comparison,sum,
003133,San Maurizio d'Opaglio,003133,San Maurizio d'Opaglio,unchanged,,POSAS 2019/2025 direct comparison,sum,
003134,San Nazzaro Sesia,003134,San Nazzaro Sesia,unchanged,,POSAS 2019/2025 direct comparison,sum,
003135,San Pietro Mosezzo,003135,San Pietro Mosezzo,unchanged,,POSAS 2019/2025 direct comparison,sum,
003138,Sillavengo,003138,Sillavengo,unchanged,,POSAS 2019/2025 direct comparison,sum,
003139,Sizzano,003139,Sizzano,unchanged,,POSAS 2019/2025 direct comparison,sum,
003140,Soriso,003140,Soriso,unchanged,,POSAS 2019/2025 direct comparison,sum,
003141,Sozzago,003141,Sozzago,unchanged,,POSAS 2019/2025 direct comparison,sum,
003143,Suno,003143,Suno,unchanged,,POSAS 2019/2025 direct comparison,sum,
003144,Terdobbiate,003144,Terdobbiate,unchanged,,POSAS 2019/2025 direct comparison,sum,
003146,Tornaco,003146,Tornaco,unchanged,,POSAS 2019/2025 direct comparison,sum,
003149,Trecate,003149,Trecate,unchanged,,POSAS 2019/2025 direct comparison,sum,
003153,Vaprio d'Agogna,003153,Vaprio d'Agogna,unchanged,,POSAS 2019/2025 direct comparison,sum,
003154,Varallo Pombia,003154,Varallo Pombia,unchanged,,POSAS 2019/2025 direct comparison,sum,
003158,Vespolate,003158,Vespolate,unchanged,,POSAS 2019/2025 direct comparison,sum,
003159,Vicolungo,003159,Vicolungo,unchanged,,POSAS 2019/2025 direct comparison,sum,
003164,Vinzaglio,003164,Vinzaglio,unchanged,,POSAS 2019/2025 direct comparison,sum,
003166,Gattico-Veruno,003071,Gattico,fusion,2019-01-01,https://www.istat.it/storage/codici-unita-amministrative/Novita-2025-2017.pdf,sum,
003166,Gattico-Veruno,003157,Veruno,fusion,2019-01-01,https://www.istat.it/storage/codici-unita-amministrative/Novita-2025-2017.pdf,sum,
004001,Acceglio,004001,Acceglio,unchanged,,POSAS 2019/2025 direct comparison,sum,
004002,Aisone,004002,Aisone,unchanged,,POSAS 2019/2025 direct comparison,sum,
004003,Alba,004003,Alba,unchanged,,POSAS 2019/2025 direct comparison,sum,
004004,Albaretto della Torre,004004,Albaretto della Torre,unchanged,,POSAS 2019/2025 direct comparison,sum,
004005,Alto,004005,Alto,unchanged,,POSAS 2019/2025 direct comparison,sum,
004006,Argentera,004006,Argentera,unchanged,,POSAS 2019/2025 direct comparison,sum,
004007,Arguello,004007,Arguello,unchanged,,POSAS 2019/2025 direct comparison,sum,
004008,Bagnasco,004008,Bagnasco,unchanged,,POSAS 2019/2025 direct comparison,sum,
004009,Bagnolo Piemonte,004009,Bagnolo Piemonte,unchanged,,POSAS 2019/2025 direct comparison,sum,
004010,Baldissero d'Alba,004010,Baldissero d'Alba,unchanged,,POSAS 2019/2025 direct comparison,sum,
004011,Barbaresco,004011,Barbaresco,unchanged,,POSAS 2019/2025 direct comparison,sum,
004012,Barge,004012,Barge,unchanged,,POSAS 2019/2025 direct comparison,sum,
004013,Barolo,004013,Barolo,unchanged,,POSAS 2019/2025 direct comparison,sum,
004014,Bastia Mondovì,004014,Bastia Mondovì,unchanged,,POSAS 2019/2025 direct comparison,sum,
004015,Battifollo,004015,Battifollo,unchanged,,POSAS 2019/2025 direct comparison,sum,
004016,Beinette,004016,Beinette,unchanged,,POSAS 2019/2025 direct comparison,sum,
004017,Bellino,004017,Bellino,unchanged,,POSAS 2019/2025 direct comparison,sum,
004018,Belvedere Langhe,004018,Belvedere Langhe,unchanged,,POSAS 2019/2025 direct comparison,sum,
004019,Bene Vagienna,004019,Bene Vagienna,unchanged,,POSAS 2019/2025 direct comparison,sum,
004020,Benevello,004020,Benevello,unchanged,,POSAS 2019/2025 direct comparison,sum,
004021,Bergolo,004021,Bergolo,unchanged,,POSAS 2019/2025 direct comparison,sum,
004022,Bernezzo,004022,Bernezzo,unchanged,,POSAS 2019/2025 direct comparison,sum,
004023,Bonvicino,004023,Bonvicino,unchanged,,POSAS 2019/2025 direct comparison,sum,
004024,Borgomale,004024,Borgomale,unchanged,,POSAS 2019/2025 direct comparison,sum,
004025,Borgo San Dalmazzo,004025,Borgo San Dalmazzo,unchanged,,POSAS 2019/2025 direct comparison,sum,
004026,Bosia,004026,Bosia,unchanged,,POSAS 2019/2025 direct comparison,sum,
004027,Bossolasco,004027,Bossolasco,unchanged,,POSAS 2019/2025 direct comparison,sum,
004028,Boves,004028,Boves,unchanged,,POSAS 2019/2025 direct comparison,sum,
004029,Bra,004029,Bra,unchanged,,POSAS 2019/2025 direct comparison,sum,
004030,Briaglia,004030,Briaglia,unchanged,,POSAS 2019/2025 direct comparison,sum,
004031,Briga Alta,004031,Briga Alta,unchanged,,POSAS 2019/2025 direct comparison,sum,
004032,Brondello,004032,Brondello,unchanged,,POSAS 2019/2025 direct comparison,sum,
004033,Brossasco,004033,Brossasco,unchanged,,POSAS 2019/2025 direct comparison,sum,
004034,Busca,004034,Busca,incorporation,2019-01-01,https://www.istat.it/storage/codici-unita-amministrative/Novita-2025-2017.pdf,sum,
004034,Busca,004236,Valmala,incorporation,2019-01-01,https://www.istat.it/storage/codici-unita-amministrative/Novita-2025-2017.pdf,sum,
004035,Camerana,004035,Camerana,unchanged,,POSAS 2019/2025 direct comparison,sum,
004037,Canale,004037,Canale,unchanged,,POSAS 2019/2025 direct comparison,sum,
004038,Canosio,004038,Canosio,unchanged,,POSAS 2019/2025 direct comparison,sum,
004039,Caprauna,004039,Caprauna,unchanged,,POSAS 2019/2025 direct comparison,sum,
004040,Caraglio,004040,Caraglio,unchanged,,POSAS 2019/2025 direct comparison,sum,
004041,Caramagna Piemonte,004041,Caramagna Piemonte,unchanged,,POSAS 2019/2025 direct comparison,sum,
004042,Cardè,004042,Cardè,unchanged,,POSAS 2019/2025 direct comparison,sum,
004043,Carrù,004043,Carrù,unchanged,,POSAS 2019/2025 direct comparison,sum,
004044,Cartignano,004044,Cartignano,unchanged,,POSAS 2019/2025 direct comparison,sum,
004045,Casalgrasso,004045,Casalgrasso,unchanged,,POSAS 2019/2025 direct comparison,sum,
004046,Castagnito,004046,Castagnito,unchanged,,POSAS 2019/2025 direct comparison,sum,
004047,Casteldelfino,004047,Casteldelfino,unchanged,,POSAS 2019/2025 direct comparison,sum,
004049,Castelletto Stura,004049,Castelletto Stura,unchanged,,POSAS 2019/2025 direct comparison,sum,
004050,Castelletto Uzzone,004050,Castelletto Uzzone,unchanged,,POSAS 2019/2025 direct comparison,sum,
004051,Castellinaldo d'Alba,004051,Castellinaldo d'Alba,unchanged,,POSAS 2019/2025 direct comparison,sum,
004052,Castellino Tanaro,004052,Castellino Tanaro,unchanged,,POSAS 2019/2025 direct comparison,sum,
004053,Castelmagno,004053,Castelmagno,unchanged,,POSAS 2019/2025 direct comparison,sum,
004054,Castelnuovo di Ceva,004054,Castelnuovo di Ceva,unchanged,,POSAS 2019/2025 direct comparison,sum,
004055,Castiglione Falletto,004055,Castiglione Falletto,unchanged,,POSAS 2019/2025 direct comparison,sum,
004056,Castiglione Tinella,004056,Castiglione Tinella,unchanged,,POSAS 2019/2025 direct comparison,sum,
004057,Castino,004057,Castino,unchanged,,POSAS 2019/2025 direct comparison,sum,
004058,Cavallerleone,004058,Cavallerleone,unchanged,,POSAS 2019/2025 direct comparison,sum,
004059,Cavallermaggiore,004059,Cavallermaggiore,unchanged,,POSAS 2019/2025 direct comparison,sum,
004060,Celle di Macra,004060,Celle di Macra,unchanged,,POSAS 2019/2025 direct comparison,sum,
004061,Centallo,004061,Centallo,unchanged,,POSAS 2019/2025 direct comparison,sum,
004062,Ceresole Alba,004062,Ceresole Alba,unchanged,,POSAS 2019/2025 direct comparison,sum,
004063,Cerretto Langhe,004063,Cerretto Langhe,unchanged,,POSAS 2019/2025 direct comparison,sum,
004064,Cervasca,004064,Cervasca,unchanged,,POSAS 2019/2025 direct comparison,sum,
004065,Cervere,004065,Cervere,unchanged,,POSAS 2019/2025 direct comparison,sum,
004066,Ceva,004066,Ceva,unchanged,,POSAS 2019/2025 direct comparison,sum,
004067,Cherasco,004067,Cherasco,unchanged,,POSAS 2019/2025 direct comparison,sum,
004068,Chiusa di Pesio,004068,Chiusa di Pesio,unchanged,,POSAS 2019/2025 direct comparison,sum,
004069,Cigliè,004069,Cigliè,unchanged,,POSAS 2019/2025 direct comparison,sum,
004070,Cissone,004070,Cissone,unchanged,,POSAS 2019/2025 direct comparison,sum,
004071,Clavesana,004071,Clavesana,unchanged,,POSAS 2019/2025 direct comparison,sum,
004072,Corneliano d'Alba,004072,Corneliano d'Alba,unchanged,,POSAS 2019/2025 direct comparison,sum,
004073,Cortemilia,004073,Cortemilia,unchanged,,POSAS 2019/2025 direct comparison,sum,
004074,Cossano Belbo,004074,Cossano Belbo,unchanged,,POSAS 2019/2025 direct comparison,sum,
004075,Costigliole Saluzzo,004075,Costigliole Saluzzo,unchanged,,POSAS 2019/2025 direct comparison,sum,
004076,Cravanzana,004076,Cravanzana,unchanged,,POSAS 2019/2025 direct comparison,sum,
004077,Crissolo,004077,Crissolo,unchanged,,POSAS 2019/2025 direct comparison,sum,
004078,Cuneo,004078,Cuneo,unchanged,,POSAS 2019/2025 direct comparison,sum,
004079,Demonte,004079,Demonte,unchanged,,POSAS 2019/2025 direct comparison,sum,
004080,Diano d'Alba,004080,Diano d'Alba,unchanged,,POSAS 2019/2025 direct comparison,sum,
004081,Dogliani,004081,Dogliani,unchanged,,POSAS 2019/2025 direct comparison,sum,
004082,Dronero,004082,Dronero,unchanged,,POSAS 2019/2025 direct comparison,sum,
004083,Elva,004083,Elva,unchanged,,POSAS 2019/2025 direct comparison,sum,
004084,Entracque,004084,Entracque,unchanged,,POSAS 2019/2025 direct comparison,sum,
004085,Envie,004085,Envie,unchanged,,POSAS 2019/2025 direct comparison,sum,
004086,Farigliano,004086,Farigliano,unchanged,,POSAS 2019/2025 direct comparison,sum,
004087,Faule,004087,Faule,unchanged,,POSAS 2019/2025 direct comparison,sum,
004088,Feisoglio,004088,Feisoglio,unchanged,,POSAS 2019/2025 direct comparison,sum,
004089,Fossano,004089,Fossano,unchanged,,POSAS 2019/2025 direct comparison,sum,
004090,Frabosa Soprana,004090,Frabosa Soprana,unchanged,,POSAS 2019/2025 direct comparison,sum,
004091,Frabosa Sottana,004091,Frabosa Sottana,unchanged,,POSAS 2019/2025 direct comparison,sum,
004092,Frassino,004092,Frassino,unchanged,,POSAS 2019/2025 direct comparison,sum,
004093,Gaiola,004093,Gaiola,unchanged,,POSAS 2019/2025 direct comparison,sum,
004094,Gambasca,004094,Gambasca,unchanged,,POSAS 2019/2025 direct comparison,sum,
004095,Garessio,004095,Garessio,unchanged,,POSAS 2019/2025 direct comparison,sum,
004096,Genola,004096,Genola,unchanged,,POSAS 2019/2025 direct comparison,sum,
004097,Gorzegno,004097,Gorzegno,unchanged,,POSAS 2019/2025 direct comparison,sum,
004098,Gottasecca,004098,Gottasecca,unchanged,,POSAS 2019/2025 direct comparison,sum,
004099,Govone,004099,Govone,unchanged,,POSAS 2019/2025 direct comparison,sum,
004100,Grinzane Cavour,004100,Grinzane Cavour,unchanged,,POSAS 2019/2025 direct comparison,sum,
004101,Guarene,004101,Guarene,unchanged,,POSAS 2019/2025 direct comparison,sum,
004102,Igliano,004102,Igliano,unchanged,,POSAS 2019/2025 direct comparison,sum,
004103,Isasca,004103,Isasca,unchanged,,POSAS 2019/2025 direct comparison,sum,
004104,Lagnasco,004104,Lagnasco,unchanged,,POSAS 2019/2025 direct comparison,sum,
004105,La Morra,004105,La Morra,unchanged,,POSAS 2019/2025 direct comparison,sum,
004106,Lequio Berria,004106,Lequio Berria,unchanged,,POSAS 2019/2025 direct comparison,sum,
004107,Lequio Tanaro,004107,Lequio Tanaro,unchanged,,POSAS 2019/2025 direct comparison,sum,
004108,Lesegno,004108,Lesegno,unchanged,,POSAS 2019/2025 direct comparison,sum,
004109,Levice,004109,Levice,unchanged,,POSAS 2019/2025 direct comparison,sum,
004110,Limone Piemonte,004110,Limone Piemonte,unchanged,,POSAS 2019/2025 direct comparison,sum,
004111,Lisio,004111,Lisio,unchanged,,POSAS 2019/2025 direct comparison,sum,
004112,Macra,004112,Macra,unchanged,,POSAS 2019/2025 direct comparison,sum,
004113,Magliano Alfieri,004113,Magliano Alfieri,unchanged,,POSAS 2019/2025 direct comparison,sum,
004114,Magliano Alpi,004114,Magliano Alpi,unchanged,,POSAS 2019/2025 direct comparison,sum,
004115,Mango,004115,Mango,unchanged,,POSAS 2019/2025 direct comparison,sum,
004116,Manta,004116,Manta,unchanged,,POSAS 2019/2025 direct comparison,sum,
004117,Marene,004117,Marene,unchanged,,POSAS 2019/2025 direct comparison,sum,
004118,Margarita,004118,Margarita,unchanged,,POSAS 2019/2025 direct comparison,sum,
004119,Marmora,004119,Marmora,unchanged,,POSAS 2019/2025 direct comparison,sum,
004120,Marsaglia,004120,Marsaglia,unchanged,,POSAS 2019/2025 direct comparison,sum,
004121,Martiniana Po,004121,Martiniana Po,unchanged,,POSAS 2019/2025 direct comparison,sum,
004122,Melle,004122,Melle,unchanged,,POSAS 2019/2025 direct comparison,sum,
004123,Moiola,004123,Moiola,unchanged,,POSAS 2019/2025 direct comparison,sum,
004124,Mombarcaro,004124,Mombarcaro,unchanged,,POSAS 2019/2025 direct comparison,sum,
004125,Mombasiglio,004125,Mombasiglio,unchanged,,POSAS 2019/2025 direct comparison,sum,
004126,Monastero di Vasco,004126,Monastero di Vasco,unchanged,,POSAS 2019/2025 direct comparison,sum,
004127,Monasterolo Casotto,004127,Monasterolo Casotto,unchanged,,POSAS 2019/2025 direct comparison,sum,
004128,Monasterolo di Savigliano,004128,Monasterolo di Savigliano,unchanged,,POSAS 2019/2025 direct comparison,sum,
004129,Monchiero,004129,Monchiero,unchanged,,POSAS 2019/2025 direct comparison,sum,
004130,Mondovì,004130,Mondovì,unchanged,,POSAS 2019/2025 direct comparison,sum,
004131,Monesiglio,004131,Monesiglio,unchanged,,POSAS 2019/2025 direct comparison,sum,
004132,Monforte d'Alba,004132,Monforte d'Alba,unchanged,,POSAS 2019/2025 direct comparison,sum,
004133,Montà,004133,Montà,unchanged,,POSAS 2019/2025 direct comparison,sum,
004134,Montaldo di Mondovì,004134,Montaldo di Mondovì,unchanged,,POSAS 2019/2025 direct comparison,sum,
004135,Montaldo Roero,004135,Montaldo Roero,unchanged,,POSAS 2019/2025 direct comparison,sum,
004136,Montanera,004136,Montanera,unchanged,,POSAS 2019/2025 direct comparison,sum,
004137,Montelupo Albese,004137,Montelupo Albese,unchanged,,POSAS 2019/2025 direct comparison,sum,
004138,Montemale di Cuneo,004138,Montemale di Cuneo,unchanged,,POSAS 2019/2025 direct comparison,sum,
004139,Monterosso Grana,004139,Monterosso Grana,unchanged,,POSAS 2019/2025 direct comparison,sum,
004140,Monteu Roero,004140,Monteu Roero,unchanged,,POSAS 2019/2025 direct comparison,sum,
004141,Montezemolo,004141,Montezemolo,unchanged,,POSAS 2019/2025 direct comparison,sum,
004142,Monticello d'Alba,004142,Monticello d'Alba,unchanged,,POSAS 2019/2025 direct comparison,sum,
004143,Moretta,004143,Moretta,unchanged,,POSAS 2019/2025 direct comparison,sum,
004144,Morozzo,004144,Morozzo,unchanged,,POSAS 2019/2025 direct comparison,sum,
004145,Murazzano,004145,Murazzano,unchanged,,POSAS 2019/2025 direct comparison,sum,
004146,Murello,004146,Murello,unchanged,,POSAS 2019/2025 direct comparison,sum,
004147,Narzole,004147,Narzole,unchanged,,POSAS 2019/2025 direct comparison,sum,
004148,Neive,004148,Neive,unchanged,,POSAS 2019/2025 direct comparison,sum,
004149,Neviglie,004149,Neviglie,unchanged,,POSAS 2019/2025 direct comparison,sum,
004150,Niella Belbo,004150,Niella Belbo,unchanged,,POSAS 2019/2025 direct comparison,sum,
004151,Niella Tanaro,004151,Niella Tanaro,unchanged,,POSAS 2019/2025 direct comparison,sum,
004152,Novello,004152,Novello,unchanged,,POSAS 2019/2025 direct comparison,sum,
004153,Nucetto,004153,Nucetto,unchanged,,POSAS 2019/2025 direct comparison,sum,
004154,Oncino,004154,Oncino,unchanged,,POSAS 2019/2025 direct comparison,sum,
004155,Ormea,004155,Ormea,unchanged,,POSAS 2019/2025 direct comparison,sum,
004156,Ostana,004156,Ostana,unchanged,,POSAS 2019/2025 direct comparison,sum,
004157,Paesana,004157,Paesana,unchanged,,POSAS 2019/2025 direct comparison,sum,
004158,Pagno,004158,Pagno,unchanged,,POSAS 2019/2025 direct comparison,sum,
004159,Pamparato,004159,Pamparato,unchanged,,POSAS 2019/2025 direct comparison,sum,
004160,Paroldo,004160,Paroldo,unchanged,,POSAS 2019/2025 direct comparison,sum,
004161,Perletto,004161,Perletto,unchanged,,POSAS 2019/2025 direct comparison,sum,
004162,Perlo,004162,Perlo,unchanged,,POSAS 2019/2025 direct comparison,sum,
004163,Peveragno,004163,Peveragno,unchanged,,POSAS 2019/2025 direct comparison,sum,
004164,Pezzolo Valle Uzzone,004164,Pezzolo Valle Uzzone,unchanged,,POSAS 2019/2025 direct comparison,sum,
004165,Pianfei,004165,Pianfei,unchanged,,POSAS 2019/2025 direct comparison,sum,
004166,Piasco,004166,Piasco,unchanged,,POSAS 2019/2025 direct comparison,sum,
004167,Pietraporzio,004167,Pietraporzio,unchanged,,POSAS 2019/2025 direct comparison,sum,
004168,Piobesi d'Alba,004168,Piobesi d'Alba,unchanged,,POSAS 2019/2025 direct comparison,sum,
004169,Piozzo,004169,Piozzo,unchanged,,POSAS 2019/2025 direct comparison,sum,
004170,Pocapaglia,004170,Pocapaglia,unchanged,,POSAS 2019/2025 direct comparison,sum,
004171,Polonghera,004171,Polonghera,unchanged,,POSAS 2019/2025 direct comparison,sum,
004172,Pontechianale,004172,Pontechianale,unchanged,,POSAS 2019/2025 direct comparison,sum,
004173,Pradleves,004173,Pradleves,unchanged,,POSAS 2019/2025 direct comparison,sum,
004174,Prazzo,004174,Prazzo,unchanged,,POSAS 2019/2025 direct comparison,sum,
004175,Priero,004175,Priero,unchanged,,POSAS 2019/2025 direct comparison,sum,
004176,Priocca,004176,Priocca,unchanged,,POSAS 2019/2025 direct comparison,sum,
004177,Priola,004177,Priola,unchanged,,POSAS 2019/2025 direct comparison,sum,
004178,Prunetto,004178,Prunetto,unchanged,,POSAS 2019/2025 direct comparison,sum,
004179,Racconigi,004179,Racconigi,unchanged,,POSAS 2019/2025 direct comparison,sum,
004180,Revello,004180,Revello,unchanged,,POSAS 2019/2025 direct comparison,sum,
004181,Rifreddo,004181,Rifreddo,unchanged,,POSAS 2019/2025 direct comparison,sum,
004182,Rittana,004182,Rittana,unchanged,,POSAS 2019/2025 direct comparison,sum,
004183,Roaschia,004183,Roaschia,unchanged,,POSAS 2019/2025 direct comparison,sum,
004184,Roascio,004184,Roascio,unchanged,,POSAS 2019/2025 direct comparison,sum,
004185,Robilante,004185,Robilante,unchanged,,POSAS 2019/2025 direct comparison,sum,
004186,Roburent,004186,Roburent,unchanged,,POSAS 2019/2025 direct comparison,sum,
004187,Roccabruna,004187,Roccabruna,unchanged,,POSAS 2019/2025 direct comparison,sum,
004188,Rocca Cigliè,004188,Rocca Cigliè,unchanged,,POSAS 2019/2025 direct comparison,sum,
004189,Rocca de' Baldi,004189,Rocca de' Baldi,unchanged,,POSAS 2019/2025 direct comparison,sum,
004190,Roccaforte Mondovì,004190,Roccaforte Mondovì,unchanged,,POSAS 2019/2025 direct comparison,sum,
004191,Roccasparvera,004191,Roccasparvera,unchanged,,POSAS 2019/2025 direct comparison,sum,
004192,Roccavione,004192,Roccavione,unchanged,,POSAS 2019/2025 direct comparison,sum,
004193,Rocchetta Belbo,004193,Rocchetta Belbo,unchanged,,POSAS 2019/2025 direct comparison,sum,
004194,Roddi,004194,Roddi,unchanged,,POSAS 2019/2025 direct comparison,sum,
004195,Roddino,004195,Roddino,unchanged,,POSAS 2019/2025 direct comparison,sum,
004196,Rodello,004196,Rodello,unchanged,,POSAS 2019/2025 direct comparison,sum,
004197,Rossana,004197,Rossana,unchanged,,POSAS 2019/2025 direct comparison,sum,
004198,Ruffia,004198,Ruffia,unchanged,,POSAS 2019/2025 direct comparison,sum,
004199,Sale delle Langhe,004199,Sale delle Langhe,unchanged,,POSAS 2019/2025 direct comparison,sum,
004200,Sale San Giovanni,004200,Sale San Giovanni,unchanged,,POSAS 2019/2025 direct comparison,sum,
004201,Saliceto,004201,Saliceto,unchanged,,POSAS 2019/2025 direct comparison,sum,
004202,Salmour,004202,Salmour,unchanged,,POSAS 2019/2025 direct comparison,sum,
004203,Saluzzo,004048,Castellar,incorporation,2019-01-01,https://www.istat.it/storage/codici-unita-amministrative/Novita-2025-2017.pdf,sum,
004203,Saluzzo,004203,Saluzzo,incorporation,2019-01-01,https://www.istat.it/storage/codici-unita-amministrative/Novita-2025-2017.pdf,sum,
004204,Sambuco,004204,Sambuco,unchanged,,POSAS 2019/2025 direct comparison,sum,
004205,Sampeyre,004205,Sampeyre,unchanged,,POSAS 2019/2025 direct comparison,sum,
004206,San Benedetto Belbo,004206,San Benedetto Belbo,unchanged,,POSAS 2019/2025 direct comparison,sum,
004207,San Damiano Macra,004207,San Damiano Macra,unchanged,,POSAS 2019/2025 direct comparison,sum,
004208,Sanfrè,004208,Sanfrè,unchanged,,POSAS 2019/2025 direct comparison,sum,
004209,Sanfront,004209,Sanfront,unchanged,,POSAS 2019/2025 direct comparison,sum,
004210,San Michele Mondovì,004210,San Michele Mondovì,unchanged,,POSAS 2019/2025 direct comparison,sum,
004211,Sant'Albano Stura,004211,Sant'Albano Stura,unchanged,,POSAS 2019/2025 direct comparison,sum,
004212,Santa Vittoria d'Alba,004212,Santa Vittoria d'Alba,unchanged,,POSAS 2019/2025 direct comparison,sum,
004213,Santo Stefano Belbo,004036,Camo,incorporation,2019-01-01,https://www.istat.it/storage/codici-unita-amministrative/Novita-2025-2017.pdf,sum,
004213,Santo Stefano Belbo,004213,Santo Stefano Belbo,incorporation,2019-01-01,https://www.istat.it/storage/codici-unita-amministrative/Novita-2025-2017.pdf,sum,
004214,Santo Stefano Roero,004214,Santo Stefano Roero,unchanged,,POSAS 2019/2025 direct comparison,sum,
004215,Savigliano,004215,Savigliano,unchanged,,POSAS 2019/2025 direct comparison,sum,
004216,Scagnello,004216,Scagnello,unchanged,,POSAS 2019/2025 direct comparison,sum,
004217,Scarnafigi,004217,Scarnafigi,unchanged,,POSAS 2019/2025 direct comparison,sum,
004218,Serralunga d'Alba,004218,Serralunga d'Alba,unchanged,,POSAS 2019/2025 direct comparison,sum,
004219,Serravalle Langhe,004219,Serravalle Langhe,unchanged,,POSAS 2019/2025 direct comparison,sum,
004220,Sinio,004220,Sinio,unchanged,,POSAS 2019/2025 direct comparison,sum,
004221,Somano,004221,Somano,unchanged,,POSAS 2019/2025 direct comparison,sum,
004222,Sommariva del Bosco,004222,Sommariva del Bosco,unchanged,,POSAS 2019/2025 direct comparison,sum,
004223,Sommariva Perno,004223,Sommariva Perno,unchanged,,POSAS 2019/2025 direct comparison,sum,
004224,Stroppo,004224,Stroppo,unchanged,,POSAS 2019/2025 direct comparison,sum,
004225,Tarantasca,004225,Tarantasca,unchanged,,POSAS 2019/2025 direct comparison,sum,
004226,Torre Bormida,004226,Torre Bormida,unchanged,,POSAS 2019/2025 direct comparison,sum,
004227,Torre Mondovì,004227,Torre Mondovì,unchanged,,POSAS 2019/2025 direct comparison,sum,
004228,Torre San Giorgio,004228,Torre San Giorgio,unchanged,,POSAS 2019/2025 direct comparison,sum,
004229,Torresina,004229,Torresina,unchanged,,POSAS 2019/2025 direct comparison,sum,
004230,Treiso,004230,Treiso,unchanged,,POSAS 2019/2025 direct comparison,sum,
004231,Trezzo Tinella,004231,Trezzo Tinella,unchanged,,POSAS 2019/2025 direct comparison,sum,
004232,Trinità,004232,Trinità,unchanged,,POSAS 2019/2025 direct comparison,sum,
004233,Valdieri,004233,Valdieri,unchanged,,POSAS 2019/2025 direct comparison,sum,
004234,Valgrana,004234,Valgrana,unchanged,,POSAS 2019/2025 direct comparison,sum,
004235,Valloriate,004235,Valloriate,unchanged,,POSAS 2019/2025 direct comparison,sum,
004237,Venasca,004237,Venasca,unchanged,,POSAS 2019/2025 direct comparison,sum,
004238,Verduno,004238,Verduno,unchanged,,POSAS 2019/2025 direct comparison,sum,
004239,Vernante,004239,Vernante,unchanged,,POSAS 2019/2025 direct comparison,sum,
004240,Verzuolo,004240,Verzuolo,unchanged,,POSAS 2019/2025 direct comparison,sum,
004241,Vezza d'Alba,004241,Vezza d'Alba,unchanged,,POSAS 2019/2025 direct comparison,sum,
004242,Vicoforte,004242,Vicoforte,unchanged,,POSAS 2019/2025 direct comparison,sum,
004243,Vignolo,004243,Vignolo,unchanged,,POSAS 2019/2025 direct comparison,sum,
004244,Villafalletto,004244,Villafalletto,unchanged,,POSAS 2019/2025 direct comparison,sum,
004245,Villanova Mondovì,004245,Villanova Mondovì,unchanged,,POSAS 2019/2025 direct comparison,sum,
004246,Villanova Solaro,004246,Villanova Solaro,unchanged,,POSAS 2019/2025 direct comparison,sum,
004247,Villar San Costanzo,004247,Villar San Costanzo,unchanged,,POSAS 2019/2025 direct comparison,sum,
004248,Vinadio,004248,Vinadio,unchanged,,POSAS 2019/2025 direct comparison,sum,
004249,Viola,004249,Viola,unchanged,,POSAS 2019/2025 direct comparison,sum,
004250,Vottignasco,004250,Vottignasco,unchanged,,POSAS 2019/2025 direct comparison,sum,
005001,Agliano Terme,005001,Agliano Terme,unchanged,,POSAS 2019/2025 direct comparison,sum,
005002,Albugnano,005002,Albugnano,unchanged,,POSAS 2019/2025 direct comparison,sum,
005003,Antignano,005003,Antignano,unchanged,,POSAS 2019/2025 direct comparison,sum,
005004,Aramengo,005004,Aramengo,unchanged,,POSAS 2019/2025 direct comparison,sum,
005005,Asti,005005,Asti,unchanged,,POSAS 2019/2025 direct comparison,sum,
005006,Azzano d'Asti,005006,Azzano d'Asti,unchanged,,POSAS 2019/2025 direct comparison,sum,
005007,Baldichieri d'Asti,005007,Baldichieri d'Asti,unchanged,,POSAS 2019/2025 direct comparison,sum,
005008,Belveglio,005008,Belveglio,unchanged,,POSAS 2019/2025 direct comparison,sum,
005009,Berzano di San Pietro,005009,Berzano di San Pietro,unchanged,,POSAS 2019/2025 direct comparison,sum,
005010,Bruno,005010,Bruno,unchanged,,POSAS 2019/2025 direct comparison,sum,
005011,Bubbio,005011,Bubbio,unchanged,,POSAS 2019/2025 direct comparison,sum,
005012,Buttigliera d'Asti,005012,Buttigliera d'Asti,unchanged,,POSAS 2019/2025 direct comparison,sum,
005013,Calamandrana,005013,Calamandrana,unchanged,,POSAS 2019/2025 direct comparison,sum,
005014,Calliano Monferrato,005014,Calliano,denomination_change_official,2022-08-12,https://www.istat.it/storage/codici-unita-amministrative/Novita-2025-2017.pdf,sum,Denominazione 2019: Calliano; denominazione 2025: Calliano Monferrato.
005015,Calosso,005015,Calosso,unchanged,,POSAS 2019/2025 direct comparison,sum,
005016,Camerano Casasco,005016,Camerano Casasco,unchanged,,POSAS 2019/2025 direct comparison,sum,
005017,Canelli,005017,Canelli,unchanged,,POSAS 2019/2025 direct comparison,sum,
005018,Cantarana,005018,Cantarana,unchanged,,POSAS 2019/2025 direct comparison,sum,
005019,Capriglio,005019,Capriglio,unchanged,,POSAS 2019/2025 direct comparison,sum,
005020,Casorzo Monferrato,005020,Casorzo,denomination_change_official,2022-03-03,https://www.istat.it/storage/codici-unita-amministrative/Novita-2025-2017.pdf,sum,Denominazione 2019: Casorzo; denominazione 2025: Casorzo Monferrato.
005021,Cassinasco,005021,Cassinasco,unchanged,,POSAS 2019/2025 direct comparison,sum,
005022,Castagnole delle Lanze,005022,Castagnole delle Lanze,unchanged,,POSAS 2019/2025 direct comparison,sum,
005023,Castagnole Monferrato,005023,Castagnole Monferrato,unchanged,,POSAS 2019/2025 direct comparison,sum,
005024,Castel Boglione,005024,Castel Boglione,unchanged,,POSAS 2019/2025 direct comparison,sum,
005025,Castell'Alfero,005025,Castell'Alfero,unchanged,,POSAS 2019/2025 direct comparison,sum,
005026,Castellero,005026,Castellero,unchanged,,POSAS 2019/2025 direct comparison,sum,
005027,Castelletto Molina,005027,Castelletto Molina,unchanged,,POSAS 2019/2025 direct comparison,sum,
005028,Castello di Annone,005028,Castello di Annone,unchanged,,POSAS 2019/2025 direct comparison,sum,
005029,Castelnuovo Belbo,005029,Castelnuovo Belbo,unchanged,,POSAS 2019/2025 direct comparison,sum,
005030,Castelnuovo Calcea,005030,Castelnuovo Calcea,unchanged,,POSAS 2019/2025 direct comparison,sum,
005031,Castelnuovo Don Bosco,005031,Castelnuovo Don Bosco,unchanged,,POSAS 2019/2025 direct comparison,sum,
005032,Castel Rocchero,005032,Castel Rocchero,unchanged,,POSAS 2019/2025 direct comparison,sum,
005033,Cellarengo,005033,Cellarengo,unchanged,,POSAS 2019/2025 direct comparison,sum,
005034,Celle Enomondo,005034,Celle Enomondo,unchanged,,POSAS 2019/2025 direct comparison,sum,
005035,Cerreto d'Asti,005035,Cerreto d'Asti,unchanged,,POSAS 2019/2025 direct comparison,sum,
005036,Cerro Tanaro,005036,Cerro Tanaro,unchanged,,POSAS 2019/2025 direct comparison,sum,
005037,Cessole,005037,Cessole,unchanged,,POSAS 2019/2025 direct comparison,sum,
005038,Chiusano d'Asti,005038,Chiusano d'Asti,unchanged,,POSAS 2019/2025 direct comparison,sum,
005039,Cinaglio,005039,Cinaglio,unchanged,,POSAS 2019/2025 direct comparison,sum,
005040,Cisterna d'Asti,005040,Cisterna d'Asti,unchanged,,POSAS 2019/2025 direct comparison,sum,
005041,Coazzolo,005041,Coazzolo,unchanged,,POSAS 2019/2025 direct comparison,sum,
005042,Cocconato,005042,Cocconato,unchanged,,POSAS 2019/2025 direct comparison,sum,
005044,Corsione,005044,Corsione,unchanged,,POSAS 2019/2025 direct comparison,sum,
005045,Cortandone,005045,Cortandone,unchanged,,POSAS 2019/2025 direct comparison,sum,
005046,Cortanze,005046,Cortanze,unchanged,,POSAS 2019/2025 direct comparison,sum,
005047,Cortazzone,005047,Cortazzone,unchanged,,POSAS 2019/2025 direct comparison,sum,
005048,Cortiglione,005048,Cortiglione,unchanged,,POSAS 2019/2025 direct comparison,sum,
005049,Cossombrato,005049,Cossombrato,unchanged,,POSAS 2019/2025 direct comparison,sum,
005050,Costigliole d'Asti,005050,Costigliole d'Asti,unchanged,,POSAS 2019/2025 direct comparison,sum,
005051,Cunico,005051,Cunico,unchanged,,POSAS 2019/2025 direct comparison,sum,
005052,Dusino San Michele,005052,Dusino San Michele,unchanged,,POSAS 2019/2025 direct comparison,sum,
005053,Ferrere,005053,Ferrere,unchanged,,POSAS 2019/2025 direct comparison,sum,
005054,Fontanile,005054,Fontanile,unchanged,,POSAS 2019/2025 direct comparison,sum,
005055,Frinco,005055,Frinco,unchanged,,POSAS 2019/2025 direct comparison,sum,
005056,Grana Monferrato,005056,Grana,denomination_change_official,2023-01-17,https://www.istat.it/storage/codici-unita-amministrative/Novita-2025-2017.pdf,sum,Denominazione 2019: Grana; denominazione 2025: Grana Monferrato.
005057,Grazzano Badoglio,005057,Grazzano Badoglio,unchanged,,POSAS 2019/2025 direct comparison,sum,
005058,Incisa Scapaccino,005058,Incisa Scapaccino,unchanged,,POSAS 2019/2025 direct comparison,sum,
005059,Isola d'Asti,005059,Isola d'Asti,unchanged,,POSAS 2019/2025 direct comparison,sum,
005060,Loazzolo,005060,Loazzolo,unchanged,,POSAS 2019/2025 direct comparison,sum,
005061,Maranzana,005061,Maranzana,unchanged,,POSAS 2019/2025 direct comparison,sum,
005062,Maretto,005062,Maretto,unchanged,,POSAS 2019/2025 direct comparison,sum,
005063,Moasca,005063,Moasca,unchanged,,POSAS 2019/2025 direct comparison,sum,
005064,Mombaldone,005064,Mombaldone,unchanged,,POSAS 2019/2025 direct comparison,sum,
005065,Mombaruzzo,005065,Mombaruzzo,unchanged,,POSAS 2019/2025 direct comparison,sum,
005066,Mombercelli,005066,Mombercelli,unchanged,,POSAS 2019/2025 direct comparison,sum,
005067,Monale,005067,Monale,unchanged,,POSAS 2019/2025 direct comparison,sum,
005068,Monastero Bormida,005068,Monastero Bormida,unchanged,,POSAS 2019/2025 direct comparison,sum,
005069,Moncalvo,005069,Moncalvo,unchanged,,POSAS 2019/2025 direct comparison,sum,
005070,Moncucco Torinese,005070,Moncucco Torinese,unchanged,,POSAS 2019/2025 direct comparison,sum,
005071,Mongardino,005071,Mongardino,unchanged,,POSAS 2019/2025 direct comparison,sum,
005072,Montabone,005072,Montabone,unchanged,,POSAS 2019/2025 direct comparison,sum,
005073,Montafia,005073,Montafia,unchanged,,POSAS 2019/2025 direct comparison,sum,
005074,Montaldo Scarampi,005074,Montaldo Scarampi,unchanged,,POSAS 2019/2025 direct comparison,sum,
005075,Montechiaro d'Asti,005075,Montechiaro d'Asti,unchanged,,POSAS 2019/2025 direct comparison,sum,
005076,Montegrosso d'Asti,005076,Montegrosso d'Asti,unchanged,,POSAS 2019/2025 direct comparison,sum,
005077,Montemagno Monferrato,005077,Montemagno,denomination_change_official,2023-10-19,https://www.istat.it/storage/codici-unita-amministrative/Novita-2025-2017.pdf,sum,Denominazione 2019: Montemagno; denominazione 2025: Montemagno Monferrato.
005080,Nizza Monferrato,005080,Nizza Monferrato,unchanged,,POSAS 2019/2025 direct comparison,sum,
005081,Olmo Gentile,005081,Olmo Gentile,unchanged,,POSAS 2019/2025 direct comparison,sum,
005082,Passerano Marmorito,005082,Passerano Marmorito,unchanged,,POSAS 2019/2025 direct comparison,sum,
005083,Penango,005083,Penango,unchanged,,POSAS 2019/2025 direct comparison,sum,
005084,Piea,005084,Piea,unchanged,,POSAS 2019/2025 direct comparison,sum,
005085,Pino d'Asti,005085,Pino d'Asti,unchanged,,POSAS 2019/2025 direct comparison,sum,
005086,Piovà Massaia,005086,Piovà Massaia,unchanged,,POSAS 2019/2025 direct comparison,sum,
005087,Portacomaro,005087,Portacomaro,unchanged,,POSAS 2019/2025 direct comparison,sum,
005088,Quaranti,005088,Quaranti,unchanged,,POSAS 2019/2025 direct comparison,sum,
005089,Refrancore,005089,Refrancore,unchanged,,POSAS 2019/2025 direct comparison,sum,
005090,Revigliasco d'Asti,005090,Revigliasco d'Asti,unchanged,,POSAS 2019/2025 direct comparison,sum,
005091,Roatto,005091,Roatto,unchanged,,POSAS 2019/2025 direct comparison,sum,
005092,Robella,005092,Robella,unchanged,,POSAS 2019/2025 direct comparison,sum,
005093,Rocca d'Arazzo,005093,Rocca d'Arazzo,unchanged,,POSAS 2019/2025 direct comparison,sum,
005094,Roccaverano,005094,Roccaverano,unchanged,,POSAS 2019/2025 direct comparison,sum,
005095,Rocchetta Palafea,005095,Rocchetta Palafea,unchanged,,POSAS 2019/2025 direct comparison,sum,
005096,Rocchetta Tanaro,005096,Rocchetta Tanaro,unchanged,,POSAS 2019/2025 direct comparison,sum,
005097,San Damiano d'Asti,005097,San Damiano d'Asti,unchanged,,POSAS 2019/2025 direct comparison,sum,
005098,San Giorgio Scarampi,005098,San Giorgio Scarampi,unchanged,,POSAS 2019/2025 direct comparison,sum,
005099,San Martino Alfieri,005099,San Martino Alfieri,unchanged,,POSAS 2019/2025 direct comparison,sum,
005100,San Marzano Oliveto,005100,San Marzano Oliveto,unchanged,,POSAS 2019/2025 direct comparison,sum,
005101,San Paolo Solbrito,005101,San Paolo Solbrito,unchanged,,POSAS 2019/2025 direct comparison,sum,
005103,Scurzolengo,005103,Scurzolengo,unchanged,,POSAS 2019/2025 direct comparison,sum,
005104,Serole,005104,Serole,unchanged,,POSAS 2019/2025 direct comparison,sum,
005105,Sessame,005105,Sessame,unchanged,,POSAS 2019/2025 direct comparison,sum,
005106,Settime,005106,Settime,unchanged,,POSAS 2019/2025 direct comparison,sum,
005107,Soglio,005107,Soglio,unchanged,,POSAS 2019/2025 direct comparison,sum,
005108,Tigliole,005108,Tigliole,unchanged,,POSAS 2019/2025 direct comparison,sum,
005109,Tonco,005109,Tonco,unchanged,,POSAS 2019/2025 direct comparison,sum,
005111,Vaglio Serra,005111,Vaglio Serra,unchanged,,POSAS 2019/2025 direct comparison,sum,
005112,Valfenera,005112,Valfenera,unchanged,,POSAS 2019/2025 direct comparison,sum,
005113,Vesime,005113,Vesime,unchanged,,POSAS 2019/2025 direct comparison,sum,
005114,Viale,005114,Viale,unchanged,,POSAS 2019/2025 direct comparison,sum,
005115,Viarigi,005115,Viarigi,unchanged,,POSAS 2019/2025 direct comparison,sum,
005116,Vigliano d'Asti,005116,Vigliano d'Asti,unchanged,,POSAS 2019/2025 direct comparison,sum,
005117,Villafranca d'Asti,005117,Villafranca d'Asti,unchanged,,POSAS 2019/2025 direct comparison,sum,
005118,Villanova d'Asti,005118,Villanova d'Asti,unchanged,,POSAS 2019/2025 direct comparison,sum,
005119,Villa San Secondo,005119,Villa San Secondo,unchanged,,POSAS 2019/2025 direct comparison,sum,
005120,Vinchio,005120,Vinchio,unchanged,,POSAS 2019/2025 direct comparison,sum,
005121,Montiglio Monferrato,005121,Montiglio Monferrato,unchanged,,POSAS 2019/2025 direct comparison,sum,
005122,Moransengo-Tonengo,005079,Moransengo,fusion,2023-01-01,https://www.istat.it/storage/codici-unita-amministrative/Novita-2025-2017.pdf,sum,
005122,Moransengo-Tonengo,005110,Tonengo,fusion,2023-01-01,https://www.istat.it/storage/codici-unita-amministrative/Novita-2025-2017.pdf,sum,
006001,Acqui Terme,006001,Acqui Terme,unchanged,,POSAS 2019/2025 direct comparison,sum,
006002,Albera Ligure,006002,Albera Ligure,unchanged,,POSAS 2019/2025 direct comparison,sum,
006003,Alessandria,006003,Alessandria,unchanged,,POSAS 2019/2025 direct comparison,sum,
006004,Alfiano Natta,006004,Alfiano Natta,unchanged,,POSAS 2019/2025 direct comparison,sum,
006005,Alice Bel Colle,006005,Alice Bel Colle,unchanged,,POSAS 2019/2025 direct comparison,sum,
006007,Altavilla Monferrato,006007,Altavilla Monferrato,unchanged,,POSAS 2019/2025 direct comparison,sum,
006008,Alzano Scrivia,006008,Alzano Scrivia,unchanged,,POSAS 2019/2025 direct comparison,sum,
006009,Arquata Scrivia,006009,Arquata Scrivia,unchanged,,POSAS 2019/2025 direct comparison,sum,
006010,Avolasca,006010,Avolasca,unchanged,,POSAS 2019/2025 direct comparison,sum,
006011,Balzola,006011,Balzola,unchanged,,POSAS 2019/2025 direct comparison,sum,
006012,Basaluzzo,006012,Basaluzzo,unchanged,,POSAS 2019/2025 direct comparison,sum,
006013,Bassignana,006013,Bassignana,unchanged,,POSAS 2019/2025 direct comparison,sum,
006014,Belforte Monferrato,006014,Belforte Monferrato,unchanged,,POSAS 2019/2025 direct comparison,sum,
006015,Bergamasco,006015,Bergamasco,unchanged,,POSAS 2019/2025 direct comparison,sum,
006016,Berzano di Tortona,006016,Berzano di Tortona,unchanged,,POSAS 2019/2025 direct comparison,sum,
006017,Bistagno,006017,Bistagno,unchanged,,POSAS 2019/2025 direct comparison,sum,
006018,Borghetto di Borbera,006018,Borghetto di Borbera,unchanged,,POSAS 2019/2025 direct comparison,sum,
006019,Borgoratto Alessandrino,006019,Borgoratto Alessandrino,unchanged,,POSAS 2019/2025 direct comparison,sum,
006020,Borgo San Martino,006020,Borgo San Martino,unchanged,,POSAS 2019/2025 direct comparison,sum,
006021,Bosco Marengo,006021,Bosco Marengo,unchanged,,POSAS 2019/2025 direct comparison,sum,
006022,Bosio,006022,Bosio,unchanged,,POSAS 2019/2025 direct comparison,sum,
006023,Bozzole,006023,Bozzole,unchanged,,POSAS 2019/2025 direct comparison,sum,
006024,Brignano-Frascata,006024,Brignano-Frascata,unchanged,,POSAS 2019/2025 direct comparison,sum,
006025,Cabella Ligure,006025,Cabella Ligure,unchanged,,POSAS 2019/2025 direct comparison,sum,
006026,Camagna Monferrato,006026,Camagna Monferrato,unchanged,,POSAS 2019/2025 direct comparison,sum,
006027,Camino,006027,Camino,unchanged,,POSAS 2019/2025 direct comparison,sum,
006028,Cantalupo Ligure,006028,Cantalupo Ligure,unchanged,,POSAS 2019/2025 direct comparison,sum,
006029,Capriata d'Orba,006029,Capriata d'Orba,unchanged,,POSAS 2019/2025 direct comparison,sum,
006030,Carbonara Scrivia,006030,Carbonara Scrivia,unchanged,,POSAS 2019/2025 direct comparison,sum,
006031,Carentino,006031,Carentino,unchanged,,POSAS 2019/2025 direct comparison,sum,
006032,Carezzano,006032,Carezzano,unchanged,,POSAS 2019/2025 direct comparison,sum,
006033,Carpeneto,006033,Carpeneto,unchanged,,POSAS 2019/2025 direct comparison,sum,
006034,Carrega Ligure,006034,Carrega Ligure,unchanged,,POSAS 2019/2025 direct comparison,sum,
006035,Carrosio,006035,Carrosio,unchanged,,POSAS 2019/2025 direct comparison,sum,
006036,Cartosio,006036,Cartosio,unchanged,,POSAS 2019/2025 direct comparison,sum,
006037,Casal Cermelli,006037,Casal Cermelli,unchanged,,POSAS 2019/2025 direct comparison,sum,
006038,Casaleggio Boiro,006038,Casaleggio Boiro,unchanged,,POSAS 2019/2025 direct comparison,sum,
006039,Casale Monferrato,006039,Casale Monferrato,unchanged,,POSAS 2019/2025 direct comparison,sum,
006040,Casalnoceto,006040,Casalnoceto,unchanged,,POSAS 2019/2025 direct comparison,sum,
006041,Casasco,006041,Casasco,unchanged,,POSAS 2019/2025 direct comparison,sum,
006043,Cassine,006043,Cassine,unchanged,,POSAS 2019/2025 direct comparison,sum,
006044,Cassinelle,006044,Cassinelle,unchanged,,POSAS 2019/2025 direct comparison,sum,
006045,Castellania Coppi,006045,Castellania,denomination_change_official,2019-05-31,https://www.istat.it/storage/codici-unita-amministrative/Novita-2025-2017.pdf,sum,Denominazione 2019: Castellania; denominazione 2025: Castellania Coppi.
006046,Castellar Guidobono,006046,Castellar Guidobono,unchanged,,POSAS 2019/2025 direct comparison,sum,
006047,Castellazzo Bormida,006047,Castellazzo Bormida,unchanged,,POSAS 2019/2025 direct comparison,sum,
006048,Castelletto d'Erro,006048,Castelletto d'Erro,unchanged,,POSAS 2019/2025 direct comparison,sum,
006049,Castelletto d'Orba,006049,Castelletto d'Orba,unchanged,,POSAS 2019/2025 direct comparison,sum,
006050,Castelletto Merli,006050,Castelletto Merli,unchanged,,POSAS 2019/2025 direct comparison,sum,
006051,Castelletto Monferrato,006051,Castelletto Monferrato,unchanged,,POSAS 2019/2025 direct comparison,sum,
006052,Castelnuovo Bormida,006052,Castelnuovo Bormida,unchanged,,POSAS 2019/2025 direct comparison,sum,
006053,Castelnuovo Scrivia,006053,Castelnuovo Scrivia,unchanged,,POSAS 2019/2025 direct comparison,sum,
006054,Castelspina,006054,Castelspina,unchanged,,POSAS 2019/2025 direct comparison,sum,
006055,Cavatore,006055,Cavatore,unchanged,,POSAS 2019/2025 direct comparison,sum,
006056,Cella Monte,006056,Cella Monte,unchanged,,POSAS 2019/2025 direct comparison,sum,
006057,Cereseto,006057,Cereseto,unchanged,,POSAS 2019/2025 direct comparison,sum,
006058,Cerreto Grue,006058,Cerreto Grue,unchanged,,POSAS 2019/2025 direct comparison,sum,
006059,Cerrina Monferrato,006059,Cerrina Monferrato,unchanged,,POSAS 2019/2025 direct comparison,sum,
006060,Coniolo,006060,Coniolo,unchanged,,POSAS 2019/2025 direct comparison,sum,
006061,Conzano,006061,Conzano,unchanged,,POSAS 2019/2025 direct comparison,sum,
006062,Costa Vescovato,006062,Costa Vescovato,unchanged,,POSAS 2019/2025 direct comparison,sum,
006063,Cremolino,006063,Cremolino,unchanged,,POSAS 2019/2025 direct comparison,sum,
006065,Denice,006065,Denice,unchanged,,POSAS 2019/2025 direct comparison,sum,
006066,Dernice,006066,Dernice,unchanged,,POSAS 2019/2025 direct comparison,sum,
006067,Fabbrica Curone,006067,Fabbrica Curone,unchanged,,POSAS 2019/2025 direct comparison,sum,
006068,Felizzano,006068,Felizzano,unchanged,,POSAS 2019/2025 direct comparison,sum,
006069,Fraconalto,006069,Fraconalto,unchanged,,POSAS 2019/2025 direct comparison,sum,
006070,Francavilla Bisio,006070,Francavilla Bisio,unchanged,,POSAS 2019/2025 direct comparison,sum,
006071,Frascaro,006071,Frascaro,unchanged,,POSAS 2019/2025 direct comparison,sum,
006072,Frassinello Monferrato,006072,Frassinello Monferrato,unchanged,,POSAS 2019/2025 direct comparison,sum,
006073,Frassineto Po,006073,Frassineto Po,unchanged,,POSAS 2019/2025 direct comparison,sum,
006074,Fresonara,006074,Fresonara,unchanged,,POSAS 2019/2025 direct comparison,sum,
006075,Frugarolo,006075,Frugarolo,unchanged,,POSAS 2019/2025 direct comparison,sum,
006076,Fubine Monferrato,006076,Fubine Monferrato,unchanged,,POSAS 2019/2025 direct comparison,sum,
006077,Gabiano,006077,Gabiano,unchanged,,POSAS 2019/2025 direct comparison,sum,
006078,Gamalero,006078,Gamalero,unchanged,,POSAS 2019/2025 direct comparison,sum,
006079,Garbagna,006079,Garbagna,unchanged,,POSAS 2019/2025 direct comparison,sum,
006081,Gavi,006081,Gavi,unchanged,,POSAS 2019/2025 direct comparison,sum,
006082,Giarole,006082,Giarole,unchanged,,POSAS 2019/2025 direct comparison,sum,
006083,Gremiasco,006083,Gremiasco,unchanged,,POSAS 2019/2025 direct comparison,sum,
006084,Grognardo,006084,Grognardo,unchanged,,POSAS 2019/2025 direct comparison,sum,
006085,Grondona,006085,Grondona,unchanged,,POSAS 2019/2025 direct comparison,sum,
006086,Guazzora,006086,Guazzora,unchanged,,POSAS 2019/2025 direct comparison,sum,
006087,Isola Sant'Antonio,006087,Isola Sant'Antonio,unchanged,,POSAS 2019/2025 direct comparison,sum,
006088,Lerma,006088,Lerma,unchanged,,POSAS 2019/2025 direct comparison,sum,
006090,Malvicino,006090,Malvicino,unchanged,,POSAS 2019/2025 direct comparison,sum,
006091,Masio,006091,Masio,unchanged,,POSAS 2019/2025 direct comparison,sum,
006092,Melazzo,006092,Melazzo,unchanged,,POSAS 2019/2025 direct comparison,sum,
006093,Merana,006093,Merana,unchanged,,POSAS 2019/2025 direct comparison,sum,
006094,Mirabello Monferrato,006094,Mirabello Monferrato,unchanged,,POSAS 2019/2025 direct comparison,sum,
006095,Molare,006095,Molare,unchanged,,POSAS 2019/2025 direct comparison,sum,
006096,Molino dei Torti,006096,Molino dei Torti,unchanged,,POSAS 2019/2025 direct comparison,sum,
006097,Mombello Monferrato,006097,Mombello Monferrato,unchanged,,POSAS 2019/2025 direct comparison,sum,
006098,Momperone,006098,Momperone,unchanged,,POSAS 2019/2025 direct comparison,sum,
006099,Moncestino,006099,Moncestino,unchanged,,POSAS 2019/2025 direct comparison,sum,
006100,Mongiardino Ligure,006100,Mongiardino Ligure,unchanged,,POSAS 2019/2025 direct comparison,sum,
006101,Monleale,006101,Monleale,unchanged,,POSAS 2019/2025 direct comparison,sum,
006102,Montacuto,006102,Montacuto,unchanged,,POSAS 2019/2025 direct comparison,sum,
006103,Montaldeo,006103,Montaldeo,unchanged,,POSAS 2019/2025 direct comparison,sum,
006104,Montaldo Bormida,006104,Montaldo Bormida,unchanged,,POSAS 2019/2025 direct comparison,sum,
006105,Montecastello,006105,Montecastello,unchanged,,POSAS 2019/2025 direct comparison,sum,
006106,Montechiaro d'Acqui,006106,Montechiaro d'Acqui,unchanged,,POSAS 2019/2025 direct comparison,sum,
006107,Montegioco,006107,Montegioco,unchanged,,POSAS 2019/2025 direct comparison,sum,
006108,Montemarzino,006108,Montemarzino,unchanged,,POSAS 2019/2025 direct comparison,sum,
006109,Morano sul Po,006109,Morano sul Po,unchanged,,POSAS 2019/2025 direct comparison,sum,
006110,Morbello,006110,Morbello,unchanged,,POSAS 2019/2025 direct comparison,sum,
006111,Mornese,006111,Mornese,unchanged,,POSAS 2019/2025 direct comparison,sum,
006112,Morsasco,006112,Morsasco,unchanged,,POSAS 2019/2025 direct comparison,sum,
006113,Murisengo,006113,Murisengo,unchanged,,POSAS 2019/2025 direct comparison,sum,
006114,Novi Ligure,006114,Novi Ligure,unchanged,,POSAS 2019/2025 direct comparison,sum,
006115,Occimiano,006115,Occimiano,unchanged,,POSAS 2019/2025 direct comparison,sum,
006116,Odalengo Grande,006116,Odalengo Grande,unchanged,,POSAS 2019/2025 direct comparison,sum,
006117,Odalengo Piccolo,006117,Odalengo Piccolo,unchanged,,POSAS 2019/2025 direct comparison,sum,
006118,Olivola,006118,Olivola,unchanged,,POSAS 2019/2025 direct comparison,sum,
006119,Orsara Bormida,006119,Orsara Bormida,unchanged,,POSAS 2019/2025 direct comparison,sum,
006120,Ottiglio,006120,Ottiglio,unchanged,,POSAS 2019/2025 direct comparison,sum,
006121,Ovada,006121,Ovada,unchanged,,POSAS 2019/2025 direct comparison,sum,
006122,Oviglio,006122,Oviglio,unchanged,,POSAS 2019/2025 direct comparison,sum,
006123,Ozzano Monferrato,006123,Ozzano Monferrato,unchanged,,POSAS 2019/2025 direct comparison,sum,
006124,Paderna,006124,Paderna,unchanged,,POSAS 2019/2025 direct comparison,sum,
006125,Pareto,006125,Pareto,unchanged,,POSAS 2019/2025 direct comparison,sum,
006126,Parodi Ligure,006126,Parodi Ligure,unchanged,,POSAS 2019/2025 direct comparison,sum,
006127,Pasturana,006127,Pasturana,unchanged,,POSAS 2019/2025 direct comparison,sum,
006128,Pecetto di Valenza,006128,Pecetto di Valenza,unchanged,,POSAS 2019/2025 direct comparison,sum,
006129,Pietra Marazzi,006129,Pietra Marazzi,unchanged,,POSAS 2019/2025 direct comparison,sum,
006131,Pomaro Monferrato,006131,Pomaro Monferrato,unchanged,,POSAS 2019/2025 direct comparison,sum,
006132,Pontecurone,006132,Pontecurone,unchanged,,POSAS 2019/2025 direct comparison,sum,
006133,Pontestura,006133,Pontestura,unchanged,,POSAS 2019/2025 direct comparison,sum,
006134,Ponti,006134,Ponti,unchanged,,POSAS 2019/2025 direct comparison,sum,
006135,Ponzano Monferrato,006135,Ponzano Monferrato,unchanged,,POSAS 2019/2025 direct comparison,sum,
006136,Ponzone,006136,Ponzone,unchanged,,POSAS 2019/2025 direct comparison,sum,
006137,Pozzol Groppo,006137,Pozzol Groppo,unchanged,,POSAS 2019/2025 direct comparison,sum,
006138,Pozzolo Formigaro,006138,Pozzolo Formigaro,unchanged,,POSAS 2019/2025 direct comparison,sum,
006139,Prasco,006139,Prasco,unchanged,,POSAS 2019/2025 direct comparison,sum,
006140,Predosa,006140,Predosa,unchanged,,POSAS 2019/2025 direct comparison,sum,
006141,Quargnento,006141,Quargnento,unchanged,,POSAS 2019/2025 direct comparison,sum,
006142,Quattordio,006142,Quattordio,unchanged,,POSAS 2019/2025 direct comparison,sum,
006143,Ricaldone,006143,Ricaldone,unchanged,,POSAS 2019/2025 direct comparison,sum,
006144,Rivalta Bormida,006144,Rivalta Bormida,unchanged,,POSAS 2019/2025 direct comparison,sum,
006145,Rivarone,006145,Rivarone,unchanged,,POSAS 2019/2025 direct comparison,sum,
006146,Roccaforte Ligure,006146,Roccaforte Ligure,unchanged,,POSAS 2019/2025 direct comparison,sum,
006147,Rocca Grimalda,006147,Rocca Grimalda,unchanged,,POSAS 2019/2025 direct comparison,sum,
006148,Rocchetta Ligure,006148,Rocchetta Ligure,unchanged,,POSAS 2019/2025 direct comparison,sum,
006149,Rosignano Monferrato,006149,Rosignano Monferrato,unchanged,,POSAS 2019/2025 direct comparison,sum,
006150,Sala Monferrato,006150,Sala Monferrato,unchanged,,POSAS 2019/2025 direct comparison,sum,
006151,Sale,006151,Sale,unchanged,,POSAS 2019/2025 direct comparison,sum,
006152,San Cristoforo,006152,San Cristoforo,unchanged,,POSAS 2019/2025 direct comparison,sum,
006153,San Giorgio Monferrato,006153,San Giorgio Monferrato,unchanged,,POSAS 2019/2025 direct comparison,sum,
006154,San Salvatore Monferrato,006154,San Salvatore Monferrato,unchanged,,POSAS 2019/2025 direct comparison,sum,
006155,San Sebastiano Curone,006155,San Sebastiano Curone,unchanged,,POSAS 2019/2025 direct comparison,sum,
006156,Sant'Agata Fossili,006156,Sant'Agata Fossili,unchanged,,POSAS 2019/2025 direct comparison,sum,
006157,Sardigliano,006157,Sardigliano,unchanged,,POSAS 2019/2025 direct comparison,sum,
006158,Sarezzano,006158,Sarezzano,unchanged,,POSAS 2019/2025 direct comparison,sum,
006159,Serralunga di Crea,006159,Serralunga di Crea,unchanged,,POSAS 2019/2025 direct comparison,sum,
006160,Serravalle Scrivia,006160,Serravalle Scrivia,unchanged,,POSAS 2019/2025 direct comparison,sum,
006161,Sezzadio,006161,Sezzadio,unchanged,,POSAS 2019/2025 direct comparison,sum,
006162,Silvano d'Orba,006162,Silvano d'Orba,unchanged,,POSAS 2019/2025 direct comparison,sum,
006163,Solero,006163,Solero,unchanged,,POSAS 2019/2025 direct comparison,sum,
006164,Solonghello,006164,Solonghello,unchanged,,POSAS 2019/2025 direct comparison,sum,
006165,Spigno Monferrato,006165,Spigno Monferrato,unchanged,,POSAS 2019/2025 direct comparison,sum,
006166,Spineto Scrivia,006166,Spineto Scrivia,unchanged,,POSAS 2019/2025 direct comparison,sum,
006167,Stazzano,006167,Stazzano,unchanged,,POSAS 2019/2025 direct comparison,sum,
006168,Strevi,006168,Strevi,unchanged,,POSAS 2019/2025 direct comparison,sum,
006169,Tagliolo Monferrato,006169,Tagliolo Monferrato,unchanged,,POSAS 2019/2025 direct comparison,sum,
006170,Tassarolo,006170,Tassarolo,unchanged,,POSAS 2019/2025 direct comparison,sum,
006171,Terruggia,006171,Terruggia,unchanged,,POSAS 2019/2025 direct comparison,sum,
006172,Terzo,006172,Terzo,unchanged,,POSAS 2019/2025 direct comparison,sum,
006173,Ticineto,006173,Ticineto,unchanged,,POSAS 2019/2025 direct comparison,sum,
006174,Tortona,006174,Tortona,unchanged,,POSAS 2019/2025 direct comparison,sum,
006175,Treville,006175,Treville,unchanged,,POSAS 2019/2025 direct comparison,sum,
006176,Trisobbio,006176,Trisobbio,unchanged,,POSAS 2019/2025 direct comparison,sum,
006177,Valenza,006177,Valenza,unchanged,,POSAS 2019/2025 direct comparison,sum,
006178,Valmacca,006178,Valmacca,unchanged,,POSAS 2019/2025 direct comparison,sum,
006179,Vignale Monferrato,006179,Vignale Monferrato,unchanged,,POSAS 2019/2025 direct comparison,sum,
006180,Vignole Borbera,006180,Vignole Borbera,unchanged,,POSAS 2019/2025 direct comparison,sum,
006181,Viguzzolo,006181,Viguzzolo,unchanged,,POSAS 2019/2025 direct comparison,sum,
006182,Villadeati,006182,Villadeati,unchanged,,POSAS 2019/2025 direct comparison,sum,
006183,Villalvernia,006183,Villalvernia,unchanged,,POSAS 2019/2025 direct comparison,sum,
006184,Villamiroglio,006184,Villamiroglio,unchanged,,POSAS 2019/2025 direct comparison,sum,
006185,Villanova Monferrato,006185,Villanova Monferrato,unchanged,,POSAS 2019/2025 direct comparison,sum,
006186,Villaromagnano,006186,Villaromagnano,unchanged,,POSAS 2019/2025 direct comparison,sum,
006187,Visone,006187,Visone,unchanged,,POSAS 2019/2025 direct comparison,sum,
006188,Volpedo,006188,Volpedo,unchanged,,POSAS 2019/2025 direct comparison,sum,
006189,Volpeglino,006189,Volpeglino,unchanged,,POSAS 2019/2025 direct comparison,sum,
006190,Voltaggio,006190,Voltaggio,unchanged,,POSAS 2019/2025 direct comparison,sum,
006191,Cassano Spinola,006191,Cassano Spinola,unchanged,,POSAS 2019/2025 direct comparison,sum,
006192,Alluvioni Piovera,006192,Alluvioni Piovera,unchanged,,POSAS 2019/2025 direct comparison,sum,
006193,Lu e Cuccaro Monferrato,006064,Cuccaro Monferrato,fusion,2019-02-01,https://www.istat.it/storage/codici-unita-amministrative/Novita-2025-2017.pdf,sum,
006193,Lu e Cuccaro Monferrato,006089,Lu,fusion,2019-02-01,https://www.istat.it/storage/codici-unita-amministrative/Novita-2025-2017.pdf,sum,
007001,Allein,007001,Allein,unchanged,,POSAS 2019/2025 direct comparison,sum,
007002,Antey-Saint-André,007002,Antey-Saint-André,unchanged,,POSAS 2019/2025 direct comparison,sum,
007003,Aosta,007003,Aosta,unchanged,,POSAS 2019/2025 direct comparison,sum,
007004,Arnad,007004,Arnad,unchanged,,POSAS 2019/2025 direct comparison,sum,
007005,Arvier,007005,Arvier,unchanged,,POSAS 2019/2025 direct comparison,sum,
007006,Avise,007006,Avise,unchanged,,POSAS 2019/2025 direct comparison,sum,
007007,Ayas,007007,Ayas,unchanged,,POSAS 2019/2025 direct comparison,sum,
007008,Aymavilles,007008,Aymavilles,unchanged,,POSAS 2019/2025 direct comparison,sum,
007009,Bard,007009,Bard,unchanged,,POSAS 2019/2025 direct comparison,sum,
007010,Bionaz,007010,Bionaz,unchanged,,POSAS 2019/2025 direct comparison,sum,
007011,Brissogne,007011,Brissogne,unchanged,,POSAS 2019/2025 direct comparison,sum,
007012,Brusson,007012,Brusson,unchanged,,POSAS 2019/2025 direct comparison,sum,
007013,Challand-Saint-Anselme,007013,Challand-Saint-Anselme,unchanged,,POSAS 2019/2025 direct comparison,sum,
007014,Challand-Saint-Victor,007014,Challand-Saint-Victor,unchanged,,POSAS 2019/2025 direct comparison,sum,
007015,Chambave,007015,Chambave,unchanged,,POSAS 2019/2025 direct comparison,sum,
007016,Chamois,007016,Chamois,unchanged,,POSAS 2019/2025 direct comparison,sum,
007017,Champdepraz,007017,Champdepraz,unchanged,,POSAS 2019/2025 direct comparison,sum,
007018,Champorcher,007018,Champorcher,unchanged,,POSAS 2019/2025 direct comparison,sum,
007019,Charvensod,007019,Charvensod,unchanged,,POSAS 2019/2025 direct comparison,sum,
007020,Châtillon,007020,Chatillon,name_string_change_same_code,,POSAS 2019/2025 direct comparison; official administrative-change classification only where separately documented.,sum,Denominazione 2019: Chatillon; denominazione 2025: Châtillon.
007021,Cogne,007021,Cogne,unchanged,,POSAS 2019/2025 direct comparison,sum,
007022,Courmayeur,007022,Courmayeur,unchanged,,POSAS 2019/2025 direct comparison,sum,
007023,Donnas,007023,Donnas,unchanged,,POSAS 2019/2025 direct comparison,sum,
007024,Doues,007024,Doues,unchanged,,POSAS 2019/2025 direct comparison,sum,
007025,Emarèse,007025,Emarèse,unchanged,,POSAS 2019/2025 direct comparison,sum,
007026,Etroubles,007026,Etroubles,unchanged,,POSAS 2019/2025 direct comparison,sum,
007027,Fénis,007027,Fénis,unchanged,,POSAS 2019/2025 direct comparison,sum,
007028,Fontainemore,007028,Fontainemore,unchanged,,POSAS 2019/2025 direct comparison,sum,
007029,Gaby,007029,Gaby,unchanged,,POSAS 2019/2025 direct comparison,sum,
007030,Gignod,007030,Gignod,unchanged,,POSAS 2019/2025 direct comparison,sum,
007031,Gressan,007031,Gressan,unchanged,,POSAS 2019/2025 direct comparison,sum,
007032,Gressoney-La-Trinité,007032,Gressoney-La-Trinitè,name_string_change_same_code,,POSAS 2019/2025 direct comparison; official administrative-change classification only where separately documented.,sum,Denominazione 2019: Gressoney-La-Trinitè; denominazione 2025: Gressoney-La-Trinité.
007033,Gressoney-Saint-Jean,007033,Gressoney-Saint-Jean,unchanged,,POSAS 2019/2025 direct comparison,sum,
007034,Hône,007034,Hône,unchanged,,POSAS 2019/2025 direct comparison,sum,
007035,Introd,007035,Introd,unchanged,,POSAS 2019/2025 direct comparison,sum,
007036,Issime,007036,Issime,unchanged,,POSAS 2019/2025 direct comparison,sum,
007037,Issogne,007037,Issogne,unchanged,,POSAS 2019/2025 direct comparison,sum,
007038,Jovençan,007038,Jovençan,unchanged,,POSAS 2019/2025 direct comparison,sum,
007039,La Magdeleine,007039,La Magdeleine,unchanged,,POSAS 2019/2025 direct comparison,sum,
007040,La Salle,007040,La Salle,unchanged,,POSAS 2019/2025 direct comparison,sum,
007041,La Thuile,007041,La Thuile,unchanged,,POSAS 2019/2025 direct comparison,sum,
007042,Lillianes,007042,Lillianes,unchanged,,POSAS 2019/2025 direct comparison,sum,
007043,Montjovet,007043,Montjovet,unchanged,,POSAS 2019/2025 direct comparison,sum,
007044,Morgex,007044,Morgex,unchanged,,POSAS 2019/2025 direct comparison,sum,
007045,Nus,007045,Nus,unchanged,,POSAS 2019/2025 direct comparison,sum,
007046,Ollomont,007046,Ollomont,unchanged,,POSAS 2019/2025 direct comparison,sum,
007047,Oyace,007047,Oyace,unchanged,,POSAS 2019/2025 direct comparison,sum,
007048,Perloz,007048,Perloz,unchanged,,POSAS 2019/2025 direct comparison,sum,
007049,Pollein,007049,Pollein,unchanged,,POSAS 2019/2025 direct comparison,sum,
007050,Pontboset,007050,Pontboset,unchanged,,POSAS 2019/2025 direct comparison,sum,
007051,Pontey,007051,Pontey,unchanged,,POSAS 2019/2025 direct comparison,sum,
007052,Pont-Saint-Martin,007052,Pont-Saint-Martin,unchanged,,POSAS 2019/2025 direct comparison,sum,
007053,Pré-Saint-Didier,007053,Pré-Saint-Didier,unchanged,,POSAS 2019/2025 direct comparison,sum,
007054,Quart,007054,Quart,unchanged,,POSAS 2019/2025 direct comparison,sum,
007055,Rhêmes-Notre-Dame,007055,Rhemes-Notre-Dame,name_string_change_same_code,,POSAS 2019/2025 direct comparison; official administrative-change classification only where separately documented.,sum,Denominazione 2019: Rhemes-Notre-Dame; denominazione 2025: Rhêmes-Notre-Dame.
007056,Rhêmes-Saint-Georges,007056,Rhemes-Saint-Georges,name_string_change_same_code,,POSAS 2019/2025 direct comparison; official administrative-change classification only where separately documented.,sum,Denominazione 2019: Rhemes-Saint-Georges; denominazione 2025: Rhêmes-Saint-Georges.
007057,Roisan,007057,Roisan,unchanged,,POSAS 2019/2025 direct comparison,sum,
007058,Saint-Christophe,007058,Saint-Christophe,unchanged,,POSAS 2019/2025 direct comparison,sum,
007059,Saint-Denis,007059,Saint-Denis,unchanged,,POSAS 2019/2025 direct comparison,sum,
007060,Saint-Marcel,007060,Saint-Marcel,unchanged,,POSAS 2019/2025 direct comparison,sum,
007061,Saint-Nicolas,007061,Saint-Nicolas,unchanged,,POSAS 2019/2025 direct comparison,sum,
007062,Saint-Oyen,007062,Saint-Oyen,unchanged,,POSAS 2019/2025 direct comparison,sum,
007063,Saint-Pierre,007063,Saint-Pierre,unchanged,,POSAS 2019/2025 direct comparison,sum,
007064,Saint-Rhémy-en-Bosses,007064,Saint-Rhémy-en-Bosses,unchanged,,POSAS 2019/2025 direct comparison,sum,
007065,Saint-Vincent,007065,Saint-Vincent,unchanged,,POSAS 2019/2025 direct comparison,sum,
007066,Sarre,007066,Sarre,unchanged,,POSAS 2019/2025 direct comparison,sum,
007067,Torgnon,007067,Torgnon,unchanged,,POSAS 2019/2025 direct comparison,sum,
007068,Valgrisenche,007068,Valgrisenche,unchanged,,POSAS 2019/2025 direct comparison,sum,
007069,Valpelline,007069,Valpelline,unchanged,,POSAS 2019/2025 direct comparison,sum,
007070,Valsavarenche,007070,Valsavarenche,unchanged,,POSAS 2019/2025 direct comparison,sum,
007071,Valtournenche,007071,Valtournenche,unchanged,,POSAS 2019/2025 direct comparison,sum,
007072,Verrayes,007072,Verrayes,unchanged,,POSAS 2019/2025 direct comparison,sum,
007073,Verrès,007073,Verrès,unchanged,,POSAS 2019/2025 direct comparison,sum,
007074,Villeneuve,007074,Villeneuve,unchanged,,POSAS 2019/2025 direct comparison,sum,
008001,Airole,008001,Airole,unchanged,,POSAS 2019/2025 direct comparison,sum,
008002,Apricale,008002,Apricale,unchanged,,POSAS 2019/2025 direct comparison,sum,
008003,Aquila d'Arroscia,008003,Aquila d'Arroscia,unchanged,,POSAS 2019/2025 direct comparison,sum,
008004,Armo,008004,Armo,unchanged,,POSAS 2019/2025 direct comparison,sum,
008005,Aurigo,008005,Aurigo,unchanged,,POSAS 2019/2025 direct comparison,sum,
008006,Badalucco,008006,Badalucco,unchanged,,POSAS 2019/2025 direct comparison,sum,
008007,Bajardo,008007,Bajardo,unchanged,,POSAS 2019/2025 direct comparison,sum,
008008,Bordighera,008008,Bordighera,unchanged,,POSAS 2019/2025 direct comparison,sum,
008009,Borghetto d'Arroscia,008009,Borghetto d'Arroscia,unchanged,,POSAS 2019/2025 direct comparison,sum,
008010,Borgomaro,008010,Borgomaro,unchanged,,POSAS 2019/2025 direct comparison,sum,
008011,Camporosso,008011,Camporosso,unchanged,,POSAS 2019/2025 direct comparison,sum,
008012,Caravonica,008012,Caravonica,unchanged,,POSAS 2019/2025 direct comparison,sum,
008014,Castellaro,008014,Castellaro,unchanged,,POSAS 2019/2025 direct comparison,sum,
008015,Castel Vittorio,008015,Castel Vittorio,unchanged,,POSAS 2019/2025 direct comparison,sum,
008016,Ceriana,008016,Ceriana,unchanged,,POSAS 2019/2025 direct comparison,sum,
008017,Cervo,008017,Cervo,unchanged,,POSAS 2019/2025 direct comparison,sum,
008018,Cesio,008018,Cesio,unchanged,,POSAS 2019/2025 direct comparison,sum,
008019,Chiusanico,008019,Chiusanico,unchanged,,POSAS 2019/2025 direct comparison,sum,
008020,Chiusavecchia,008020,Chiusavecchia,unchanged,,POSAS 2019/2025 direct comparison,sum,
008021,Cipressa,008021,Cipressa,unchanged,,POSAS 2019/2025 direct comparison,sum,
008022,Civezza,008022,Civezza,unchanged,,POSAS 2019/2025 direct comparison,sum,
008023,Cosio d'Arroscia,008023,Cosio d'Arroscia,unchanged,,POSAS 2019/2025 direct comparison,sum,
008024,Costarainera,008024,Costarainera,unchanged,,POSAS 2019/2025 direct comparison,sum,
008025,Diano Arentino,008025,Diano Arentino,unchanged,,POSAS 2019/2025 direct comparison,sum,
008026,Diano Castello,008026,Diano Castello,unchanged,,POSAS 2019/2025 direct comparison,sum,
008027,Diano Marina,008027,Diano Marina,unchanged,,POSAS 2019/2025 direct comparison,sum,
008028,Diano San Pietro,008028,Diano San Pietro,unchanged,,POSAS 2019/2025 direct comparison,sum,
008029,Dolceacqua,008029,Dolceacqua,unchanged,,POSAS 2019/2025 direct comparison,sum,
008030,Dolcedo,008030,Dolcedo,unchanged,,POSAS 2019/2025 direct comparison,sum,
008031,Imperia,008031,Imperia,unchanged,,POSAS 2019/2025 direct comparison,sum,
008032,Isolabona,008032,Isolabona,unchanged,,POSAS 2019/2025 direct comparison,sum,
008033,Lucinasco,008033,Lucinasco,unchanged,,POSAS 2019/2025 direct comparison,sum,
008034,Mendatica,008034,Mendatica,unchanged,,POSAS 2019/2025 direct comparison,sum,
008035,Molini di Triora,008035,Molini di Triora,unchanged,,POSAS 2019/2025 direct comparison,sum,
008037,Montegrosso Pian Latte,008037,Montegrosso Pian Latte,unchanged,,POSAS 2019/2025 direct comparison,sum,
008038,Olivetta San Michele,008038,Olivetta San Michele,unchanged,,POSAS 2019/2025 direct comparison,sum,
008039,Ospedaletti,008039,Ospedaletti,unchanged,,POSAS 2019/2025 direct comparison,sum,
008040,Perinaldo,008040,Perinaldo,unchanged,,POSAS 2019/2025 direct comparison,sum,
008041,Pietrabruna,008041,Pietrabruna,unchanged,,POSAS 2019/2025 direct comparison,sum,
008042,Pieve di Teco,008042,Pieve di Teco,unchanged,,POSAS 2019/2025 direct comparison,sum,
008043,Pigna,008043,Pigna,unchanged,,POSAS 2019/2025 direct comparison,sum,
008044,Pompeiana,008044,Pompeiana,unchanged,,POSAS 2019/2025 direct comparison,sum,
008045,Pontedassio,008045,Pontedassio,unchanged,,POSAS 2019/2025 direct comparison,sum,
008046,Pornassio,008046,Pornassio,unchanged,,POSAS 2019/2025 direct comparison,sum,
008047,Prelà,008047,Prelà,unchanged,,POSAS 2019/2025 direct comparison,sum,
008048,Ranzo,008048,Ranzo,unchanged,,POSAS 2019/2025 direct comparison,sum,
008049,Rezzo,008049,Rezzo,unchanged,,POSAS 2019/2025 direct comparison,sum,
008050,Riva Ligure,008050,Riva Ligure,unchanged,,POSAS 2019/2025 direct comparison,sum,
008051,Rocchetta Nervina,008051,Rocchetta Nervina,unchanged,,POSAS 2019/2025 direct comparison,sum,
008052,San Bartolomeo al Mare,008052,San Bartolomeo al Mare,unchanged,,POSAS 2019/2025 direct comparison,sum,
008053,San Biagio della Cima,008053,San Biagio della Cima,unchanged,,POSAS 2019/2025 direct comparison,sum,
008054,San Lorenzo al Mare,008054,San Lorenzo al Mare,unchanged,,POSAS 2019/2025 direct comparison,sum,
008055,Sanremo,008055,Sanremo,unchanged,,POSAS 2019/2025 direct comparison,sum,
008056,Santo Stefano al Mare,008056,Santo Stefano al Mare,unchanged,,POSAS 2019/2025 direct comparison,sum,
008057,Seborga,008057,Seborga,unchanged,,POSAS 2019/2025 direct comparison,sum,
008058,Soldano,008058,Soldano,unchanged,,POSAS 2019/2025 direct comparison,sum,
008059,Taggia,008059,Taggia,unchanged,,POSAS 2019/2025 direct comparison,sum,
008060,Terzorio,008060,Terzorio,unchanged,,POSAS 2019/2025 direct comparison,sum,
008061,Triora,008061,Triora,unchanged,,POSAS 2019/2025 direct comparison,sum,
008062,Vallebona,008062,Vallebona,unchanged,,POSAS 2019/2025 direct comparison,sum,
008063,Vallecrosia,008063,Vallecrosia,unchanged,,POSAS 2019/2025 direct comparison,sum,
008064,Vasia,008064,Vasia,unchanged,,POSAS 2019/2025 direct comparison,sum,
008065,Ventimiglia,008065,Ventimiglia,unchanged,,POSAS 2019/2025 direct comparison,sum,
008066,Vessalico,008066,Vessalico,unchanged,,POSAS 2019/2025 direct comparison,sum,
008067,Villa Faraldi,008067,Villa Faraldi,unchanged,,POSAS 2019/2025 direct comparison,sum,
008068,Montalto Carpasio,008068,Montalto Carpasio,unchanged,,POSAS 2019/2025 direct comparison,sum,
009001,Alassio,009001,Alassio,unchanged,,POSAS 2019/2025 direct comparison,sum,
009002,Albenga,009002,Albenga,unchanged,,POSAS 2019/2025 direct comparison,sum,
009003,Albissola Marina,009003,Albissola Marina,unchanged,,POSAS 2019/2025 direct comparison,sum,
009004,Albisola Superiore,009004,Albisola Superiore,unchanged,,POSAS 2019/2025 direct comparison,sum,
009005,Altare,009005,Altare,unchanged,,POSAS 2019/2025 direct comparison,sum,
009006,Andora,009006,Andora,unchanged,,POSAS 2019/2025 direct comparison,sum,
009007,Arnasco,009007,Arnasco,unchanged,,POSAS 2019/2025 direct comparison,sum,
009008,Balestrino,009008,Balestrino,unchanged,,POSAS 2019/2025 direct comparison,sum,
009009,Bardineto,009009,Bardineto,unchanged,,POSAS 2019/2025 direct comparison,sum,
009010,Bergeggi,009010,Bergeggi,unchanged,,POSAS 2019/2025 direct comparison,sum,
009011,Boissano,009011,Boissano,unchanged,,POSAS 2019/2025 direct comparison,sum,
009012,Borghetto Santo Spirito,009012,Borghetto Santo Spirito,unchanged,,POSAS 2019/2025 direct comparison,sum,
009013,Borgio Verezzi,009013,Borgio Verezzi,unchanged,,POSAS 2019/2025 direct comparison,sum,
009014,Bormida,009014,Bormida,unchanged,,POSAS 2019/2025 direct comparison,sum,
009015,Cairo Montenotte,009015,Cairo Montenotte,unchanged,,POSAS 2019/2025 direct comparison,sum,
009016,Calice Ligure,009016,Calice Ligure,unchanged,,POSAS 2019/2025 direct comparison,sum,
009017,Calizzano,009017,Calizzano,unchanged,,POSAS 2019/2025 direct comparison,sum,
009018,Carcare,009018,Carcare,unchanged,,POSAS 2019/2025 direct comparison,sum,
009019,Casanova Lerrone,009019,Casanova Lerrone,unchanged,,POSAS 2019/2025 direct comparison,sum,
009020,Castelbianco,009020,Castelbianco,unchanged,,POSAS 2019/2025 direct comparison,sum,
009021,Castelvecchio di Rocca Barbena,009021,Castelvecchio di Rocca Barbena,unchanged,,POSAS 2019/2025 direct comparison,sum,
009022,Celle Ligure,009022,Celle Ligure,unchanged,,POSAS 2019/2025 direct comparison,sum,
009023,Cengio,009023,Cengio,unchanged,,POSAS 2019/2025 direct comparison,sum,
009024,Ceriale,009024,Ceriale,unchanged,,POSAS 2019/2025 direct comparison,sum,
009025,Cisano sul Neva,009025,Cisano sul Neva,unchanged,,POSAS 2019/2025 direct comparison,sum,
009026,Cosseria,009026,Cosseria,unchanged,,POSAS 2019/2025 direct comparison,sum,
009027,Dego,009027,Dego,unchanged,,POSAS 2019/2025 direct comparison,sum,
009028,Erli,009028,Erli,unchanged,,POSAS 2019/2025 direct comparison,sum,
009029,Finale Ligure,009029,Finale Ligure,unchanged,,POSAS 2019/2025 direct comparison,sum,
009030,Garlenda,009030,Garlenda,unchanged,,POSAS 2019/2025 direct comparison,sum,
009031,Giustenice,009031,Giustenice,unchanged,,POSAS 2019/2025 direct comparison,sum,
009032,Giusvalla,009032,Giusvalla,unchanged,,POSAS 2019/2025 direct comparison,sum,
009033,Laigueglia,009033,Laigueglia,unchanged,,POSAS 2019/2025 direct comparison,sum,
009034,Loano,009034,Loano,unchanged,,POSAS 2019/2025 direct comparison,sum,
009035,Magliolo,009035,Magliolo,unchanged,,POSAS 2019/2025 direct comparison,sum,
009036,Mallare,009036,Mallare,unchanged,,POSAS 2019/2025 direct comparison,sum,
009037,Massimino,009037,Massimino,unchanged,,POSAS 2019/2025 direct comparison,sum,
009038,Millesimo,009038,Millesimo,unchanged,,POSAS 2019/2025 direct comparison,sum,
009039,Mioglia,009039,Mioglia,unchanged,,POSAS 2019/2025 direct comparison,sum,
009040,Murialdo,009040,Murialdo,unchanged,,POSAS 2019/2025 direct comparison,sum,
009041,Nasino,009041,Nasino,unchanged,,POSAS 2019/2025 direct comparison,sum,
009042,Noli,009042,Noli,unchanged,,POSAS 2019/2025 direct comparison,sum,
009043,Onzo,009043,Onzo,unchanged,,POSAS 2019/2025 direct comparison,sum,
009044,Orco Feglino,009044,Orco Feglino,unchanged,,POSAS 2019/2025 direct comparison,sum,
009045,Ortovero,009045,Ortovero,unchanged,,POSAS 2019/2025 direct comparison,sum,
009046,Osiglia,009046,Osiglia,unchanged,,POSAS 2019/2025 direct comparison,sum,
009047,Pallare,009047,Pallare,unchanged,,POSAS 2019/2025 direct comparison,sum,
009048,Piana Crixia,009048,Piana Crixia,unchanged,,POSAS 2019/2025 direct comparison,sum,
009049,Pietra Ligure,009049,Pietra Ligure,unchanged,,POSAS 2019/2025 direct comparison,sum,
009050,Plodio,009050,Plodio,unchanged,,POSAS 2019/2025 direct comparison,sum,
009051,Pontinvrea,009051,Pontinvrea,unchanged,,POSAS 2019/2025 direct comparison,sum,
009052,Quiliano,009052,Quiliano,unchanged,,POSAS 2019/2025 direct comparison,sum,
009053,Rialto,009053,Rialto,unchanged,,POSAS 2019/2025 direct comparison,sum,
009054,Roccavignale,009054,Roccavignale,unchanged,,POSAS 2019/2025 direct comparison,sum,
009055,Sassello,009055,Sassello,unchanged,,POSAS 2019/2025 direct comparison,sum,
009056,Savona,009056,Savona,unchanged,,POSAS 2019/2025 direct comparison,sum,
009057,Spotorno,009057,Spotorno,unchanged,,POSAS 2019/2025 direct comparison,sum,
009058,Stella,009058,Stella,unchanged,,POSAS 2019/2025 direct comparison,sum,
009059,Stellanello,009059,Stellanello,unchanged,,POSAS 2019/2025 direct comparison,sum,
009060,Testico,009060,Testico,unchanged,,POSAS 2019/2025 direct comparison,sum,
009061,Toirano,009061,Toirano,unchanged,,POSAS 2019/2025 direct comparison,sum,
009062,Tovo San Giacomo,009062,Tovo San Giacomo,unchanged,,POSAS 2019/2025 direct comparison,sum,
009063,Urbe,009063,Urbe,unchanged,,POSAS 2019/2025 direct comparison,sum,
009064,Vado Ligure,009064,Vado Ligure,unchanged,,POSAS 2019/2025 direct comparison,sum,
009065,Varazze,009065,Varazze,unchanged,,POSAS 2019/2025 direct comparison,sum,
009066,Vendone,009066,Vendone,unchanged,,POSAS 2019/2025 direct comparison,sum,
009067,Vezzi Portio,009067,Vezzi Portio,unchanged,,POSAS 2019/2025 direct comparison,sum,
009068,Villanova d'Albenga,009068,Villanova d'Albenga,unchanged,,POSAS 2019/2025 direct comparison,sum,
009069,Zuccarello,009069,Zuccarello,unchanged,,POSAS 2019/2025 direct comparison,sum,
010001,Arenzano,010001,Arenzano,unchanged,,POSAS 2019/2025 direct comparison,sum,
010002,Avegno,010002,Avegno,unchanged,,POSAS 2019/2025 direct comparison,sum,
010003,Bargagli,010003,Bargagli,unchanged,,POSAS 2019/2025 direct comparison,sum,
010004,Bogliasco,010004,Bogliasco,unchanged,,POSAS 2019/2025 direct comparison,sum,
010005,Borzonasca,010005,Borzonasca,unchanged,,POSAS 2019/2025 direct comparison,sum,
010006,Busalla,010006,Busalla,unchanged,,POSAS 2019/2025 direct comparison,sum,
010007,Camogli,010007,Camogli,unchanged,,POSAS 2019/2025 direct comparison,sum,
010008,Campo Ligure,010008,Campo Ligure,unchanged,,POSAS 2019/2025 direct comparison,sum,
010009,Campomorone,010009,Campomorone,unchanged,,POSAS 2019/2025 direct comparison,sum,
010010,Carasco,010010,Carasco,unchanged,,POSAS 2019/2025 direct comparison,sum,
010011,Casarza Ligure,010011,Casarza Ligure,unchanged,,POSAS 2019/2025 direct comparison,sum,
010012,Casella,010012,Casella,unchanged,,POSAS 2019/2025 direct comparison,sum,
010013,Castiglione Chiavarese,010013,Castiglione Chiavarese,unchanged,,POSAS 2019/2025 direct comparison,sum,
010014,Ceranesi,010014,Ceranesi,unchanged,,POSAS 2019/2025 direct comparison,sum,
010015,Chiavari,010015,Chiavari,unchanged,,POSAS 2019/2025 direct comparison,sum,
010016,Cicagna,010016,Cicagna,unchanged,,POSAS 2019/2025 direct comparison,sum,
010017,Cogoleto,010017,Cogoleto,unchanged,,POSAS 2019/2025 direct comparison,sum,
010018,Cogorno,010018,Cogorno,unchanged,,POSAS 2019/2025 direct comparison,sum,
010019,Coreglia Ligure,010019,Coreglia Ligure,unchanged,,POSAS 2019/2025 direct comparison,sum,
010020,Crocefieschi,010020,Crocefieschi,unchanged,,POSAS 2019/2025 direct comparison,sum,
010021,Davagna,010021,Davagna,unchanged,,POSAS 2019/2025 direct comparison,sum,
010022,Fascia,010022,Fascia,unchanged,,POSAS 2019/2025 direct comparison,sum,
010023,Favale di Malvaro,010023,Favale di Malvaro,unchanged,,POSAS 2019/2025 direct comparison,sum,
010024,Fontanigorda,010024,Fontanigorda,unchanged,,POSAS 2019/2025 direct comparison,sum,
010025,Genova,010025,Genova,unchanged,,POSAS 2019/2025 direct comparison,sum,
010026,Gorreto,010026,Gorreto,unchanged,,POSAS 2019/2025 direct comparison,sum,
010027,Isola del Cantone,010027,Isola del Cantone,unchanged,,POSAS 2019/2025 direct comparison,sum,
010028,Lavagna,010028,Lavagna,unchanged,,POSAS 2019/2025 direct comparison,sum,
010029,Leivi,010029,Leivi,unchanged,,POSAS 2019/2025 direct comparison,sum,
010030,Lorsica,010030,Lorsica,unchanged,,POSAS 2019/2025 direct comparison,sum,
010031,Lumarzo,010031,Lumarzo,unchanged,,POSAS 2019/2025 direct comparison,sum,
010032,Masone,010032,Masone,unchanged,,POSAS 2019/2025 direct comparison,sum,
010033,Mele,010033,Mele,unchanged,,POSAS 2019/2025 direct comparison,sum,
010034,Mezzanego,010034,Mezzanego,unchanged,,POSAS 2019/2025 direct comparison,sum,
010035,Mignanego,010035,Mignanego,unchanged,,POSAS 2019/2025 direct comparison,sum,
010036,Moconesi,010036,Moconesi,unchanged,,POSAS 2019/2025 direct comparison,sum,
010037,Moneglia,010037,Moneglia,unchanged,,POSAS 2019/2025 direct comparison,sum,
010038,Montebruno,010038,Montebruno,unchanged,,POSAS 2019/2025 direct comparison,sum,
010039,Montoggio,010039,Montoggio,unchanged,,POSAS 2019/2025 direct comparison,sum,
010040,Ne,010040,Ne,unchanged,,POSAS 2019/2025 direct comparison,sum,
010041,Neirone,010041,Neirone,unchanged,,POSAS 2019/2025 direct comparison,sum,
010042,Orero,010042,Orero,unchanged,,POSAS 2019/2025 direct comparison,sum,
010043,Pieve Ligure,010043,Pieve Ligure,unchanged,,POSAS 2019/2025 direct comparison,sum,
010044,Portofino,010044,Portofino,unchanged,,POSAS 2019/2025 direct comparison,sum,
010045,Propata,010045,Propata,unchanged,,POSAS 2019/2025 direct comparison,sum,
010046,Rapallo,010046,Rapallo,unchanged,,POSAS 2019/2025 direct comparison,sum,
010047,Recco,010047,Recco,unchanged,,POSAS 2019/2025 direct comparison,sum,
010048,Rezzoaglio,010048,Rezzoaglio,unchanged,,POSAS 2019/2025 direct comparison,sum,
010049,Ronco Scrivia,010049,Ronco Scrivia,unchanged,,POSAS 2019/2025 direct comparison,sum,
010050,Rondanina,010050,Rondanina,unchanged,,POSAS 2019/2025 direct comparison,sum,
010051,Rossiglione,010051,Rossiglione,unchanged,,POSAS 2019/2025 direct comparison,sum,
010052,Rovegno,010052,Rovegno,unchanged,,POSAS 2019/2025 direct comparison,sum,
010053,San Colombano Certenoli,010053,San Colombano Certenoli,unchanged,,POSAS 2019/2025 direct comparison,sum,
010054,Santa Margherita Ligure,010054,Santa Margherita Ligure,unchanged,,POSAS 2019/2025 direct comparison,sum,
010055,Sant'Olcese,010055,Sant'Olcese,unchanged,,POSAS 2019/2025 direct comparison,sum,
010056,Santo Stefano d'Aveto,010056,Santo Stefano d'Aveto,unchanged,,POSAS 2019/2025 direct comparison,sum,
010057,Savignone,010057,Savignone,unchanged,,POSAS 2019/2025 direct comparison,sum,
010058,Serra Riccò,010058,Serra Riccò,unchanged,,POSAS 2019/2025 direct comparison,sum,
010059,Sestri Levante,010059,Sestri Levante,unchanged,,POSAS 2019/2025 direct comparison,sum,
010060,Sori,010060,Sori,unchanged,,POSAS 2019/2025 direct comparison,sum,
010061,Tiglieto,010061,Tiglieto,unchanged,,POSAS 2019/2025 direct comparison,sum,
010062,Torriglia,010062,Torriglia,unchanged,,POSAS 2019/2025 direct comparison,sum,
010063,Tribogna,010063,Tribogna,unchanged,,POSAS 2019/2025 direct comparison,sum,
010064,Uscio,010064,Uscio,unchanged,,POSAS 2019/2025 direct comparison,sum,
010065,Valbrevenna,010065,Valbrevenna,unchanged,,POSAS 2019/2025 direct comparison,sum,
010066,Vobbia,010066,Vobbia,unchanged,,POSAS 2019/2025 direct comparison,sum,
010067,Zoagli,010067,Zoagli,unchanged,,POSAS 2019/2025 direct comparison,sum,
011001,Ameglia,011001,Ameglia,unchanged,,POSAS 2019/2025 direct comparison,sum,
011002,Arcola,011002,Arcola,unchanged,,POSAS 2019/2025 direct comparison,sum,
011003,Beverino,011003,Beverino,unchanged,,POSAS 2019/2025 direct comparison,sum,
011004,Bolano,011004,Bolano,unchanged,,POSAS 2019/2025 direct comparison,sum,
011005,Bonassola,011005,Bonassola,unchanged,,POSAS 2019/2025 direct comparison,sum,
011006,Borghetto di Vara,011006,Borghetto di Vara,unchanged,,POSAS 2019/2025 direct comparison,sum,
011007,Brugnato,011007,Brugnato,unchanged,,POSAS 2019/2025 direct comparison,sum,
011008,Calice al Cornoviglio,011008,Calice al Cornoviglio,unchanged,,POSAS 2019/2025 direct comparison,sum,
011009,Carro,011009,Carro,unchanged,,POSAS 2019/2025 direct comparison,sum,
011010,Carrodano,011010,Carrodano,unchanged,,POSAS 2019/2025 direct comparison,sum,
011011,Castelnuovo Magra,011011,Castelnuovo Magra,unchanged,,POSAS 2019/2025 direct comparison,sum,
011012,Deiva Marina,011012,Deiva Marina,unchanged,,POSAS 2019/2025 direct comparison,sum,
011013,Follo,011013,Follo,unchanged,,POSAS 2019/2025 direct comparison,sum,
011014,Framura,011014,Framura,unchanged,,POSAS 2019/2025 direct comparison,sum,
011015,La Spezia,011015,La Spezia,unchanged,,POSAS 2019/2025 direct comparison,sum,
011016,Lerici,011016,Lerici,unchanged,,POSAS 2019/2025 direct comparison,sum,
011017,Levanto,011017,Levanto,unchanged,,POSAS 2019/2025 direct comparison,sum,
011018,Maissana,011018,Maissana,unchanged,,POSAS 2019/2025 direct comparison,sum,
011019,Monterosso al Mare,011019,Monterosso al Mare,unchanged,,POSAS 2019/2025 direct comparison,sum,
011020,Luni,011020,Luni,unchanged,,POSAS 2019/2025 direct comparison,sum,
011021,Pignone,011021,Pignone,unchanged,,POSAS 2019/2025 direct comparison,sum,
011022,Portovenere,011022,Portovenere,unchanged,,POSAS 2019/2025 direct comparison,sum,
011023,Riccò del Golfo di Spezia,011023,Riccò del Golfo di Spezia,unchanged,,POSAS 2019/2025 direct comparison,sum,
011024,Riomaggiore,011024,Riomaggiore,unchanged,,POSAS 2019/2025 direct comparison,sum,
011025,Rocchetta di Vara,011025,Rocchetta di Vara,unchanged,,POSAS 2019/2025 direct comparison,sum,
011026,Santo Stefano di Magra,011026,Santo Stefano di Magra,unchanged,,POSAS 2019/2025 direct comparison,sum,
011027,Sarzana,011027,Sarzana,unchanged,,POSAS 2019/2025 direct comparison,sum,
011028,Sesta Godano,011028,Sesta Godano,unchanged,,POSAS 2019/2025 direct comparison,sum,
011029,Varese Ligure,011029,Varese Ligure,unchanged,,POSAS 2019/2025 direct comparison,sum,
011030,Vernazza,011030,Vernazza,unchanged,,POSAS 2019/2025 direct comparison,sum,
011031,Vezzano Ligure,011031,Vezzano Ligure,unchanged,,POSAS 2019/2025 direct comparison,sum,
011032,Zignago,011032,Zignago,unchanged,,POSAS 2019/2025 direct comparison,sum,
012001,Agra,012001,Agra,unchanged,,POSAS 2019/2025 direct comparison,sum,
012002,Albizzate,012002,Albizzate,unchanged,,POSAS 2019/2025 direct comparison,sum,
012003,Angera,012003,Angera,unchanged,,POSAS 2019/2025 direct comparison,sum,
012004,Arcisate,012004,Arcisate,unchanged,,POSAS 2019/2025 direct comparison,sum,
012005,Arsago Seprio,012005,Arsago Seprio,unchanged,,POSAS 2019/2025 direct comparison,sum,
012006,Azzate,012006,Azzate,unchanged,,POSAS 2019/2025 direct comparison,sum,
012007,Azzio,012007,Azzio,unchanged,,POSAS 2019/2025 direct comparison,sum,
012008,Barasso,012008,Barasso,unchanged,,POSAS 2019/2025 direct comparison,sum,
012010,Bedero Valcuvia,012010,Bedero Valcuvia,unchanged,,POSAS 2019/2025 direct comparison,sum,
012011,Besano,012011,Besano,unchanged,,POSAS 2019/2025 direct comparison,sum,
012012,Besnate,012012,Besnate,unchanged,,POSAS 2019/2025 direct comparison,sum,
012013,Besozzo,012013,Besozzo,unchanged,,POSAS 2019/2025 direct comparison,sum,
012014,Biandronno,012014,Biandronno,unchanged,,POSAS 2019/2025 direct comparison,sum,
012015,Bisuschio,012015,Bisuschio,unchanged,,POSAS 2019/2025 direct comparison,sum,
012016,Bodio Lomnago,012016,Bodio Lomnago,unchanged,,POSAS 2019/2025 direct comparison,sum,
012017,Brebbia,012017,Brebbia,unchanged,,POSAS 2019/2025 direct comparison,sum,
012019,Brenta,012019,Brenta,unchanged,,POSAS 2019/2025 direct comparison,sum,
012020,Brezzo di Bedero,012020,Brezzo di Bedero,unchanged,,POSAS 2019/2025 direct comparison,sum,
012021,Brinzio,012021,Brinzio,unchanged,,POSAS 2019/2025 direct comparison,sum,
012022,Brissago-Valtravaglia,012022,Brissago-Valtravaglia,unchanged,,POSAS 2019/2025 direct comparison,sum,
012023,Brunello,012023,Brunello,unchanged,,POSAS 2019/2025 direct comparison,sum,
012024,Brusimpiano,012024,Brusimpiano,unchanged,,POSAS 2019/2025 direct comparison,sum,
012025,Buguggiate,012025,Buguggiate,unchanged,,POSAS 2019/2025 direct comparison,sum,
012026,Busto Arsizio,012026,Busto Arsizio,unchanged,,POSAS 2019/2025 direct comparison,sum,
012027,Cadegliano-Viconago,012027,Cadegliano-Viconago,unchanged,,POSAS 2019/2025 direct comparison,sum,
012029,Cairate,012029,Cairate,unchanged,,POSAS 2019/2025 direct comparison,sum,
012030,Cantello,012030,Cantello,unchanged,,POSAS 2019/2025 direct comparison,sum,
012031,Caravate,012031,Caravate,unchanged,,POSAS 2019/2025 direct comparison,sum,
012032,Cardano al Campo,012032,Cardano al Campo,unchanged,,POSAS 2019/2025 direct comparison,sum,
012033,Carnago,012033,Carnago,unchanged,,POSAS 2019/2025 direct comparison,sum,
012034,Caronno Pertusella,012034,Caronno Pertusella,unchanged,,POSAS 2019/2025 direct comparison,sum,
012035,Caronno Varesino,012035,Caronno Varesino,unchanged,,POSAS 2019/2025 direct comparison,sum,
012036,Casale Litta,012036,Casale Litta,unchanged,,POSAS 2019/2025 direct comparison,sum,
012037,Casalzuigno,012037,Casalzuigno,unchanged,,POSAS 2019/2025 direct comparison,sum,
012038,Casciago,012038,Casciago,unchanged,,POSAS 2019/2025 direct comparison,sum,
012039,Casorate Sempione,012039,Casorate Sempione,unchanged,,POSAS 2019/2025 direct comparison,sum,
012040,Cassano Magnago,012040,Cassano Magnago,unchanged,,POSAS 2019/2025 direct comparison,sum,
012041,Cassano Valcuvia,012041,Cassano Valcuvia,unchanged,,POSAS 2019/2025 direct comparison,sum,
012042,Castellanza,012042,Castellanza,unchanged,,POSAS 2019/2025 direct comparison,sum,
012043,Castello Cabiaglio,012043,Castello Cabiaglio,unchanged,,POSAS 2019/2025 direct comparison,sum,
012044,Castelseprio,012044,Castelseprio,unchanged,,POSAS 2019/2025 direct comparison,sum,
012045,Castelveccana,012045,Castelveccana,unchanged,,POSAS 2019/2025 direct comparison,sum,
012046,Castiglione Olona,012046,Castiglione Olona,unchanged,,POSAS 2019/2025 direct comparison,sum,
012047,Castronno,012047,Castronno,unchanged,,POSAS 2019/2025 direct comparison,sum,
012048,Cavaria con Premezzo,012048,Cavaria con Premezzo,unchanged,,POSAS 2019/2025 direct comparison,sum,
012049,Cazzago Brabbia,012049,Cazzago Brabbia,unchanged,,POSAS 2019/2025 direct comparison,sum,
012050,Cislago,012050,Cislago,unchanged,,POSAS 2019/2025 direct comparison,sum,
012051,Cittiglio,012051,Cittiglio,unchanged,,POSAS 2019/2025 direct comparison,sum,
012052,Clivio,012052,Clivio,unchanged,,POSAS 2019/2025 direct comparison,sum,
012053,Cocquio-Trevisago,012053,Cocquio-Trevisago,unchanged,,POSAS 2019/2025 direct comparison,sum,
012054,Comabbio,012054,Comabbio,unchanged,,POSAS 2019/2025 direct comparison,sum,
012055,Comerio,012055,Comerio,unchanged,,POSAS 2019/2025 direct comparison,sum,
012056,Cremenaga,012056,Cremenaga,unchanged,,POSAS 2019/2025 direct comparison,sum,
012057,Crosio della Valle,012057,Crosio della Valle,unchanged,,POSAS 2019/2025 direct comparison,sum,
012058,Cuasso al Monte,012058,Cuasso al Monte,unchanged,,POSAS 2019/2025 direct comparison,sum,
012059,Cugliate-Fabiasco,012059,Cugliate-Fabiasco,unchanged,,POSAS 2019/2025 direct comparison,sum,
012060,Cunardo,012060,Cunardo,unchanged,,POSAS 2019/2025 direct comparison,sum,
012061,Curiglia con Monteviasco,012061,Curiglia con Monteviasco,unchanged,,POSAS 2019/2025 direct comparison,sum,
012062,Cuveglio,012062,Cuveglio,unchanged,,POSAS 2019/2025 direct comparison,sum,
012063,Cuvio,012063,Cuvio,unchanged,,POSAS 2019/2025 direct comparison,sum,
012064,Daverio,012064,Daverio,unchanged,,POSAS 2019/2025 direct comparison,sum,
012065,Dumenza,012065,Dumenza,unchanged,,POSAS 2019/2025 direct comparison,sum,
012066,Duno,012066,Duno,unchanged,,POSAS 2019/2025 direct comparison,sum,
012067,Fagnano Olona,012067,Fagnano Olona,unchanged,,POSAS 2019/2025 direct comparison,sum,
012068,Ferno,012068,Ferno,unchanged,,POSAS 2019/2025 direct comparison,sum,
012069,Ferrera di Varese,012069,Ferrera di Varese,unchanged,,POSAS 2019/2025 direct comparison,sum,
012070,Gallarate,012070,Gallarate,unchanged,,POSAS 2019/2025 direct comparison,sum,
012071,Galliate Lombardo,012071,Galliate Lombardo,unchanged,,POSAS 2019/2025 direct comparison,sum,
012072,Gavirate,012072,Gavirate,unchanged,,POSAS 2019/2025 direct comparison,sum,
012073,Gazzada Schianno,012073,Gazzada Schianno,unchanged,,POSAS 2019/2025 direct comparison,sum,
012074,Gemonio,012074,Gemonio,unchanged,,POSAS 2019/2025 direct comparison,sum,
012075,Gerenzano,012075,Gerenzano,unchanged,,POSAS 2019/2025 direct comparison,sum,
012076,Germignaga,012076,Germignaga,unchanged,,POSAS 2019/2025 direct comparison,sum,
012077,Golasecca,012077,Golasecca,unchanged,,POSAS 2019/2025 direct comparison,sum,
012078,Gorla Maggiore,012078,Gorla Maggiore,unchanged,,POSAS 2019/2025 direct comparison,sum,
012079,Gorla Minore,012079,Gorla Minore,unchanged,,POSAS 2019/2025 direct comparison,sum,
012080,Gornate Olona,012080,Gornate Olona,unchanged,,POSAS 2019/2025 direct comparison,sum,
012081,Grantola,012081,Grantola,unchanged,,POSAS 2019/2025 direct comparison,sum,
012082,Inarzo,012082,Inarzo,unchanged,,POSAS 2019/2025 direct comparison,sum,
012083,Induno Olona,012083,Induno Olona,unchanged,,POSAS 2019/2025 direct comparison,sum,
012084,Ispra,012084,Ispra,unchanged,,POSAS 2019/2025 direct comparison,sum,
012085,Jerago con Orago,012085,Jerago con Orago,unchanged,,POSAS 2019/2025 direct comparison,sum,
012086,Lavena Ponte Tresa,012086,Lavena Ponte Tresa,unchanged,,POSAS 2019/2025 direct comparison,sum,
012087,Laveno-Mombello,012087,Laveno-Mombello,unchanged,,POSAS 2019/2025 direct comparison,sum,
012088,Leggiuno,012088,Leggiuno,unchanged,,POSAS 2019/2025 direct comparison,sum,
012089,Lonate Ceppino,012089,Lonate Ceppino,unchanged,,POSAS 2019/2025 direct comparison,sum,
012090,Lonate Pozzolo,012090,Lonate Pozzolo,unchanged,,POSAS 2019/2025 direct comparison,sum,
012091,Lozza,012091,Lozza,unchanged,,POSAS 2019/2025 direct comparison,sum,
012092,Luino,012092,Luino,unchanged,,POSAS 2019/2025 direct comparison,sum,
012093,Luvinate,012093,Luvinate,unchanged,,POSAS 2019/2025 direct comparison,sum,
012096,Malnate,012096,Malnate,unchanged,,POSAS 2019/2025 direct comparison,sum,
012097,Marchirolo,012097,Marchirolo,unchanged,,POSAS 2019/2025 direct comparison,sum,
012098,Marnate,012098,Marnate,unchanged,,POSAS 2019/2025 direct comparison,sum,
012099,Marzio,012099,Marzio,unchanged,,POSAS 2019/2025 direct comparison,sum,
012100,Masciago Primo,012100,Masciago Primo,unchanged,,POSAS 2019/2025 direct comparison,sum,
012101,Mercallo,012101,Mercallo,unchanged,,POSAS 2019/2025 direct comparison,sum,
012102,Mesenzana,012102,Mesenzana,unchanged,,POSAS 2019/2025 direct comparison,sum,
012103,Montegrino Valtravaglia,012103,Montegrino Valtravaglia,unchanged,,POSAS 2019/2025 direct comparison,sum,
012104,Monvalle,012104,Monvalle,unchanged,,POSAS 2019/2025 direct comparison,sum,
012105,Morazzone,012105,Morazzone,unchanged,,POSAS 2019/2025 direct comparison,sum,
012106,Mornago,012106,Mornago,unchanged,,POSAS 2019/2025 direct comparison,sum,
012107,Oggiona con Santo Stefano,012107,Oggiona con Santo Stefano,unchanged,,POSAS 2019/2025 direct comparison,sum,
012108,Olgiate Olona,012108,Olgiate Olona,unchanged,,POSAS 2019/2025 direct comparison,sum,
012109,Origgio,012109,Origgio,unchanged,,POSAS 2019/2025 direct comparison,sum,
012110,Orino,012110,Orino,unchanged,,POSAS 2019/2025 direct comparison,sum,
012113,Porto Ceresio,012113,Porto Ceresio,unchanged,,POSAS 2019/2025 direct comparison,sum,
012114,Porto Valtravaglia,012114,Porto Valtravaglia,unchanged,,POSAS 2019/2025 direct comparison,sum,
012115,Rancio Valcuvia,012115,Rancio Valcuvia,unchanged,,POSAS 2019/2025 direct comparison,sum,
012116,Ranco,012116,Ranco,unchanged,,POSAS 2019/2025 direct comparison,sum,
012117,Saltrio,012117,Saltrio,unchanged,,POSAS 2019/2025 direct comparison,sum,
012118,Samarate,012118,Samarate,unchanged,,POSAS 2019/2025 direct comparison,sum,
012119,Saronno,012119,Saronno,unchanged,,POSAS 2019/2025 direct comparison,sum,
012120,Sesto Calende,012120,Sesto Calende,unchanged,,POSAS 2019/2025 direct comparison,sum,
012121,Solbiate Arno,012121,Solbiate Arno,unchanged,,POSAS 2019/2025 direct comparison,sum,
012122,Solbiate Olona,012122,Solbiate Olona,unchanged,,POSAS 2019/2025 direct comparison,sum,
012123,Somma Lombardo,012123,Somma Lombardo,unchanged,,POSAS 2019/2025 direct comparison,sum,
012124,Sumirago,012124,Sumirago,unchanged,,POSAS 2019/2025 direct comparison,sum,
012125,Taino,012125,Taino,unchanged,,POSAS 2019/2025 direct comparison,sum,
012126,Ternate,012126,Ternate,unchanged,,POSAS 2019/2025 direct comparison,sum,
012127,Tradate,012127,Tradate,unchanged,,POSAS 2019/2025 direct comparison,sum,
012128,Travedona-Monate,012128,Travedona-Monate,unchanged,,POSAS 2019/2025 direct comparison,sum,
012129,Tronzano Lago Maggiore,012129,Tronzano Lago Maggiore,unchanged,,POSAS 2019/2025 direct comparison,sum,
012130,Uboldo,012130,Uboldo,unchanged,,POSAS 2019/2025 direct comparison,sum,
012131,Valganna,012131,Valganna,unchanged,,POSAS 2019/2025 direct comparison,sum,
012132,Varano Borghi,012132,Varano Borghi,unchanged,,POSAS 2019/2025 direct comparison,sum,
012133,Varese,012133,Varese,unchanged,,POSAS 2019/2025 direct comparison,sum,
012134,Vedano Olona,012134,Vedano Olona,unchanged,,POSAS 2019/2025 direct comparison,sum,
012136,Venegono Inferiore,012136,Venegono Inferiore,unchanged,,POSAS 2019/2025 direct comparison,sum,
012137,Venegono Superiore,012137,Venegono Superiore,unchanged,,POSAS 2019/2025 direct comparison,sum,
012138,Vergiate,012138,Vergiate,unchanged,,POSAS 2019/2025 direct comparison,sum,
012139,Viggiù,012139,Viggiù,unchanged,,POSAS 2019/2025 direct comparison,sum,
012140,Vizzola Ticino,012140,Vizzola Ticino,unchanged,,POSAS 2019/2025 direct comparison,sum,
012141,Sangiano,012141,Sangiano,unchanged,,POSAS 2019/2025 direct comparison,sum,
012142,Maccagno con Pino e Veddasca,012142,Maccagno con Pino e Veddasca,unchanged,,POSAS 2019/2025 direct comparison,sum,
012143,Cadrezzate con Osmate,012028,Cadrezzate,fusion,2019-02-15,https://www.istat.it/storage/codici-unita-amministrative/Novita-2025-2017.pdf,sum,
012143,Cadrezzate con Osmate,012111,Osmate,fusion,2019-02-15,https://www.istat.it/storage/codici-unita-amministrative/Novita-2025-2017.pdf,sum,
012144,Bardello con Malgesso e Bregano,012009,Bardello,fusion,2023-01-01,https://www.istat.it/storage/codici-unita-amministrative/Novita-2025-2017.pdf,sum,
012144,Bardello con Malgesso e Bregano,012018,Bregano,fusion,2023-01-01,https://www.istat.it/storage/codici-unita-amministrative/Novita-2025-2017.pdf,sum,
012144,Bardello con Malgesso e Bregano,012095,Malgesso,fusion,2023-01-01,https://www.istat.it/storage/codici-unita-amministrative/Novita-2025-2017.pdf,sum,
013003,Albavilla,013003,Albavilla,unchanged,,POSAS 2019/2025 direct comparison,sum,
013004,Albese con Cassano,013004,Albese con Cassano,unchanged,,POSAS 2019/2025 direct comparison,sum,
013005,Albiolo,013005,Albiolo,unchanged,,POSAS 2019/2025 direct comparison,sum,
013006,Alserio,013006,Alserio,unchanged,,POSAS 2019/2025 direct comparison,sum,
013007,Alzate Brianza,013007,Alzate Brianza,unchanged,,POSAS 2019/2025 direct comparison,sum,
013009,Anzano del Parco,013009,Anzano del Parco,unchanged,,POSAS 2019/2025 direct comparison,sum,
013010,Appiano Gentile,013010,Appiano Gentile,unchanged,,POSAS 2019/2025 direct comparison,sum,
013011,Argegno,013011,Argegno,unchanged,,POSAS 2019/2025 direct comparison,sum,
013012,Arosio,013012,Arosio,unchanged,,POSAS 2019/2025 direct comparison,sum,
013013,Asso,013013,Asso,unchanged,,POSAS 2019/2025 direct comparison,sum,
013015,Barni,013015,Barni,unchanged,,POSAS 2019/2025 direct comparison,sum,
013021,Bene Lario,013021,Bene Lario,unchanged,,POSAS 2019/2025 direct comparison,sum,
013022,Beregazzo con Figliaro,013022,Beregazzo con Figliaro,unchanged,,POSAS 2019/2025 direct comparison,sum,
013023,Binago,013023,Binago,unchanged,,POSAS 2019/2025 direct comparison,sum,
013024,Bizzarone,013024,Bizzarone,unchanged,,POSAS 2019/2025 direct comparison,sum,
013025,Blessagno,013025,Blessagno,unchanged,,POSAS 2019/2025 direct comparison,sum,
013026,Blevio,013026,Blevio,unchanged,,POSAS 2019/2025 direct comparison,sum,
013028,Bregnano,013028,Bregnano,unchanged,,POSAS 2019/2025 direct comparison,sum,
013029,Brenna,013029,Brenna,unchanged,,POSAS 2019/2025 direct comparison,sum,
013030,Brienno,013030,Brienno,unchanged,,POSAS 2019/2025 direct comparison,sum,
013032,Brunate,013032,Brunate,unchanged,,POSAS 2019/2025 direct comparison,sum,
013034,Bulgarograsso,013034,Bulgarograsso,unchanged,,POSAS 2019/2025 direct comparison,sum,
013035,Cabiate,013035,Cabiate,unchanged,,POSAS 2019/2025 direct comparison,sum,
013036,Cadorago,013036,Cadorago,unchanged,,POSAS 2019/2025 direct comparison,sum,
013037,Caglio,013037,Caglio,unchanged,,POSAS 2019/2025 direct comparison,sum,
013040,Campione d'Italia,013040,Campione d'Italia,unchanged,,POSAS 2019/2025 direct comparison,sum,
013041,Cantù,013041,Cantù,unchanged,,POSAS 2019/2025 direct comparison,sum,
013042,Canzo,013042,Canzo,unchanged,,POSAS 2019/2025 direct comparison,sum,
013043,Capiago Intimiano,013043,Capiago Intimiano,unchanged,,POSAS 2019/2025 direct comparison,sum,
013044,Carate Urio,013044,Carate Urio,unchanged,,POSAS 2019/2025 direct comparison,sum,
013045,Carbonate,013045,Carbonate,unchanged,,POSAS 2019/2025 direct comparison,sum,
013046,Carimate,013046,Carimate,unchanged,,POSAS 2019/2025 direct comparison,sum,
013047,Carlazzo,013047,Carlazzo,unchanged,,POSAS 2019/2025 direct comparison,sum,
013048,Carugo,013048,Carugo,unchanged,,POSAS 2019/2025 direct comparison,sum,
013052,Caslino d'Erba,013052,Caslino d'Erba,unchanged,,POSAS 2019/2025 direct comparison,sum,
013053,Casnate con Bernate,013053,Casnate con Bernate,unchanged,,POSAS 2019/2025 direct comparison,sum,
013055,Cassina Rizzardi,013055,Cassina Rizzardi,unchanged,,POSAS 2019/2025 direct comparison,sum,
013058,Castelmarte,013058,Castelmarte,unchanged,,POSAS 2019/2025 direct comparison,sum,
013059,Castelnuovo Bozzente,013059,Castelnuovo Bozzente,unchanged,,POSAS 2019/2025 direct comparison,sum,
013062,Cavargna,013062,Cavargna,unchanged,,POSAS 2019/2025 direct comparison,sum,
013063,Cerano d'Intelvi,013063,Cerano d'Intelvi,unchanged,,POSAS 2019/2025 direct comparison,sum,
013064,Cermenate,013064,Cermenate,unchanged,,POSAS 2019/2025 direct comparison,sum,
013065,Cernobbio,013065,Cernobbio,unchanged,,POSAS 2019/2025 direct comparison,sum,
013068,Cirimido,013068,Cirimido,unchanged,,POSAS 2019/2025 direct comparison,sum,
013071,Claino con Osteno,013071,Claino con Osteno,unchanged,,POSAS 2019/2025 direct comparison,sum,
013074,Colonno,013074,Colonno,unchanged,,POSAS 2019/2025 direct comparison,sum,
013075,Como,013075,Como,unchanged,,POSAS 2019/2025 direct comparison,sum,
013077,Corrido,013077,Corrido,unchanged,,POSAS 2019/2025 direct comparison,sum,
013083,Cremia,013083,Cremia,unchanged,,POSAS 2019/2025 direct comparison,sum,
013084,Cucciago,013084,Cucciago,unchanged,,POSAS 2019/2025 direct comparison,sum,
013085,Cusino,013085,Cusino,unchanged,,POSAS 2019/2025 direct comparison,sum,
013087,Dizzasco,013087,Dizzasco,unchanged,,POSAS 2019/2025 direct comparison,sum,
013089,Domaso,013089,Domaso,unchanged,,POSAS 2019/2025 direct comparison,sum,
013090,Dongo,013090,Dongo,unchanged,,POSAS 2019/2025 direct comparison,sum,
013092,Dosso del Liro,013092,Dosso del Liro,unchanged,,POSAS 2019/2025 direct comparison,sum,
013095,Erba,013095,Erba,unchanged,,POSAS 2019/2025 direct comparison,sum,
013097,Eupilio,013097,Eupilio,unchanged,,POSAS 2019/2025 direct comparison,sum,
013098,Faggeto Lario,013098,Faggeto Lario,unchanged,,POSAS 2019/2025 direct comparison,sum,
013099,Faloppio,013099,Faloppio,unchanged,,POSAS 2019/2025 direct comparison,sum,
013100,Fenegrò,013100,Fenegrò,unchanged,,POSAS 2019/2025 direct comparison,sum,
013101,Figino Serenza,013101,Figino Serenza,unchanged,,POSAS 2019/2025 direct comparison,sum,
013102,Fino Mornasco,013102,Fino Mornasco,unchanged,,POSAS 2019/2025 direct comparison,sum,
013106,Garzeno,013106,Garzeno,unchanged,,POSAS 2019/2025 direct comparison,sum,
013107,Gera Lario,013107,Gera Lario,unchanged,,POSAS 2019/2025 direct comparison,sum,
013110,Grandate,013110,Grandate,unchanged,,POSAS 2019/2025 direct comparison,sum,
013111,Grandola ed Uniti,013111,Grandola ed Uniti,unchanged,,POSAS 2019/2025 direct comparison,sum,
013113,Griante,013113,Griante,unchanged,,POSAS 2019/2025 direct comparison,sum,
013114,Guanzate,013114,Guanzate,unchanged,,POSAS 2019/2025 direct comparison,sum,
013118,Inverigo,013118,Inverigo,unchanged,,POSAS 2019/2025 direct comparison,sum,
013119,Laglio,013119,Laglio,unchanged,,POSAS 2019/2025 direct comparison,sum,
013120,Laino,013120,Laino,unchanged,,POSAS 2019/2025 direct comparison,sum,
013121,Lambrugo,013121,Lambrugo,unchanged,,POSAS 2019/2025 direct comparison,sum,
013123,Lasnigo,013123,Lasnigo,unchanged,,POSAS 2019/2025 direct comparison,sum,
013126,Lezzeno,013126,Lezzeno,unchanged,,POSAS 2019/2025 direct comparison,sum,
013128,Limido Comasco,013128,Limido Comasco,unchanged,,POSAS 2019/2025 direct comparison,sum,
013129,Lipomo,013129,Lipomo,unchanged,,POSAS 2019/2025 direct comparison,sum,
013130,Livo,013130,Livo,unchanged,,POSAS 2019/2025 direct comparison,sum,
013131,Locate Varesino,013131,Locate Varesino,unchanged,,POSAS 2019/2025 direct comparison,sum,
013133,Lomazzo,013133,Lomazzo,unchanged,,POSAS 2019/2025 direct comparison,sum,
013134,Longone al Segrino,013134,Longone al Segrino,unchanged,,POSAS 2019/2025 direct comparison,sum,
013135,Luisago,013135,Luisago,unchanged,,POSAS 2019/2025 direct comparison,sum,
013136,Lurago d'Erba,013136,Lurago d'Erba,unchanged,,POSAS 2019/2025 direct comparison,sum,
013137,Lurago Marinone,013137,Lurago Marinone,unchanged,,POSAS 2019/2025 direct comparison,sum,
013138,Lurate Caccivio,013138,Lurate Caccivio,unchanged,,POSAS 2019/2025 direct comparison,sum,
013139,Magreglio,013139,Magreglio,unchanged,,POSAS 2019/2025 direct comparison,sum,
013143,Mariano Comense,013143,Mariano Comense,unchanged,,POSAS 2019/2025 direct comparison,sum,
013144,Maslianico,013144,Maslianico,unchanged,,POSAS 2019/2025 direct comparison,sum,
013145,Menaggio,013145,Menaggio,unchanged,,POSAS 2019/2025 direct comparison,sum,
013147,Merone,013147,Merone,unchanged,,POSAS 2019/2025 direct comparison,sum,
013152,Moltrasio,013152,Moltrasio,unchanged,,POSAS 2019/2025 direct comparison,sum,
013153,Monguzzo,013153,Monguzzo,unchanged,,POSAS 2019/2025 direct comparison,sum,
013154,Montano Lucino,013154,Montano Lucino,unchanged,,POSAS 2019/2025 direct comparison,sum,
013155,Montemezzo,013155,Montemezzo,unchanged,,POSAS 2019/2025 direct comparison,sum,
013157,Montorfano,013157,Montorfano,unchanged,,POSAS 2019/2025 direct comparison,sum,
013159,Mozzate,013159,Mozzate,unchanged,,POSAS 2019/2025 direct comparison,sum,
013160,Musso,013160,Musso,unchanged,,POSAS 2019/2025 direct comparison,sum,
013161,Nesso,013161,Nesso,unchanged,,POSAS 2019/2025 direct comparison,sum,
013163,Novedrate,013163,Novedrate,unchanged,,POSAS 2019/2025 direct comparison,sum,
013165,Olgiate Comasco,013165,Olgiate Comasco,unchanged,,POSAS 2019/2025 direct comparison,sum,
013169,Oltrona di San Mamette,013169,Oltrona di San Mamette,unchanged,,POSAS 2019/2025 direct comparison,sum,
013170,Orsenigo,013170,Orsenigo,unchanged,,POSAS 2019/2025 direct comparison,sum,
013178,Peglio,013178,Peglio,unchanged,,POSAS 2019/2025 direct comparison,sum,
013183,Pianello del Lario,013183,Pianello del Lario,unchanged,,POSAS 2019/2025 direct comparison,sum,
013184,Pigra,013184,Pigra,unchanged,,POSAS 2019/2025 direct comparison,sum,
013185,Plesio,013185,Plesio,unchanged,,POSAS 2019/2025 direct comparison,sum,
013186,Pognana Lario,013186,Pognana Lario,unchanged,,POSAS 2019/2025 direct comparison,sum,
013187,Ponna,013187,Ponna,unchanged,,POSAS 2019/2025 direct comparison,sum,
013188,Ponte Lambro,013188,Ponte Lambro,unchanged,,POSAS 2019/2025 direct comparison,sum,
013189,Porlezza,013189,Porlezza,unchanged,,POSAS 2019/2025 direct comparison,sum,
013192,Proserpio,013192,Proserpio,unchanged,,POSAS 2019/2025 direct comparison,sum,
013193,Pusiano,013193,Pusiano,unchanged,,POSAS 2019/2025 direct comparison,sum,
013195,Rezzago,013195,Rezzago,unchanged,,POSAS 2019/2025 direct comparison,sum,
013197,Rodero,013197,Rodero,unchanged,,POSAS 2019/2025 direct comparison,sum,
013201,Rovellasca,013201,Rovellasca,unchanged,,POSAS 2019/2025 direct comparison,sum,
013202,Rovello Porro,013202,Rovello Porro,unchanged,,POSAS 2019/2025 direct comparison,sum,
013203,Sala Comacina,013203,Sala Comacina,unchanged,,POSAS 2019/2025 direct comparison,sum,
013204,San Bartolomeo Val Cavargna,013204,San Bartolomeo Val Cavargna,unchanged,,POSAS 2019/2025 direct comparison,sum,
013206,San Fermo della Battaglia,013206,San Fermo della Battaglia,unchanged,,POSAS 2019/2025 direct comparison,sum,
013207,San Nazzaro Val Cavargna,013207,San Nazzaro Val Cavargna,unchanged,,POSAS 2019/2025 direct comparison,sum,
013211,Schignano,013211,Schignano,unchanged,,POSAS 2019/2025 direct comparison,sum,
013212,Senna Comasco,013212,Senna Comasco,unchanged,,POSAS 2019/2025 direct comparison,sum,
013216,Sorico,013216,Sorico,unchanged,,POSAS 2019/2025 direct comparison,sum,
013217,Sormano,013217,Sormano,unchanged,,POSAS 2019/2025 direct comparison,sum,
013218,Stazzona,013218,Stazzona,unchanged,,POSAS 2019/2025 direct comparison,sum,
013222,Tavernerio,013222,Tavernerio,unchanged,,POSAS 2019/2025 direct comparison,sum,
013223,Torno,013223,Torno,unchanged,,POSAS 2019/2025 direct comparison,sum,
013226,Trezzone,013226,Trezzone,unchanged,,POSAS 2019/2025 direct comparison,sum,
013227,Turate,013227,Turate,unchanged,,POSAS 2019/2025 direct comparison,sum,
013229,Valbrona,013229,Valbrona,unchanged,,POSAS 2019/2025 direct comparison,sum,
013232,Valmorea,013232,Valmorea,unchanged,,POSAS 2019/2025 direct comparison,sum,
013233,Val Rezzo,013233,Val Rezzo,unchanged,,POSAS 2019/2025 direct comparison,sum,
013234,Valsolda,013234,Valsolda,unchanged,,POSAS 2019/2025 direct comparison,sum,
013236,Veleso,013236,Veleso,unchanged,,POSAS 2019/2025 direct comparison,sum,
013238,Veniano,013238,Veniano,unchanged,,POSAS 2019/2025 direct comparison,sum,
013239,Vercana,013239,Vercana,unchanged,,POSAS 2019/2025 direct comparison,sum,
013242,Vertemate con Minoprio,013242,Vertemate con Minoprio,unchanged,,POSAS 2019/2025 direct comparison,sum,
013245,Villa Guardia,013245,Villa Guardia,unchanged,,POSAS 2019/2025 direct comparison,sum,
013246,Zelbio,013246,Zelbio,unchanged,,POSAS 2019/2025 direct comparison,sum,
013248,San Siro,013248,San Siro,unchanged,,POSAS 2019/2025 direct comparison,sum,
013249,Gravedona ed Uniti,013249,Gravedona ed Uniti,unchanged,,POSAS 2019/2025 direct comparison,sum,
013250,Bellagio,013250,Bellagio,unchanged,,POSAS 2019/2025 direct comparison,sum,
013251,Colverde,013251,Colverde,unchanged,,POSAS 2019/2025 direct comparison,sum,
013252,Tremezzina,013252,Tremezzina,unchanged,,POSAS 2019/2025 direct comparison,sum,
013253,Alta Valle Intelvi,013253,Alta Valle Intelvi,unchanged,,POSAS 2019/2025 direct comparison,sum,
013254,Centro Valle Intelvi,013254,Centro Valle Intelvi,unchanged,,POSAS 2019/2025 direct comparison,sum,
013255,Solbiate con Cagno,013038,Cagno,fusion,2019-01-01,https://www.istat.it/storage/codici-unita-amministrative/Novita-2025-2017.pdf,sum,
013255,Solbiate con Cagno,013215,Solbiate,fusion,2019-01-01,https://www.istat.it/storage/codici-unita-amministrative/Novita-2025-2017.pdf,sum,
013256,Uggiate con Ronago,013199,Ronago,fusion,2024-01-01,https://www.istat.it/storage/codici-unita-amministrative/Novita-2025-2017.pdf,sum,
013256,Uggiate con Ronago,013228,Uggiate-Trevano,fusion,2024-01-01,https://www.istat.it/storage/codici-unita-amministrative/Novita-2025-2017.pdf,sum,
014001,Albaredo per San Marco,014001,Albaredo per San Marco,unchanged,,POSAS 2019/2025 direct comparison,sum,
014002,Albosaggia,014002,Albosaggia,unchanged,,POSAS 2019/2025 direct comparison,sum,
014003,Andalo Valtellino,014003,Andalo Valtellino,unchanged,,POSAS 2019/2025 direct comparison,sum,
014004,Aprica,014004,Aprica,unchanged,,POSAS 2019/2025 direct comparison,sum,
014005,Ardenno,014005,Ardenno,unchanged,,POSAS 2019/2025 direct comparison,sum,
014006,Bema,014006,Bema,unchanged,,POSAS 2019/2025 direct comparison,sum,
014007,Berbenno di Valtellina,014007,Berbenno di Valtellina,unchanged,,POSAS 2019/2025 direct comparison,sum,
014008,Bianzone,014008,Bianzone,unchanged,,POSAS 2019/2025 direct comparison,sum,
014009,Bormio,014009,Bormio,unchanged,,POSAS 2019/2025 direct comparison,sum,
014010,Buglio in Monte,014010,Buglio in Monte,unchanged,,POSAS 2019/2025 direct comparison,sum,
014011,Caiolo,014011,Caiolo,unchanged,,POSAS 2019/2025 direct comparison,sum,
014012,Campodolcino,014012,Campodolcino,unchanged,,POSAS 2019/2025 direct comparison,sum,
014013,Caspoggio,014013,Caspoggio,unchanged,,POSAS 2019/2025 direct comparison,sum,
014014,Castello dell'Acqua,014014,Castello dell'Acqua,unchanged,,POSAS 2019/2025 direct comparison,sum,
014015,Castione Andevenno,014015,Castione Andevenno,unchanged,,POSAS 2019/2025 direct comparison,sum,
014016,Cedrasco,014016,Cedrasco,unchanged,,POSAS 2019/2025 direct comparison,sum,
014017,Cercino,014017,Cercino,unchanged,,POSAS 2019/2025 direct comparison,sum,
014018,Chiavenna,014018,Chiavenna,unchanged,,POSAS 2019/2025 direct comparison,sum,
014019,Chiesa in Valmalenco,014019,Chiesa in Valmalenco,unchanged,,POSAS 2019/2025 direct comparison,sum,
014020,Chiuro,014020,Chiuro,unchanged,,POSAS 2019/2025 direct comparison,sum,
014021,Cino,014021,Cino,unchanged,,POSAS 2019/2025 direct comparison,sum,
014022,Civo,014022,Civo,unchanged,,POSAS 2019/2025 direct comparison,sum,
014023,Colorina,014023,Colorina,unchanged,,POSAS 2019/2025 direct comparison,sum,
014024,Cosio Valtellino,014024,Cosio Valtellino,unchanged,,POSAS 2019/2025 direct comparison,sum,
014025,Dazio,014025,Dazio,unchanged,,POSAS 2019/2025 direct comparison,sum,
014026,Delebio,014026,Delebio,unchanged,,POSAS 2019/2025 direct comparison,sum,
014027,Dubino,014027,Dubino,unchanged,,POSAS 2019/2025 direct comparison,sum,
014028,Faedo Valtellino,014028,Faedo Valtellino,unchanged,,POSAS 2019/2025 direct comparison,sum,
014029,Forcola,014029,Forcola,unchanged,,POSAS 2019/2025 direct comparison,sum,
014030,Fusine,014030,Fusine,unchanged,,POSAS 2019/2025 direct comparison,sum,
014031,Gerola Alta,014031,Gerola Alta,unchanged,,POSAS 2019/2025 direct comparison,sum,
014032,Gordona,014032,Gordona,unchanged,,POSAS 2019/2025 direct comparison,sum,
014033,Grosio,014033,Grosio,unchanged,,POSAS 2019/2025 direct comparison,sum,
014034,Grosotto,014034,Grosotto,unchanged,,POSAS 2019/2025 direct comparison,sum,
014035,Madesimo,014035,Madesimo,unchanged,,POSAS 2019/2025 direct comparison,sum,
014036,Lanzada,014036,Lanzada,unchanged,,POSAS 2019/2025 direct comparison,sum,
014037,Livigno,014037,Livigno,unchanged,,POSAS 2019/2025 direct comparison,sum,
014038,Lovero,014038,Lovero,unchanged,,POSAS 2019/2025 direct comparison,sum,
014039,Mantello,014039,Mantello,unchanged,,POSAS 2019/2025 direct comparison,sum,
014040,Mazzo di Valtellina,014040,Mazzo di Valtellina,unchanged,,POSAS 2019/2025 direct comparison,sum,
014041,Mello,014041,Mello,unchanged,,POSAS 2019/2025 direct comparison,sum,
014043,Mese,014043,Mese,unchanged,,POSAS 2019/2025 direct comparison,sum,
014044,Montagna in Valtellina,014044,Montagna in Valtellina,unchanged,,POSAS 2019/2025 direct comparison,sum,
014045,Morbegno,014045,Morbegno,unchanged,,POSAS 2019/2025 direct comparison,sum,
014046,Novate Mezzola,014046,Novate Mezzola,unchanged,,POSAS 2019/2025 direct comparison,sum,
014047,Pedesina,014047,Pedesina,unchanged,,POSAS 2019/2025 direct comparison,sum,
014048,Piantedo,014048,Piantedo,unchanged,,POSAS 2019/2025 direct comparison,sum,
014049,Piateda,014049,Piateda,unchanged,,POSAS 2019/2025 direct comparison,sum,
014050,Piuro,014050,Piuro,unchanged,,POSAS 2019/2025 direct comparison,sum,
014051,Poggiridenti,014051,Poggiridenti,unchanged,,POSAS 2019/2025 direct comparison,sum,
014052,Ponte in Valtellina,014052,Ponte in Valtellina,unchanged,,POSAS 2019/2025 direct comparison,sum,
014053,Postalesio,014053,Postalesio,unchanged,,POSAS 2019/2025 direct comparison,sum,
014054,Prata Camportaccio,014054,Prata Camportaccio,unchanged,,POSAS 2019/2025 direct comparison,sum,
014055,Rasura,014055,Rasura,unchanged,,POSAS 2019/2025 direct comparison,sum,
014056,Rogolo,014056,Rogolo,unchanged,,POSAS 2019/2025 direct comparison,sum,
014057,Samolaco,014057,Samolaco,unchanged,,POSAS 2019/2025 direct comparison,sum,
014058,San Giacomo Filippo,014058,San Giacomo Filippo,unchanged,,POSAS 2019/2025 direct comparison,sum,
014059,Sernio,014059,Sernio,unchanged,,POSAS 2019/2025 direct comparison,sum,
014060,Sondalo,014060,Sondalo,unchanged,,POSAS 2019/2025 direct comparison,sum,
014061,Sondrio,014061,Sondrio,unchanged,,POSAS 2019/2025 direct comparison,sum,
014062,Spriana,014062,Spriana,unchanged,,POSAS 2019/2025 direct comparison,sum,
014063,Talamona,014063,Talamona,unchanged,,POSAS 2019/2025 direct comparison,sum,
014064,Tartano,014064,Tartano,unchanged,,POSAS 2019/2025 direct comparison,sum,
014065,Teglio,014065,Teglio,unchanged,,POSAS 2019/2025 direct comparison,sum,
014066,Tirano,014066,Tirano,unchanged,,POSAS 2019/2025 direct comparison,sum,
014067,Torre di Santa Maria,014067,Torre di Santa Maria,unchanged,,POSAS 2019/2025 direct comparison,sum,
014068,Tovo di Sant'Agata,014068,Tovo di Sant'Agata,unchanged,,POSAS 2019/2025 direct comparison,sum,
014069,Traona,014069,Traona,unchanged,,POSAS 2019/2025 direct comparison,sum,
014070,Tresivio,014070,Tresivio,unchanged,,POSAS 2019/2025 direct comparison,sum,
014071,Valdidentro,014071,Valdidentro,unchanged,,POSAS 2019/2025 direct comparison,sum,
014072,Valdisotto,014072,Valdisotto,unchanged,,POSAS 2019/2025 direct comparison,sum,
014073,Valfurva,014073,Valfurva,unchanged,,POSAS 2019/2025 direct comparison,sum,
014074,Val Masino,014074,Val Masino,unchanged,,POSAS 2019/2025 direct comparison,sum,
014075,Verceia,014075,Verceia,unchanged,,POSAS 2019/2025 direct comparison,sum,
014076,Vervio,014076,Vervio,unchanged,,POSAS 2019/2025 direct comparison,sum,
014077,Villa di Chiavenna,014077,Villa di Chiavenna,unchanged,,POSAS 2019/2025 direct comparison,sum,
014078,Villa di Tirano,014078,Villa di Tirano,unchanged,,POSAS 2019/2025 direct comparison,sum,
015002,Abbiategrasso,015002,Abbiategrasso,unchanged,,POSAS 2019/2025 direct comparison,sum,
015005,Albairate,015005,Albairate,unchanged,,POSAS 2019/2025 direct comparison,sum,
015007,Arconate,015007,Arconate,unchanged,,POSAS 2019/2025 direct comparison,sum,
015009,Arese,015009,Arese,unchanged,,POSAS 2019/2025 direct comparison,sum,
015010,Arluno,015010,Arluno,unchanged,,POSAS 2019/2025 direct comparison,sum,
015011,Assago,015011,Assago,unchanged,,POSAS 2019/2025 direct comparison,sum,
015012,Bareggio,015012,Bareggio,unchanged,,POSAS 2019/2025 direct comparison,sum,
015014,Basiano,015014,Basiano,unchanged,,POSAS 2019/2025 direct comparison,sum,
015015,Basiglio,015015,Basiglio,unchanged,,POSAS 2019/2025 direct comparison,sum,
015016,Bellinzago Lombardo,015016,Bellinzago Lombardo,unchanged,,POSAS 2019/2025 direct comparison,sum,
015019,Bernate Ticino,015019,Bernate Ticino,unchanged,,POSAS 2019/2025 direct comparison,sum,
015022,Besate,015022,Besate,unchanged,,POSAS 2019/2025 direct comparison,sum,
015024,Binasco,015024,Binasco,unchanged,,POSAS 2019/2025 direct comparison,sum,
015026,Boffalora sopra Ticino,015026,Boffalora sopra Ticino,unchanged,,POSAS 2019/2025 direct comparison,sum,
015027,Bollate,015027,Bollate,unchanged,,POSAS 2019/2025 direct comparison,sum,
015032,Bresso,015032,Bresso,unchanged,,POSAS 2019/2025 direct comparison,sum,
015035,Bubbiano,015035,Bubbiano,unchanged,,POSAS 2019/2025 direct comparison,sum,
015036,Buccinasco,015036,Buccinasco,unchanged,,POSAS 2019/2025 direct comparison,sum,
015038,Buscate,015038,Buscate,unchanged,,POSAS 2019/2025 direct comparison,sum,
015040,Bussero,015040,Bussero,unchanged,,POSAS 2019/2025 direct comparison,sum,
015041,Busto Garolfo,015041,Busto Garolfo,unchanged,,POSAS 2019/2025 direct comparison,sum,
015042,Calvignasco,015042,Calvignasco,unchanged,,POSAS 2019/2025 direct comparison,sum,
015044,Cambiago,015044,Cambiago,unchanged,,POSAS 2019/2025 direct comparison,sum,
015046,Canegrate,015046,Canegrate,unchanged,,POSAS 2019/2025 direct comparison,sum,
015050,Carpiano,015050,Carpiano,unchanged,,POSAS 2019/2025 direct comparison,sum,
015051,Carugate,015051,Carugate,unchanged,,POSAS 2019/2025 direct comparison,sum,
015055,Casarile,015055,Casarile,unchanged,,POSAS 2019/2025 direct comparison,sum,
015058,Casorezzo,015058,Casorezzo,unchanged,,POSAS 2019/2025 direct comparison,sum,
015059,Cassano d'Adda,015059,Cassano d'Adda,unchanged,,POSAS 2019/2025 direct comparison,sum,
015060,Cassina de' Pecchi,015060,Cassina de' Pecchi,unchanged,,POSAS 2019/2025 direct comparison,sum,
015061,Cassinetta di Lugagnano,015061,Cassinetta di Lugagnano,unchanged,,POSAS 2019/2025 direct comparison,sum,
015062,Castano Primo,015062,Castano Primo,unchanged,,POSAS 2019/2025 direct comparison,sum,
015070,Cernusco sul Naviglio,015070,Cernusco sul Naviglio,unchanged,,POSAS 2019/2025 direct comparison,sum,
015071,Cerro al Lambro,015071,Cerro al Lambro,unchanged,,POSAS 2019/2025 direct comparison,sum,
015072,Cerro Maggiore,015072,Cerro Maggiore,unchanged,,POSAS 2019/2025 direct comparison,sum,
015074,Cesano Boscone,015074,Cesano Boscone,unchanged,,POSAS 2019/2025 direct comparison,sum,
015076,Cesate,015076,Cesate,unchanged,,POSAS 2019/2025 direct comparison,sum,
015077,Cinisello Balsamo,015077,Cinisello Balsamo,unchanged,,POSAS 2019/2025 direct comparison,sum,
015078,Cisliano,015078,Cisliano,unchanged,,POSAS 2019/2025 direct comparison,sum,
015081,Cologno Monzese,015081,Cologno Monzese,unchanged,,POSAS 2019/2025 direct comparison,sum,
015082,Colturano,015082,Colturano,unchanged,,POSAS 2019/2025 direct comparison,sum,
015085,Corbetta,015085,Corbetta,unchanged,,POSAS 2019/2025 direct comparison,sum,
015086,Cormano,015086,Cormano,unchanged,,POSAS 2019/2025 direct comparison,sum,
015087,Cornaredo,015087,Cornaredo,unchanged,,POSAS 2019/2025 direct comparison,sum,
015093,Corsico,015093,Corsico,unchanged,,POSAS 2019/2025 direct comparison,sum,
015096,Cuggiono,015096,Cuggiono,unchanged,,POSAS 2019/2025 direct comparison,sum,
015097,Cusago,015097,Cusago,unchanged,,POSAS 2019/2025 direct comparison,sum,
015098,Cusano Milanino,015098,Cusano Milanino,unchanged,,POSAS 2019/2025 direct comparison,sum,
015099,Dairago,015099,Dairago,unchanged,,POSAS 2019/2025 direct comparison,sum,
015101,Dresano,015101,Dresano,unchanged,,POSAS 2019/2025 direct comparison,sum,
015103,Gaggiano,015103,Gaggiano,unchanged,,POSAS 2019/2025 direct comparison,sum,
015105,Garbagnate Milanese,015105,Garbagnate Milanese,unchanged,,POSAS 2019/2025 direct comparison,sum,
015106,Gessate,015106,Gessate,unchanged,,POSAS 2019/2025 direct comparison,sum,
015108,Gorgonzola,015108,Gorgonzola,unchanged,,POSAS 2019/2025 direct comparison,sum,
015110,Grezzago,015110,Grezzago,unchanged,,POSAS 2019/2025 direct comparison,sum,
015112,Gudo Visconti,015112,Gudo Visconti,unchanged,,POSAS 2019/2025 direct comparison,sum,
015113,Inveruno,015113,Inveruno,unchanged,,POSAS 2019/2025 direct comparison,sum,
015114,Inzago,015114,Inzago,unchanged,,POSAS 2019/2025 direct comparison,sum,
015115,Lacchiarella,015115,Lacchiarella,unchanged,,POSAS 2019/2025 direct comparison,sum,
015116,Lainate,015116,Lainate,unchanged,,POSAS 2019/2025 direct comparison,sum,
015118,Legnano,015118,Legnano,unchanged,,POSAS 2019/2025 direct comparison,sum,
015122,Liscate,015122,Liscate,unchanged,,POSAS 2019/2025 direct comparison,sum,
015125,Locate di Triulzi,015125,Locate di Triulzi,unchanged,,POSAS 2019/2025 direct comparison,sum,
015130,Magenta,015130,Magenta,unchanged,,POSAS 2019/2025 direct comparison,sum,
015131,Magnago,015131,Magnago,unchanged,,POSAS 2019/2025 direct comparison,sum,
015134,Marcallo con Casone,015134,Marcallo con Casone,unchanged,,POSAS 2019/2025 direct comparison,sum,
015136,Masate,015136,Masate,unchanged,,POSAS 2019/2025 direct comparison,sum,
015139,Mediglia,015139,Mediglia,unchanged,,POSAS 2019/2025 direct comparison,sum,
015140,Melegnano,015140,Melegnano,unchanged,,POSAS 2019/2025 direct comparison,sum,
015142,Melzo,015142,Melzo,unchanged,,POSAS 2019/2025 direct comparison,sum,
015144,Mesero,015144,Mesero,unchanged,,POSAS 2019/2025 direct comparison,sum,
015146,Milano,015146,Milano,unchanged,,POSAS 2019/2025 direct comparison,sum,
015150,Morimondo,015150,Morimondo,unchanged,,POSAS 2019/2025 direct comparison,sum,
015151,Motta Visconti,015151,Motta Visconti,unchanged,,POSAS 2019/2025 direct comparison,sum,
015154,Nerviano,015154,Nerviano,unchanged,,POSAS 2019/2025 direct comparison,sum,
015155,Nosate,015155,Nosate,unchanged,,POSAS 2019/2025 direct comparison,sum,
015157,Novate Milanese,015157,Novate Milanese,unchanged,,POSAS 2019/2025 direct comparison,sum,
015158,Noviglio,015158,Noviglio,unchanged,,POSAS 2019/2025 direct comparison,sum,
015159,Opera,015159,Opera,unchanged,,POSAS 2019/2025 direct comparison,sum,
015164,Ossona,015164,Ossona,unchanged,,POSAS 2019/2025 direct comparison,sum,
015165,Ozzero,015165,Ozzero,unchanged,,POSAS 2019/2025 direct comparison,sum,
015166,Paderno Dugnano,015166,Paderno Dugnano,unchanged,,POSAS 2019/2025 direct comparison,sum,
015167,Pantigliate,015167,Pantigliate,unchanged,,POSAS 2019/2025 direct comparison,sum,
015168,Parabiago,015168,Parabiago,unchanged,,POSAS 2019/2025 direct comparison,sum,
015169,Paullo,015169,Paullo,unchanged,,POSAS 2019/2025 direct comparison,sum,
015170,Pero,015170,Pero,unchanged,,POSAS 2019/2025 direct comparison,sum,
015171,Peschiera Borromeo,015171,Peschiera Borromeo,unchanged,,POSAS 2019/2025 direct comparison,sum,
015172,Pessano con Bornago,015172,Pessano con Bornago,unchanged,,POSAS 2019/2025 direct comparison,sum,
015173,Pieve Emanuele,015173,Pieve Emanuele,unchanged,,POSAS 2019/2025 direct comparison,sum,
015175,Pioltello,015175,Pioltello,unchanged,,POSAS 2019/2025 direct comparison,sum,
015176,Pogliano Milanese,015176,Pogliano Milanese,unchanged,,POSAS 2019/2025 direct comparison,sum,
015177,Pozzo d'Adda,015177,Pozzo d'Adda,unchanged,,POSAS 2019/2025 direct comparison,sum,
015178,Pozzuolo Martesana,015178,Pozzuolo Martesana,unchanged,,POSAS 2019/2025 direct comparison,sum,
015179,Pregnana Milanese,015179,Pregnana Milanese,unchanged,,POSAS 2019/2025 direct comparison,sum,
015181,Rescaldina,015181,Rescaldina,unchanged,,POSAS 2019/2025 direct comparison,sum,
015182,Rho,015182,Rho,unchanged,,POSAS 2019/2025 direct comparison,sum,
015183,Robecchetto con Induno,015183,Robecchetto con Induno,unchanged,,POSAS 2019/2025 direct comparison,sum,
015184,Robecco sul Naviglio,015184,Robecco sul Naviglio,unchanged,,POSAS 2019/2025 direct comparison,sum,
015185,Rodano,015185,Rodano,unchanged,,POSAS 2019/2025 direct comparison,sum,
015188,Rosate,015188,Rosate,unchanged,,POSAS 2019/2025 direct comparison,sum,
015189,Rozzano,015189,Rozzano,unchanged,,POSAS 2019/2025 direct comparison,sum,
015191,San Colombano al Lambro,015191,San Colombano al Lambro,unchanged,,POSAS 2019/2025 direct comparison,sum,
015192,San Donato Milanese,015192,San Donato Milanese,unchanged,,POSAS 2019/2025 direct comparison,sum,
015194,San Giorgio su Legnano,015194,San Giorgio su Legnano,unchanged,,POSAS 2019/2025 direct comparison,sum,
015195,San Giuliano Milanese,015195,San Giuliano Milanese,unchanged,,POSAS 2019/2025 direct comparison,sum,
015200,Santo Stefano Ticino,015200,Santo Stefano Ticino,unchanged,,POSAS 2019/2025 direct comparison,sum,
015201,San Vittore Olona,015201,San Vittore Olona,unchanged,,POSAS 2019/2025 direct comparison,sum,
015202,San Zenone al Lambro,015202,San Zenone al Lambro,unchanged,,POSAS 2019/2025 direct comparison,sum,
015204,Sedriano,015204,Sedriano,unchanged,,POSAS 2019/2025 direct comparison,sum,
015205,Segrate,015205,Segrate,unchanged,,POSAS 2019/2025 direct comparison,sum,
015206,Senago,015206,Senago,unchanged,,POSAS 2019/2025 direct comparison,sum,
015209,Sesto San Giovanni,015209,Sesto San Giovanni,unchanged,,POSAS 2019/2025 direct comparison,sum,
015210,Settala,015210,Settala,unchanged,,POSAS 2019/2025 direct comparison,sum,
015211,Settimo Milanese,015211,Settimo Milanese,unchanged,,POSAS 2019/2025 direct comparison,sum,
015213,Solaro,015213,Solaro,unchanged,,POSAS 2019/2025 direct comparison,sum,
015219,Trezzano Rosa,015219,Trezzano Rosa,unchanged,,POSAS 2019/2025 direct comparison,sum,
015220,Trezzano sul Naviglio,015220,Trezzano sul Naviglio,unchanged,,POSAS 2019/2025 direct comparison,sum,
015221,Trezzo sull'Adda,015221,Trezzo sull'Adda,unchanged,,POSAS 2019/2025 direct comparison,sum,
015222,Tribiano,015222,Tribiano,unchanged,,POSAS 2019/2025 direct comparison,sum,
015224,Truccazzano,015224,Truccazzano,unchanged,,POSAS 2019/2025 direct comparison,sum,
015226,Turbigo,015226,Turbigo,unchanged,,POSAS 2019/2025 direct comparison,sum,
015229,Vanzago,015229,Vanzago,unchanged,,POSAS 2019/2025 direct comparison,sum,
015230,Vaprio d'Adda,015230,Vaprio d'Adda,unchanged,,POSAS 2019/2025 direct comparison,sum,
015236,Vernate,015236,Vernate,unchanged,,POSAS 2019/2025 direct comparison,sum,
015237,Vignate,015237,Vignate,unchanged,,POSAS 2019/2025 direct comparison,sum,
015242,Vimodrone,015242,Vimodrone,unchanged,,POSAS 2019/2025 direct comparison,sum,
015243,Vittuone,015243,Vittuone,unchanged,,POSAS 2019/2025 direct comparison,sum,
015244,Vizzolo Predabissi,015244,Vizzolo Predabissi,unchanged,,POSAS 2019/2025 direct comparison,sum,
015247,Zibido San Giacomo,015247,Zibido San Giacomo,unchanged,,POSAS 2019/2025 direct comparison,sum,
015248,Villa Cortese,015248,Villa Cortese,unchanged,,POSAS 2019/2025 direct comparison,sum,
015249,Vanzaghello,015249,Vanzaghello,unchanged,,POSAS 2019/2025 direct comparison,sum,
015250,Baranzate,015250,Baranzate,unchanged,,POSAS 2019/2025 direct comparison,sum,
015251,Vermezzo con Zelo,015235,Vermezzo,fusion,2019-02-08,https://www.istat.it/storage/codici-unita-amministrative/Novita-2025-2017.pdf,sum,
015251,Vermezzo con Zelo,015246,Zelo Surrigone,fusion,2019-02-08,https://www.istat.it/storage/codici-unita-amministrative/Novita-2025-2017.pdf,sum,
016001,Adrara San Martino,016001,Adrara San Martino,unchanged,,POSAS 2019/2025 direct comparison,sum,
016002,Adrara San Rocco,016002,Adrara San Rocco,unchanged,,POSAS 2019/2025 direct comparison,sum,
016003,Albano Sant'Alessandro,016003,Albano Sant'Alessandro,unchanged,,POSAS 2019/2025 direct comparison,sum,
016004,Albino,016004,Albino,unchanged,,POSAS 2019/2025 direct comparison,sum,
016005,Almè,016005,Almè,unchanged,,POSAS 2019/2025 direct comparison,sum,
016006,Almenno San Bartolomeo,016006,Almenno San Bartolomeo,unchanged,,POSAS 2019/2025 direct comparison,sum,
016007,Almenno San Salvatore,016007,Almenno San Salvatore,unchanged,,POSAS 2019/2025 direct comparison,sum,
016008,Alzano Lombardo,016008,Alzano Lombardo,unchanged,,POSAS 2019/2025 direct comparison,sum,
016009,Ambivere,016009,Ambivere,unchanged,,POSAS 2019/2025 direct comparison,sum,
016010,Antegnate,016010,Antegnate,unchanged,,POSAS 2019/2025 direct comparison,sum,
016011,Arcene,016011,Arcene,unchanged,,POSAS 2019/2025 direct comparison,sum,
016012,Ardesio,016012,Ardesio,unchanged,,POSAS 2019/2025 direct comparison,sum,
016013,Arzago d'Adda,016013,Arzago d'Adda,unchanged,,POSAS 2019/2025 direct comparison,sum,
016014,Averara,016014,Averara,unchanged,,POSAS 2019/2025 direct comparison,sum,
016015,Aviatico,016015,Aviatico,unchanged,,POSAS 2019/2025 direct comparison,sum,
016016,Azzano San Paolo,016016,Azzano San Paolo,unchanged,,POSAS 2019/2025 direct comparison,sum,
016017,Azzone,016017,Azzone,unchanged,,POSAS 2019/2025 direct comparison,sum,
016018,Bagnatica,016018,Bagnatica,unchanged,,POSAS 2019/2025 direct comparison,sum,
016019,Barbata,016019,Barbata,unchanged,,POSAS 2019/2025 direct comparison,sum,
016020,Bariano,016020,Bariano,unchanged,,POSAS 2019/2025 direct comparison,sum,
016021,Barzana,016021,Barzana,unchanged,,POSAS 2019/2025 direct comparison,sum,
016022,Bedulita,016022,Bedulita,unchanged,,POSAS 2019/2025 direct comparison,sum,
016023,Berbenno,016023,Berbenno,unchanged,,POSAS 2019/2025 direct comparison,sum,
016024,Bergamo,016024,Bergamo,unchanged,,POSAS 2019/2025 direct comparison,sum,
016025,Berzo San Fermo,016025,Berzo San Fermo,unchanged,,POSAS 2019/2025 direct comparison,sum,
016026,Bianzano,016026,Bianzano,unchanged,,POSAS 2019/2025 direct comparison,sum,
016027,Blello,016027,Blello,unchanged,,POSAS 2019/2025 direct comparison,sum,
016028,Bolgare,016028,Bolgare,unchanged,,POSAS 2019/2025 direct comparison,sum,
016029,Boltiere,016029,Boltiere,unchanged,,POSAS 2019/2025 direct comparison,sum,
016030,Bonate Sopra,016030,Bonate Sopra,unchanged,,POSAS 2019/2025 direct comparison,sum,
016031,Bonate Sotto,016031,Bonate Sotto,unchanged,,POSAS 2019/2025 direct comparison,sum,
016032,Borgo di Terzo,016032,Borgo di Terzo,unchanged,,POSAS 2019/2025 direct comparison,sum,
016033,Bossico,016033,Bossico,unchanged,,POSAS 2019/2025 direct comparison,sum,
016034,Bottanuco,016034,Bottanuco,unchanged,,POSAS 2019/2025 direct comparison,sum,
016035,Bracca,016035,Bracca,unchanged,,POSAS 2019/2025 direct comparison,sum,
016036,Branzi,016036,Branzi,unchanged,,POSAS 2019/2025 direct comparison,sum,
016037,Brembate,016037,Brembate,unchanged,,POSAS 2019/2025 direct comparison,sum,
016038,Brembate di Sopra,016038,Brembate di Sopra,unchanged,,POSAS 2019/2025 direct comparison,sum,
016040,Brignano Gera d'Adda,016040,Brignano Gera d'Adda,unchanged,,POSAS 2019/2025 direct comparison,sum,
016041,Brumano,016041,Brumano,unchanged,,POSAS 2019/2025 direct comparison,sum,
016042,Brusaporto,016042,Brusaporto,unchanged,,POSAS 2019/2025 direct comparison,sum,
016043,Calcinate,016043,Calcinate,unchanged,,POSAS 2019/2025 direct comparison,sum,
016044,Calcio,016044,Calcio,unchanged,,POSAS 2019/2025 direct comparison,sum,
016046,Calusco d'Adda,016046,Calusco d'Adda,unchanged,,POSAS 2019/2025 direct comparison,sum,
016047,Calvenzano,016047,Calvenzano,unchanged,,POSAS 2019/2025 direct comparison,sum,
016048,Camerata Cornello,016048,Camerata Cornello,unchanged,,POSAS 2019/2025 direct comparison,sum,
016049,Canonica d'Adda,016049,Canonica d'Adda,unchanged,,POSAS 2019/2025 direct comparison,sum,
016050,Capizzone,016050,Capizzone,unchanged,,POSAS 2019/2025 direct comparison,sum,
016051,Capriate San Gervasio,016051,Capriate San Gervasio,unchanged,,POSAS 2019/2025 direct comparison,sum,
016052,Caprino Bergamasco,016052,Caprino Bergamasco,unchanged,,POSAS 2019/2025 direct comparison,sum,
016053,Caravaggio,016053,Caravaggio,unchanged,,POSAS 2019/2025 direct comparison,sum,
016055,Carobbio degli Angeli,016055,Carobbio degli Angeli,unchanged,,POSAS 2019/2025 direct comparison,sum,
016056,Carona,016056,Carona,unchanged,,POSAS 2019/2025 direct comparison,sum,
016057,Carvico,016057,Carvico,unchanged,,POSAS 2019/2025 direct comparison,sum,
016058,Casazza,016058,Casazza,unchanged,,POSAS 2019/2025 direct comparison,sum,
016059,Casirate d'Adda,016059,Casirate d'Adda,unchanged,,POSAS 2019/2025 direct comparison,sum,
016060,Casnigo,016060,Casnigo,unchanged,,POSAS 2019/2025 direct comparison,sum,
016061,Cassiglio,016061,Cassiglio,unchanged,,POSAS 2019/2025 direct comparison,sum,
016062,Castelli Calepio,016062,Castelli Calepio,unchanged,,POSAS 2019/2025 direct comparison,sum,
016063,Castel Rozzone,016063,Castel Rozzone,unchanged,,POSAS 2019/2025 direct comparison,sum,
016064,Castione della Presolana,016064,Castione della Presolana,unchanged,,POSAS 2019/2025 direct comparison,sum,
016065,Castro,016065,Castro,unchanged,,POSAS 2019/2025 direct comparison,sum,
016066,Cavernago,016066,Cavernago,unchanged,,POSAS 2019/2025 direct comparison,sum,
016067,Cazzano Sant'Andrea,016067,Cazzano Sant'Andrea,unchanged,,POSAS 2019/2025 direct comparison,sum,
016068,Cenate Sopra,016068,Cenate Sopra,unchanged,,POSAS 2019/2025 direct comparison,sum,
016069,Cenate Sotto,016069,Cenate Sotto,unchanged,,POSAS 2019/2025 direct comparison,sum,
016070,Cene,016070,Cene,unchanged,,POSAS 2019/2025 direct comparison,sum,
016071,Cerete,016071,Cerete,unchanged,,POSAS 2019/2025 direct comparison,sum,
016072,Chignolo d'Isola,016072,Chignolo d'Isola,unchanged,,POSAS 2019/2025 direct comparison,sum,
016073,Chiuduno,016073,Chiuduno,unchanged,,POSAS 2019/2025 direct comparison,sum,
016074,Cisano Bergamasco,016074,Cisano Bergamasco,unchanged,,POSAS 2019/2025 direct comparison,sum,
016075,Ciserano,016075,Ciserano,unchanged,,POSAS 2019/2025 direct comparison,sum,
016076,Cividate al Piano,016076,Cividate al Piano,unchanged,,POSAS 2019/2025 direct comparison,sum,
016077,Clusone,016077,Clusone,unchanged,,POSAS 2019/2025 direct comparison,sum,
016078,Colere,016078,Colere,unchanged,,POSAS 2019/2025 direct comparison,sum,
016079,Cologno al Serio,016079,Cologno al Serio,unchanged,,POSAS 2019/2025 direct comparison,sum,
016080,Colzate,016080,Colzate,unchanged,,POSAS 2019/2025 direct comparison,sum,
016081,Comun Nuovo,016081,Comun Nuovo,unchanged,,POSAS 2019/2025 direct comparison,sum,
016082,Corna Imagna,016082,Corna Imagna,unchanged,,POSAS 2019/2025 direct comparison,sum,
016083,Cortenuova,016083,Cortenuova,unchanged,,POSAS 2019/2025 direct comparison,sum,
016084,Costa di Mezzate,016084,Costa di Mezzate,unchanged,,POSAS 2019/2025 direct comparison,sum,
016085,Costa Valle Imagna,016085,Costa Valle Imagna,unchanged,,POSAS 2019/2025 direct comparison,sum,
016086,Costa Volpino,016086,Costa Volpino,unchanged,,POSAS 2019/2025 direct comparison,sum,
016087,Covo,016087,Covo,unchanged,,POSAS 2019/2025 direct comparison,sum,
016088,Credaro,016088,Credaro,unchanged,,POSAS 2019/2025 direct comparison,sum,
016089,Curno,016089,Curno,unchanged,,POSAS 2019/2025 direct comparison,sum,
016090,Cusio,016090,Cusio,unchanged,,POSAS 2019/2025 direct comparison,sum,
016091,Dalmine,016091,Dalmine,unchanged,,POSAS 2019/2025 direct comparison,sum,
016092,Dossena,016092,Dossena,unchanged,,POSAS 2019/2025 direct comparison,sum,
016093,Endine Gaiano,016093,Endine Gaiano,unchanged,,POSAS 2019/2025 direct comparison,sum,
016094,Entratico,016094,Entratico,unchanged,,POSAS 2019/2025 direct comparison,sum,
016096,Fara Gera d'Adda,016096,Fara Gera d'Adda,unchanged,,POSAS 2019/2025 direct comparison,sum,
016097,Fara Olivana con Sola,016097,Fara Olivana con Sola,unchanged,,POSAS 2019/2025 direct comparison,sum,
016098,Filago,016098,Filago,unchanged,,POSAS 2019/2025 direct comparison,sum,
016099,Fino del Monte,016099,Fino del Monte,unchanged,,POSAS 2019/2025 direct comparison,sum,
016100,Fiorano al Serio,016100,Fiorano al Serio,unchanged,,POSAS 2019/2025 direct comparison,sum,
016101,Fontanella,016101,Fontanella,unchanged,,POSAS 2019/2025 direct comparison,sum,
016102,Fonteno,016102,Fonteno,unchanged,,POSAS 2019/2025 direct comparison,sum,
016103,Foppolo,016103,Foppolo,unchanged,,POSAS 2019/2025 direct comparison,sum,
016104,Foresto Sparso,016104,Foresto Sparso,unchanged,,POSAS 2019/2025 direct comparison,sum,
016105,Fornovo San Giovanni,016105,Fornovo San Giovanni,unchanged,,POSAS 2019/2025 direct comparison,sum,
016106,Fuipiano Valle Imagna,016106,Fuipiano Valle Imagna,unchanged,,POSAS 2019/2025 direct comparison,sum,
016107,Gandellino,016107,Gandellino,unchanged,,POSAS 2019/2025 direct comparison,sum,
016108,Gandino,016108,Gandino,unchanged,,POSAS 2019/2025 direct comparison,sum,
016109,Gandosso,016109,Gandosso,unchanged,,POSAS 2019/2025 direct comparison,sum,
016110,Gaverina Terme,016110,Gaverina Terme,unchanged,,POSAS 2019/2025 direct comparison,sum,
016111,Gazzaniga,016111,Gazzaniga,unchanged,,POSAS 2019/2025 direct comparison,sum,
016113,Ghisalba,016113,Ghisalba,unchanged,,POSAS 2019/2025 direct comparison,sum,
016114,Gorlago,016114,Gorlago,unchanged,,POSAS 2019/2025 direct comparison,sum,
016115,Gorle,016115,Gorle,unchanged,,POSAS 2019/2025 direct comparison,sum,
016116,Gorno,016116,Gorno,unchanged,,POSAS 2019/2025 direct comparison,sum,
016117,Grassobbio,016117,Grassobbio,unchanged,,POSAS 2019/2025 direct comparison,sum,
016118,Gromo,016118,Gromo,unchanged,,POSAS 2019/2025 direct comparison,sum,
016119,Grone,016119,Grone,unchanged,,POSAS 2019/2025 direct comparison,sum,
016120,Grumello del Monte,016120,Grumello del Monte,unchanged,,POSAS 2019/2025 direct comparison,sum,
016121,Isola di Fondra,016121,Isola di Fondra,unchanged,,POSAS 2019/2025 direct comparison,sum,
016122,Isso,016122,Isso,unchanged,,POSAS 2019/2025 direct comparison,sum,
016123,Lallio,016123,Lallio,unchanged,,POSAS 2019/2025 direct comparison,sum,
016124,Leffe,016124,Leffe,unchanged,,POSAS 2019/2025 direct comparison,sum,
016125,Lenna,016125,Lenna,unchanged,,POSAS 2019/2025 direct comparison,sum,
016126,Levate,016126,Levate,unchanged,,POSAS 2019/2025 direct comparison,sum,
016127,Locatello,016127,Locatello,unchanged,,POSAS 2019/2025 direct comparison,sum,
016128,Lovere,016128,Lovere,unchanged,,POSAS 2019/2025 direct comparison,sum,
016129,Lurano,016129,Lurano,unchanged,,POSAS 2019/2025 direct comparison,sum,
016130,Luzzana,016130,Luzzana,unchanged,,POSAS 2019/2025 direct comparison,sum,
016131,Madone,016131,Madone,unchanged,,POSAS 2019/2025 direct comparison,sum,
016132,Mapello,016132,Mapello,unchanged,,POSAS 2019/2025 direct comparison,sum,
016133,Martinengo,016133,Martinengo,unchanged,,POSAS 2019/2025 direct comparison,sum,
016134,Mezzoldo,016134,Mezzoldo,unchanged,,POSAS 2019/2025 direct comparison,sum,
016135,Misano di Gera d'Adda,016135,Misano di Gera d'Adda,unchanged,,POSAS 2019/2025 direct comparison,sum,
016136,Moio de' Calvi,016136,Moio de' Calvi,unchanged,,POSAS 2019/2025 direct comparison,sum,
016137,Monasterolo del Castello,016137,Monasterolo del Castello,unchanged,,POSAS 2019/2025 direct comparison,sum,
016139,Montello,016139,Montello,unchanged,,POSAS 2019/2025 direct comparison,sum,
016140,Morengo,016140,Morengo,unchanged,,POSAS 2019/2025 direct comparison,sum,
016141,Mornico al Serio,016141,Mornico al Serio,unchanged,,POSAS 2019/2025 direct comparison,sum,
016142,Mozzanica,016142,Mozzanica,unchanged,,POSAS 2019/2025 direct comparison,sum,
016143,Mozzo,016143,Mozzo,unchanged,,POSAS 2019/2025 direct comparison,sum,
016144,Nembro,016144,Nembro,unchanged,,POSAS 2019/2025 direct comparison,sum,
016145,Olmo al Brembo,016145,Olmo al Brembo,unchanged,,POSAS 2019/2025 direct comparison,sum,
016146,Oltre il Colle,016146,Oltre il Colle,unchanged,,POSAS 2019/2025 direct comparison,sum,
016147,Oltressenda Alta,016147,Oltressenda Alta,unchanged,,POSAS 2019/2025 direct comparison,sum,
016148,Oneta,016148,Oneta,unchanged,,POSAS 2019/2025 direct comparison,sum,
016149,Onore,016149,Onore,unchanged,,POSAS 2019/2025 direct comparison,sum,
016150,Orio al Serio,016150,Orio al Serio,unchanged,,POSAS 2019/2025 direct comparison,sum,
016151,Ornica,016151,Ornica,unchanged,,POSAS 2019/2025 direct comparison,sum,
016152,Osio Sopra,016152,Osio Sopra,unchanged,,POSAS 2019/2025 direct comparison,sum,
016153,Osio Sotto,016153,Osio Sotto,unchanged,,POSAS 2019/2025 direct comparison,sum,
016154,Pagazzano,016154,Pagazzano,unchanged,,POSAS 2019/2025 direct comparison,sum,
016155,Paladina,016155,Paladina,unchanged,,POSAS 2019/2025 direct comparison,sum,
016156,Palazzago,016156,Palazzago,unchanged,,POSAS 2019/2025 direct comparison,sum,
016157,Palosco,016157,Palosco,unchanged,,POSAS 2019/2025 direct comparison,sum,
016158,Parre,016158,Parre,unchanged,,POSAS 2019/2025 direct comparison,sum,
016159,Parzanica,016159,Parzanica,unchanged,,POSAS 2019/2025 direct comparison,sum,
016160,Pedrengo,016160,Pedrengo,unchanged,,POSAS 2019/2025 direct comparison,sum,
016161,Peia,016161,Peia,unchanged,,POSAS 2019/2025 direct comparison,sum,
016162,Pianico,016162,Pianico,unchanged,,POSAS 2019/2025 direct comparison,sum,
016163,Piario,016163,Piario,unchanged,,POSAS 2019/2025 direct comparison,sum,
016164,Piazza Brembana,016164,Piazza Brembana,unchanged,,POSAS 2019/2025 direct comparison,sum,
016165,Piazzatorre,016165,Piazzatorre,unchanged,,POSAS 2019/2025 direct comparison,sum,
016166,Piazzolo,016166,Piazzolo,unchanged,,POSAS 2019/2025 direct comparison,sum,
016167,Pognano,016167,Pognano,unchanged,,POSAS 2019/2025 direct comparison,sum,
016168,Ponte Nossa,016168,Ponte Nossa,unchanged,,POSAS 2019/2025 direct comparison,sum,
016169,Ponteranica,016169,Ponteranica,unchanged,,POSAS 2019/2025 direct comparison,sum,
016170,Ponte San Pietro,016170,Ponte San Pietro,unchanged,,POSAS 2019/2025 direct comparison,sum,
016171,Pontida,016171,Pontida,unchanged,,POSAS 2019/2025 direct comparison,sum,
016172,Pontirolo Nuovo,016172,Pontirolo Nuovo,unchanged,,POSAS 2019/2025 direct comparison,sum,
016173,Pradalunga,016173,Pradalunga,unchanged,,POSAS 2019/2025 direct comparison,sum,
016174,Predore,016174,Predore,unchanged,,POSAS 2019/2025 direct comparison,sum,
016175,Premolo,016175,Premolo,unchanged,,POSAS 2019/2025 direct comparison,sum,
016176,Presezzo,016176,Presezzo,unchanged,,POSAS 2019/2025 direct comparison,sum,
016177,Pumenengo,016177,Pumenengo,unchanged,,POSAS 2019/2025 direct comparison,sum,
016178,Ranica,016178,Ranica,unchanged,,POSAS 2019/2025 direct comparison,sum,
016179,Ranzanico,016179,Ranzanico,unchanged,,POSAS 2019/2025 direct comparison,sum,
016180,Riva di Solto,016180,Riva di Solto,unchanged,,POSAS 2019/2025 direct comparison,sum,
016182,Rogno,016182,Rogno,unchanged,,POSAS 2019/2025 direct comparison,sum,
016183,Romano di Lombardia,016183,Romano di Lombardia,unchanged,,POSAS 2019/2025 direct comparison,sum,
016184,Roncobello,016184,Roncobello,unchanged,,POSAS 2019/2025 direct comparison,sum,
016185,Roncola,016185,Roncola,unchanged,,POSAS 2019/2025 direct comparison,sum,
016186,Rota d'Imagna,016186,Rota d'Imagna,unchanged,,POSAS 2019/2025 direct comparison,sum,
016187,Rovetta,016187,Rovetta,unchanged,,POSAS 2019/2025 direct comparison,sum,
016188,San Giovanni Bianco,016188,San Giovanni Bianco,unchanged,,POSAS 2019/2025 direct comparison,sum,
016189,San Paolo d'Argon,016189,San Paolo d'Argon,unchanged,,POSAS 2019/2025 direct comparison,sum,
016190,San Pellegrino Terme,016190,San Pellegrino Terme,unchanged,,POSAS 2019/2025 direct comparison,sum,
016191,Santa Brigida,016191,Santa Brigida,unchanged,,POSAS 2019/2025 direct comparison,sum,
016193,Sarnico,016193,Sarnico,unchanged,,POSAS 2019/2025 direct comparison,sum,
016194,Scanzorosciate,016194,Scanzorosciate,unchanged,,POSAS 2019/2025 direct comparison,sum,
016195,Schilpario,016195,Schilpario,unchanged,,POSAS 2019/2025 direct comparison,sum,
016196,Sedrina,016196,Sedrina,unchanged,,POSAS 2019/2025 direct comparison,sum,
016197,Selvino,016197,Selvino,unchanged,,POSAS 2019/2025 direct comparison,sum,
016198,Seriate,016198,Seriate,unchanged,,POSAS 2019/2025 direct comparison,sum,
016199,Serina,016199,Serina,unchanged,,POSAS 2019/2025 direct comparison,sum,
016200,Solto Collina,016200,Solto Collina,unchanged,,POSAS 2019/2025 direct comparison,sum,
016201,Songavazzo,016201,Songavazzo,unchanged,,POSAS 2019/2025 direct comparison,sum,
016202,Sorisole,016202,Sorisole,unchanged,,POSAS 2019/2025 direct comparison,sum,
016203,Sotto il Monte Giovanni XXIII,016203,Sotto il Monte Giovanni XXIII,unchanged,,POSAS 2019/2025 direct comparison,sum,
016204,Sovere,016204,Sovere,unchanged,,POSAS 2019/2025 direct comparison,sum,
016205,Spinone al Lago,016205,Spinone al Lago,unchanged,,POSAS 2019/2025 direct comparison,sum,
016206,Spirano,016206,Spirano,unchanged,,POSAS 2019/2025 direct comparison,sum,
016207,Stezzano,016207,Stezzano,unchanged,,POSAS 2019/2025 direct comparison,sum,
016208,Strozza,016208,Strozza,unchanged,,POSAS 2019/2025 direct comparison,sum,
016209,Suisio,016209,Suisio,unchanged,,POSAS 2019/2025 direct comparison,sum,
016210,Taleggio,016210,Taleggio,unchanged,,POSAS 2019/2025 direct comparison,sum,
016211,Tavernola Bergamasca,016211,Tavernola Bergamasca,unchanged,,POSAS 2019/2025 direct comparison,sum,
016212,Telgate,016212,Telgate,unchanged,,POSAS 2019/2025 direct comparison,sum,
016213,Terno d'Isola,016213,Terno d'Isola,unchanged,,POSAS 2019/2025 direct comparison,sum,
016214,Torre Boldone,016214,Torre Boldone,unchanged,,POSAS 2019/2025 direct comparison,sum,
016215,Torre de' Busi,016215,Torre de' Busi,unchanged,,POSAS 2019/2025 direct comparison,sum,
016216,Torre de' Roveri,016216,Torre de' Roveri,unchanged,,POSAS 2019/2025 direct comparison,sum,
016217,Torre Pallavicina,016217,Torre Pallavicina,unchanged,,POSAS 2019/2025 direct comparison,sum,
016218,Trescore Balneario,016218,Trescore Balneario,unchanged,,POSAS 2019/2025 direct comparison,sum,
016219,Treviglio,016219,Treviglio,unchanged,,POSAS 2019/2025 direct comparison,sum,
016220,Treviolo,016220,Treviolo,unchanged,,POSAS 2019/2025 direct comparison,sum,
016221,Ubiale Clanezzo,016221,Ubiale Clanezzo,unchanged,,POSAS 2019/2025 direct comparison,sum,
016222,Urgnano,016222,Urgnano,unchanged,,POSAS 2019/2025 direct comparison,sum,
016223,Valbondione,016223,Valbondione,unchanged,,POSAS 2019/2025 direct comparison,sum,
016224,Valbrembo,016224,Valbrembo,unchanged,,POSAS 2019/2025 direct comparison,sum,
016225,Valgoglio,016225,Valgoglio,unchanged,,POSAS 2019/2025 direct comparison,sum,
016226,Valleve,016226,Valleve,unchanged,,POSAS 2019/2025 direct comparison,sum,
016227,Valnegra,016227,Valnegra,unchanged,,POSAS 2019/2025 direct comparison,sum,
016229,Valtorta,016229,Valtorta,unchanged,,POSAS 2019/2025 direct comparison,sum,
016230,Vedeseta,016230,Vedeseta,unchanged,,POSAS 2019/2025 direct comparison,sum,
016232,Verdellino,016232,Verdellino,unchanged,,POSAS 2019/2025 direct comparison,sum,
016233,Verdello,016233,Verdello,unchanged,,POSAS 2019/2025 direct comparison,sum,
016234,Vertova,016234,Vertova,unchanged,,POSAS 2019/2025 direct comparison,sum,
016235,Viadanica,016235,Viadanica,unchanged,,POSAS 2019/2025 direct comparison,sum,
016236,Vigano San Martino,016236,Vigano San Martino,unchanged,,POSAS 2019/2025 direct comparison,sum,
016237,Vigolo,016237,Vigolo,unchanged,,POSAS 2019/2025 direct comparison,sum,
016238,Villa d'Adda,016238,Villa d'Adda,unchanged,,POSAS 2019/2025 direct comparison,sum,
016239,Villa d'Almè,016239,Villa d'Almè,unchanged,,POSAS 2019/2025 direct comparison,sum,
016240,Villa di Serio,016240,Villa di Serio,unchanged,,POSAS 2019/2025 direct comparison,sum,
016241,Villa d'Ogna,016241,Villa d'Ogna,unchanged,,POSAS 2019/2025 direct comparison,sum,
016242,Villongo,016242,Villongo,unchanged,,POSAS 2019/2025 direct comparison,sum,
016243,Vilminore di Scalve,016243,Vilminore di Scalve,unchanged,,POSAS 2019/2025 direct comparison,sum,
016244,Zandobbio,016244,Zandobbio,unchanged,,POSAS 2019/2025 direct comparison,sum,
016245,Zanica,016245,Zanica,unchanged,,POSAS 2019/2025 direct comparison,sum,
016246,Zogno,016246,Zogno,unchanged,,POSAS 2019/2025 direct comparison,sum,
016247,Costa Serina,016247,Costa Serina,unchanged,,POSAS 2019/2025 direct comparison,sum,
016248,Algua,016248,Algua,unchanged,,POSAS 2019/2025 direct comparison,sum,
016249,Cornalba,016249,Cornalba,unchanged,,POSAS 2019/2025 direct comparison,sum,
016250,Medolago,016250,Medolago,unchanged,,POSAS 2019/2025 direct comparison,sum,
016251,Solza,016251,Solza,unchanged,,POSAS 2019/2025 direct comparison,sum,
016252,Sant'Omobono Terme,016252,Sant'Omobono Terme,unchanged,,POSAS 2019/2025 direct comparison,sum,
016253,Val Brembilla,016253,Val Brembilla,unchanged,,POSAS 2019/2025 direct comparison,sum,
017001,Acquafredda,017001,Acquafredda,unchanged,,POSAS 2019/2025 direct comparison,sum,
017002,Adro,017002,Adro,unchanged,,POSAS 2019/2025 direct comparison,sum,
017003,Agnosine,017003,Agnosine,unchanged,,POSAS 2019/2025 direct comparison,sum,
017004,Alfianello,017004,Alfianello,unchanged,,POSAS 2019/2025 direct comparison,sum,
017005,Anfo,017005,Anfo,unchanged,,POSAS 2019/2025 direct comparison,sum,
017006,Angolo Terme,017006,Angolo Terme,unchanged,,POSAS 2019/2025 direct comparison,sum,
017007,Artogne,017007,Artogne,unchanged,,POSAS 2019/2025 direct comparison,sum,
017008,Azzano Mella,017008,Azzano Mella,unchanged,,POSAS 2019/2025 direct comparison,sum,
017009,Bagnolo Mella,017009,Bagnolo Mella,unchanged,,POSAS 2019/2025 direct comparison,sum,
017010,Bagolino,017010,Bagolino,unchanged,,POSAS 2019/2025 direct comparison,sum,
017011,Barbariga,017011,Barbariga,unchanged,,POSAS 2019/2025 direct comparison,sum,
017012,Barghe,017012,Barghe,unchanged,,POSAS 2019/2025 direct comparison,sum,
017013,Bassano Bresciano,017013,Bassano Bresciano,unchanged,,POSAS 2019/2025 direct comparison,sum,
017014,Bedizzole,017014,Bedizzole,unchanged,,POSAS 2019/2025 direct comparison,sum,
017015,Berlingo,017015,Berlingo,unchanged,,POSAS 2019/2025 direct comparison,sum,
017016,Berzo Demo,017016,Berzo Demo,unchanged,,POSAS 2019/2025 direct comparison,sum,
017017,Berzo Inferiore,017017,Berzo Inferiore,unchanged,,POSAS 2019/2025 direct comparison,sum,
017018,Bienno,017018,Bienno,unchanged,,POSAS 2019/2025 direct comparison,sum,
017019,Bione,017019,Bione,unchanged,,POSAS 2019/2025 direct comparison,sum,
017020,Borgo San Giacomo,017020,Borgo San Giacomo,unchanged,,POSAS 2019/2025 direct comparison,sum,
017021,Borgosatollo,017021,Borgosatollo,unchanged,,POSAS 2019/2025 direct comparison,sum,
017022,Borno,017022,Borno,unchanged,,POSAS 2019/2025 direct comparison,sum,
017023,Botticino,017023,Botticino,unchanged,,POSAS 2019/2025 direct comparison,sum,
017024,Bovegno,017024,Bovegno,unchanged,,POSAS 2019/2025 direct comparison,sum,
017025,Bovezzo,017025,Bovezzo,unchanged,,POSAS 2019/2025 direct comparison,sum,
017026,Brandico,017026,Brandico,unchanged,,POSAS 2019/2025 direct comparison,sum,
017027,Braone,017027,Braone,unchanged,,POSAS 2019/2025 direct comparison,sum,
017028,Breno,017028,Breno,unchanged,,POSAS 2019/2025 direct comparison,sum,
017029,Brescia,017029,Brescia,unchanged,,POSAS 2019/2025 direct comparison,sum,
017030,Brione,017030,Brione,unchanged,,POSAS 2019/2025 direct comparison,sum,
017031,Caino,017031,Caino,unchanged,,POSAS 2019/2025 direct comparison,sum,
017032,Calcinato,017032,Calcinato,unchanged,,POSAS 2019/2025 direct comparison,sum,
017033,Calvagese della Riviera,017033,Calvagese della Riviera,unchanged,,POSAS 2019/2025 direct comparison,sum,
017034,Calvisano,017034,Calvisano,unchanged,,POSAS 2019/2025 direct comparison,sum,
017035,Capo di Ponte,017035,Capo di Ponte,unchanged,,POSAS 2019/2025 direct comparison,sum,
017036,Capovalle,017036,Capovalle,unchanged,,POSAS 2019/2025 direct comparison,sum,
017037,Capriano del Colle,017037,Capriano del Colle,unchanged,,POSAS 2019/2025 direct comparison,sum,
017038,Capriolo,017038,Capriolo,unchanged,,POSAS 2019/2025 direct comparison,sum,
017039,Carpenedolo,017039,Carpenedolo,unchanged,,POSAS 2019/2025 direct comparison,sum,
017040,Castegnato,017040,Castegnato,unchanged,,POSAS 2019/2025 direct comparison,sum,
017041,Castelcovati,017041,Castelcovati,unchanged,,POSAS 2019/2025 direct comparison,sum,
017042,Castel Mella,017042,Castel Mella,unchanged,,POSAS 2019/2025 direct comparison,sum,
017043,Castenedolo,017043,Castenedolo,unchanged,,POSAS 2019/2025 direct comparison,sum,
017044,Casto,017044,Casto,unchanged,,POSAS 2019/2025 direct comparison,sum,
017045,Castrezzato,017045,Castrezzato,unchanged,,POSAS 2019/2025 direct comparison,sum,
017046,Cazzago San Martino,017046,Cazzago San Martino,unchanged,,POSAS 2019/2025 direct comparison,sum,
017047,Cedegolo,017047,Cedegolo,unchanged,,POSAS 2019/2025 direct comparison,sum,
017048,Cellatica,017048,Cellatica,unchanged,,POSAS 2019/2025 direct comparison,sum,
017049,Cerveno,017049,Cerveno,unchanged,,POSAS 2019/2025 direct comparison,sum,
017050,Ceto,017050,Ceto,unchanged,,POSAS 2019/2025 direct comparison,sum,
017051,Cevo,017051,Cevo,unchanged,,POSAS 2019/2025 direct comparison,sum,
017052,Chiari,017052,Chiari,unchanged,,POSAS 2019/2025 direct comparison,sum,
017053,Cigole,017053,Cigole,unchanged,,POSAS 2019/2025 direct comparison,sum,
017054,Cimbergo,017054,Cimbergo,unchanged,,POSAS 2019/2025 direct comparison,sum,
017055,Cividate Camuno,017055,Cividate Camuno,unchanged,,POSAS 2019/2025 direct comparison,sum,
017056,Coccaglio,017056,Coccaglio,unchanged,,POSAS 2019/2025 direct comparison,sum,
017057,Collebeato,017057,Collebeato,unchanged,,POSAS 2019/2025 direct comparison,sum,
017058,Collio,017058,Collio,unchanged,,POSAS 2019/2025 direct comparison,sum,
017059,Cologne,017059,Cologne,unchanged,,POSAS 2019/2025 direct comparison,sum,
017060,Comezzano-Cizzago,017060,Comezzano-Cizzago,unchanged,,POSAS 2019/2025 direct comparison,sum,
017061,Concesio,017061,Concesio,unchanged,,POSAS 2019/2025 direct comparison,sum,
017062,Corte Franca,017062,Corte Franca,unchanged,,POSAS 2019/2025 direct comparison,sum,
017063,Corteno Golgi,017063,Corteno Golgi,unchanged,,POSAS 2019/2025 direct comparison,sum,
017064,Corzano,017064,Corzano,unchanged,,POSAS 2019/2025 direct comparison,sum,
017065,Darfo Boario Terme,017065,Darfo Boario Terme,unchanged,,POSAS 2019/2025 direct comparison,sum,
017066,Dello,017066,Dello,unchanged,,POSAS 2019/2025 direct comparison,sum,
017067,Desenzano del Garda,017067,Desenzano del Garda,unchanged,,POSAS 2019/2025 direct comparison,sum,
017068,Edolo,017068,Edolo,unchanged,,POSAS 2019/2025 direct comparison,sum,
017069,Erbusco,017069,Erbusco,unchanged,,POSAS 2019/2025 direct comparison,sum,
017070,Esine,017070,Esine,unchanged,,POSAS 2019/2025 direct comparison,sum,
017071,Fiesse,017071,Fiesse,unchanged,,POSAS 2019/2025 direct comparison,sum,
017072,Flero,017072,Flero,unchanged,,POSAS 2019/2025 direct comparison,sum,
017073,Gambara,017073,Gambara,unchanged,,POSAS 2019/2025 direct comparison,sum,
017074,Gardone Riviera,017074,Gardone Riviera,unchanged,,POSAS 2019/2025 direct comparison,sum,
017075,Gardone Val Trompia,017075,Gardone Val Trompia,unchanged,,POSAS 2019/2025 direct comparison,sum,
017076,Gargnano,017076,Gargnano,unchanged,,POSAS 2019/2025 direct comparison,sum,
017077,Gavardo,017077,Gavardo,unchanged,,POSAS 2019/2025 direct comparison,sum,
017078,Ghedi,017078,Ghedi,unchanged,,POSAS 2019/2025 direct comparison,sum,
017079,Gianico,017079,Gianico,unchanged,,POSAS 2019/2025 direct comparison,sum,
017080,Gottolengo,017080,Gottolengo,unchanged,,POSAS 2019/2025 direct comparison,sum,
017081,Gussago,017081,Gussago,unchanged,,POSAS 2019/2025 direct comparison,sum,
017082,Idro,017082,Idro,unchanged,,POSAS 2019/2025 direct comparison,sum,
017083,Incudine,017083,Incudine,unchanged,,POSAS 2019/2025 direct comparison,sum,
017084,Irma,017084,Irma,unchanged,,POSAS 2019/2025 direct comparison,sum,
017085,Iseo,017085,Iseo,unchanged,,POSAS 2019/2025 direct comparison,sum,
017086,Isorella,017086,Isorella,unchanged,,POSAS 2019/2025 direct comparison,sum,
017087,Lavenone,017087,Lavenone,unchanged,,POSAS 2019/2025 direct comparison,sum,
017088,Leno,017088,Leno,unchanged,,POSAS 2019/2025 direct comparison,sum,
017089,Limone sul Garda,017089,Limone sul Garda,unchanged,,POSAS 2019/2025 direct comparison,sum,
017090,Lodrino,017090,Lodrino,unchanged,,POSAS 2019/2025 direct comparison,sum,
017091,Lograto,017091,Lograto,unchanged,,POSAS 2019/2025 direct comparison,sum,
017092,Lonato del Garda,017092,Lonato del Garda,unchanged,,POSAS 2019/2025 direct comparison,sum,
017093,Longhena,017093,Longhena,unchanged,,POSAS 2019/2025 direct comparison,sum,
017094,Losine,017094,Losine,unchanged,,POSAS 2019/2025 direct comparison,sum,
017095,Lozio,017095,Lozio,unchanged,,POSAS 2019/2025 direct comparison,sum,
017096,Lumezzane,017096,Lumezzane,unchanged,,POSAS 2019/2025 direct comparison,sum,
017097,Maclodio,017097,Maclodio,unchanged,,POSAS 2019/2025 direct comparison,sum,
017098,Magasa,017098,Magasa,unchanged,,POSAS 2019/2025 direct comparison,sum,
017099,Mairano,017099,Mairano,unchanged,,POSAS 2019/2025 direct comparison,sum,
017100,Malegno,017100,Malegno,unchanged,,POSAS 2019/2025 direct comparison,sum,
017101,Malonno,017101,Malonno,unchanged,,POSAS 2019/2025 direct comparison,sum,
017102,Manerba del Garda,017102,Manerba del Garda,unchanged,,POSAS 2019/2025 direct comparison,sum,
017103,Manerbio,017103,Manerbio,unchanged,,POSAS 2019/2025 direct comparison,sum,
017104,Marcheno,017104,Marcheno,unchanged,,POSAS 2019/2025 direct comparison,sum,
017105,Marmentino,017105,Marmentino,unchanged,,POSAS 2019/2025 direct comparison,sum,
017106,Marone,017106,Marone,unchanged,,POSAS 2019/2025 direct comparison,sum,
017107,Mazzano,017107,Mazzano,unchanged,,POSAS 2019/2025 direct comparison,sum,
017108,Milzano,017108,Milzano,unchanged,,POSAS 2019/2025 direct comparison,sum,
017109,Moniga del Garda,017109,Moniga del Garda,unchanged,,POSAS 2019/2025 direct comparison,sum,
017110,Monno,017110,Monno,unchanged,,POSAS 2019/2025 direct comparison,sum,
017111,Monte Isola,017111,Monte Isola,unchanged,,POSAS 2019/2025 direct comparison,sum,
017112,Monticelli Brusati,017112,Monticelli Brusati,unchanged,,POSAS 2019/2025 direct comparison,sum,
017113,Montichiari,017113,Montichiari,unchanged,,POSAS 2019/2025 direct comparison,sum,
017114,Montirone,017114,Montirone,unchanged,,POSAS 2019/2025 direct comparison,sum,
017115,Mura,017115,Mura,unchanged,,POSAS 2019/2025 direct comparison,sum,
017116,Muscoline,017116,Muscoline,unchanged,,POSAS 2019/2025 direct comparison,sum,
017117,Nave,017117,Nave,unchanged,,POSAS 2019/2025 direct comparison,sum,
017118,Niardo,017118,Niardo,unchanged,,POSAS 2019/2025 direct comparison,sum,
017119,Nuvolento,017119,Nuvolento,unchanged,,POSAS 2019/2025 direct comparison,sum,
017120,Nuvolera,017120,Nuvolera,unchanged,,POSAS 2019/2025 direct comparison,sum,
017121,Odolo,017121,Odolo,unchanged,,POSAS 2019/2025 direct comparison,sum,
017122,Offlaga,017122,Offlaga,unchanged,,POSAS 2019/2025 direct comparison,sum,
017123,Ome,017123,Ome,unchanged,,POSAS 2019/2025 direct comparison,sum,
017124,Ono San Pietro,017124,Ono San Pietro,unchanged,,POSAS 2019/2025 direct comparison,sum,
017125,Orzinuovi,017125,Orzinuovi,unchanged,,POSAS 2019/2025 direct comparison,sum,
017126,Orzivecchi,017126,Orzivecchi,unchanged,,POSAS 2019/2025 direct comparison,sum,
017127,Ospitaletto,017127,Ospitaletto,unchanged,,POSAS 2019/2025 direct comparison,sum,
017128,Ossimo,017128,Ossimo,unchanged,,POSAS 2019/2025 direct comparison,sum,
017129,Padenghe sul Garda,017129,Padenghe sul Garda,unchanged,,POSAS 2019/2025 direct comparison,sum,
017130,Paderno Franciacorta,017130,Paderno Franciacorta,unchanged,,POSAS 2019/2025 direct comparison,sum,
017131,Paisco Loveno,017131,Paisco Loveno,unchanged,,POSAS 2019/2025 direct comparison,sum,
017132,Paitone,017132,Paitone,unchanged,,POSAS 2019/2025 direct comparison,sum,
017133,Palazzolo sull'Oglio,017133,Palazzolo sull'Oglio,unchanged,,POSAS 2019/2025 direct comparison,sum,
017134,Paratico,017134,Paratico,unchanged,,POSAS 2019/2025 direct comparison,sum,
017135,Paspardo,017135,Paspardo,unchanged,,POSAS 2019/2025 direct comparison,sum,
017136,Passirano,017136,Passirano,unchanged,,POSAS 2019/2025 direct comparison,sum,
017137,Pavone del Mella,017137,Pavone del Mella,unchanged,,POSAS 2019/2025 direct comparison,sum,
017138,San Paolo,017138,San Paolo,unchanged,,POSAS 2019/2025 direct comparison,sum,
017139,Pertica Alta,017139,Pertica Alta,unchanged,,POSAS 2019/2025 direct comparison,sum,
017140,Pertica Bassa,017140,Pertica Bassa,unchanged,,POSAS 2019/2025 direct comparison,sum,
017141,Pezzaze,017141,Pezzaze,unchanged,,POSAS 2019/2025 direct comparison,sum,
017142,Pian Camuno,017142,Pian Camuno,unchanged,,POSAS 2019/2025 direct comparison,sum,
017143,Pisogne,017143,Pisogne,unchanged,,POSAS 2019/2025 direct comparison,sum,
017144,Polaveno,017144,Polaveno,unchanged,,POSAS 2019/2025 direct comparison,sum,
017145,Polpenazze del Garda,017145,Polpenazze del Garda,unchanged,,POSAS 2019/2025 direct comparison,sum,
017146,Pompiano,017146,Pompiano,unchanged,,POSAS 2019/2025 direct comparison,sum,
017147,Poncarale,017147,Poncarale,unchanged,,POSAS 2019/2025 direct comparison,sum,
017148,Ponte di Legno,017148,Ponte di Legno,unchanged,,POSAS 2019/2025 direct comparison,sum,
017149,Pontevico,017149,Pontevico,unchanged,,POSAS 2019/2025 direct comparison,sum,
017150,Pontoglio,017150,Pontoglio,unchanged,,POSAS 2019/2025 direct comparison,sum,
017151,Pozzolengo,017151,Pozzolengo,unchanged,,POSAS 2019/2025 direct comparison,sum,
017152,Pralboino,017152,Pralboino,unchanged,,POSAS 2019/2025 direct comparison,sum,
017153,Preseglie,017153,Preseglie,unchanged,,POSAS 2019/2025 direct comparison,sum,
017155,Prevalle,017155,Prevalle,unchanged,,POSAS 2019/2025 direct comparison,sum,
017156,Provaglio d'Iseo,017156,Provaglio d'Iseo,unchanged,,POSAS 2019/2025 direct comparison,sum,
017157,Provaglio Val Sabbia,017157,Provaglio Val Sabbia,unchanged,,POSAS 2019/2025 direct comparison,sum,
017158,Puegnago del Garda,017158,Puegnago sul Garda,name_string_change_same_code,,POSAS 2019/2025 direct comparison; official administrative-change classification only where separately documented.,sum,Denominazione 2019: Puegnago sul Garda; denominazione 2025: Puegnago del Garda.
017159,Quinzano d'Oglio,017159,Quinzano d'Oglio,unchanged,,POSAS 2019/2025 direct comparison,sum,
017160,Remedello,017160,Remedello,unchanged,,POSAS 2019/2025 direct comparison,sum,
017161,Rezzato,017161,Rezzato,unchanged,,POSAS 2019/2025 direct comparison,sum,
017162,Roccafranca,017162,Roccafranca,unchanged,,POSAS 2019/2025 direct comparison,sum,
017163,Rodengo Saiano,017163,Rodengo Saiano,unchanged,,POSAS 2019/2025 direct comparison,sum,
017164,Roè Volciano,017164,Roè Volciano,unchanged,,POSAS 2019/2025 direct comparison,sum,
017165,Roncadelle,017165,Roncadelle,unchanged,,POSAS 2019/2025 direct comparison,sum,
017166,Rovato,017166,Rovato,unchanged,,POSAS 2019/2025 direct comparison,sum,
017167,Rudiano,017167,Rudiano,unchanged,,POSAS 2019/2025 direct comparison,sum,
017168,Sabbio Chiese,017168,Sabbio Chiese,unchanged,,POSAS 2019/2025 direct comparison,sum,
017169,Sale Marasino,017169,Sale Marasino,unchanged,,POSAS 2019/2025 direct comparison,sum,
017170,Salò,017170,Salò,unchanged,,POSAS 2019/2025 direct comparison,sum,
017171,San Felice del Benaco,017171,San Felice del Benaco,unchanged,,POSAS 2019/2025 direct comparison,sum,
017172,San Gervasio Bresciano,017172,San Gervasio Bresciano,unchanged,,POSAS 2019/2025 direct comparison,sum,
017173,San Zeno Naviglio,017173,San Zeno Naviglio,unchanged,,POSAS 2019/2025 direct comparison,sum,
017174,Sarezzo,017174,Sarezzo,unchanged,,POSAS 2019/2025 direct comparison,sum,
017175,Saviore dell'Adamello,017175,Saviore dell'Adamello,unchanged,,POSAS 2019/2025 direct comparison,sum,
017176,Sellero,017176,Sellero,unchanged,,POSAS 2019/2025 direct comparison,sum,
017177,Seniga,017177,Seniga,unchanged,,POSAS 2019/2025 direct comparison,sum,
017178,Serle,017178,Serle,unchanged,,POSAS 2019/2025 direct comparison,sum,
017179,Sirmione,017179,Sirmione,unchanged,,POSAS 2019/2025 direct comparison,sum,
017180,Soiano del Lago,017180,Soiano del Lago,unchanged,,POSAS 2019/2025 direct comparison,sum,
017181,Sonico,017181,Sonico,unchanged,,POSAS 2019/2025 direct comparison,sum,
017182,Sulzano,017182,Sulzano,unchanged,,POSAS 2019/2025 direct comparison,sum,
017183,Tavernole sul Mella,017183,Tavernole sul Mella,unchanged,,POSAS 2019/2025 direct comparison,sum,
017184,Temù,017184,Temù,unchanged,,POSAS 2019/2025 direct comparison,sum,
017185,Tignale,017185,Tignale,unchanged,,POSAS 2019/2025 direct comparison,sum,
017186,Torbole Casaglia,017186,Torbole Casaglia,unchanged,,POSAS 2019/2025 direct comparison,sum,
017187,Toscolano-Maderno,017187,Toscolano-Maderno,unchanged,,POSAS 2019/2025 direct comparison,sum,
017188,Travagliato,017188,Travagliato,unchanged,,POSAS 2019/2025 direct comparison,sum,
017189,Tremosine sul Garda,017189,Tremosine,name_string_change_same_code,,POSAS 2019/2025 direct comparison; official administrative-change classification only where separately documented.,sum,Denominazione 2019: Tremosine; denominazione 2025: Tremosine sul Garda.
017190,Trenzano,017190,Trenzano,unchanged,,POSAS 2019/2025 direct comparison,sum,
017191,Treviso Bresciano,017191,Treviso Bresciano,unchanged,,POSAS 2019/2025 direct comparison,sum,
017192,Urago d'Oglio,017192,Urago d'Oglio,unchanged,,POSAS 2019/2025 direct comparison,sum,
017193,Vallio Terme,017193,Vallio Terme,unchanged,,POSAS 2019/2025 direct comparison,sum,
017194,Valvestino,017194,Valvestino,unchanged,,POSAS 2019/2025 direct comparison,sum,
017195,Verolanuova,017195,Verolanuova,unchanged,,POSAS 2019/2025 direct comparison,sum,
017196,Verolavecchia,017196,Verolavecchia,unchanged,,POSAS 2019/2025 direct comparison,sum,
017197,Vestone,017197,Vestone,unchanged,,POSAS 2019/2025 direct comparison,sum,
017198,Vezza d'Oglio,017198,Vezza d'Oglio,unchanged,,POSAS 2019/2025 direct comparison,sum,
017199,Villa Carcina,017199,Villa Carcina,unchanged,,POSAS 2019/2025 direct comparison,sum,
017200,Villachiara,017200,Villachiara,unchanged,,POSAS 2019/2025 direct comparison,sum,
017201,Villanuova sul Clisi,017201,Villanuova sul Clisi,unchanged,,POSAS 2019/2025 direct comparison,sum,
017202,Vione,017202,Vione,unchanged,,POSAS 2019/2025 direct comparison,sum,
017203,Visano,017203,Visano,unchanged,,POSAS 2019/2025 direct comparison,sum,
017204,Vobarno,017204,Vobarno,unchanged,,POSAS 2019/2025 direct comparison,sum,
017205,Zone,017205,Zone,unchanged,,POSAS 2019/2025 direct comparison,sum,
017206,Piancogno,017206,Piancogno,unchanged,,POSAS 2019/2025 direct comparison,sum,
018001,Alagna,018001,Alagna,unchanged,,POSAS 2019/2025 direct comparison,sum,
018003,Albonese,018003,Albonese,unchanged,,POSAS 2019/2025 direct comparison,sum,
018004,Albuzzano,018004,Albuzzano,unchanged,,POSAS 2019/2025 direct comparison,sum,
018005,Arena Po,018005,Arena Po,unchanged,,POSAS 2019/2025 direct comparison,sum,
018006,Badia Pavese,018006,Badia Pavese,unchanged,,POSAS 2019/2025 direct comparison,sum,
018007,Bagnaria,018007,Bagnaria,unchanged,,POSAS 2019/2025 direct comparison,sum,
018008,Barbianello,018008,Barbianello,unchanged,,POSAS 2019/2025 direct comparison,sum,
018009,Bascapè,018009,Bascapè,unchanged,,POSAS 2019/2025 direct comparison,sum,
018011,Bastida Pancarana,018011,Bastida Pancarana,unchanged,,POSAS 2019/2025 direct comparison,sum,
018012,Battuda,018012,Battuda,unchanged,,POSAS 2019/2025 direct comparison,sum,
018013,Belgioioso,018013,Belgioioso,unchanged,,POSAS 2019/2025 direct comparison,sum,
018014,Bereguardo,018014,Bereguardo,unchanged,,POSAS 2019/2025 direct comparison,sum,
018015,Borgarello,018015,Borgarello,unchanged,,POSAS 2019/2025 direct comparison,sum,
018016,Borgo Priolo,018016,Borgo Priolo,unchanged,,POSAS 2019/2025 direct comparison,sum,
018017,Borgoratto Mormorolo,018017,Borgoratto Mormorolo,unchanged,,POSAS 2019/2025 direct comparison,sum,
018018,Borgo San Siro,018018,Borgo San Siro,unchanged,,POSAS 2019/2025 direct comparison,sum,
018019,Bornasco,018019,Bornasco,unchanged,,POSAS 2019/2025 direct comparison,sum,
018020,Bosnasco,018020,Bosnasco,unchanged,,POSAS 2019/2025 direct comparison,sum,
018021,Brallo di Pregola,018021,Brallo di Pregola,unchanged,,POSAS 2019/2025 direct comparison,sum,
018022,Breme,018022,Breme,unchanged,,POSAS 2019/2025 direct comparison,sum,
018023,Bressana Bottarone,018023,Bressana Bottarone,unchanged,,POSAS 2019/2025 direct comparison,sum,
018024,Broni,018024,Broni,unchanged,,POSAS 2019/2025 direct comparison,sum,
018025,Calvignano,018025,Calvignano,unchanged,,POSAS 2019/2025 direct comparison,sum,
018026,Campospinoso Albaredo,018002,Albaredo Arnaboldi,incorporation_and_rename,2023-11-18,https://www.istat.it/storage/codici-unita-amministrative/Novita-2025-2017.pdf,sum,
018026,Campospinoso Albaredo,018026,Campospinoso,incorporation_and_rename,2023-11-18,https://www.istat.it/storage/codici-unita-amministrative/Novita-2025-2017.pdf,sum,
018027,Candia Lomellina,018027,Candia Lomellina,unchanged,,POSAS 2019/2025 direct comparison,sum,
018029,Canneto Pavese,018029,Canneto Pavese,unchanged,,POSAS 2019/2025 direct comparison,sum,
018030,Carbonara al Ticino,018030,Carbonara al Ticino,unchanged,,POSAS 2019/2025 direct comparison,sum,
018031,Casanova Lonati,018031,Casanova Lonati,unchanged,,POSAS 2019/2025 direct comparison,sum,
018032,Casatisma,018032,Casatisma,unchanged,,POSAS 2019/2025 direct comparison,sum,
018033,Casei Gerola,018033,Casei Gerola,unchanged,,POSAS 2019/2025 direct comparison,sum,
018034,Casorate Primo,018034,Casorate Primo,unchanged,,POSAS 2019/2025 direct comparison,sum,
018035,Cassolnovo,018035,Cassolnovo,unchanged,,POSAS 2019/2025 direct comparison,sum,
018036,Castana,018036,Castana,unchanged,,POSAS 2019/2025 direct comparison,sum,
018037,Casteggio,018037,Casteggio,unchanged,,POSAS 2019/2025 direct comparison,sum,
018038,Castelletto di Branduzzo,018038,Castelletto di Branduzzo,unchanged,,POSAS 2019/2025 direct comparison,sum,
018039,Castello d'Agogna,018039,Castello d'Agogna,unchanged,,POSAS 2019/2025 direct comparison,sum,
018040,Castelnovetto,018040,Castelnovetto,unchanged,,POSAS 2019/2025 direct comparison,sum,
018041,Cava Manara,018041,Cava Manara,unchanged,,POSAS 2019/2025 direct comparison,sum,
018042,Cecima,018042,Cecima,unchanged,,POSAS 2019/2025 direct comparison,sum,
018043,Ceranova,018043,Ceranova,unchanged,,POSAS 2019/2025 direct comparison,sum,
018044,Ceretto Lomellina,018044,Ceretto Lomellina,unchanged,,POSAS 2019/2025 direct comparison,sum,
018045,Cergnago,018045,Cergnago,unchanged,,POSAS 2019/2025 direct comparison,sum,
018046,Certosa di Pavia,018046,Certosa di Pavia,unchanged,,POSAS 2019/2025 direct comparison,sum,
018047,Cervesina,018047,Cervesina,unchanged,,POSAS 2019/2025 direct comparison,sum,
018048,Chignolo Po,018048,Chignolo Po,unchanged,,POSAS 2019/2025 direct comparison,sum,
018049,Cigognola,018049,Cigognola,unchanged,,POSAS 2019/2025 direct comparison,sum,
018050,Cilavegna,018050,Cilavegna,unchanged,,POSAS 2019/2025 direct comparison,sum,
018051,Codevilla,018051,Codevilla,unchanged,,POSAS 2019/2025 direct comparison,sum,
018052,Confienza,018052,Confienza,unchanged,,POSAS 2019/2025 direct comparison,sum,
018053,Copiano,018053,Copiano,unchanged,,POSAS 2019/2025 direct comparison,sum,
018054,Corana,018054,Corana,unchanged,,POSAS 2019/2025 direct comparison,sum,
018057,Corvino San Quirico,018057,Corvino San Quirico,unchanged,,POSAS 2019/2025 direct comparison,sum,
018058,Costa de' Nobili,018058,Costa de' Nobili,unchanged,,POSAS 2019/2025 direct comparison,sum,
018059,Cozzo,018059,Cozzo,unchanged,,POSAS 2019/2025 direct comparison,sum,
018060,Cura Carpignano,018060,Cura Carpignano,unchanged,,POSAS 2019/2025 direct comparison,sum,
018061,Dorno,018061,Dorno,unchanged,,POSAS 2019/2025 direct comparison,sum,
018062,Ferrera Erbognone,018062,Ferrera Erbognone,unchanged,,POSAS 2019/2025 direct comparison,sum,
018063,Filighera,018063,Filighera,unchanged,,POSAS 2019/2025 direct comparison,sum,
018064,Fortunago,018064,Fortunago,unchanged,,POSAS 2019/2025 direct comparison,sum,
018065,Frascarolo,018065,Frascarolo,unchanged,,POSAS 2019/2025 direct comparison,sum,
018066,Galliavola,018066,Galliavola,unchanged,,POSAS 2019/2025 direct comparison,sum,
018067,Gambarana,018067,Gambarana,unchanged,,POSAS 2019/2025 direct comparison,sum,
018068,Gambolò,018068,Gambolò,unchanged,,POSAS 2019/2025 direct comparison,sum,
018069,Garlasco,018069,Garlasco,unchanged,,POSAS 2019/2025 direct comparison,sum,
018071,Gerenzago,018071,Gerenzago,unchanged,,POSAS 2019/2025 direct comparison,sum,
018072,Giussago,018072,Giussago,unchanged,,POSAS 2019/2025 direct comparison,sum,
018073,Godiasco Salice Terme,018073,Godiasco Salice Terme,unchanged,,POSAS 2019/2025 direct comparison,sum,
018074,Golferenzo,018074,Golferenzo,unchanged,,POSAS 2019/2025 direct comparison,sum,
018075,Gravellona Lomellina,018075,Gravellona Lomellina,unchanged,,POSAS 2019/2025 direct comparison,sum,
018076,Gropello Cairoli,018076,Gropello Cairoli,unchanged,,POSAS 2019/2025 direct comparison,sum,
018077,Inverno e Monteleone,018077,Inverno e Monteleone,unchanged,,POSAS 2019/2025 direct comparison,sum,
018078,Landriano,018078,Landriano,unchanged,,POSAS 2019/2025 direct comparison,sum,
018079,Langosco,018079,Langosco,unchanged,,POSAS 2019/2025 direct comparison,sum,
018080,Lardirago,018080,Lardirago,unchanged,,POSAS 2019/2025 direct comparison,sum,
018081,Linarolo,018081,Linarolo,unchanged,,POSAS 2019/2025 direct comparison,sum,
018082,Lirio,018082,Lirio,unchanged,,POSAS 2019/2025 direct comparison,sum,
018083,Lomello,018083,Lomello,unchanged,,POSAS 2019/2025 direct comparison,sum,
018084,Lungavilla,018084,Lungavilla,unchanged,,POSAS 2019/2025 direct comparison,sum,
018085,Magherno,018085,Magherno,unchanged,,POSAS 2019/2025 direct comparison,sum,
018086,Marcignago,018086,Marcignago,unchanged,,POSAS 2019/2025 direct comparison,sum,
018087,Marzano,018087,Marzano,unchanged,,POSAS 2019/2025 direct comparison,sum,
018088,Mede,018088,Mede,unchanged,,POSAS 2019/2025 direct comparison,sum,
018089,Menconico,018089,Menconico,unchanged,,POSAS 2019/2025 direct comparison,sum,
018090,Mezzana Bigli,018090,Mezzana Bigli,unchanged,,POSAS 2019/2025 direct comparison,sum,
018091,Mezzana Rabattone,018091,Mezzana Rabattone,unchanged,,POSAS 2019/2025 direct comparison,sum,
018092,Mezzanino,018092,Mezzanino,unchanged,,POSAS 2019/2025 direct comparison,sum,
018093,Miradolo Terme,018093,Miradolo Terme,unchanged,,POSAS 2019/2025 direct comparison,sum,
018094,Montalto Pavese,018094,Montalto Pavese,unchanged,,POSAS 2019/2025 direct comparison,sum,
018095,Montebello della Battaglia,018095,Montebello della Battaglia,unchanged,,POSAS 2019/2025 direct comparison,sum,
018096,Montecalvo Versiggia,018096,Montecalvo Versiggia,unchanged,,POSAS 2019/2025 direct comparison,sum,
018097,Montescano,018097,Montescano,unchanged,,POSAS 2019/2025 direct comparison,sum,
018098,Montesegale,018098,Montesegale,unchanged,,POSAS 2019/2025 direct comparison,sum,
018099,Monticelli Pavese,018099,Monticelli Pavese,unchanged,,POSAS 2019/2025 direct comparison,sum,
018100,Montù Beccaria,018100,Montù Beccaria,unchanged,,POSAS 2019/2025 direct comparison,sum,
018101,Mornico Losana,018101,Mornico Losana,unchanged,,POSAS 2019/2025 direct comparison,sum,
018102,Mortara,018102,Mortara,unchanged,,POSAS 2019/2025 direct comparison,sum,
018103,Nicorvo,018103,Nicorvo,unchanged,,POSAS 2019/2025 direct comparison,sum,
018104,Olevano di Lomellina,018104,Olevano di Lomellina,unchanged,,POSAS 2019/2025 direct comparison,sum,
018105,Oliva Gessi,018105,Oliva Gessi,unchanged,,POSAS 2019/2025 direct comparison,sum,
018106,Ottobiano,018106,Ottobiano,unchanged,,POSAS 2019/2025 direct comparison,sum,
018107,Palestro,018107,Palestro,unchanged,,POSAS 2019/2025 direct comparison,sum,
018108,Pancarana,018108,Pancarana,unchanged,,POSAS 2019/2025 direct comparison,sum,
018109,Parona,018109,Parona,unchanged,,POSAS 2019/2025 direct comparison,sum,
018110,Pavia,018110,Pavia,unchanged,,POSAS 2019/2025 direct comparison,sum,
018111,Pietra de' Giorgi,018111,Pietra de' Giorgi,unchanged,,POSAS 2019/2025 direct comparison,sum,
018112,Pieve Albignola,018112,Pieve Albignola,unchanged,,POSAS 2019/2025 direct comparison,sum,
018113,Pieve del Cairo,018113,Pieve del Cairo,unchanged,,POSAS 2019/2025 direct comparison,sum,
018114,Pieve Porto Morone,018114,Pieve Porto Morone,unchanged,,POSAS 2019/2025 direct comparison,sum,
018115,Pinarolo Po,018115,Pinarolo Po,unchanged,,POSAS 2019/2025 direct comparison,sum,
018116,Pizzale,018116,Pizzale,unchanged,,POSAS 2019/2025 direct comparison,sum,
018117,Ponte Nizza,018117,Ponte Nizza,unchanged,,POSAS 2019/2025 direct comparison,sum,
018118,Portalbera,018118,Portalbera,unchanged,,POSAS 2019/2025 direct comparison,sum,
018119,Rea,018119,Rea,unchanged,,POSAS 2019/2025 direct comparison,sum,
018120,Redavalle,018120,Redavalle,unchanged,,POSAS 2019/2025 direct comparison,sum,
018121,Retorbido,018121,Retorbido,unchanged,,POSAS 2019/2025 direct comparison,sum,
018122,Rivanazzano Terme,018122,Rivanazzano Terme,unchanged,,POSAS 2019/2025 direct comparison,sum,
018123,Robbio,018123,Robbio,unchanged,,POSAS 2019/2025 direct comparison,sum,
018124,Robecco Pavese,018124,Robecco Pavese,unchanged,,POSAS 2019/2025 direct comparison,sum,
018125,Rocca de' Giorgi,018125,Rocca de' Giorgi,unchanged,,POSAS 2019/2025 direct comparison,sum,
018126,Rocca Susella,018126,Rocca Susella,unchanged,,POSAS 2019/2025 direct comparison,sum,
018127,Rognano,018127,Rognano,unchanged,,POSAS 2019/2025 direct comparison,sum,
018128,Romagnese,018128,Romagnese,unchanged,,POSAS 2019/2025 direct comparison,sum,
018129,Roncaro,018129,Roncaro,unchanged,,POSAS 2019/2025 direct comparison,sum,
018130,Rosasco,018130,Rosasco,unchanged,,POSAS 2019/2025 direct comparison,sum,
018131,Rovescala,018131,Rovescala,unchanged,,POSAS 2019/2025 direct comparison,sum,
018133,San Cipriano Po,018133,San Cipriano Po,unchanged,,POSAS 2019/2025 direct comparison,sum,
018134,San Damiano al Colle,018134,San Damiano al Colle,unchanged,,POSAS 2019/2025 direct comparison,sum,
018135,San Genesio ed Uniti,018135,San Genesio ed Uniti,unchanged,,POSAS 2019/2025 direct comparison,sum,
018136,San Giorgio di Lomellina,018136,San Giorgio di Lomellina,unchanged,,POSAS 2019/2025 direct comparison,sum,
018137,San Martino Siccomario,018137,San Martino Siccomario,unchanged,,POSAS 2019/2025 direct comparison,sum,
018138,Sannazzaro de' Burgondi,018138,Sannazzaro de' Burgondi,unchanged,,POSAS 2019/2025 direct comparison,sum,
018139,Santa Cristina e Bissone,018139,Santa Cristina e Bissone,unchanged,,POSAS 2019/2025 direct comparison,sum,
018140,Santa Giuletta,018140,Santa Giuletta,unchanged,,POSAS 2019/2025 direct comparison,sum,
018141,Sant'Alessio con Vialone,018141,Sant'Alessio con Vialone,unchanged,,POSAS 2019/2025 direct comparison,sum,
018142,Santa Margherita di Staffora,018142,Santa Margherita di Staffora,unchanged,,POSAS 2019/2025 direct comparison,sum,
018143,Santa Maria della Versa,018143,Santa Maria della Versa,unchanged,,POSAS 2019/2025 direct comparison,sum,
018144,Sant'Angelo Lomellina,018144,Sant'Angelo Lomellina,unchanged,,POSAS 2019/2025 direct comparison,sum,
018145,San Zenone al Po,018145,San Zenone al Po,unchanged,,POSAS 2019/2025 direct comparison,sum,
018146,Sartirana Lomellina,018146,Sartirana Lomellina,unchanged,,POSAS 2019/2025 direct comparison,sum,
018147,Scaldasole,018147,Scaldasole,unchanged,,POSAS 2019/2025 direct comparison,sum,
018148,Semiana,018148,Semiana,unchanged,,POSAS 2019/2025 direct comparison,sum,
018149,Silvano Pietra,018149,Silvano Pietra,unchanged,,POSAS 2019/2025 direct comparison,sum,
018150,Siziano,018150,Siziano,unchanged,,POSAS 2019/2025 direct comparison,sum,
018151,Sommo,018151,Sommo,unchanged,,POSAS 2019/2025 direct comparison,sum,
018152,Spessa,018152,Spessa,unchanged,,POSAS 2019/2025 direct comparison,sum,
018153,Stradella,018153,Stradella,unchanged,,POSAS 2019/2025 direct comparison,sum,
018154,Suardi,018154,Suardi,unchanged,,POSAS 2019/2025 direct comparison,sum,
018155,Torrazza Coste,018155,Torrazza Coste,unchanged,,POSAS 2019/2025 direct comparison,sum,
018156,Torre Beretti e Castellaro,018156,Torre Beretti e Castellaro,unchanged,,POSAS 2019/2025 direct comparison,sum,
018157,Torre d'Arese,018157,Torre d'Arese,unchanged,,POSAS 2019/2025 direct comparison,sum,
018158,Torre de' Negri,018158,Torre de' Negri,unchanged,,POSAS 2019/2025 direct comparison,sum,
018159,Torre d'Isola,018159,Torre d'Isola,unchanged,,POSAS 2019/2025 direct comparison,sum,
018160,Torrevecchia Pia,018160,Torrevecchia Pia,unchanged,,POSAS 2019/2025 direct comparison,sum,
018161,Torricella Verzate,018161,Torricella Verzate,unchanged,,POSAS 2019/2025 direct comparison,sum,
018162,Travacò Siccomario,018162,Travacò Siccomario,unchanged,,POSAS 2019/2025 direct comparison,sum,
018163,Trivolzio,018163,Trivolzio,unchanged,,POSAS 2019/2025 direct comparison,sum,
018164,Tromello,018164,Tromello,unchanged,,POSAS 2019/2025 direct comparison,sum,
018165,Trovo,018165,Trovo,unchanged,,POSAS 2019/2025 direct comparison,sum,
018166,Val di Nizza,018166,Val di Nizza,unchanged,,POSAS 2019/2025 direct comparison,sum,
018167,Valeggio,018167,Valeggio,unchanged,,POSAS 2019/2025 direct comparison,sum,
018168,Valle Lomellina,018168,Valle Lomellina,unchanged,,POSAS 2019/2025 direct comparison,sum,
018169,Valle Salimbene,018169,Valle Salimbene,unchanged,,POSAS 2019/2025 direct comparison,sum,
018171,Varzi,018171,Varzi,unchanged,,POSAS 2019/2025 direct comparison,sum,
018172,Velezzo Lomellina,018172,Velezzo Lomellina,unchanged,,POSAS 2019/2025 direct comparison,sum,
018173,Vellezzo Bellini,018173,Vellezzo Bellini,unchanged,,POSAS 2019/2025 direct comparison,sum,
018174,Verretto,018174,Verretto,unchanged,,POSAS 2019/2025 direct comparison,sum,
018175,Verrua Po,018175,Verrua Po,unchanged,,POSAS 2019/2025 direct comparison,sum,
018176,Vidigulfo,018176,Vidigulfo,unchanged,,POSAS 2019/2025 direct comparison,sum,
018177,Vigevano,018177,Vigevano,unchanged,,POSAS 2019/2025 direct comparison,sum,
018178,Villa Biscossi,018178,Villa Biscossi,unchanged,,POSAS 2019/2025 direct comparison,sum,
018179,Villanova d'Ardenghi,018179,Villanova d'Ardenghi,unchanged,,POSAS 2019/2025 direct comparison,sum,
018180,Villanterio,018180,Villanterio,unchanged,,POSAS 2019/2025 direct comparison,sum,
018181,Vistarino,018181,Vistarino,unchanged,,POSAS 2019/2025 direct comparison,sum,
018182,Voghera,018182,Voghera,unchanged,,POSAS 2019/2025 direct comparison,sum,
018183,Volpara,018183,Volpara,unchanged,,POSAS 2019/2025 direct comparison,sum,
018184,Zavattarello,018184,Zavattarello,unchanged,,POSAS 2019/2025 direct comparison,sum,
018185,Zeccone,018185,Zeccone,unchanged,,POSAS 2019/2025 direct comparison,sum,
018186,Zeme,018186,Zeme,unchanged,,POSAS 2019/2025 direct comparison,sum,
018187,Zenevredo,018187,Zenevredo,unchanged,,POSAS 2019/2025 direct comparison,sum,
018188,Zerbo,018188,Zerbo,unchanged,,POSAS 2019/2025 direct comparison,sum,
018189,Zerbolò,018189,Zerbolò,unchanged,,POSAS 2019/2025 direct comparison,sum,
018190,Zinasco,018190,Zinasco,unchanged,,POSAS 2019/2025 direct comparison,sum,
018191,Cornale e Bastida,018191,Cornale e Bastida,unchanged,,POSAS 2019/2025 direct comparison,sum,
018192,Corteolona e Genzone,018192,Corteolona e Genzone,unchanged,,POSAS 2019/2025 direct comparison,sum,
018193,Colli Verdi,018028,Canevino,fusion,2019-01-01,https://www.istat.it/storage/codici-unita-amministrative/Novita-2025-2017.pdf,sum,
018193,Colli Verdi,018132,Ruino,fusion,2019-01-01,https://www.istat.it/storage/codici-unita-amministrative/Novita-2025-2017.pdf,sum,
018193,Colli Verdi,018170,Valverde,fusion,2019-01-01,https://www.istat.it/storage/codici-unita-amministrative/Novita-2025-2017.pdf,sum,
019001,Acquanegra Cremonese,019001,Acquanegra Cremonese,unchanged,,POSAS 2019/2025 direct comparison,sum,
019002,Agnadello,019002,Agnadello,unchanged,,POSAS 2019/2025 direct comparison,sum,
019003,Annicco,019003,Annicco,unchanged,,POSAS 2019/2025 direct comparison,sum,
019004,Azzanello,019004,Azzanello,unchanged,,POSAS 2019/2025 direct comparison,sum,
019005,Bagnolo Cremasco,019005,Bagnolo Cremasco,unchanged,,POSAS 2019/2025 direct comparison,sum,
019006,Bonemerse,019006,Bonemerse,unchanged,,POSAS 2019/2025 direct comparison,sum,
019007,Bordolano,019007,Bordolano,unchanged,,POSAS 2019/2025 direct comparison,sum,
019009,Calvatone,019009,Calvatone,unchanged,,POSAS 2019/2025 direct comparison,sum,
019010,Camisano,019010,Camisano,unchanged,,POSAS 2019/2025 direct comparison,sum,
019011,Campagnola Cremasca,019011,Campagnola Cremasca,unchanged,,POSAS 2019/2025 direct comparison,sum,
019012,Capergnanica,019012,Capergnanica,unchanged,,POSAS 2019/2025 direct comparison,sum,
019013,Cappella Cantone,019013,Cappella Cantone,unchanged,,POSAS 2019/2025 direct comparison,sum,
019014,Cappella de' Picenardi,019014,Cappella de' Picenardi,unchanged,,POSAS 2019/2025 direct comparison,sum,
019015,Capralba,019015,Capralba,unchanged,,POSAS 2019/2025 direct comparison,sum,
019016,Casalbuttano ed Uniti,019016,Casalbuttano ed Uniti,unchanged,,POSAS 2019/2025 direct comparison,sum,
019017,Casale Cremasco-Vidolasco,019017,Casale Cremasco-Vidolasco,unchanged,,POSAS 2019/2025 direct comparison,sum,
019018,Casaletto Ceredano,019018,Casaletto Ceredano,unchanged,,POSAS 2019/2025 direct comparison,sum,
019019,Casaletto di Sopra,019019,Casaletto di Sopra,unchanged,,POSAS 2019/2025 direct comparison,sum,
019020,Casaletto Vaprio,019020,Casaletto Vaprio,unchanged,,POSAS 2019/2025 direct comparison,sum,
019021,Casalmaggiore,019021,Casalmaggiore,unchanged,,POSAS 2019/2025 direct comparison,sum,
019022,Casalmorano,019022,Casalmorano,unchanged,,POSAS 2019/2025 direct comparison,sum,
019023,Casteldidone,019023,Casteldidone,unchanged,,POSAS 2019/2025 direct comparison,sum,
019024,Castel Gabbiano,019024,Castel Gabbiano,unchanged,,POSAS 2019/2025 direct comparison,sum,
019025,Castelleone,019025,Castelleone,unchanged,,POSAS 2019/2025 direct comparison,sum,
019026,Castelverde,019026,Castelverde,unchanged,,POSAS 2019/2025 direct comparison,sum,
019027,Castelvisconti,019027,Castelvisconti,unchanged,,POSAS 2019/2025 direct comparison,sum,
019028,Cella Dati,019028,Cella Dati,unchanged,,POSAS 2019/2025 direct comparison,sum,
019029,Chieve,019029,Chieve,unchanged,,POSAS 2019/2025 direct comparison,sum,
019030,Cicognolo,019030,Cicognolo,unchanged,,POSAS 2019/2025 direct comparison,sum,
019031,Cingia de' Botti,019031,Cingia de' Botti,unchanged,,POSAS 2019/2025 direct comparison,sum,
019032,Corte de' Cortesi con Cignone,019032,Corte de' Cortesi con Cignone,unchanged,,POSAS 2019/2025 direct comparison,sum,
019033,Corte de' Frati,019033,Corte de' Frati,unchanged,,POSAS 2019/2025 direct comparison,sum,
019034,Credera Rubbiano,019034,Credera Rubbiano,unchanged,,POSAS 2019/2025 direct comparison,sum,
019035,Crema,019035,Crema,unchanged,,POSAS 2019/2025 direct comparison,sum,
019036,Cremona,019036,Cremona,unchanged,,POSAS 2019/2025 direct comparison,sum,
019037,Cremosano,019037,Cremosano,unchanged,,POSAS 2019/2025 direct comparison,sum,
019038,Crotta d'Adda,019038,Crotta d'Adda,unchanged,,POSAS 2019/2025 direct comparison,sum,
019039,Cumignano sul Naviglio,019039,Cumignano sul Naviglio,unchanged,,POSAS 2019/2025 direct comparison,sum,
019040,Derovere,019040,Derovere,unchanged,,POSAS 2019/2025 direct comparison,sum,
019041,Dovera,019041,Dovera,unchanged,,POSAS 2019/2025 direct comparison,sum,
019043,Fiesco,019043,Fiesco,unchanged,,POSAS 2019/2025 direct comparison,sum,
019044,Formigara,019044,Formigara,unchanged,,POSAS 2019/2025 direct comparison,sum,
019045,Gabbioneta-Binanuova,019045,Gabbioneta-Binanuova,unchanged,,POSAS 2019/2025 direct comparison,sum,
019046,Gadesco-Pieve Delmona,019046,Gadesco-Pieve Delmona,unchanged,,POSAS 2019/2025 direct comparison,sum,
019047,Genivolta,019047,Genivolta,unchanged,,POSAS 2019/2025 direct comparison,sum,
019048,Gerre de' Caprioli,019048,Gerre de' Caprioli,unchanged,,POSAS 2019/2025 direct comparison,sum,
019049,Gombito,019049,Gombito,unchanged,,POSAS 2019/2025 direct comparison,sum,
019050,Grontardo,019050,Grontardo,unchanged,,POSAS 2019/2025 direct comparison,sum,
019051,Grumello Cremonese ed Uniti,019051,Grumello Cremonese ed Uniti,unchanged,,POSAS 2019/2025 direct comparison,sum,
019052,Gussola,019052,Gussola,unchanged,,POSAS 2019/2025 direct comparison,sum,
019053,Isola Dovarese,019053,Isola Dovarese,unchanged,,POSAS 2019/2025 direct comparison,sum,
019054,Izano,019054,Izano,unchanged,,POSAS 2019/2025 direct comparison,sum,
019055,Madignano,019055,Madignano,unchanged,,POSAS 2019/2025 direct comparison,sum,
019056,Malagnino,019056,Malagnino,unchanged,,POSAS 2019/2025 direct comparison,sum,
019057,Martignana di Po,019057,Martignana di Po,unchanged,,POSAS 2019/2025 direct comparison,sum,
019058,Monte Cremasco,019058,Monte Cremasco,unchanged,,POSAS 2019/2025 direct comparison,sum,
019059,Montodine,019059,Montodine,unchanged,,POSAS 2019/2025 direct comparison,sum,
019060,Moscazzano,019060,Moscazzano,unchanged,,POSAS 2019/2025 direct comparison,sum,
019061,Motta Baluffi,019061,Motta Baluffi,unchanged,,POSAS 2019/2025 direct comparison,sum,
019062,Offanengo,019062,Offanengo,unchanged,,POSAS 2019/2025 direct comparison,sum,
019063,Olmeneta,019063,Olmeneta,unchanged,,POSAS 2019/2025 direct comparison,sum,
019064,Ostiano,019064,Ostiano,unchanged,,POSAS 2019/2025 direct comparison,sum,
019065,Paderno Ponchielli,019065,Paderno Ponchielli,unchanged,,POSAS 2019/2025 direct comparison,sum,
019066,Palazzo Pignano,019066,Palazzo Pignano,unchanged,,POSAS 2019/2025 direct comparison,sum,
019067,Pandino,019067,Pandino,unchanged,,POSAS 2019/2025 direct comparison,sum,
019068,Persico Dosimo,019068,Persico Dosimo,unchanged,,POSAS 2019/2025 direct comparison,sum,
019069,Pescarolo ed Uniti,019069,Pescarolo ed Uniti,unchanged,,POSAS 2019/2025 direct comparison,sum,
019070,Pessina Cremonese,019070,Pessina Cremonese,unchanged,,POSAS 2019/2025 direct comparison,sum,
019072,Pianengo,019072,Pianengo,unchanged,,POSAS 2019/2025 direct comparison,sum,
019073,Pieranica,019073,Pieranica,unchanged,,POSAS 2019/2025 direct comparison,sum,
019074,Pieve d'Olmi,019074,Pieve d'Olmi,unchanged,,POSAS 2019/2025 direct comparison,sum,
019075,Pieve San Giacomo,019075,Pieve San Giacomo,unchanged,,POSAS 2019/2025 direct comparison,sum,
019076,Pizzighettone,019076,Pizzighettone,unchanged,,POSAS 2019/2025 direct comparison,sum,
019077,Pozzaglio ed Uniti,019077,Pozzaglio ed Uniti,unchanged,,POSAS 2019/2025 direct comparison,sum,
019078,Quintano,019078,Quintano,unchanged,,POSAS 2019/2025 direct comparison,sum,
019079,Ricengo,019079,Ricengo,unchanged,,POSAS 2019/2025 direct comparison,sum,
019080,Ripalta Arpina,019080,Ripalta Arpina,unchanged,,POSAS 2019/2025 direct comparison,sum,
019081,Ripalta Cremasca,019081,Ripalta Cremasca,unchanged,,POSAS 2019/2025 direct comparison,sum,
019082,Ripalta Guerina,019082,Ripalta Guerina,unchanged,,POSAS 2019/2025 direct comparison,sum,
019083,Rivarolo del Re ed Uniti,019083,Rivarolo del Re ed Uniti,unchanged,,POSAS 2019/2025 direct comparison,sum,
019084,Rivolta d'Adda,019084,Rivolta d'Adda,unchanged,,POSAS 2019/2025 direct comparison,sum,
019085,Robecco d'Oglio,019085,Robecco d'Oglio,unchanged,,POSAS 2019/2025 direct comparison,sum,
019086,Romanengo,019086,Romanengo,unchanged,,POSAS 2019/2025 direct comparison,sum,
019087,Salvirola,019087,Salvirola,unchanged,,POSAS 2019/2025 direct comparison,sum,
019088,San Bassano,019088,San Bassano,unchanged,,POSAS 2019/2025 direct comparison,sum,
019089,San Daniele Po,019089,San Daniele Po,unchanged,,POSAS 2019/2025 direct comparison,sum,
019090,San Giovanni in Croce,019090,San Giovanni in Croce,unchanged,,POSAS 2019/2025 direct comparison,sum,
019091,San Martino del Lago,019091,San Martino del Lago,unchanged,,POSAS 2019/2025 direct comparison,sum,
019092,Scandolara Ravara,019092,Scandolara Ravara,unchanged,,POSAS 2019/2025 direct comparison,sum,
019093,Scandolara Ripa d'Oglio,019093,Scandolara Ripa d'Oglio,unchanged,,POSAS 2019/2025 direct comparison,sum,
019094,Sergnano,019094,Sergnano,unchanged,,POSAS 2019/2025 direct comparison,sum,
019095,Sesto ed Uniti,019095,Sesto ed Uniti,unchanged,,POSAS 2019/2025 direct comparison,sum,
019096,Solarolo Rainerio,019096,Solarolo Rainerio,unchanged,,POSAS 2019/2025 direct comparison,sum,
019097,Soncino,019097,Soncino,unchanged,,POSAS 2019/2025 direct comparison,sum,
019098,Soresina,019098,Soresina,unchanged,,POSAS 2019/2025 direct comparison,sum,
019099,Sospiro,019099,Sospiro,unchanged,,POSAS 2019/2025 direct comparison,sum,
019100,Spinadesco,019100,Spinadesco,unchanged,,POSAS 2019/2025 direct comparison,sum,
019101,Spineda,019101,Spineda,unchanged,,POSAS 2019/2025 direct comparison,sum,
019102,Spino d'Adda,019102,Spino d'Adda,unchanged,,POSAS 2019/2025 direct comparison,sum,
019103,Stagno Lombardo,019103,Stagno Lombardo,unchanged,,POSAS 2019/2025 direct comparison,sum,
019104,Ticengo,019104,Ticengo,unchanged,,POSAS 2019/2025 direct comparison,sum,
019105,Torlino Vimercati,019105,Torlino Vimercati,unchanged,,POSAS 2019/2025 direct comparison,sum,
019106,Tornata,019106,Tornata,unchanged,,POSAS 2019/2025 direct comparison,sum,
019107,Torre de' Picenardi,019008,Ca' d'Andrea,incorporation,2019-01-01,https://www.istat.it/storage/codici-unita-amministrative/Novita-2025-2017.pdf,sum,
019107,Torre de' Picenardi,019107,Torre de' Picenardi,incorporation,2019-01-01,https://www.istat.it/storage/codici-unita-amministrative/Novita-2025-2017.pdf,sum,
019108,Torricella del Pizzo,019108,Torricella del Pizzo,unchanged,,POSAS 2019/2025 direct comparison,sum,
019109,Trescore Cremasco,019109,Trescore Cremasco,unchanged,,POSAS 2019/2025 direct comparison,sum,
019110,Trigolo,019110,Trigolo,unchanged,,POSAS 2019/2025 direct comparison,sum,
019111,Vaiano Cremasco,019111,Vaiano Cremasco,unchanged,,POSAS 2019/2025 direct comparison,sum,
019112,Vailate,019112,Vailate,unchanged,,POSAS 2019/2025 direct comparison,sum,
019113,Vescovato,019113,Vescovato,unchanged,,POSAS 2019/2025 direct comparison,sum,
019114,Volongo,019114,Volongo,unchanged,,POSAS 2019/2025 direct comparison,sum,
019115,Voltido,019115,Voltido,unchanged,,POSAS 2019/2025 direct comparison,sum,
019116,Piadena Drizzona,019042,Drizzona,fusion,2019-01-01,https://www.istat.it/storage/codici-unita-amministrative/Novita-2025-2017.pdf,sum,
019116,Piadena Drizzona,019071,Piadena,fusion,2019-01-01,https://www.istat.it/storage/codici-unita-amministrative/Novita-2025-2017.pdf,sum,
020001,Acquanegra sul Chiese,020001,Acquanegra sul Chiese,unchanged,,POSAS 2019/2025 direct comparison,sum,
020002,Asola,020002,Asola,unchanged,,POSAS 2019/2025 direct comparison,sum,
020003,Bagnolo San Vito,020003,Bagnolo San Vito,unchanged,,POSAS 2019/2025 direct comparison,sum,
020007,Bozzolo,020007,Bozzolo,unchanged,,POSAS 2019/2025 direct comparison,sum,
020008,Canneto sull'Oglio,020008,Canneto sull'Oglio,unchanged,,POSAS 2019/2025 direct comparison,sum,
020010,Casalmoro,020010,Casalmoro,unchanged,,POSAS 2019/2025 direct comparison,sum,
020011,Casaloldo,020011,Casaloldo,unchanged,,POSAS 2019/2025 direct comparison,sum,
020012,Casalromano,020012,Casalromano,unchanged,,POSAS 2019/2025 direct comparison,sum,
020013,Castelbelforte,020013,Castelbelforte,unchanged,,POSAS 2019/2025 direct comparison,sum,
020014,Castel d'Ario,020014,Castel d'Ario,unchanged,,POSAS 2019/2025 direct comparison,sum,
020015,Castel Goffredo,020015,Castel Goffredo,unchanged,,POSAS 2019/2025 direct comparison,sum,
020016,Castellucchio,020016,Castellucchio,unchanged,,POSAS 2019/2025 direct comparison,sum,
020017,Castiglione delle Stiviere,020017,Castiglione delle Stiviere,unchanged,,POSAS 2019/2025 direct comparison,sum,
020018,Cavriana,020018,Cavriana,unchanged,,POSAS 2019/2025 direct comparison,sum,
020019,Ceresara,020019,Ceresara,unchanged,,POSAS 2019/2025 direct comparison,sum,
020020,Commessaggio,020020,Commessaggio,unchanged,,POSAS 2019/2025 direct comparison,sum,
020021,Curtatone,020021,Curtatone,unchanged,,POSAS 2019/2025 direct comparison,sum,
020022,Dosolo,020022,Dosolo,unchanged,,POSAS 2019/2025 direct comparison,sum,
020024,Gazoldo degli Ippoliti,020024,Gazoldo degli Ippoliti,unchanged,,POSAS 2019/2025 direct comparison,sum,
020025,Gazzuolo,020025,Gazzuolo,unchanged,,POSAS 2019/2025 direct comparison,sum,
020026,Goito,020026,Goito,unchanged,,POSAS 2019/2025 direct comparison,sum,
020027,Gonzaga,020027,Gonzaga,unchanged,,POSAS 2019/2025 direct comparison,sum,
020028,Guidizzolo,020028,Guidizzolo,unchanged,,POSAS 2019/2025 direct comparison,sum,
020029,Magnacavallo,020029,Magnacavallo,unchanged,,POSAS 2019/2025 direct comparison,sum,
020030,Mantova,020030,Mantova,unchanged,,POSAS 2019/2025 direct comparison,sum,
020031,Marcaria,020031,Marcaria,unchanged,,POSAS 2019/2025 direct comparison,sum,
020032,Mariana Mantovana,020032,Mariana Mantovana,unchanged,,POSAS 2019/2025 direct comparison,sum,
020033,Marmirolo,020033,Marmirolo,unchanged,,POSAS 2019/2025 direct comparison,sum,
020034,Medole,020034,Medole,unchanged,,POSAS 2019/2025 direct comparison,sum,
020035,Moglia,020035,Moglia,unchanged,,POSAS 2019/2025 direct comparison,sum,
020036,Monzambano,020036,Monzambano,unchanged,,POSAS 2019/2025 direct comparison,sum,
020037,Motteggiana,020037,Motteggiana,unchanged,,POSAS 2019/2025 direct comparison,sum,
020038,Ostiglia,020038,Ostiglia,unchanged,,POSAS 2019/2025 direct comparison,sum,
020039,Pegognaga,020039,Pegognaga,unchanged,,POSAS 2019/2025 direct comparison,sum,
020041,Piubega,020041,Piubega,unchanged,,POSAS 2019/2025 direct comparison,sum,
020042,Poggio Rusco,020042,Poggio Rusco,unchanged,,POSAS 2019/2025 direct comparison,sum,
020043,Pomponesco,020043,Pomponesco,unchanged,,POSAS 2019/2025 direct comparison,sum,
020044,Ponti sul Mincio,020044,Ponti sul Mincio,unchanged,,POSAS 2019/2025 direct comparison,sum,
020045,Porto Mantovano,020045,Porto Mantovano,unchanged,,POSAS 2019/2025 direct comparison,sum,
020046,Quingentole,020046,Quingentole,unchanged,,POSAS 2019/2025 direct comparison,sum,
020047,Quistello,020047,Quistello,unchanged,,POSAS 2019/2025 direct comparison,sum,
020048,Redondesco,020048,Redondesco,unchanged,,POSAS 2019/2025 direct comparison,sum,
020050,Rivarolo Mantovano,020050,Rivarolo Mantovano,unchanged,,POSAS 2019/2025 direct comparison,sum,
020051,Rodigo,020051,Rodigo,unchanged,,POSAS 2019/2025 direct comparison,sum,
020052,Roncoferraro,020052,Roncoferraro,unchanged,,POSAS 2019/2025 direct comparison,sum,
020053,Roverbella,020053,Roverbella,unchanged,,POSAS 2019/2025 direct comparison,sum,
020054,Sabbioneta,020054,Sabbioneta,unchanged,,POSAS 2019/2025 direct comparison,sum,
020055,San Benedetto Po,020055,San Benedetto Po,unchanged,,POSAS 2019/2025 direct comparison,sum,
020056,San Giacomo delle Segnate,020056,San Giacomo delle Segnate,unchanged,,POSAS 2019/2025 direct comparison,sum,
020057,San Giorgio Bigarello,020004,Bigarello,incorporation_and_rename,2019-01-01,https://www.istat.it/storage/codici-unita-amministrative/Novita-2025-2017.pdf,sum,
020057,San Giorgio Bigarello,020057,San Giorgio di Mantova,incorporation_and_rename,2019-01-01,https://www.istat.it/storage/codici-unita-amministrative/Novita-2025-2017.pdf,sum,
020058,San Giovanni del Dosso,020058,San Giovanni del Dosso,unchanged,,POSAS 2019/2025 direct comparison,sum,
020059,San Martino dall'Argine,020059,San Martino dall'Argine,unchanged,,POSAS 2019/2025 direct comparison,sum,
020060,Schivenoglia,020060,Schivenoglia,unchanged,,POSAS 2019/2025 direct comparison,sum,
020061,Sermide e Felonica,020061,Sermide e Felonica,unchanged,,POSAS 2019/2025 direct comparison,sum,
020062,Serravalle a Po,020062,Serravalle a Po,unchanged,,POSAS 2019/2025 direct comparison,sum,
020063,Solferino,020063,Solferino,unchanged,,POSAS 2019/2025 direct comparison,sum,
020064,Sustinente,020064,Sustinente,unchanged,,POSAS 2019/2025 direct comparison,sum,
020065,Suzzara,020065,Suzzara,unchanged,,POSAS 2019/2025 direct comparison,sum,
020066,Viadana,020066,Viadana,unchanged,,POSAS 2019/2025 direct comparison,sum,
020068,Villimpenta,020068,Villimpenta,unchanged,,POSAS 2019/2025 direct comparison,sum,
020070,Volta Mantovana,020070,Volta Mantovana,unchanged,,POSAS 2019/2025 direct comparison,sum,
020071,Borgo Virgilio,020071,Borgo Virgilio,unchanged,,POSAS 2019/2025 direct comparison,sum,
020072,Borgo Mantovano,020072,Borgo Mantovano,unchanged,,POSAS 2019/2025 direct comparison,sum,
020073,Borgocarbonara,020006,Borgofranco sul Po,fusion,2019-01-01,https://www.istat.it/storage/codici-unita-amministrative/Novita-2025-2017.pdf,sum,
020073,Borgocarbonara,020009,Carbonara di Po,fusion,2019-01-01,https://www.istat.it/storage/codici-unita-amministrative/Novita-2025-2017.pdf,sum,
021001,Aldino/Aldein,021001,Aldino/Aldein,unchanged,,POSAS 2019/2025 direct comparison,sum,
021002,Andriano/Andrian,021002,Andriano/Andrian,unchanged,,POSAS 2019/2025 direct comparison,sum,
021003,Anterivo/Altrei,021003,Anterivo/Altrei,unchanged,,POSAS 2019/2025 direct comparison,sum,
021004,Appiano sulla strada del vino/Eppan an der Weinstraße,021004,Appiano sulla strada del vino/Eppan an der Weinstraße,unchanged,,POSAS 2019/2025 direct comparison,sum,
021005,Avelengo/Hafling,021005,Avelengo/Hafling,unchanged,,POSAS 2019/2025 direct comparison,sum,
021006,Badia/Abtei,021006,Badia/Abtei,unchanged,,POSAS 2019/2025 direct comparison,sum,
021007,Barbiano/Barbian,021007,Barbiano/Barbian,unchanged,,POSAS 2019/2025 direct comparison,sum,
021008,Bolzano/Bozen,021008,Bolzano/Bozen,unchanged,,POSAS 2019/2025 direct comparison,sum,
021009,Braies/Prags,021009,Braies/Prags,unchanged,,POSAS 2019/2025 direct comparison,sum,
021010,Brennero/Brenner,021010,Brennero/Brenner,unchanged,,POSAS 2019/2025 direct comparison,sum,
021011,Bressanone/Brixen,021011,Bressanone/Brixen,unchanged,,POSAS 2019/2025 direct comparison,sum,
021012,Bronzolo/Branzoll,021012,Bronzolo/Branzoll,unchanged,,POSAS 2019/2025 direct comparison,sum,
021013,Brunico/Bruneck,021013,Brunico/Bruneck,unchanged,,POSAS 2019/2025 direct comparison,sum,
021014,Caines/Kuens,021014,Caines/Kuens,unchanged,,POSAS 2019/2025 direct comparison,sum,
021015,Caldaro sulla strada del vino/Kaltern an der Weinstraße,021015,Caldaro sulla strada del vino/Kaltern an der Weinstraße,unchanged,,POSAS 2019/2025 direct comparison,sum,
021016,Campo di Trens/Freienfeld,021016,Campo di Trens/Freienfeld,unchanged,,POSAS 2019/2025 direct comparison,sum,
021017,Campo Tures/Sand in Taufers,021017,Campo Tures/Sand in Taufers,unchanged,,POSAS 2019/2025 direct comparison,sum,
021018,Castelbello-Ciardes/Kastelbell-Tschars,021018,Castelbello-Ciardes/Kastelbell-Tschars,unchanged,,POSAS 2019/2025 direct comparison,sum,
021019,Castelrotto/Kastelruth,021019,Castelrotto/Kastelruth,unchanged,,POSAS 2019/2025 direct comparison,sum,
021020,Cermes/Tscherms,021020,Cermes/Tscherms,unchanged,,POSAS 2019/2025 direct comparison,sum,
021021,Chienes/Kiens,021021,Chienes/Kiens,unchanged,,POSAS 2019/2025 direct comparison,sum,
021022,Chiusa/Klausen,021022,Chiusa/Klausen,unchanged,,POSAS 2019/2025 direct comparison,sum,
021023,Cornedo all'Isarco/Karneid,021023,Cornedo all'Isarco/Karneid,unchanged,,POSAS 2019/2025 direct comparison,sum,
021024,Cortaccia sulla strada del vino/Kurtatsch an der Weinstraße,021024,Cortaccia sulla strada del vino/Kurtatsch an der Weinstraße,unchanged,,POSAS 2019/2025 direct comparison,sum,
021025,Cortina sulla strada del vino/Kurtinig an der Weinstraße,021025,Cortina sulla strada del vino/Kurtinig an der Weinstraße,unchanged,,POSAS 2019/2025 direct comparison,sum,
021026,Corvara in Badia/Corvara,021026,Corvara in Badia/Corvara,unchanged,,POSAS 2019/2025 direct comparison,sum,
021027,Curon Venosta/Graun im Vinschgau,021027,Curon Venosta/Graun im Vinschgau,unchanged,,POSAS 2019/2025 direct comparison,sum,
021028,Dobbiaco/Toblach,021028,Dobbiaco/Toblach,unchanged,,POSAS 2019/2025 direct comparison,sum,
021029,Egna/Neumarkt,021029,Egna/Neumarkt,unchanged,,POSAS 2019/2025 direct comparison,sum,
021030,Falzes/Pfalzen,021030,Falzes/Pfalzen,unchanged,,POSAS 2019/2025 direct comparison,sum,
021031,Fiè allo Sciliar/Völs am Schlern,021031,Fiè allo Sciliar/Völs am Schlern,unchanged,,POSAS 2019/2025 direct comparison,sum,
021032,Fortezza/Franzensfeste,021032,Fortezza/Franzensfeste,unchanged,,POSAS 2019/2025 direct comparison,sum,
021033,Funes/Villnöß,021033,Funes/Villnöß,unchanged,,POSAS 2019/2025 direct comparison,sum,
021034,Gais/Gais,021034,Gais/Gais,unchanged,,POSAS 2019/2025 direct comparison,sum,
021035,Gargazzone/Gargazon,021035,Gargazzone/Gargazon,unchanged,,POSAS 2019/2025 direct comparison,sum,
021036,Glorenza/Glurns,021036,Glorenza/Glurns,unchanged,,POSAS 2019/2025 direct comparison,sum,
021037,Laces/Latsch,021037,Laces/Latsch,unchanged,,POSAS 2019/2025 direct comparison,sum,
021038,Lagundo/Algund,021038,Lagundo/Algund,unchanged,,POSAS 2019/2025 direct comparison,sum,
021039,Laion/Lajen,021039,Laion/Lajen,unchanged,,POSAS 2019/2025 direct comparison,sum,
021040,Laives/Leifers,021040,Laives/Leifers,unchanged,,POSAS 2019/2025 direct comparison,sum,
021041,Lana/Lana,021041,Lana/Lana,unchanged,,POSAS 2019/2025 direct comparison,sum,
021042,Lasa/Laas,021042,Lasa/Laas,unchanged,,POSAS 2019/2025 direct comparison,sum,
021043,Lauregno/Laurein,021043,Lauregno/Laurein,unchanged,,POSAS 2019/2025 direct comparison,sum,
021044,Luson/Lüsen,021044,Luson/Lüsen,unchanged,,POSAS 2019/2025 direct comparison,sum,
021045,Magrè sulla strada del vino/Margreid an der Weinstraße,021045,Magrè sulla strada del vino/Margreid an der Weinstraße,unchanged,,POSAS 2019/2025 direct comparison,sum,
021046,Malles Venosta/Mals,021046,Malles Venosta/Mals,unchanged,,POSAS 2019/2025 direct comparison,sum,
021047,Marebbe/Enneberg,021047,Marebbe/Enneberg,unchanged,,POSAS 2019/2025 direct comparison,sum,
021048,Marlengo/Marling,021048,Marlengo/Marling,unchanged,,POSAS 2019/2025 direct comparison,sum,
021049,Martello/Martell,021049,Martello/Martell,unchanged,,POSAS 2019/2025 direct comparison,sum,
021050,Meltina/Mölten,021050,Meltina/Mölten,unchanged,,POSAS 2019/2025 direct comparison,sum,
021051,Merano/Meran,021051,Merano/Meran,unchanged,,POSAS 2019/2025 direct comparison,sum,
021052,Monguelfo-Tesido/Welsberg-Taisten,021052,Monguelfo-Tesido/Welsberg-Taisten,unchanged,,POSAS 2019/2025 direct comparison,sum,
021053,Montagna sulla Strada del Vino/Montan an der Weinstraße,021053,Montagna/Montan,denomination_change_official,2023-04-14,https://www.istat.it/storage/codici-unita-amministrative/Novita-2025-2017.pdf,sum,Denominazione 2019: Montagna/Montan; denominazione 2025: Montagna sulla Strada del Vino/Montan an der Weinstraße.
021054,Moso in Passiria/Moos in Passeier,021054,Moso in Passiria/Moos In Passeier,name_string_change_same_code,,POSAS 2019/2025 direct comparison; official administrative-change classification only where separately documented.,sum,Denominazione 2019: Moso in Passiria/Moos In Passeier; denominazione 2025: Moso in Passiria/Moos in Passeier.
021055,Nalles/Nals,021055,Nalles/Nals,unchanged,,POSAS 2019/2025 direct comparison,sum,
021056,Naturno/Naturns,021056,Naturno/Naturns,unchanged,,POSAS 2019/2025 direct comparison,sum,
021057,Naz-Sciaves/Natz-Schabs,021057,Naz-Sciaves/Natz-Schabs,unchanged,,POSAS 2019/2025 direct comparison,sum,
021058,Nova Levante/Welschnofen,021058,Nova Levante/Welschnofen,unchanged,,POSAS 2019/2025 direct comparison,sum,
021059,Nova Ponente/Deutschnofen,021059,Nova Ponente/Deutschnofen,unchanged,,POSAS 2019/2025 direct comparison,sum,
021060,Ora/Auer,021060,Ora/Auer,unchanged,,POSAS 2019/2025 direct comparison,sum,
021061,Ortisei/St. Ulrich,021061,Ortisei/St. Ulrich,unchanged,,POSAS 2019/2025 direct comparison,sum,
021062,Parcines/Partschins,021062,Parcines/Partschins,unchanged,,POSAS 2019/2025 direct comparison,sum,
021063,Perca/Percha,021063,Perca/Percha,unchanged,,POSAS 2019/2025 direct comparison,sum,
021064,Plaus/Plaus,021064,Plaus/Plaus,unchanged,,POSAS 2019/2025 direct comparison,sum,
021065,Ponte Gardena/Waidbruck,021065,Ponte Gardena/Waidbruck,unchanged,,POSAS 2019/2025 direct comparison,sum,
021066,Postal/Burgstall,021066,Postal/Burgstall,unchanged,,POSAS 2019/2025 direct comparison,sum,
021067,Prato allo Stelvio/Prad am Stilfserjoch,021067,Prato allo Stelvio/Prad am Stilfserjoch,unchanged,,POSAS 2019/2025 direct comparison,sum,
021068,Predoi/Prettau,021068,Predoi/Prettau,unchanged,,POSAS 2019/2025 direct comparison,sum,
021069,Proves/Proveis,021069,Proves/Proveis,unchanged,,POSAS 2019/2025 direct comparison,sum,
021070,Racines/Ratschings,021070,Racines/Ratschings,unchanged,,POSAS 2019/2025 direct comparison,sum,
021071,Rasun-Anterselva/Rasen-Antholz,021071,Rasun-Anterselva/Rasen-Antholz,unchanged,,POSAS 2019/2025 direct comparison,sum,
021072,Renon/Ritten,021072,Renon/Ritten,unchanged,,POSAS 2019/2025 direct comparison,sum,
021073,Rifiano/Riffian,021073,Rifiano/Riffian,unchanged,,POSAS 2019/2025 direct comparison,sum,
021074,Rio di Pusteria/Mühlbach,021074,Rio di Pusteria/Mühlbach,unchanged,,POSAS 2019/2025 direct comparison,sum,
021075,Rodengo/Rodeneck,021075,Rodengo/Rodeneck,unchanged,,POSAS 2019/2025 direct comparison,sum,
021076,Salorno sulla strada del vino/Salurn an der Weinstraße,021076,Salorno/Salurn,denomination_change_official,2019-10-11,https://www.istat.it/storage/codici-unita-amministrative/Novita-2025-2017.pdf,sum,Denominazione 2019: Salorno/Salurn; denominazione 2025: Salorno sulla strada del vino/Salurn an der Weinstraße.
021077,San Candido/Innichen,021077,San Candido/Innichen,unchanged,,POSAS 2019/2025 direct comparison,sum,
021079,San Genesio Atesino/Jenesien,021079,San Genesio Atesino/Jenesien,unchanged,,POSAS 2019/2025 direct comparison,sum,
021080,San Leonardo in Passiria/St. Leonhard in Passeier,021080,San Leonardo in Passiria/St. Leonhard in Passeier,unchanged,,POSAS 2019/2025 direct comparison,sum,
021081,San Lorenzo di Sebato/St. Lorenzen,021081,San Lorenzo di Sebato/St. Lorenzen,unchanged,,POSAS 2019/2025 direct comparison,sum,
021082,San Martino in Badia/St. Martin in Thurn,021082,San Martino in Badia/St. Martin in Thurn,unchanged,,POSAS 2019/2025 direct comparison,sum,
021083,San Martino in Passiria/St. Martin in Passeier,021083,San Martino in Passiria/St. Martin in Passeier,unchanged,,POSAS 2019/2025 direct comparison,sum,
021084,San Pancrazio/St. Pankraz,021084,San Pancrazio/St. Pankraz,unchanged,,POSAS 2019/2025 direct comparison,sum,
021085,Santa Cristina Valgardena/St. Christina in Gröden,021085,Santa Cristina Valgardena/St. Christina in Gröden,unchanged,,POSAS 2019/2025 direct comparison,sum,
021086,Sarentino/Sarntal,021086,Sarentino/Sarntal,unchanged,,POSAS 2019/2025 direct comparison,sum,
021087,Scena/Schenna,021087,Scena/Schenna,unchanged,,POSAS 2019/2025 direct comparison,sum,
021088,Selva dei Molini/Mühlwald,021088,Selva dei Molini/Mühlwald,unchanged,,POSAS 2019/2025 direct comparison,sum,
021089,Selva di Val Gardena/Wolkenstein in Gröden,021089,Selva di Val Gardena/Wolkenstein in Gröden,unchanged,,POSAS 2019/2025 direct comparison,sum,
021091,Senales/Schnals,021091,Senales/Schnals,unchanged,,POSAS 2019/2025 direct comparison,sum,
021092,Sesto/Sexten,021092,Sesto/Sexten,unchanged,,POSAS 2019/2025 direct comparison,sum,
021093,Silandro/Schlanders,021093,Silandro/Schlanders,unchanged,,POSAS 2019/2025 direct comparison,sum,
021094,Sluderno/Schluderns,021094,Sluderno/Schluderns,unchanged,,POSAS 2019/2025 direct comparison,sum,
021095,Stelvio/Stilfs,021095,Stelvio/Stilfs,unchanged,,POSAS 2019/2025 direct comparison,sum,
021096,Terento/Terenten,021096,Terento/Terenten,unchanged,,POSAS 2019/2025 direct comparison,sum,
021097,Terlano/Terlan,021097,Terlano/Terlan,unchanged,,POSAS 2019/2025 direct comparison,sum,
021098,Termeno sulla strada del vino/Tramin an der Weinstraße,021098,Termeno sulla strada del vino/Tramin an der Weinstraße,unchanged,,POSAS 2019/2025 direct comparison,sum,
021099,Tesimo/Tisens,021099,Tesimo/Tisens,unchanged,,POSAS 2019/2025 direct comparison,sum,
021100,Tires/Tiers,021100,Tires/Tiers,unchanged,,POSAS 2019/2025 direct comparison,sum,
021101,Tirolo/Tirol,021101,Tirolo/Tirol,unchanged,,POSAS 2019/2025 direct comparison,sum,
021102,Trodena nel parco naturale/Truden im Naturpark,021102,Trodena nel parco naturale/Truden im Naturpark,unchanged,,POSAS 2019/2025 direct comparison,sum,
021103,Tubre/Taufers im Münstertal,021103,Tubre/Taufers im Münstertal,unchanged,,POSAS 2019/2025 direct comparison,sum,
021104,Ultimo/Ulten,021104,Ultimo/Ulten,unchanged,,POSAS 2019/2025 direct comparison,sum,
021105,Vadena/Pfatten,021105,Vadena/Pfatten,unchanged,,POSAS 2019/2025 direct comparison,sum,
021106,Valdaora/Olang,021106,Valdaora/Olang,unchanged,,POSAS 2019/2025 direct comparison,sum,
021107,Val di Vizze/Pfitsch,021107,Val di Vizze/Pfitsch,unchanged,,POSAS 2019/2025 direct comparison,sum,
021108,Valle Aurina/Ahrntal,021108,Valle Aurina/Ahrntal,unchanged,,POSAS 2019/2025 direct comparison,sum,
021109,Valle di Casies/Gsies,021109,Valle di Casies/Gsies,unchanged,,POSAS 2019/2025 direct comparison,sum,
021110,Vandoies/Vintl,021110,Vandoies/Vintl,unchanged,,POSAS 2019/2025 direct comparison,sum,
021111,Varna/Vahrn,021111,Varna/Vahrn,unchanged,,POSAS 2019/2025 direct comparison,sum,
021112,Verano/Vöran,021112,Verano/Vöran,unchanged,,POSAS 2019/2025 direct comparison,sum,
021113,Villabassa/Niederdorf,021113,Villabassa/Niederdorf,unchanged,,POSAS 2019/2025 direct comparison,sum,
021114,Villandro/Villanders,021114,Villandro/Villanders,unchanged,,POSAS 2019/2025 direct comparison,sum,
021115,Vipiteno/Sterzing,021115,Vipiteno/Sterzing,unchanged,,POSAS 2019/2025 direct comparison,sum,
021116,Velturno/Feldthurns,021116,Velturno/Feldthurns,unchanged,,POSAS 2019/2025 direct comparison,sum,
021117,La Valle/Wengen,021117,La Valle/Wengen,unchanged,,POSAS 2019/2025 direct comparison,sum,
021118,Senale-San Felice/Unsere Liebe Frau im Walde-St. Felix,021118,Senale-San Felice/Unsere Liebe Frau im Walde-St. Felix,unchanged,,POSAS 2019/2025 direct comparison,sum,
022001,Ala,022001,Ala,unchanged,,POSAS 2019/2025 direct comparison,sum,
022002,Albiano,022002,Albiano,unchanged,,POSAS 2019/2025 direct comparison,sum,
022003,Aldeno,022003,Aldeno,unchanged,,POSAS 2019/2025 direct comparison,sum,
022005,Andalo,022005,Andalo,unchanged,,POSAS 2019/2025 direct comparison,sum,
022006,Arco,022006,Arco,unchanged,,POSAS 2019/2025 direct comparison,sum,
022007,Avio,022007,Avio,unchanged,,POSAS 2019/2025 direct comparison,sum,
022009,Baselga di Pinè,022009,Baselga di Pinè,unchanged,,POSAS 2019/2025 direct comparison,sum,
022011,Bedollo,022011,Bedollo,unchanged,,POSAS 2019/2025 direct comparison,sum,
022013,Besenello,022013,Besenello,unchanged,,POSAS 2019/2025 direct comparison,sum,
022015,Bieno,022015,Bieno,unchanged,,POSAS 2019/2025 direct comparison,sum,
022017,Bleggio Superiore,022017,Bleggio Superiore,unchanged,,POSAS 2019/2025 direct comparison,sum,
022018,Bocenago,022018,Bocenago,unchanged,,POSAS 2019/2025 direct comparison,sum,
022021,Bondone,022021,Bondone,unchanged,,POSAS 2019/2025 direct comparison,sum,
022022,Borgo Valsugana,022022,Borgo Valsugana,unchanged,,POSAS 2019/2025 direct comparison,sum,
022025,Brentonico,022025,Brentonico,unchanged,,POSAS 2019/2025 direct comparison,sum,
022026,Bresimo,022026,Bresimo,unchanged,,POSAS 2019/2025 direct comparison,sum,
022029,Caderzone Terme,022029,Caderzone Terme,unchanged,,POSAS 2019/2025 direct comparison,sum,
022032,Calceranica al Lago,022032,Calceranica al Lago,unchanged,,POSAS 2019/2025 direct comparison,sum,
022033,Caldes,022033,Caldes,unchanged,,POSAS 2019/2025 direct comparison,sum,
022034,Caldonazzo,022034,Caldonazzo,unchanged,,POSAS 2019/2025 direct comparison,sum,
022035,Calliano,022035,Calliano,unchanged,,POSAS 2019/2025 direct comparison,sum,
022036,Campitello di Fassa,022036,Campitello di Fassa,unchanged,,POSAS 2019/2025 direct comparison,sum,
022037,Campodenno,022037,Campodenno,unchanged,,POSAS 2019/2025 direct comparison,sum,
022038,Canal San Bovo,022038,Canal San Bovo,unchanged,,POSAS 2019/2025 direct comparison,sum,
022039,Canazei,022039,Canazei,unchanged,,POSAS 2019/2025 direct comparison,sum,
022040,Capriana,022040,Capriana,unchanged,,POSAS 2019/2025 direct comparison,sum,
022042,Carisolo,022042,Carisolo,unchanged,,POSAS 2019/2025 direct comparison,sum,
022043,Carzano,022043,Carzano,unchanged,,POSAS 2019/2025 direct comparison,sum,
022045,Castel Condino,022045,Castel Condino,unchanged,,POSAS 2019/2025 direct comparison,sum,
022047,Castello-Molina di Fiemme,022047,Castello-Molina di Fiemme,unchanged,,POSAS 2019/2025 direct comparison,sum,
022048,Castello Tesino,022048,Castello Tesino,unchanged,,POSAS 2019/2025 direct comparison,sum,
022049,Castelnuovo,022049,Castelnuovo,unchanged,,POSAS 2019/2025 direct comparison,sum,
022050,Cavalese,022050,Cavalese,unchanged,,POSAS 2019/2025 direct comparison,sum,
022051,Cavareno,022051,Cavareno,unchanged,,POSAS 2019/2025 direct comparison,sum,
022052,Cavedago,022052,Cavedago,unchanged,,POSAS 2019/2025 direct comparison,sum,
022053,Cavedine,022053,Cavedine,unchanged,,POSAS 2019/2025 direct comparison,sum,
022054,Cavizzana,022054,Cavizzana,unchanged,,POSAS 2019/2025 direct comparison,sum,
022058,Cimone,022058,Cimone,unchanged,,POSAS 2019/2025 direct comparison,sum,
022059,Cinte Tesino,022059,Cinte Tesino,unchanged,,POSAS 2019/2025 direct comparison,sum,
022060,Cis,022060,Cis,unchanged,,POSAS 2019/2025 direct comparison,sum,
022061,Civezzano,022061,Civezzano,unchanged,,POSAS 2019/2025 direct comparison,sum,
022062,Cles,022062,Cles,unchanged,,POSAS 2019/2025 direct comparison,sum,
022064,Commezzadura,022064,Commezzadura,unchanged,,POSAS 2019/2025 direct comparison,sum,
022068,Croviana,022068,Croviana,unchanged,,POSAS 2019/2025 direct comparison,sum,
022071,Dambel,022071,Dambel,unchanged,,POSAS 2019/2025 direct comparison,sum,
022074,Denno,022074,Denno,unchanged,,POSAS 2019/2025 direct comparison,sum,
022078,Drena,022078,Drena,unchanged,,POSAS 2019/2025 direct comparison,sum,
022079,Dro,022079,Dro,unchanged,,POSAS 2019/2025 direct comparison,sum,
022081,Fai della Paganella,022081,Fai della Paganella,unchanged,,POSAS 2019/2025 direct comparison,sum,
022083,Fiavè,022083,Fiavè,unchanged,,POSAS 2019/2025 direct comparison,sum,
022085,Fierozzo,022085,Fierozzo,unchanged,,POSAS 2019/2025 direct comparison,sum,
022087,Folgaria,022087,Folgaria,unchanged,,POSAS 2019/2025 direct comparison,sum,
022089,Fornace,022089,Fornace,unchanged,,POSAS 2019/2025 direct comparison,sum,
022090,Frassilongo,022090,Frassilongo,unchanged,,POSAS 2019/2025 direct comparison,sum,
022091,Garniga Terme,022091,Garniga Terme,unchanged,,POSAS 2019/2025 direct comparison,sum,
022092,Giovo,022092,Giovo,unchanged,,POSAS 2019/2025 direct comparison,sum,
022093,Giustino,022093,Giustino,unchanged,,POSAS 2019/2025 direct comparison,sum,
022095,Grigno,022095,Grigno,unchanged,,POSAS 2019/2025 direct comparison,sum,
022097,Imer,022097,Imer,unchanged,,POSAS 2019/2025 direct comparison,sum,
022098,Isera,022098,Isera,unchanged,,POSAS 2019/2025 direct comparison,sum,
022102,Lavarone,022102,Lavarone,unchanged,,POSAS 2019/2025 direct comparison,sum,
022103,Lavis,022103,Lavis,unchanged,,POSAS 2019/2025 direct comparison,sum,
022104,Levico Terme,022104,Levico Terme,unchanged,,POSAS 2019/2025 direct comparison,sum,
022106,Livo,022106,Livo,unchanged,,POSAS 2019/2025 direct comparison,sum,
022108,Lona-Lases,022108,Lona-Lases,unchanged,,POSAS 2019/2025 direct comparison,sum,
022109,Luserna,022109,Luserna,unchanged,,POSAS 2019/2025 direct comparison,sum,
022110,Malé,022110,Malè,name_string_change_same_code,,POSAS 2019/2025 direct comparison; official administrative-change classification only where separately documented.,sum,Denominazione 2019: Malè; denominazione 2025: Malé.
022112,Massimeno,022112,Massimeno,unchanged,,POSAS 2019/2025 direct comparison,sum,
022113,Mazzin,022113,Mazzin,unchanged,,POSAS 2019/2025 direct comparison,sum,
022114,Mezzana,022114,Mezzana,unchanged,,POSAS 2019/2025 direct comparison,sum,
022115,Mezzano,022115,Mezzano,unchanged,,POSAS 2019/2025 direct comparison,sum,
022116,Mezzocorona,022116,Mezzocorona,unchanged,,POSAS 2019/2025 direct comparison,sum,
022117,Mezzolombardo,022117,Mezzolombardo,unchanged,,POSAS 2019/2025 direct comparison,sum,
022118,Moena,022118,Moena,unchanged,,POSAS 2019/2025 direct comparison,sum,
022120,Molveno,022120,Molveno,unchanged,,POSAS 2019/2025 direct comparison,sum,
022123,Mori,022123,Mori,unchanged,,POSAS 2019/2025 direct comparison,sum,
022124,Nago-Torbole,022124,Nago-Torbole,unchanged,,POSAS 2019/2025 direct comparison,sum,
022127,Nogaredo,022127,Nogaredo,unchanged,,POSAS 2019/2025 direct comparison,sum,
022128,Nomi,022128,Nomi,unchanged,,POSAS 2019/2025 direct comparison,sum,
022129,Novaledo,022129,Novaledo,unchanged,,POSAS 2019/2025 direct comparison,sum,
022130,Ospedaletto,022130,Ospedaletto,unchanged,,POSAS 2019/2025 direct comparison,sum,
022131,Ossana,022131,Ossana,unchanged,,POSAS 2019/2025 direct comparison,sum,
022133,Palù del Fersina,022133,Palù del Fersina,unchanged,,POSAS 2019/2025 direct comparison,sum,
022134,Panchià,022134,Panchià,unchanged,,POSAS 2019/2025 direct comparison,sum,
022135,Ronzo-Chienis,022135,Ronzo-Chienis,unchanged,,POSAS 2019/2025 direct comparison,sum,
022136,Peio,022136,Peio,unchanged,,POSAS 2019/2025 direct comparison,sum,
022137,Pellizzano,022137,Pellizzano,unchanged,,POSAS 2019/2025 direct comparison,sum,
022138,Pelugo,022138,Pelugo,unchanged,,POSAS 2019/2025 direct comparison,sum,
022139,Pergine Valsugana,022139,Pergine Valsugana,unchanged,,POSAS 2019/2025 direct comparison,sum,
022142,Pieve Tesino,022142,Pieve Tesino,unchanged,,POSAS 2019/2025 direct comparison,sum,
022143,Pinzolo,022143,Pinzolo,unchanged,,POSAS 2019/2025 direct comparison,sum,
022144,Pomarolo,022144,Pomarolo,unchanged,,POSAS 2019/2025 direct comparison,sum,
022147,Predazzo,022147,Predazzo,unchanged,,POSAS 2019/2025 direct comparison,sum,
022150,Rabbi,022150,Rabbi,unchanged,,POSAS 2019/2025 direct comparison,sum,
022153,Riva del Garda,022153,Riva del Garda,unchanged,,POSAS 2019/2025 direct comparison,sum,
022155,Romeno,022155,Romeno,unchanged,,POSAS 2019/2025 direct comparison,sum,
022156,Roncegno Terme,022156,Roncegno Terme,unchanged,,POSAS 2019/2025 direct comparison,sum,
022157,Ronchi Valsugana,022157,Ronchi Valsugana,unchanged,,POSAS 2019/2025 direct comparison,sum,
022159,Ronzone,022159,Ronzone,unchanged,,POSAS 2019/2025 direct comparison,sum,
022160,Roverè della Luna,022160,Roverè della Luna,unchanged,,POSAS 2019/2025 direct comparison,sum,
022161,Rovereto,022161,Rovereto,unchanged,,POSAS 2019/2025 direct comparison,sum,
022162,Ruffrè-Mendola,022162,Ruffrè-Mendola,unchanged,,POSAS 2019/2025 direct comparison,sum,
022163,Rumo,022163,Rumo,unchanged,,POSAS 2019/2025 direct comparison,sum,
022164,Sagron Mis,022164,Sagron Mis,unchanged,,POSAS 2019/2025 direct comparison,sum,
022165,Samone,022165,Samone,unchanged,,POSAS 2019/2025 direct comparison,sum,
022167,San Michele all'Adige,022080,Faedo,incorporation,2020-01-01,https://www.istat.it/storage/codici-unita-amministrative/Novita-2025-2017.pdf,sum,
022167,San Michele all'Adige,022167,San Michele all'Adige,incorporation,2020-01-01,https://www.istat.it/storage/codici-unita-amministrative/Novita-2025-2017.pdf,sum,
022168,Sant'Orsola Terme,022168,Sant'Orsola Terme,unchanged,,POSAS 2019/2025 direct comparison,sum,
022169,Sanzeno,022169,Sanzeno,unchanged,,POSAS 2019/2025 direct comparison,sum,
022170,Sarnonico,022170,Sarnonico,unchanged,,POSAS 2019/2025 direct comparison,sum,
022171,Scurelle,022171,Scurelle,unchanged,,POSAS 2019/2025 direct comparison,sum,
022172,Segonzano,022172,Segonzano,unchanged,,POSAS 2019/2025 direct comparison,sum,
022173,Sfruz,022173,Sfruz,unchanged,,POSAS 2019/2025 direct comparison,sum,
022176,Soraga di Fassa,022176,Soraga di Fassa,unchanged,,POSAS 2019/2025 direct comparison,sum,
022177,Sover,022177,Sover,unchanged,,POSAS 2019/2025 direct comparison,sum,
022179,Spiazzo,022179,Spiazzo,unchanged,,POSAS 2019/2025 direct comparison,sum,
022180,Spormaggiore,022180,Spormaggiore,unchanged,,POSAS 2019/2025 direct comparison,sum,
022181,Sporminore,022181,Sporminore,unchanged,,POSAS 2019/2025 direct comparison,sum,
022182,Stenico,022182,Stenico,unchanged,,POSAS 2019/2025 direct comparison,sum,
022183,Storo,022183,Storo,unchanged,,POSAS 2019/2025 direct comparison,sum,
022184,Strembo,022184,Strembo,unchanged,,POSAS 2019/2025 direct comparison,sum,
022188,Telve,022188,Telve,unchanged,,POSAS 2019/2025 direct comparison,sum,
022189,Telve di Sopra,022189,Telve di Sopra,unchanged,,POSAS 2019/2025 direct comparison,sum,
022190,Tenna,022190,Tenna,unchanged,,POSAS 2019/2025 direct comparison,sum,
022191,Tenno,022191,Tenno,unchanged,,POSAS 2019/2025 direct comparison,sum,
022193,Terragnolo,022193,Terragnolo,unchanged,,POSAS 2019/2025 direct comparison,sum,
022195,Terzolas,022195,Terzolas,unchanged,,POSAS 2019/2025 direct comparison,sum,
022196,Tesero,022196,Tesero,unchanged,,POSAS 2019/2025 direct comparison,sum,
022199,Tione di Trento,022199,Tione di Trento,unchanged,,POSAS 2019/2025 direct comparison,sum,
022200,Ton,022200,Ton,unchanged,,POSAS 2019/2025 direct comparison,sum,
022202,Torcegno,022202,Torcegno,unchanged,,POSAS 2019/2025 direct comparison,sum,
022203,Trambileno,022203,Trambileno,unchanged,,POSAS 2019/2025 direct comparison,sum,
022205,Trento,022205,Trento,unchanged,,POSAS 2019/2025 direct comparison,sum,
022209,Valfloriana,022209,Valfloriana,unchanged,,POSAS 2019/2025 direct comparison,sum,
022210,Vallarsa,022210,Vallarsa,unchanged,,POSAS 2019/2025 direct comparison,sum,
022213,Vermiglio,022213,Vermiglio,unchanged,,POSAS 2019/2025 direct comparison,sum,
022216,Vignola-Falesina,022216,Vignola-Falesina,unchanged,,POSAS 2019/2025 direct comparison,sum,
022222,Villa Lagarina,022222,Villa Lagarina,unchanged,,POSAS 2019/2025 direct comparison,sum,
022224,Volano,022224,Volano,unchanged,,POSAS 2019/2025 direct comparison,sum,
022226,Ziano di Fiemme,022226,Ziano di Fiemme,unchanged,,POSAS 2019/2025 direct comparison,sum,
022228,Comano Terme,022228,Comano Terme,unchanged,,POSAS 2019/2025 direct comparison,sum,
022229,Ledro,022229,Ledro,unchanged,,POSAS 2019/2025 direct comparison,sum,
022230,Predaia,022230,Predaia,unchanged,,POSAS 2019/2025 direct comparison,sum,
022231,San Lorenzo Dorsino,022231,San Lorenzo Dorsino,unchanged,,POSAS 2019/2025 direct comparison,sum,
022232,Valdaone,022232,Valdaone,unchanged,,POSAS 2019/2025 direct comparison,sum,
022233,Dimaro Folgarida,022233,Dimaro Folgarida,unchanged,,POSAS 2019/2025 direct comparison,sum,
022234,Pieve di Bono-Prezzo,022234,Pieve di Bono-Prezzo,unchanged,,POSAS 2019/2025 direct comparison,sum,
022235,Altavalle,022235,Altavalle,unchanged,,POSAS 2019/2025 direct comparison,sum,
022236,Altopiano della Vigolana,022236,Altopiano della Vigolana,unchanged,,POSAS 2019/2025 direct comparison,sum,
022237,Amblar-Don,022237,Amblar-Don,unchanged,,POSAS 2019/2025 direct comparison,sum,
022238,Borgo Chiese,022238,Borgo Chiese,unchanged,,POSAS 2019/2025 direct comparison,sum,
022239,Borgo Lares,022239,Borgo Lares,unchanged,,POSAS 2019/2025 direct comparison,sum,
022240,Castel Ivano,022240,Castel Ivano,unchanged,,POSAS 2019/2025 direct comparison,sum,
022241,Cembra Lisignago,022241,Cembra Lisignago,unchanged,,POSAS 2019/2025 direct comparison,sum,
022242,Contà,022242,Contà,unchanged,,POSAS 2019/2025 direct comparison,sum,
022243,Madruzzo,022243,Madruzzo,unchanged,,POSAS 2019/2025 direct comparison,sum,
022244,Porte di Rendena,022244,Porte di Rendena,unchanged,,POSAS 2019/2025 direct comparison,sum,
022245,Primiero San Martino di Castrozza,022245,Primiero San Martino di Castrozza,unchanged,,POSAS 2019/2025 direct comparison,sum,
022246,Sella Giudicarie,022246,Sella Giudicarie,unchanged,,POSAS 2019/2025 direct comparison,sum,
022247,Tre Ville,022247,Tre Ville,unchanged,,POSAS 2019/2025 direct comparison,sum,
022248,Vallelaghi,022248,Vallelaghi,unchanged,,POSAS 2019/2025 direct comparison,sum,
022249,Ville d'Anaunia,022249,Ville d’Anaunia,name_string_change_same_code,,POSAS 2019/2025 direct comparison; official administrative-change classification only where separately documented.,sum,Denominazione 2019: Ville d’Anaunia; denominazione 2025: Ville d'Anaunia.
022250,San Giovanni di Fassa-Sèn Jan,022250,Sèn Jan di Fassa-Sèn Jan,name_string_change_same_code,,POSAS 2019/2025 direct comparison; official administrative-change classification only where separately documented.,sum,Denominazione 2019: Sèn Jan di Fassa-Sèn Jan; denominazione 2025: San Giovanni di Fassa-Sèn Jan.
022251,Terre d'Adige,022126,Nave San Rocco,fusion,2019-01-01,https://www.istat.it/storage/codici-unita-amministrative/Novita-2025-2017.pdf,sum,
022251,Terre d'Adige,022225,Zambana,fusion,2019-01-01,https://www.istat.it/storage/codici-unita-amministrative/Novita-2025-2017.pdf,sum,
022252,Borgo d'Anaunia,022046,Castelfondo,fusion,2020-01-01,https://www.istat.it/storage/codici-unita-amministrative/Novita-2025-2017.pdf,sum,
022252,Borgo d'Anaunia,022088,Fondo,fusion,2020-01-01,https://www.istat.it/storage/codici-unita-amministrative/Novita-2025-2017.pdf,sum,
022252,Borgo d'Anaunia,022111,Malosco,fusion,2020-01-01,https://www.istat.it/storage/codici-unita-amministrative/Novita-2025-2017.pdf,sum,
022253,Novella,022027,Brez,fusion,2020-01-01,https://www.istat.it/storage/codici-unita-amministrative/Novita-2025-2017.pdf,sum,
022253,Novella,022030,Cagnò,fusion,2020-01-01,https://www.istat.it/storage/codici-unita-amministrative/Novita-2025-2017.pdf,sum,
022253,Novella,022063,Cloz,fusion,2020-01-01,https://www.istat.it/storage/codici-unita-amministrative/Novita-2025-2017.pdf,sum,
022253,Novella,022152,Revò,fusion,2020-01-01,https://www.istat.it/storage/codici-unita-amministrative/Novita-2025-2017.pdf,sum,
022253,Novella,022154,Romallo,fusion,2020-01-01,https://www.istat.it/storage/codici-unita-amministrative/Novita-2025-2017.pdf,sum,
022254,Ville di Fiemme,022041,Carano,fusion,2020-01-01,https://www.istat.it/storage/codici-unita-amministrative/Novita-2025-2017.pdf,sum,
022254,Ville di Fiemme,022070,Daiano,fusion,2020-01-01,https://www.istat.it/storage/codici-unita-amministrative/Novita-2025-2017.pdf,sum,
022254,Ville di Fiemme,022211,Varena,fusion,2020-01-01,https://www.istat.it/storage/codici-unita-amministrative/Novita-2025-2017.pdf,sum,
023001,Affi,023001,Affi,unchanged,,POSAS 2019/2025 direct comparison,sum,
023002,Albaredo d'Adige,023002,Albaredo d'Adige,unchanged,,POSAS 2019/2025 direct comparison,sum,
023003,Angiari,023003,Angiari,unchanged,,POSAS 2019/2025 direct comparison,sum,
023004,Arcole,023004,Arcole,unchanged,,POSAS 2019/2025 direct comparison,sum,
023005,Badia Calavena,023005,Badia Calavena,unchanged,,POSAS 2019/2025 direct comparison,sum,
023006,Bardolino,023006,Bardolino,unchanged,,POSAS 2019/2025 direct comparison,sum,
023007,Belfiore,023007,Belfiore,unchanged,,POSAS 2019/2025 direct comparison,sum,
023008,Bevilacqua,023008,Bevilacqua,unchanged,,POSAS 2019/2025 direct comparison,sum,
023009,Bonavigo,023009,Bonavigo,unchanged,,POSAS 2019/2025 direct comparison,sum,
023010,Boschi Sant'Anna,023010,Boschi Sant'Anna,unchanged,,POSAS 2019/2025 direct comparison,sum,
023011,Bosco Chiesanuova,023011,Bosco Chiesanuova,unchanged,,POSAS 2019/2025 direct comparison,sum,
023012,Bovolone,023012,Bovolone,unchanged,,POSAS 2019/2025 direct comparison,sum,
023013,Brentino Belluno,023013,Brentino Belluno,unchanged,,POSAS 2019/2025 direct comparison,sum,
023014,Brenzone sul Garda,023014,Brenzone sul Garda,unchanged,,POSAS 2019/2025 direct comparison,sum,
023015,Bussolengo,023015,Bussolengo,unchanged,,POSAS 2019/2025 direct comparison,sum,
023016,Buttapietra,023016,Buttapietra,unchanged,,POSAS 2019/2025 direct comparison,sum,
023017,Caldiero,023017,Caldiero,unchanged,,POSAS 2019/2025 direct comparison,sum,
023018,Caprino Veronese,023018,Caprino Veronese,unchanged,,POSAS 2019/2025 direct comparison,sum,
023019,Casaleone,023019,Casaleone,unchanged,,POSAS 2019/2025 direct comparison,sum,
023020,Castagnaro,023020,Castagnaro,unchanged,,POSAS 2019/2025 direct comparison,sum,
023021,Castel d'Azzano,023021,Castel d'Azzano,unchanged,,POSAS 2019/2025 direct comparison,sum,
023022,Castelnuovo del Garda,023022,Castelnuovo del Garda,unchanged,,POSAS 2019/2025 direct comparison,sum,
023023,Cavaion Veronese,023023,Cavaion Veronese,unchanged,,POSAS 2019/2025 direct comparison,sum,
023024,Cazzano di Tramigna,023024,Cazzano di Tramigna,unchanged,,POSAS 2019/2025 direct comparison,sum,
023025,Cerea,023025,Cerea,unchanged,,POSAS 2019/2025 direct comparison,sum,
023026,Cerro Veronese,023026,Cerro Veronese,unchanged,,POSAS 2019/2025 direct comparison,sum,
023027,Cologna Veneta,023027,Cologna Veneta,unchanged,,POSAS 2019/2025 direct comparison,sum,
023028,Colognola ai Colli,023028,Colognola ai Colli,unchanged,,POSAS 2019/2025 direct comparison,sum,
023029,Concamarise,023029,Concamarise,unchanged,,POSAS 2019/2025 direct comparison,sum,
023030,Costermano sul Garda,023030,Costermano sul Garda,unchanged,,POSAS 2019/2025 direct comparison,sum,
023031,Dolcè,023031,Dolcè,unchanged,,POSAS 2019/2025 direct comparison,sum,
023032,Erbè,023032,Erbè,unchanged,,POSAS 2019/2025 direct comparison,sum,
023033,Erbezzo,023033,Erbezzo,unchanged,,POSAS 2019/2025 direct comparison,sum,
023034,Ferrara di Monte Baldo,023034,Ferrara di Monte Baldo,unchanged,,POSAS 2019/2025 direct comparison,sum,
023035,Fumane,023035,Fumane,unchanged,,POSAS 2019/2025 direct comparison,sum,
023036,Garda,023036,Garda,unchanged,,POSAS 2019/2025 direct comparison,sum,
023037,Gazzo Veronese,023037,Gazzo Veronese,unchanged,,POSAS 2019/2025 direct comparison,sum,
023038,Grezzana,023038,Grezzana,unchanged,,POSAS 2019/2025 direct comparison,sum,
023039,Illasi,023039,Illasi,unchanged,,POSAS 2019/2025 direct comparison,sum,
023040,Isola della Scala,023040,Isola della Scala,unchanged,,POSAS 2019/2025 direct comparison,sum,
023041,Isola Rizza,023041,Isola Rizza,unchanged,,POSAS 2019/2025 direct comparison,sum,
023042,Lavagno,023042,Lavagno,unchanged,,POSAS 2019/2025 direct comparison,sum,
023043,Lazise,023043,Lazise,unchanged,,POSAS 2019/2025 direct comparison,sum,
023044,Legnago,023044,Legnago,unchanged,,POSAS 2019/2025 direct comparison,sum,
023045,Malcesine,023045,Malcesine,unchanged,,POSAS 2019/2025 direct comparison,sum,
023046,Marano di Valpolicella,023046,Marano di Valpolicella,unchanged,,POSAS 2019/2025 direct comparison,sum,
023047,Mezzane di Sotto,023047,Mezzane di Sotto,unchanged,,POSAS 2019/2025 direct comparison,sum,
023048,Minerbe,023048,Minerbe,unchanged,,POSAS 2019/2025 direct comparison,sum,
023049,Montecchia di Crosara,023049,Montecchia di Crosara,unchanged,,POSAS 2019/2025 direct comparison,sum,
023050,Monteforte d'Alpone,023050,Monteforte d'Alpone,unchanged,,POSAS 2019/2025 direct comparison,sum,
023051,Mozzecane,023051,Mozzecane,unchanged,,POSAS 2019/2025 direct comparison,sum,
023052,Negrar di Valpolicella,023052,Negrar,denomination_change_official,2019-02-23,https://www.istat.it/storage/codici-unita-amministrative/Novita-2025-2017.pdf,sum,Denominazione 2019: Negrar; denominazione 2025: Negrar di Valpolicella.
023053,Nogara,023053,Nogara,unchanged,,POSAS 2019/2025 direct comparison,sum,
023054,Nogarole Rocca,023054,Nogarole Rocca,unchanged,,POSAS 2019/2025 direct comparison,sum,
023055,Oppeano,023055,Oppeano,unchanged,,POSAS 2019/2025 direct comparison,sum,
023056,Palù,023056,Palù,unchanged,,POSAS 2019/2025 direct comparison,sum,
023057,Pastrengo,023057,Pastrengo,unchanged,,POSAS 2019/2025 direct comparison,sum,
023058,Pescantina,023058,Pescantina,unchanged,,POSAS 2019/2025 direct comparison,sum,
023059,Peschiera del Garda,023059,Peschiera del Garda,unchanged,,POSAS 2019/2025 direct comparison,sum,
023060,Povegliano Veronese,023060,Povegliano Veronese,unchanged,,POSAS 2019/2025 direct comparison,sum,
023061,Pressana,023061,Pressana,unchanged,,POSAS 2019/2025 direct comparison,sum,
023062,Rivoli Veronese,023062,Rivoli Veronese,unchanged,,POSAS 2019/2025 direct comparison,sum,
023063,Roncà,023063,Roncà,unchanged,,POSAS 2019/2025 direct comparison,sum,
023064,Ronco all'Adige,023064,Ronco all'Adige,unchanged,,POSAS 2019/2025 direct comparison,sum,
023065,Roverchiara,023065,Roverchiara,unchanged,,POSAS 2019/2025 direct comparison,sum,
023066,Roveredo di Guà,023066,Roveredo di Guà,unchanged,,POSAS 2019/2025 direct comparison,sum,
023067,Roverè Veronese,023067,Roverè Veronese,unchanged,,POSAS 2019/2025 direct comparison,sum,
023068,Salizzole,023068,Salizzole,unchanged,,POSAS 2019/2025 direct comparison,sum,
023069,San Bonifacio,023069,San Bonifacio,unchanged,,POSAS 2019/2025 direct comparison,sum,
023070,San Giovanni Ilarione,023070,San Giovanni Ilarione,unchanged,,POSAS 2019/2025 direct comparison,sum,
023071,San Giovanni Lupatoto,023071,San Giovanni Lupatoto,unchanged,,POSAS 2019/2025 direct comparison,sum,
023072,Sanguinetto,023072,Sanguinetto,unchanged,,POSAS 2019/2025 direct comparison,sum,
023073,San Martino Buon Albergo,023073,San Martino Buon Albergo,unchanged,,POSAS 2019/2025 direct comparison,sum,
023074,San Mauro di Saline,023074,San Mauro di Saline,unchanged,,POSAS 2019/2025 direct comparison,sum,
023075,San Pietro di Morubio,023075,San Pietro di Morubio,unchanged,,POSAS 2019/2025 direct comparison,sum,
023076,San Pietro in Cariano,023076,San Pietro in Cariano,unchanged,,POSAS 2019/2025 direct comparison,sum,
023077,Sant'Ambrogio di Valpolicella,023077,Sant'Ambrogio di Valpolicella,unchanged,,POSAS 2019/2025 direct comparison,sum,
023078,Sant'Anna d'Alfaedo,023078,Sant'Anna d'Alfaedo,unchanged,,POSAS 2019/2025 direct comparison,sum,
023079,San Zeno di Montagna,023079,San Zeno di Montagna,unchanged,,POSAS 2019/2025 direct comparison,sum,
023080,Selva di Progno,023080,Selva di Progno,unchanged,,POSAS 2019/2025 direct comparison,sum,
023081,Soave,023081,Soave,unchanged,,POSAS 2019/2025 direct comparison,sum,
023082,Sommacampagna,023082,Sommacampagna,unchanged,,POSAS 2019/2025 direct comparison,sum,
023083,Sona,023083,Sona,unchanged,,POSAS 2019/2025 direct comparison,sum,
023084,Sorgà,023084,Sorgà,unchanged,,POSAS 2019/2025 direct comparison,sum,
023085,Terrazzo,023085,Terrazzo,unchanged,,POSAS 2019/2025 direct comparison,sum,
023086,Torri del Benaco,023086,Torri del Benaco,unchanged,,POSAS 2019/2025 direct comparison,sum,
023087,Tregnago,023087,Tregnago,unchanged,,POSAS 2019/2025 direct comparison,sum,
023088,Trevenzuolo,023088,Trevenzuolo,unchanged,,POSAS 2019/2025 direct comparison,sum,
023089,Valeggio sul Mincio,023089,Valeggio sul Mincio,unchanged,,POSAS 2019/2025 direct comparison,sum,
023090,Velo Veronese,023090,Velo Veronese,unchanged,,POSAS 2019/2025 direct comparison,sum,
023091,Verona,023091,Verona,unchanged,,POSAS 2019/2025 direct comparison,sum,
023092,Veronella,023092,Veronella,unchanged,,POSAS 2019/2025 direct comparison,sum,
023093,Vestenanova,023093,Vestenanova,unchanged,,POSAS 2019/2025 direct comparison,sum,
023094,Vigasio,023094,Vigasio,unchanged,,POSAS 2019/2025 direct comparison,sum,
023095,Villa Bartolomea,023095,Villa Bartolomea,unchanged,,POSAS 2019/2025 direct comparison,sum,
023096,Villafranca di Verona,023096,Villafranca di Verona,unchanged,,POSAS 2019/2025 direct comparison,sum,
023097,Zevio,023097,Zevio,unchanged,,POSAS 2019/2025 direct comparison,sum,
023098,Zimella,023098,Zimella,unchanged,,POSAS 2019/2025 direct comparison,sum,
024001,Agugliaro,024001,Agugliaro,unchanged,,POSAS 2019/2025 direct comparison,sum,
024002,Albettone,024002,Albettone,unchanged,,POSAS 2019/2025 direct comparison,sum,
024003,Alonte,024003,Alonte,unchanged,,POSAS 2019/2025 direct comparison,sum,
024004,Altavilla Vicentina,024004,Altavilla Vicentina,unchanged,,POSAS 2019/2025 direct comparison,sum,
024005,Altissimo,024005,Altissimo,unchanged,,POSAS 2019/2025 direct comparison,sum,
024006,Arcugnano,024006,Arcugnano,unchanged,,POSAS 2019/2025 direct comparison,sum,
024007,Arsiero,024007,Arsiero,unchanged,,POSAS 2019/2025 direct comparison,sum,
024008,Arzignano,024008,Arzignano,unchanged,,POSAS 2019/2025 direct comparison,sum,
024009,Asiago,024009,Asiago,unchanged,,POSAS 2019/2025 direct comparison,sum,
024010,Asigliano Veneto,024010,Asigliano Veneto,unchanged,,POSAS 2019/2025 direct comparison,sum,
024012,Bassano del Grappa,024012,Bassano del Grappa,unchanged,,POSAS 2019/2025 direct comparison,sum,
024013,Bolzano Vicentino,024013,Bolzano Vicentino,unchanged,,POSAS 2019/2025 direct comparison,sum,
024014,Breganze,024014,Breganze,unchanged,,POSAS 2019/2025 direct comparison,sum,
024015,Brendola,024015,Brendola,unchanged,,POSAS 2019/2025 direct comparison,sum,
024016,Bressanvido,024016,Bressanvido,unchanged,,POSAS 2019/2025 direct comparison,sum,
024017,Brogliano,024017,Brogliano,unchanged,,POSAS 2019/2025 direct comparison,sum,
024018,Caldogno,024018,Caldogno,unchanged,,POSAS 2019/2025 direct comparison,sum,
024019,Caltrano,024019,Caltrano,unchanged,,POSAS 2019/2025 direct comparison,sum,
024020,Calvene,024020,Calvene,unchanged,,POSAS 2019/2025 direct comparison,sum,
024021,Camisano Vicentino,024021,Camisano Vicentino,unchanged,,POSAS 2019/2025 direct comparison,sum,
024022,Campiglia dei Berici,024022,Campiglia dei Berici,unchanged,,POSAS 2019/2025 direct comparison,sum,
024024,Carrè,024024,Carrè,unchanged,,POSAS 2019/2025 direct comparison,sum,
024025,Cartigliano,024025,Cartigliano,unchanged,,POSAS 2019/2025 direct comparison,sum,
024026,Cassola,024026,Cassola,unchanged,,POSAS 2019/2025 direct comparison,sum,
024027,Castegnero,024027,Castegnero,unchanged,,POSAS 2019/2025 direct comparison,sum,
024028,Castelgomberto,024028,Castelgomberto,unchanged,,POSAS 2019/2025 direct comparison,sum,
024029,Chiampo,024029,Chiampo,unchanged,,POSAS 2019/2025 direct comparison,sum,
024030,Chiuppano,024030,Chiuppano,unchanged,,POSAS 2019/2025 direct comparison,sum,
024032,Cogollo del Cengio,024032,Cogollo del Cengio,unchanged,,POSAS 2019/2025 direct comparison,sum,
024034,Cornedo Vicentino,024034,Cornedo Vicentino,unchanged,,POSAS 2019/2025 direct comparison,sum,
024035,Costabissara,024035,Costabissara,unchanged,,POSAS 2019/2025 direct comparison,sum,
024036,Creazzo,024036,Creazzo,unchanged,,POSAS 2019/2025 direct comparison,sum,
024037,Crespadoro,024037,Crespadoro,unchanged,,POSAS 2019/2025 direct comparison,sum,
024038,Dueville,024038,Dueville,unchanged,,POSAS 2019/2025 direct comparison,sum,
024039,Enego,024039,Enego,unchanged,,POSAS 2019/2025 direct comparison,sum,
024040,Fara Vicentino,024040,Fara Vicentino,unchanged,,POSAS 2019/2025 direct comparison,sum,
024041,Foza,024041,Foza,unchanged,,POSAS 2019/2025 direct comparison,sum,
024042,Gallio,024042,Gallio,unchanged,,POSAS 2019/2025 direct comparison,sum,
024043,Gambellara,024043,Gambellara,unchanged,,POSAS 2019/2025 direct comparison,sum,
024046,Grisignano di Zocco,024046,Grisignano di Zocco,unchanged,,POSAS 2019/2025 direct comparison,sum,
024047,Grumolo delle Abbadesse,024047,Grumolo delle Abbadesse,unchanged,,POSAS 2019/2025 direct comparison,sum,
024048,Isola Vicentina,024048,Isola Vicentina,unchanged,,POSAS 2019/2025 direct comparison,sum,
024049,Laghi,024049,Laghi,unchanged,,POSAS 2019/2025 direct comparison,sum,
024050,Lastebasse,024050,Lastebasse,unchanged,,POSAS 2019/2025 direct comparison,sum,
024051,Longare,024051,Longare,unchanged,,POSAS 2019/2025 direct comparison,sum,
024052,Lonigo,024052,Lonigo,unchanged,,POSAS 2019/2025 direct comparison,sum,
024053,Lugo di Vicenza,024053,Lugo di Vicenza,unchanged,,POSAS 2019/2025 direct comparison,sum,
024055,Malo,024055,Malo,unchanged,,POSAS 2019/2025 direct comparison,sum,
024056,Marano Vicentino,024056,Marano Vicentino,unchanged,,POSAS 2019/2025 direct comparison,sum,
024057,Marostica,024057,Marostica,unchanged,,POSAS 2019/2025 direct comparison,sum,
024060,Montebello Vicentino,024060,Montebello Vicentino,unchanged,,POSAS 2019/2025 direct comparison,sum,
024061,Montecchio Maggiore,024061,Montecchio Maggiore,unchanged,,POSAS 2019/2025 direct comparison,sum,
024062,Montecchio Precalcino,024062,Montecchio Precalcino,unchanged,,POSAS 2019/2025 direct comparison,sum,
024063,Monte di Malo,024063,Monte di Malo,unchanged,,POSAS 2019/2025 direct comparison,sum,
024064,Montegalda,024064,Montegalda,unchanged,,POSAS 2019/2025 direct comparison,sum,
024065,Montegaldella,024065,Montegaldella,unchanged,,POSAS 2019/2025 direct comparison,sum,
024066,Monteviale,024066,Monteviale,unchanged,,POSAS 2019/2025 direct comparison,sum,
024067,Monticello Conte Otto,024067,Monticello Conte Otto,unchanged,,POSAS 2019/2025 direct comparison,sum,
024068,Montorso Vicentino,024068,Montorso Vicentino,unchanged,,POSAS 2019/2025 direct comparison,sum,
024070,Mussolente,024070,Mussolente,unchanged,,POSAS 2019/2025 direct comparison,sum,
024071,Nanto,024071,Nanto,unchanged,,POSAS 2019/2025 direct comparison,sum,
024072,Nogarole Vicentino,024072,Nogarole Vicentino,unchanged,,POSAS 2019/2025 direct comparison,sum,
024073,Nove,024073,Nove,unchanged,,POSAS 2019/2025 direct comparison,sum,
024074,Noventa Vicentina,024074,Noventa Vicentina,unchanged,,POSAS 2019/2025 direct comparison,sum,
024075,Orgiano,024075,Orgiano,unchanged,,POSAS 2019/2025 direct comparison,sum,
024076,Pedemonte,024076,Pedemonte,unchanged,,POSAS 2019/2025 direct comparison,sum,
024077,Pianezze,024077,Pianezze,unchanged,,POSAS 2019/2025 direct comparison,sum,
024078,Piovene Rocchette,024078,Piovene Rocchette,unchanged,,POSAS 2019/2025 direct comparison,sum,
024079,Pojana Maggiore,024079,Pojana Maggiore,unchanged,,POSAS 2019/2025 direct comparison,sum,
024080,Posina,024080,Posina,unchanged,,POSAS 2019/2025 direct comparison,sum,
024081,Pove del Grappa,024081,Pove del Grappa,unchanged,,POSAS 2019/2025 direct comparison,sum,
024082,Pozzoleone,024082,Pozzoleone,unchanged,,POSAS 2019/2025 direct comparison,sum,
024083,Quinto Vicentino,024083,Quinto Vicentino,unchanged,,POSAS 2019/2025 direct comparison,sum,
024084,Recoaro Terme,024084,Recoaro Terme,unchanged,,POSAS 2019/2025 direct comparison,sum,
024085,Roana,024085,Roana,unchanged,,POSAS 2019/2025 direct comparison,sum,
024086,Romano d'Ezzelino,024086,Romano d'Ezzelino,unchanged,,POSAS 2019/2025 direct comparison,sum,
024087,Rosà,024087,Rosà,unchanged,,POSAS 2019/2025 direct comparison,sum,
024088,Rossano Veneto,024088,Rossano Veneto,unchanged,,POSAS 2019/2025 direct comparison,sum,
024089,Rotzo,024089,Rotzo,unchanged,,POSAS 2019/2025 direct comparison,sum,
024090,Salcedo,024090,Salcedo,unchanged,,POSAS 2019/2025 direct comparison,sum,
024091,Sandrigo,024091,Sandrigo,unchanged,,POSAS 2019/2025 direct comparison,sum,
024094,San Pietro Mussolino,024094,San Pietro Mussolino,unchanged,,POSAS 2019/2025 direct comparison,sum,
024095,Santorso,024095,Santorso,unchanged,,POSAS 2019/2025 direct comparison,sum,
024096,San Vito di Leguzzano,024096,San Vito di Leguzzano,unchanged,,POSAS 2019/2025 direct comparison,sum,
024097,Sarcedo,024097,Sarcedo,unchanged,,POSAS 2019/2025 direct comparison,sum,
024098,Sarego,024098,Sarego,unchanged,,POSAS 2019/2025 direct comparison,sum,
024099,Schiavon,024099,Schiavon,unchanged,,POSAS 2019/2025 direct comparison,sum,
024100,Schio,024100,Schio,unchanged,,POSAS 2019/2025 direct comparison,sum,
024101,Solagna,024101,Solagna,unchanged,,POSAS 2019/2025 direct comparison,sum,
024102,Sossano,024102,Sossano,unchanged,,POSAS 2019/2025 direct comparison,sum,
024104,Tezze sul Brenta,024104,Tezze sul Brenta,unchanged,,POSAS 2019/2025 direct comparison,sum,
024105,Thiene,024105,Thiene,unchanged,,POSAS 2019/2025 direct comparison,sum,
024106,Tonezza del Cimone,024106,Tonezza del Cimone,unchanged,,POSAS 2019/2025 direct comparison,sum,
024107,Torrebelvicino,024107,Torrebelvicino,unchanged,,POSAS 2019/2025 direct comparison,sum,
024108,Torri di Quartesolo,024108,Torri di Quartesolo,unchanged,,POSAS 2019/2025 direct comparison,sum,
024110,Trissino,024110,Trissino,unchanged,,POSAS 2019/2025 direct comparison,sum,
024111,Valdagno,024111,Valdagno,unchanged,,POSAS 2019/2025 direct comparison,sum,
024112,Valdastico,024112,Valdastico,unchanged,,POSAS 2019/2025 direct comparison,sum,
024113,Valli del Pasubio,024113,Valli del Pasubio,unchanged,,POSAS 2019/2025 direct comparison,sum,
024115,Velo d'Astico,024115,Velo d'Astico,unchanged,,POSAS 2019/2025 direct comparison,sum,
024116,Vicenza,024116,Vicenza,unchanged,,POSAS 2019/2025 direct comparison,sum,
024117,Villaga,024117,Villaga,unchanged,,POSAS 2019/2025 direct comparison,sum,
024118,Villaverla,024118,Villaverla,unchanged,,POSAS 2019/2025 direct comparison,sum,
024119,Zanè,024119,Zanè,unchanged,,POSAS 2019/2025 direct comparison,sum,
024120,Zermeghedo,024120,Zermeghedo,unchanged,,POSAS 2019/2025 direct comparison,sum,
024121,Zovencedo,024121,Zovencedo,unchanged,,POSAS 2019/2025 direct comparison,sum,
024122,Zugliano,024122,Zugliano,unchanged,,POSAS 2019/2025 direct comparison,sum,
024123,Val Liona,024123,Val Liona,unchanged,,POSAS 2019/2025 direct comparison,sum,
024124,Barbarano Mossano,024124,Barbarano Mossano,unchanged,,POSAS 2019/2025 direct comparison,sum,
024125,Valbrenta,024023,Campolongo sul Brenta,fusion,2019-01-30,https://www.istat.it/storage/codici-unita-amministrative/Novita-2025-2017.pdf,sum,
024125,Valbrenta,024031,Cismon del Grappa,fusion,2019-01-30,https://www.istat.it/storage/codici-unita-amministrative/Novita-2025-2017.pdf,sum,
024125,Valbrenta,024093,San Nazario,fusion,2019-01-30,https://www.istat.it/storage/codici-unita-amministrative/Novita-2025-2017.pdf,sum,
024125,Valbrenta,024114,Valstagna,fusion,2019-01-30,https://www.istat.it/storage/codici-unita-amministrative/Novita-2025-2017.pdf,sum,
024126,Colceresa,024058,Mason Vicentino,fusion,2019-02-20,https://www.istat.it/storage/codici-unita-amministrative/Novita-2025-2017.pdf,sum,
024126,Colceresa,024059,Molvena,fusion,2019-02-20,https://www.istat.it/storage/codici-unita-amministrative/Novita-2025-2017.pdf,sum,
024127,Lusiana Conco,024033,Conco,fusion,2019-02-20,https://www.istat.it/storage/codici-unita-amministrative/Novita-2025-2017.pdf,sum,
024127,Lusiana Conco,024054,Lusiana,fusion,2019-02-20,https://www.istat.it/storage/codici-unita-amministrative/Novita-2025-2017.pdf,sum,
024128,Sovizzo,024044,Gambugliano,fusion,2024-01-22,https://www.istat.it/storage/codici-unita-amministrative/Novita-2025-2017.pdf,sum,
024128,Sovizzo,024103,Sovizzo,fusion,2024-01-22,https://www.istat.it/storage/codici-unita-amministrative/Novita-2025-2017.pdf,sum,
025001,Agordo,025001,Agordo,unchanged,,POSAS 2019/2025 direct comparison,sum,
025003,Alleghe,025003,Alleghe,unchanged,,POSAS 2019/2025 direct comparison,sum,
025004,Arsiè,025004,Arsiè,unchanged,,POSAS 2019/2025 direct comparison,sum,
025005,Auronzo di Cadore,025005,Auronzo di Cadore,unchanged,,POSAS 2019/2025 direct comparison,sum,
025006,Belluno,025006,Belluno,unchanged,,POSAS 2019/2025 direct comparison,sum,
025007,Borca di Cadore,025007,Borca di Cadore,unchanged,,POSAS 2019/2025 direct comparison,sum,
025008,Calalzo di Cadore,025008,Calalzo di Cadore,unchanged,,POSAS 2019/2025 direct comparison,sum,
025010,Cencenighe Agordino,025010,Cencenighe Agordino,unchanged,,POSAS 2019/2025 direct comparison,sum,
025011,Cesiomaggiore,025011,Cesiomaggiore,unchanged,,POSAS 2019/2025 direct comparison,sum,
025012,Chies d'Alpago,025012,Chies d'Alpago,unchanged,,POSAS 2019/2025 direct comparison,sum,
025013,Cibiana di Cadore,025013,Cibiana di Cadore,unchanged,,POSAS 2019/2025 direct comparison,sum,
025014,Colle Santa Lucia,025014,Colle Santa Lucia,unchanged,,POSAS 2019/2025 direct comparison,sum,
025015,Comelico Superiore,025015,Comelico Superiore,unchanged,,POSAS 2019/2025 direct comparison,sum,
025016,Cortina d'Ampezzo,025016,Cortina d'Ampezzo,unchanged,,POSAS 2019/2025 direct comparison,sum,
025017,Danta di Cadore,025017,Danta di Cadore,unchanged,,POSAS 2019/2025 direct comparison,sum,
025018,Domegge di Cadore,025018,Domegge di Cadore,unchanged,,POSAS 2019/2025 direct comparison,sum,
025019,Falcade,025019,Falcade,unchanged,,POSAS 2019/2025 direct comparison,sum,
025021,Feltre,025021,Feltre,unchanged,,POSAS 2019/2025 direct comparison,sum,
025022,Fonzaso,025022,Fonzaso,unchanged,,POSAS 2019/2025 direct comparison,sum,
025023,Canale d'Agordo,025023,Canale d'Agordo,unchanged,,POSAS 2019/2025 direct comparison,sum,
025025,Gosaldo,025025,Gosaldo,unchanged,,POSAS 2019/2025 direct comparison,sum,
025026,Lamon,025026,Lamon,unchanged,,POSAS 2019/2025 direct comparison,sum,
025027,La Valle Agordina,025027,La Valle Agordina,unchanged,,POSAS 2019/2025 direct comparison,sum,
025029,Limana,025029,Limana,unchanged,,POSAS 2019/2025 direct comparison,sum,
025030,Livinallongo del Col di Lana,025030,Livinallongo del Col di Lana,unchanged,,POSAS 2019/2025 direct comparison,sum,
025032,Lorenzago di Cadore,025032,Lorenzago di Cadore,unchanged,,POSAS 2019/2025 direct comparison,sum,
025033,Lozzo di Cadore,025033,Lozzo di Cadore,unchanged,,POSAS 2019/2025 direct comparison,sum,
025035,Ospitale di Cadore,025035,Ospitale di Cadore,unchanged,,POSAS 2019/2025 direct comparison,sum,
025036,Pedavena,025036,Pedavena,unchanged,,POSAS 2019/2025 direct comparison,sum,
025037,Perarolo di Cadore,025037,Perarolo di Cadore,unchanged,,POSAS 2019/2025 direct comparison,sum,
025039,Pieve di Cadore,025039,Pieve di Cadore,unchanged,,POSAS 2019/2025 direct comparison,sum,
025040,Ponte nelle Alpi,025040,Ponte nelle Alpi,unchanged,,POSAS 2019/2025 direct comparison,sum,
025043,Rivamonte Agordino,025043,Rivamonte Agordino,unchanged,,POSAS 2019/2025 direct comparison,sum,
025044,Rocca Pietore,025044,Rocca Pietore,unchanged,,POSAS 2019/2025 direct comparison,sum,
025045,San Gregorio nelle Alpi,025045,San Gregorio nelle Alpi,unchanged,,POSAS 2019/2025 direct comparison,sum,
025046,San Nicolò di Comelico,025046,San Nicolò di Comelico,unchanged,,POSAS 2019/2025 direct comparison,sum,
025047,San Pietro di Cadore,025047,San Pietro di Cadore,unchanged,,POSAS 2019/2025 direct comparison,sum,
025048,Santa Giustina,025048,Santa Giustina,unchanged,,POSAS 2019/2025 direct comparison,sum,
025049,San Tomaso Agordino,025049,San Tomaso Agordino,unchanged,,POSAS 2019/2025 direct comparison,sum,
025050,Santo Stefano di Cadore,025050,Santo Stefano di Cadore,unchanged,,POSAS 2019/2025 direct comparison,sum,
025051,San Vito di Cadore,025051,San Vito di Cadore,unchanged,,POSAS 2019/2025 direct comparison,sum,
025053,Sedico,025053,Sedico,unchanged,,POSAS 2019/2025 direct comparison,sum,
025054,Selva di Cadore,025054,Selva di Cadore,unchanged,,POSAS 2019/2025 direct comparison,sum,
025055,Seren del Grappa,025055,Seren del Grappa,unchanged,,POSAS 2019/2025 direct comparison,sum,
025056,Sospirolo,025056,Sospirolo,unchanged,,POSAS 2019/2025 direct comparison,sum,
025057,Soverzene,025057,Soverzene,unchanged,,POSAS 2019/2025 direct comparison,sum,
025058,Sovramonte,025058,Sovramonte,unchanged,,POSAS 2019/2025 direct comparison,sum,
025059,Taibon Agordino,025059,Taibon Agordino,unchanged,,POSAS 2019/2025 direct comparison,sum,
025060,Tambre,025060,Tambre,unchanged,,POSAS 2019/2025 direct comparison,sum,
025062,Vallada Agordina,025062,Vallada Agordina,unchanged,,POSAS 2019/2025 direct comparison,sum,
025063,Valle di Cadore,025063,Valle di Cadore,unchanged,,POSAS 2019/2025 direct comparison,sum,
025065,Vigo di Cadore,025065,Vigo di Cadore,unchanged,,POSAS 2019/2025 direct comparison,sum,
025066,Vodo Cadore,025066,Vodo Cadore,unchanged,,POSAS 2019/2025 direct comparison,sum,
025067,Voltago Agordino,025067,Voltago Agordino,unchanged,,POSAS 2019/2025 direct comparison,sum,
025069,Zoppè di Cadore,025069,Zoppè di Cadore,unchanged,,POSAS 2019/2025 direct comparison,sum,
025071,Longarone,025071,Longarone,unchanged,,POSAS 2019/2025 direct comparison,sum,
025072,Alpago,025072,Alpago,unchanged,,POSAS 2019/2025 direct comparison,sum,
025073,Val di Zoldo,025073,Val di Zoldo,unchanged,,POSAS 2019/2025 direct comparison,sum,
025074,Borgo Valbelluna,025028,Lentiai,fusion,2019-01-30,https://www.istat.it/storage/codici-unita-amministrative/Novita-2025-2017.pdf,sum,
025074,Borgo Valbelluna,025034,Mel,fusion,2019-01-30,https://www.istat.it/storage/codici-unita-amministrative/Novita-2025-2017.pdf,sum,
025074,Borgo Valbelluna,025061,Trichiana,fusion,2019-01-30,https://www.istat.it/storage/codici-unita-amministrative/Novita-2025-2017.pdf,sum,
025075,Setteville,025002,Alano di Piave,fusion,2024-01-22,https://www.istat.it/storage/codici-unita-amministrative/Novita-2025-2017.pdf,sum,
025075,Setteville,025070,Quero Vas,fusion,2024-01-22,https://www.istat.it/storage/codici-unita-amministrative/Novita-2025-2017.pdf,sum,
026001,Altivole,026001,Altivole,unchanged,,POSAS 2019/2025 direct comparison,sum,
026002,Arcade,026002,Arcade,unchanged,,POSAS 2019/2025 direct comparison,sum,
026003,Asolo,026003,Asolo,unchanged,,POSAS 2019/2025 direct comparison,sum,
026004,Borso del Grappa,026004,Borso del Grappa,unchanged,,POSAS 2019/2025 direct comparison,sum,
026005,Breda di Piave,026005,Breda di Piave,unchanged,,POSAS 2019/2025 direct comparison,sum,
026006,Caerano di San Marco,026006,Caerano di San Marco,unchanged,,POSAS 2019/2025 direct comparison,sum,
026007,Cappella Maggiore,026007,Cappella Maggiore,unchanged,,POSAS 2019/2025 direct comparison,sum,
026008,Carbonera,026008,Carbonera,unchanged,,POSAS 2019/2025 direct comparison,sum,
026009,Casale sul Sile,026009,Casale sul Sile,unchanged,,POSAS 2019/2025 direct comparison,sum,
026010,Casier,026010,Casier,unchanged,,POSAS 2019/2025 direct comparison,sum,
026011,Castelcucco,026011,Castelcucco,unchanged,,POSAS 2019/2025 direct comparison,sum,
026012,Castelfranco Veneto,026012,Castelfranco Veneto,unchanged,,POSAS 2019/2025 direct comparison,sum,
026013,Castello di Godego,026013,Castello di Godego,unchanged,,POSAS 2019/2025 direct comparison,sum,
026014,Cavaso del Tomba,026014,Cavaso del Tomba,unchanged,,POSAS 2019/2025 direct comparison,sum,
026015,Cessalto,026015,Cessalto,unchanged,,POSAS 2019/2025 direct comparison,sum,
026016,Chiarano,026016,Chiarano,unchanged,,POSAS 2019/2025 direct comparison,sum,
026017,Cimadolmo,026017,Cimadolmo,unchanged,,POSAS 2019/2025 direct comparison,sum,
026018,Cison di Valmarino,026018,Cison di Valmarino,unchanged,,POSAS 2019/2025 direct comparison,sum,
026019,Codognè,026019,Codognè,unchanged,,POSAS 2019/2025 direct comparison,sum,
026020,Colle Umberto,026020,Colle Umberto,unchanged,,POSAS 2019/2025 direct comparison,sum,
026021,Conegliano,026021,Conegliano,unchanged,,POSAS 2019/2025 direct comparison,sum,
026022,Cordignano,026022,Cordignano,unchanged,,POSAS 2019/2025 direct comparison,sum,
026023,Cornuda,026023,Cornuda,unchanged,,POSAS 2019/2025 direct comparison,sum,
026025,Crocetta del Montello,026025,Crocetta del Montello,unchanged,,POSAS 2019/2025 direct comparison,sum,
026026,Farra di Soligo,026026,Farra di Soligo,unchanged,,POSAS 2019/2025 direct comparison,sum,
026027,Follina,026027,Follina,unchanged,,POSAS 2019/2025 direct comparison,sum,
026028,Fontanelle,026028,Fontanelle,unchanged,,POSAS 2019/2025 direct comparison,sum,
026029,Fonte,026029,Fonte,unchanged,,POSAS 2019/2025 direct comparison,sum,
026030,Fregona,026030,Fregona,unchanged,,POSAS 2019/2025 direct comparison,sum,
026031,Gaiarine,026031,Gaiarine,unchanged,,POSAS 2019/2025 direct comparison,sum,
026032,Giavera del Montello,026032,Giavera del Montello,unchanged,,POSAS 2019/2025 direct comparison,sum,
026033,Godega di Sant'Urbano,026033,Godega di Sant'Urbano,unchanged,,POSAS 2019/2025 direct comparison,sum,
026034,Gorgo al Monticano,026034,Gorgo al Monticano,unchanged,,POSAS 2019/2025 direct comparison,sum,
026035,Istrana,026035,Istrana,unchanged,,POSAS 2019/2025 direct comparison,sum,
026036,Loria,026036,Loria,unchanged,,POSAS 2019/2025 direct comparison,sum,
026037,Mansuè,026037,Mansuè,unchanged,,POSAS 2019/2025 direct comparison,sum,
026038,Mareno di Piave,026038,Mareno di Piave,unchanged,,POSAS 2019/2025 direct comparison,sum,
026039,Maser,026039,Maser,unchanged,,POSAS 2019/2025 direct comparison,sum,
026040,Maserada sul Piave,026040,Maserada sul Piave,unchanged,,POSAS 2019/2025 direct comparison,sum,
026041,Meduna di Livenza,026041,Meduna di Livenza,unchanged,,POSAS 2019/2025 direct comparison,sum,
026042,Miane,026042,Miane,unchanged,,POSAS 2019/2025 direct comparison,sum,
026043,Mogliano Veneto,026043,Mogliano Veneto,unchanged,,POSAS 2019/2025 direct comparison,sum,
026044,Monastier di Treviso,026044,Monastier di Treviso,unchanged,,POSAS 2019/2025 direct comparison,sum,
026045,Monfumo,026045,Monfumo,unchanged,,POSAS 2019/2025 direct comparison,sum,
026046,Montebelluna,026046,Montebelluna,unchanged,,POSAS 2019/2025 direct comparison,sum,
026047,Morgano,026047,Morgano,unchanged,,POSAS 2019/2025 direct comparison,sum,
026048,Moriago della Battaglia,026048,Moriago della Battaglia,unchanged,,POSAS 2019/2025 direct comparison,sum,
026049,Motta di Livenza,026049,Motta di Livenza,unchanged,,POSAS 2019/2025 direct comparison,sum,
026050,Nervesa della Battaglia,026050,Nervesa della Battaglia,unchanged,,POSAS 2019/2025 direct comparison,sum,
026051,Oderzo,026051,Oderzo,unchanged,,POSAS 2019/2025 direct comparison,sum,
026052,Ormelle,026052,Ormelle,unchanged,,POSAS 2019/2025 direct comparison,sum,
026053,Orsago,026053,Orsago,unchanged,,POSAS 2019/2025 direct comparison,sum,
026055,Paese,026055,Paese,unchanged,,POSAS 2019/2025 direct comparison,sum,
026056,Pederobba,026056,Pederobba,unchanged,,POSAS 2019/2025 direct comparison,sum,
026057,Pieve di Soligo,026057,Pieve di Soligo,unchanged,,POSAS 2019/2025 direct comparison,sum,
026058,Ponte di Piave,026058,Ponte di Piave,unchanged,,POSAS 2019/2025 direct comparison,sum,
026059,Ponzano Veneto,026059,Ponzano Veneto,unchanged,,POSAS 2019/2025 direct comparison,sum,
026060,Portobuffolè,026060,Portobuffolè,unchanged,,POSAS 2019/2025 direct comparison,sum,
026061,Possagno,026061,Possagno,unchanged,,POSAS 2019/2025 direct comparison,sum,
026062,Povegliano,026062,Povegliano,unchanged,,POSAS 2019/2025 direct comparison,sum,
026063,Preganziol,026063,Preganziol,unchanged,,POSAS 2019/2025 direct comparison,sum,
026064,Quinto di Treviso,026064,Quinto di Treviso,unchanged,,POSAS 2019/2025 direct comparison,sum,
026065,Refrontolo,026065,Refrontolo,unchanged,,POSAS 2019/2025 direct comparison,sum,
026066,Resana,026066,Resana,unchanged,,POSAS 2019/2025 direct comparison,sum,
026067,Revine Lago,026067,Revine Lago,unchanged,,POSAS 2019/2025 direct comparison,sum,
026068,Riese Pio X,026068,Riese Pio X,unchanged,,POSAS 2019/2025 direct comparison,sum,
026069,Roncade,026069,Roncade,unchanged,,POSAS 2019/2025 direct comparison,sum,
026070,Salgareda,026070,Salgareda,unchanged,,POSAS 2019/2025 direct comparison,sum,
026071,San Biagio di Callalta,026071,San Biagio di Callalta,unchanged,,POSAS 2019/2025 direct comparison,sum,
026072,San Fior,026072,San Fior,unchanged,,POSAS 2019/2025 direct comparison,sum,
026073,San Pietro di Feletto,026073,San Pietro di Feletto,unchanged,,POSAS 2019/2025 direct comparison,sum,
026074,San Polo di Piave,026074,San Polo di Piave,unchanged,,POSAS 2019/2025 direct comparison,sum,
026075,Santa Lucia di Piave,026075,Santa Lucia di Piave,unchanged,,POSAS 2019/2025 direct comparison,sum,
026076,San Vendemiano,026076,San Vendemiano,unchanged,,POSAS 2019/2025 direct comparison,sum,
026077,San Zenone degli Ezzelini,026077,San Zenone degli Ezzelini,unchanged,,POSAS 2019/2025 direct comparison,sum,
026078,Sarmede,026078,Sarmede,unchanged,,POSAS 2019/2025 direct comparison,sum,
026079,Segusino,026079,Segusino,unchanged,,POSAS 2019/2025 direct comparison,sum,
026080,Sernaglia della Battaglia,026080,Sernaglia della Battaglia,unchanged,,POSAS 2019/2025 direct comparison,sum,
026081,Silea,026081,Silea,unchanged,,POSAS 2019/2025 direct comparison,sum,
026082,Spresiano,026082,Spresiano,unchanged,,POSAS 2019/2025 direct comparison,sum,
026083,Susegana,026083,Susegana,unchanged,,POSAS 2019/2025 direct comparison,sum,
026084,Tarzo,026084,Tarzo,unchanged,,POSAS 2019/2025 direct comparison,sum,
026085,Trevignano,026085,Trevignano,unchanged,,POSAS 2019/2025 direct comparison,sum,
026086,Treviso,026086,Treviso,unchanged,,POSAS 2019/2025 direct comparison,sum,
026087,Valdobbiadene,026087,Valdobbiadene,unchanged,,POSAS 2019/2025 direct comparison,sum,
026088,Vazzola,026088,Vazzola,unchanged,,POSAS 2019/2025 direct comparison,sum,
026089,Vedelago,026089,Vedelago,unchanged,,POSAS 2019/2025 direct comparison,sum,
026090,Vidor,026090,Vidor,unchanged,,POSAS 2019/2025 direct comparison,sum,
026091,Villorba,026091,Villorba,unchanged,,POSAS 2019/2025 direct comparison,sum,
026092,Vittorio Veneto,026092,Vittorio Veneto,unchanged,,POSAS 2019/2025 direct comparison,sum,
026093,Volpago del Montello,026093,Volpago del Montello,unchanged,,POSAS 2019/2025 direct comparison,sum,
026094,Zenson di Piave,026094,Zenson di Piave,unchanged,,POSAS 2019/2025 direct comparison,sum,
026095,Zero Branco,026095,Zero Branco,unchanged,,POSAS 2019/2025 direct comparison,sum,
026096,Pieve del Grappa,026024,Crespano del Grappa,fusion,2019-01-30,https://www.istat.it/storage/codici-unita-amministrative/Novita-2025-2017.pdf,sum,
026096,Pieve del Grappa,026054,Paderno del Grappa,fusion,2019-01-30,https://www.istat.it/storage/codici-unita-amministrative/Novita-2025-2017.pdf,sum,
027001,Annone Veneto,027001,Annone Veneto,unchanged,,POSAS 2019/2025 direct comparison,sum,
027002,Campagna Lupia,027002,Campagna Lupia,unchanged,,POSAS 2019/2025 direct comparison,sum,
027003,Campolongo Maggiore,027003,Campolongo Maggiore,unchanged,,POSAS 2019/2025 direct comparison,sum,
027004,Camponogara,027004,Camponogara,unchanged,,POSAS 2019/2025 direct comparison,sum,
027005,Caorle,027005,Caorle,unchanged,,POSAS 2019/2025 direct comparison,sum,
027006,Cavarzere,027006,Cavarzere,unchanged,,POSAS 2019/2025 direct comparison,sum,
027007,Ceggia,027007,Ceggia,unchanged,,POSAS 2019/2025 direct comparison,sum,
027008,Chioggia,027008,Chioggia,unchanged,,POSAS 2019/2025 direct comparison,sum,
027009,Cinto Caomaggiore,027009,Cinto Caomaggiore,unchanged,,POSAS 2019/2025 direct comparison,sum,
027010,Cona,027010,Cona,unchanged,,POSAS 2019/2025 direct comparison,sum,
027011,Concordia Sagittaria,027011,Concordia Sagittaria,unchanged,,POSAS 2019/2025 direct comparison,sum,
027012,Dolo,027012,Dolo,unchanged,,POSAS 2019/2025 direct comparison,sum,
027013,Eraclea,027013,Eraclea,unchanged,,POSAS 2019/2025 direct comparison,sum,
027014,Fiesso d'Artico,027014,Fiesso d'Artico,unchanged,,POSAS 2019/2025 direct comparison,sum,
027015,Fossalta di Piave,027015,Fossalta di Piave,unchanged,,POSAS 2019/2025 direct comparison,sum,
027016,Fossalta di Portogruaro,027016,Fossalta di Portogruaro,unchanged,,POSAS 2019/2025 direct comparison,sum,
027017,Fossò,027017,Fossò,unchanged,,POSAS 2019/2025 direct comparison,sum,
027018,Gruaro,027018,Gruaro,unchanged,,POSAS 2019/2025 direct comparison,sum,
027019,Jesolo,027019,Jesolo,unchanged,,POSAS 2019/2025 direct comparison,sum,
027020,Marcon,027020,Marcon,unchanged,,POSAS 2019/2025 direct comparison,sum,
027021,Martellago,027021,Martellago,unchanged,,POSAS 2019/2025 direct comparison,sum,
027022,Meolo,027022,Meolo,unchanged,,POSAS 2019/2025 direct comparison,sum,
027023,Mira,027023,Mira,unchanged,,POSAS 2019/2025 direct comparison,sum,
027024,Mirano,027024,Mirano,unchanged,,POSAS 2019/2025 direct comparison,sum,
027025,Musile di Piave,027025,Musile di Piave,unchanged,,POSAS 2019/2025 direct comparison,sum,
027026,Noale,027026,Noale,unchanged,,POSAS 2019/2025 direct comparison,sum,
027027,Noventa di Piave,027027,Noventa di Piave,unchanged,,POSAS 2019/2025 direct comparison,sum,
027028,Pianiga,027028,Pianiga,unchanged,,POSAS 2019/2025 direct comparison,sum,
027029,Portogruaro,027029,Portogruaro,unchanged,,POSAS 2019/2025 direct comparison,sum,
027030,Pramaggiore,027030,Pramaggiore,unchanged,,POSAS 2019/2025 direct comparison,sum,
027031,Quarto d'Altino,027031,Quarto d'Altino,unchanged,,POSAS 2019/2025 direct comparison,sum,
027032,Salzano,027032,Salzano,unchanged,,POSAS 2019/2025 direct comparison,sum,
027033,San Donà di Piave,027033,San Donà di Piave,unchanged,,POSAS 2019/2025 direct comparison,sum,
027034,San Michele al Tagliamento,027034,San Michele al Tagliamento,unchanged,,POSAS 2019/2025 direct comparison,sum,
027035,Santa Maria di Sala,027035,Santa Maria di Sala,unchanged,,POSAS 2019/2025 direct comparison,sum,
027036,San Stino di Livenza,027036,San Stino di Livenza,unchanged,,POSAS 2019/2025 direct comparison,sum,
027037,Scorzè,027037,Scorzè,unchanged,,POSAS 2019/2025 direct comparison,sum,
027038,Spinea,027038,Spinea,unchanged,,POSAS 2019/2025 direct comparison,sum,
027039,Stra,027039,Stra,unchanged,,POSAS 2019/2025 direct comparison,sum,
027040,Teglio Veneto,027040,Teglio Veneto,unchanged,,POSAS 2019/2025 direct comparison,sum,
027041,Torre di Mosto,027041,Torre di Mosto,unchanged,,POSAS 2019/2025 direct comparison,sum,
027042,Venezia,027042,Venezia,unchanged,,POSAS 2019/2025 direct comparison,sum,
027043,Vigonovo,027043,Vigonovo,unchanged,,POSAS 2019/2025 direct comparison,sum,
027044,Cavallino-Treporti,027044,Cavallino-Treporti,unchanged,,POSAS 2019/2025 direct comparison,sum,
028001,Abano Terme,028001,Abano Terme,unchanged,,POSAS 2019/2025 direct comparison,sum,
028002,Agna,028002,Agna,unchanged,,POSAS 2019/2025 direct comparison,sum,
028003,Albignasego,028003,Albignasego,unchanged,,POSAS 2019/2025 direct comparison,sum,
028004,Anguillara Veneta,028004,Anguillara Veneta,unchanged,,POSAS 2019/2025 direct comparison,sum,
028005,Arquà Petrarca,028005,Arquà Petrarca,unchanged,,POSAS 2019/2025 direct comparison,sum,
028006,Arre,028006,Arre,unchanged,,POSAS 2019/2025 direct comparison,sum,
028007,Arzergrande,028007,Arzergrande,unchanged,,POSAS 2019/2025 direct comparison,sum,
028008,Bagnoli di Sopra,028008,Bagnoli di Sopra,unchanged,,POSAS 2019/2025 direct comparison,sum,
028009,Baone,028009,Baone,unchanged,,POSAS 2019/2025 direct comparison,sum,
028010,Barbona,028010,Barbona,unchanged,,POSAS 2019/2025 direct comparison,sum,
028011,Battaglia Terme,028011,Battaglia Terme,unchanged,,POSAS 2019/2025 direct comparison,sum,
028012,Boara Pisani,028012,Boara Pisani,unchanged,,POSAS 2019/2025 direct comparison,sum,
028013,Borgoricco,028013,Borgoricco,unchanged,,POSAS 2019/2025 direct comparison,sum,
028014,Bovolenta,028014,Bovolenta,unchanged,,POSAS 2019/2025 direct comparison,sum,
028015,Brugine,028015,Brugine,unchanged,,POSAS 2019/2025 direct comparison,sum,
028016,Cadoneghe,028016,Cadoneghe,unchanged,,POSAS 2019/2025 direct comparison,sum,
028017,Campodarsego,028017,Campodarsego,unchanged,,POSAS 2019/2025 direct comparison,sum,
028018,Campodoro,028018,Campodoro,unchanged,,POSAS 2019/2025 direct comparison,sum,
028019,Camposampiero,028019,Camposampiero,unchanged,,POSAS 2019/2025 direct comparison,sum,
028020,Campo San Martino,028020,Campo San Martino,unchanged,,POSAS 2019/2025 direct comparison,sum,
028021,Candiana,028021,Candiana,unchanged,,POSAS 2019/2025 direct comparison,sum,
028023,Carmignano di Brenta,028023,Carmignano di Brenta,unchanged,,POSAS 2019/2025 direct comparison,sum,
028026,Cartura,028026,Cartura,unchanged,,POSAS 2019/2025 direct comparison,sum,
028027,Casale di Scodosia,028027,Casale di Scodosia,unchanged,,POSAS 2019/2025 direct comparison,sum,
028028,Casalserugo,028028,Casalserugo,unchanged,,POSAS 2019/2025 direct comparison,sum,
028029,Castelbaldo,028029,Castelbaldo,unchanged,,POSAS 2019/2025 direct comparison,sum,
028030,Cervarese Santa Croce,028030,Cervarese Santa Croce,unchanged,,POSAS 2019/2025 direct comparison,sum,
028031,Cinto Euganeo,028031,Cinto Euganeo,unchanged,,POSAS 2019/2025 direct comparison,sum,
028032,Cittadella,028032,Cittadella,unchanged,,POSAS 2019/2025 direct comparison,sum,
028033,Codevigo,028033,Codevigo,unchanged,,POSAS 2019/2025 direct comparison,sum,
028034,Conselve,028034,Conselve,unchanged,,POSAS 2019/2025 direct comparison,sum,
028035,Correzzola,028035,Correzzola,unchanged,,POSAS 2019/2025 direct comparison,sum,
028036,Curtarolo,028036,Curtarolo,unchanged,,POSAS 2019/2025 direct comparison,sum,
028037,Este,028037,Este,unchanged,,POSAS 2019/2025 direct comparison,sum,
028038,Fontaniva,028038,Fontaniva,unchanged,,POSAS 2019/2025 direct comparison,sum,
028039,Galliera Veneta,028039,Galliera Veneta,unchanged,,POSAS 2019/2025 direct comparison,sum,
028040,Galzignano Terme,028040,Galzignano Terme,unchanged,,POSAS 2019/2025 direct comparison,sum,
028041,Gazzo,028041,Gazzo,unchanged,,POSAS 2019/2025 direct comparison,sum,
028042,Grantorto,028042,Grantorto,unchanged,,POSAS 2019/2025 direct comparison,sum,
028043,Granze,028043,Granze,unchanged,,POSAS 2019/2025 direct comparison,sum,
028044,Legnaro,028044,Legnaro,unchanged,,POSAS 2019/2025 direct comparison,sum,
028045,Limena,028045,Limena,unchanged,,POSAS 2019/2025 direct comparison,sum,
028046,Loreggia,028046,Loreggia,unchanged,,POSAS 2019/2025 direct comparison,sum,
028047,Lozzo Atestino,028047,Lozzo Atestino,unchanged,,POSAS 2019/2025 direct comparison,sum,
028048,Maserà di Padova,028048,Maserà di Padova,unchanged,,POSAS 2019/2025 direct comparison,sum,
028049,Masi,028049,Masi,unchanged,,POSAS 2019/2025 direct comparison,sum,
028050,Massanzago,028050,Massanzago,unchanged,,POSAS 2019/2025 direct comparison,sum,
028052,Megliadino San Vitale,028052,Megliadino San Vitale,unchanged,,POSAS 2019/2025 direct comparison,sum,
028053,Merlara,028053,Merlara,unchanged,,POSAS 2019/2025 direct comparison,sum,
028054,Mestrino,028054,Mestrino,unchanged,,POSAS 2019/2025 direct comparison,sum,
028055,Monselice,028055,Monselice,unchanged,,POSAS 2019/2025 direct comparison,sum,
028056,Montagnana,028056,Montagnana,unchanged,,POSAS 2019/2025 direct comparison,sum,
028057,Montegrotto Terme,028057,Montegrotto Terme,unchanged,,POSAS 2019/2025 direct comparison,sum,
028058,Noventa Padovana,028058,Noventa Padovana,unchanged,,POSAS 2019/2025 direct comparison,sum,
028059,Ospedaletto Euganeo,028059,Ospedaletto Euganeo,unchanged,,POSAS 2019/2025 direct comparison,sum,
028060,Padova,028060,Padova,unchanged,,POSAS 2019/2025 direct comparison,sum,
028061,Pernumia,028061,Pernumia,unchanged,,POSAS 2019/2025 direct comparison,sum,
028062,Piacenza d'Adige,028062,Piacenza d'Adige,unchanged,,POSAS 2019/2025 direct comparison,sum,
028063,Piazzola sul Brenta,028063,Piazzola sul Brenta,unchanged,,POSAS 2019/2025 direct comparison,sum,
028064,Piombino Dese,028064,Piombino Dese,unchanged,,POSAS 2019/2025 direct comparison,sum,
028065,Piove di Sacco,028065,Piove di Sacco,unchanged,,POSAS 2019/2025 direct comparison,sum,
028066,Polverara,028066,Polverara,unchanged,,POSAS 2019/2025 direct comparison,sum,
028067,Ponso,028067,Ponso,unchanged,,POSAS 2019/2025 direct comparison,sum,
028068,Pontelongo,028068,Pontelongo,unchanged,,POSAS 2019/2025 direct comparison,sum,
028069,Ponte San Nicolò,028069,Ponte San Nicolò,unchanged,,POSAS 2019/2025 direct comparison,sum,
028070,Pozzonovo,028070,Pozzonovo,unchanged,,POSAS 2019/2025 direct comparison,sum,
028071,Rovolon,028071,Rovolon,unchanged,,POSAS 2019/2025 direct comparison,sum,
028072,Rubano,028072,Rubano,unchanged,,POSAS 2019/2025 direct comparison,sum,
028073,Saccolongo,028073,Saccolongo,unchanged,,POSAS 2019/2025 direct comparison,sum,
028075,San Giorgio delle Pertiche,028075,San Giorgio delle Pertiche,unchanged,,POSAS 2019/2025 direct comparison,sum,
028076,San Giorgio in Bosco,028076,San Giorgio in Bosco,unchanged,,POSAS 2019/2025 direct comparison,sum,
028077,San Martino di Lupari,028077,San Martino di Lupari,unchanged,,POSAS 2019/2025 direct comparison,sum,
028078,San Pietro in Gu,028078,San Pietro in Gu,unchanged,,POSAS 2019/2025 direct comparison,sum,
028079,San Pietro Viminario,028079,San Pietro Viminario,unchanged,,POSAS 2019/2025 direct comparison,sum,
028080,Santa Giustina in Colle,028080,Santa Giustina in Colle,unchanged,,POSAS 2019/2025 direct comparison,sum,
028082,Sant'Angelo di Piove di Sacco,028082,Sant'Angelo di Piove di Sacco,unchanged,,POSAS 2019/2025 direct comparison,sum,
028083,Sant'Elena,028083,Sant'Elena,unchanged,,POSAS 2019/2025 direct comparison,sum,
028084,Sant'Urbano,028084,Sant'Urbano,unchanged,,POSAS 2019/2025 direct comparison,sum,
028085,Saonara,028085,Saonara,unchanged,,POSAS 2019/2025 direct comparison,sum,
028086,Selvazzano Dentro,028086,Selvazzano Dentro,unchanged,,POSAS 2019/2025 direct comparison,sum,
028087,Solesino,028087,Solesino,unchanged,,POSAS 2019/2025 direct comparison,sum,
028088,Stanghella,028088,Stanghella,unchanged,,POSAS 2019/2025 direct comparison,sum,
028089,Teolo,028089,Teolo,unchanged,,POSAS 2019/2025 direct comparison,sum,
028090,Terrassa Padovana,028090,Terrassa Padovana,unchanged,,POSAS 2019/2025 direct comparison,sum,
028091,Tombolo,028091,Tombolo,unchanged,,POSAS 2019/2025 direct comparison,sum,
028092,Torreglia,028092,Torreglia,unchanged,,POSAS 2019/2025 direct comparison,sum,
028093,Trebaseleghe,028093,Trebaseleghe,unchanged,,POSAS 2019/2025 direct comparison,sum,
028094,Tribano,028094,Tribano,unchanged,,POSAS 2019/2025 direct comparison,sum,
028095,Urbana,028095,Urbana,unchanged,,POSAS 2019/2025 direct comparison,sum,
028096,Veggiano,028096,Veggiano,unchanged,,POSAS 2019/2025 direct comparison,sum,
028097,Vescovana,028097,Vescovana,unchanged,,POSAS 2019/2025 direct comparison,sum,
028099,Vigodarzere,028099,Vigodarzere,unchanged,,POSAS 2019/2025 direct comparison,sum,
028100,Vigonza,028100,Vigonza,unchanged,,POSAS 2019/2025 direct comparison,sum,
028101,Villa del Conte,028101,Villa del Conte,unchanged,,POSAS 2019/2025 direct comparison,sum,
028102,Villa Estense,028102,Villa Estense,unchanged,,POSAS 2019/2025 direct comparison,sum,
028103,Villafranca Padovana,028103,Villafranca Padovana,unchanged,,POSAS 2019/2025 direct comparison,sum,
028104,Villanova di Camposampiero,028104,Villanova di Camposampiero,unchanged,,POSAS 2019/2025 direct comparison,sum,
028105,Vo',028105,Vo',unchanged,,POSAS 2019/2025 direct comparison,sum,
028106,Due Carrare,028106,Due Carrare,unchanged,,POSAS 2019/2025 direct comparison,sum,
028107,Borgo Veneto,028107,Borgo Veneto,unchanged,,POSAS 2019/2025 direct comparison,sum,
028108,Santa Caterina d'Este,028022,Carceri,fusion,2024-01-22,https://www.istat.it/storage/codici-unita-amministrative/Novita-2025-2017.pdf,sum,
028108,Santa Caterina d'Este,028098,Vighizzolo d'Este,fusion,2024-01-22,https://www.istat.it/storage/codici-unita-amministrative/Novita-2025-2017.pdf,sum,
029001,Adria,029001,Adria,unchanged,,POSAS 2019/2025 direct comparison,sum,
029002,Ariano nel Polesine,029002,Ariano nel Polesine,unchanged,,POSAS 2019/2025 direct comparison,sum,
029003,Arquà Polesine,029003,Arquà Polesine,unchanged,,POSAS 2019/2025 direct comparison,sum,
029004,Badia Polesine,029004,Badia Polesine,unchanged,,POSAS 2019/2025 direct comparison,sum,
029005,Bagnolo di Po,029005,Bagnolo di Po,unchanged,,POSAS 2019/2025 direct comparison,sum,
029006,Bergantino,029006,Bergantino,unchanged,,POSAS 2019/2025 direct comparison,sum,
029007,Bosaro,029007,Bosaro,unchanged,,POSAS 2019/2025 direct comparison,sum,
029008,Calto,029008,Calto,unchanged,,POSAS 2019/2025 direct comparison,sum,
029009,Canaro,029009,Canaro,unchanged,,POSAS 2019/2025 direct comparison,sum,
029010,Canda,029010,Canda,unchanged,,POSAS 2019/2025 direct comparison,sum,
029011,Castelguglielmo,029011,Castelguglielmo,unchanged,,POSAS 2019/2025 direct comparison,sum,
029012,Castelmassa,029012,Castelmassa,unchanged,,POSAS 2019/2025 direct comparison,sum,
029013,Castelnovo Bariano,029013,Castelnovo Bariano,unchanged,,POSAS 2019/2025 direct comparison,sum,
029014,Ceneselli,029014,Ceneselli,unchanged,,POSAS 2019/2025 direct comparison,sum,
029015,Ceregnano,029015,Ceregnano,unchanged,,POSAS 2019/2025 direct comparison,sum,
029017,Corbola,029017,Corbola,unchanged,,POSAS 2019/2025 direct comparison,sum,
029018,Costa di Rovigo,029018,Costa di Rovigo,unchanged,,POSAS 2019/2025 direct comparison,sum,
029019,Crespino,029019,Crespino,unchanged,,POSAS 2019/2025 direct comparison,sum,
029021,Ficarolo,029021,Ficarolo,unchanged,,POSAS 2019/2025 direct comparison,sum,
029022,Fiesso Umbertiano,029022,Fiesso Umbertiano,unchanged,,POSAS 2019/2025 direct comparison,sum,
029023,Frassinelle Polesine,029023,Frassinelle Polesine,unchanged,,POSAS 2019/2025 direct comparison,sum,
029024,Fratta Polesine,029024,Fratta Polesine,unchanged,,POSAS 2019/2025 direct comparison,sum,
029025,Gaiba,029025,Gaiba,unchanged,,POSAS 2019/2025 direct comparison,sum,
029026,Gavello,029026,Gavello,unchanged,,POSAS 2019/2025 direct comparison,sum,
029027,Giacciano con Baruchella,029027,Giacciano con Baruchella,unchanged,,POSAS 2019/2025 direct comparison,sum,
029028,Guarda Veneta,029028,Guarda Veneta,unchanged,,POSAS 2019/2025 direct comparison,sum,
029029,Lendinara,029029,Lendinara,unchanged,,POSAS 2019/2025 direct comparison,sum,
029030,Loreo,029030,Loreo,unchanged,,POSAS 2019/2025 direct comparison,sum,
029031,Lusia,029031,Lusia,unchanged,,POSAS 2019/2025 direct comparison,sum,
029032,Melara,029032,Melara,unchanged,,POSAS 2019/2025 direct comparison,sum,
029033,Occhiobello,029033,Occhiobello,unchanged,,POSAS 2019/2025 direct comparison,sum,
029034,Papozze,029034,Papozze,unchanged,,POSAS 2019/2025 direct comparison,sum,
029035,Pettorazza Grimani,029035,Pettorazza Grimani,unchanged,,POSAS 2019/2025 direct comparison,sum,
029036,Pincara,029036,Pincara,unchanged,,POSAS 2019/2025 direct comparison,sum,
029037,Polesella,029037,Polesella,unchanged,,POSAS 2019/2025 direct comparison,sum,
029038,Pontecchio Polesine,029038,Pontecchio Polesine,unchanged,,POSAS 2019/2025 direct comparison,sum,
029039,Porto Tolle,029039,Porto Tolle,unchanged,,POSAS 2019/2025 direct comparison,sum,
029040,Rosolina,029040,Rosolina,unchanged,,POSAS 2019/2025 direct comparison,sum,
029041,Rovigo,029041,Rovigo,unchanged,,POSAS 2019/2025 direct comparison,sum,
029042,Salara,029042,Salara,unchanged,,POSAS 2019/2025 direct comparison,sum,
029043,San Bellino,029043,San Bellino,unchanged,,POSAS 2019/2025 direct comparison,sum,
029044,San Martino di Venezze,029044,San Martino di Venezze,unchanged,,POSAS 2019/2025 direct comparison,sum,
029045,Stienta,029045,Stienta,unchanged,,POSAS 2019/2025 direct comparison,sum,
029046,Taglio di Po,029046,Taglio di Po,unchanged,,POSAS 2019/2025 direct comparison,sum,
029047,Trecenta,029047,Trecenta,unchanged,,POSAS 2019/2025 direct comparison,sum,
029048,Villadose,029048,Villadose,unchanged,,POSAS 2019/2025 direct comparison,sum,
029049,Villamarzana,029049,Villamarzana,unchanged,,POSAS 2019/2025 direct comparison,sum,
029050,Villanova del Ghebbo,029050,Villanova del Ghebbo,unchanged,,POSAS 2019/2025 direct comparison,sum,
029051,Villanova Marchesana,029051,Villanova Marchesana,unchanged,,POSAS 2019/2025 direct comparison,sum,
029052,Porto Viro,029052,Porto Viro,unchanged,,POSAS 2019/2025 direct comparison,sum,
030001,Aiello del Friuli,030001,Aiello del Friuli,unchanged,,POSAS 2019/2025 direct comparison,sum,
030002,Amaro,030002,Amaro,unchanged,,POSAS 2019/2025 direct comparison,sum,
030003,Ampezzo,030003,Ampezzo,unchanged,,POSAS 2019/2025 direct comparison,sum,
030004,Aquileia,030004,Aquileia,unchanged,,POSAS 2019/2025 direct comparison,sum,
030005,Arta Terme,030005,Arta Terme,unchanged,,POSAS 2019/2025 direct comparison,sum,
030006,Artegna,030006,Artegna,unchanged,,POSAS 2019/2025 direct comparison,sum,
030007,Attimis,030007,Attimis,unchanged,,POSAS 2019/2025 direct comparison,sum,
030008,Bagnaria Arsa,030008,Bagnaria Arsa,unchanged,,POSAS 2019/2025 direct comparison,sum,
030009,Basiliano,030009,Basiliano,unchanged,,POSAS 2019/2025 direct comparison,sum,
030010,Bertiolo,030010,Bertiolo,unchanged,,POSAS 2019/2025 direct comparison,sum,
030011,Bicinicco,030011,Bicinicco,unchanged,,POSAS 2019/2025 direct comparison,sum,
030012,Bordano,030012,Bordano,unchanged,,POSAS 2019/2025 direct comparison,sum,
030013,Buja,030013,Buja,unchanged,,POSAS 2019/2025 direct comparison,sum,
030014,Buttrio,030014,Buttrio,unchanged,,POSAS 2019/2025 direct comparison,sum,
030015,Camino al Tagliamento,030015,Camino al Tagliamento,unchanged,,POSAS 2019/2025 direct comparison,sum,
030016,Campoformido,030016,Campoformido,unchanged,,POSAS 2019/2025 direct comparison,sum,
030018,Carlino,030018,Carlino,unchanged,,POSAS 2019/2025 direct comparison,sum,
030019,Cassacco,030019,Cassacco,unchanged,,POSAS 2019/2025 direct comparison,sum,
030020,Castions di Strada,030020,Castions di Strada,unchanged,,POSAS 2019/2025 direct comparison,sum,
030021,Cavazzo Carnico,030021,Cavazzo Carnico,unchanged,,POSAS 2019/2025 direct comparison,sum,
030022,Cercivento,030022,Cercivento,unchanged,,POSAS 2019/2025 direct comparison,sum,
030023,Cervignano del Friuli,030023,Cervignano del Friuli,unchanged,,POSAS 2019/2025 direct comparison,sum,
030024,Chiopris-Viscone,030024,Chiopris-Viscone,unchanged,,POSAS 2019/2025 direct comparison,sum,
030025,Chiusaforte,030025,Chiusaforte,unchanged,,POSAS 2019/2025 direct comparison,sum,
030026,Cividale del Friuli,030026,Cividale del Friuli,unchanged,,POSAS 2019/2025 direct comparison,sum,
030027,Codroipo,030027,Codroipo,unchanged,,POSAS 2019/2025 direct comparison,sum,
030028,Colloredo di Monte Albano,030028,Colloredo di Monte Albano,unchanged,,POSAS 2019/2025 direct comparison,sum,
030029,Comeglians,030029,Comeglians,unchanged,,POSAS 2019/2025 direct comparison,sum,
030030,Corno di Rosazzo,030030,Corno di Rosazzo,unchanged,,POSAS 2019/2025 direct comparison,sum,
030031,Coseano,030031,Coseano,unchanged,,POSAS 2019/2025 direct comparison,sum,
030032,Dignano,030032,Dignano,unchanged,,POSAS 2019/2025 direct comparison,sum,
030033,Dogna,030033,Dogna,unchanged,,POSAS 2019/2025 direct comparison,sum,
030034,Drenchia,030034,Drenchia,unchanged,,POSAS 2019/2025 direct comparison,sum,
030035,Enemonzo,030035,Enemonzo,unchanged,,POSAS 2019/2025 direct comparison,sum,
030036,Faedis,030036,Faedis,unchanged,,POSAS 2019/2025 direct comparison,sum,
030037,Fagagna,030037,Fagagna,unchanged,,POSAS 2019/2025 direct comparison,sum,
030039,Flaibano,030039,Flaibano,unchanged,,POSAS 2019/2025 direct comparison,sum,
030040,Forni Avoltri,030040,Forni Avoltri,unchanged,,POSAS 2019/2025 direct comparison,sum,
030041,Forni di Sopra,030041,Forni di Sopra,unchanged,,POSAS 2019/2025 direct comparison,sum,
030042,Forni di Sotto,030042,Forni di Sotto,unchanged,,POSAS 2019/2025 direct comparison,sum,
030043,Gemona del Friuli,030043,Gemona del Friuli,unchanged,,POSAS 2019/2025 direct comparison,sum,
030044,Gonars,030044,Gonars,unchanged,,POSAS 2019/2025 direct comparison,sum,
030045,Grimacco,030045,Grimacco,unchanged,,POSAS 2019/2025 direct comparison,sum,
030046,Latisana,030046,Latisana,unchanged,,POSAS 2019/2025 direct comparison,sum,
030047,Lauco,030047,Lauco,unchanged,,POSAS 2019/2025 direct comparison,sum,
030048,Lestizza,030048,Lestizza,unchanged,,POSAS 2019/2025 direct comparison,sum,
030049,Lignano Sabbiadoro,030049,Lignano Sabbiadoro,unchanged,,POSAS 2019/2025 direct comparison,sum,
030051,Lusevera,030051,Lusevera,unchanged,,POSAS 2019/2025 direct comparison,sum,
030052,Magnano in Riviera,030052,Magnano in Riviera,unchanged,,POSAS 2019/2025 direct comparison,sum,
030053,Majano,030053,Majano,unchanged,,POSAS 2019/2025 direct comparison,sum,
030054,Malborghetto Valbruna,030054,Malborghetto Valbruna,unchanged,,POSAS 2019/2025 direct comparison,sum,
030055,Manzano,030055,Manzano,unchanged,,POSAS 2019/2025 direct comparison,sum,
030056,Marano Lagunare,030056,Marano Lagunare,unchanged,,POSAS 2019/2025 direct comparison,sum,
030057,Martignacco,030057,Martignacco,unchanged,,POSAS 2019/2025 direct comparison,sum,
030058,Mereto di Tomba,030058,Mereto di Tomba,unchanged,,POSAS 2019/2025 direct comparison,sum,
030059,Moggio Udinese,030059,Moggio Udinese,unchanged,,POSAS 2019/2025 direct comparison,sum,
030060,Moimacco,030060,Moimacco,unchanged,,POSAS 2019/2025 direct comparison,sum,
030061,Montenars,030061,Montenars,unchanged,,POSAS 2019/2025 direct comparison,sum,
030062,Mortegliano,030062,Mortegliano,unchanged,,POSAS 2019/2025 direct comparison,sum,
030063,Moruzzo,030063,Moruzzo,unchanged,,POSAS 2019/2025 direct comparison,sum,
030064,Muzzana del Turgnano,030064,Muzzana del Turgnano,unchanged,,POSAS 2019/2025 direct comparison,sum,
030065,Nimis,030065,Nimis,unchanged,,POSAS 2019/2025 direct comparison,sum,
030066,Osoppo,030066,Osoppo,unchanged,,POSAS 2019/2025 direct comparison,sum,
030067,Ovaro,030067,Ovaro,unchanged,,POSAS 2019/2025 direct comparison,sum,
030068,Pagnacco,030068,Pagnacco,unchanged,,POSAS 2019/2025 direct comparison,sum,
030069,Palazzolo dello Stella,030069,Palazzolo dello Stella,unchanged,,POSAS 2019/2025 direct comparison,sum,
030070,Palmanova,030070,Palmanova,unchanged,,POSAS 2019/2025 direct comparison,sum,
030071,Paluzza,030071,Paluzza,unchanged,,POSAS 2019/2025 direct comparison,sum,
030072,Pasian di Prato,030072,Pasian di Prato,unchanged,,POSAS 2019/2025 direct comparison,sum,
030073,Paularo,030073,Paularo,unchanged,,POSAS 2019/2025 direct comparison,sum,
030074,Pavia di Udine,030074,Pavia di Udine,unchanged,,POSAS 2019/2025 direct comparison,sum,
030075,Pocenia,030075,Pocenia,unchanged,,POSAS 2019/2025 direct comparison,sum,
030076,Pontebba,030076,Pontebba,unchanged,,POSAS 2019/2025 direct comparison,sum,
030077,Porpetto,030077,Porpetto,unchanged,,POSAS 2019/2025 direct comparison,sum,
030078,Povoletto,030078,Povoletto,unchanged,,POSAS 2019/2025 direct comparison,sum,
030079,Pozzuolo del Friuli,030079,Pozzuolo del Friuli,unchanged,,POSAS 2019/2025 direct comparison,sum,
030080,Pradamano,030080,Pradamano,unchanged,,POSAS 2019/2025 direct comparison,sum,
030081,Prato Carnico,030081,Prato Carnico,unchanged,,POSAS 2019/2025 direct comparison,sum,
030082,Precenicco,030082,Precenicco,unchanged,,POSAS 2019/2025 direct comparison,sum,
030083,Premariacco,030083,Premariacco,unchanged,,POSAS 2019/2025 direct comparison,sum,
030084,Preone,030084,Preone,unchanged,,POSAS 2019/2025 direct comparison,sum,
030085,Prepotto,030085,Prepotto,unchanged,,POSAS 2019/2025 direct comparison,sum,
030086,Pulfero,030086,Pulfero,unchanged,,POSAS 2019/2025 direct comparison,sum,
030087,Ragogna,030087,Ragogna,unchanged,,POSAS 2019/2025 direct comparison,sum,
030088,Ravascletto,030088,Ravascletto,unchanged,,POSAS 2019/2025 direct comparison,sum,
030089,Raveo,030089,Raveo,unchanged,,POSAS 2019/2025 direct comparison,sum,
030090,Reana del Rojale,030090,Reana del Rojale,unchanged,,POSAS 2019/2025 direct comparison,sum,
030091,Remanzacco,030091,Remanzacco,unchanged,,POSAS 2019/2025 direct comparison,sum,
030092,Resia,030092,Resia,unchanged,,POSAS 2019/2025 direct comparison,sum,
030093,Resiutta,030093,Resiutta,unchanged,,POSAS 2019/2025 direct comparison,sum,
030094,Rigolato,030094,Rigolato,unchanged,,POSAS 2019/2025 direct comparison,sum,
030095,Rive d'Arcano,030095,Rive d'Arcano,unchanged,,POSAS 2019/2025 direct comparison,sum,
030097,Ronchis,030097,Ronchis,unchanged,,POSAS 2019/2025 direct comparison,sum,
030098,Ruda,030098,Ruda,unchanged,,POSAS 2019/2025 direct comparison,sum,
030099,San Daniele del Friuli,030099,San Daniele del Friuli,unchanged,,POSAS 2019/2025 direct comparison,sum,
030100,San Giorgio di Nogaro,030100,San Giorgio di Nogaro,unchanged,,POSAS 2019/2025 direct comparison,sum,
030101,San Giovanni al Natisone,030101,San Giovanni al Natisone,unchanged,,POSAS 2019/2025 direct comparison,sum,
030102,San Leonardo,030102,San Leonardo,unchanged,,POSAS 2019/2025 direct comparison,sum,
030103,San Pietro al Natisone,030103,San Pietro al Natisone,unchanged,,POSAS 2019/2025 direct comparison,sum,
030104,Santa Maria la Longa,030104,Santa Maria la Longa,unchanged,,POSAS 2019/2025 direct comparison,sum,
030105,San Vito al Torre,030105,San Vito al Torre,unchanged,,POSAS 2019/2025 direct comparison,sum,
030106,San Vito di Fagagna,030106,San Vito di Fagagna,unchanged,,POSAS 2019/2025 direct comparison,sum,
030107,Sauris,030107,Sauris,unchanged,,POSAS 2019/2025 direct comparison,sum,
030108,Savogna,030108,Savogna,unchanged,,POSAS 2019/2025 direct comparison,sum,
030109,Sedegliano,030109,Sedegliano,unchanged,,POSAS 2019/2025 direct comparison,sum,
030110,Socchieve,030110,Socchieve,unchanged,,POSAS 2019/2025 direct comparison,sum,
030111,Stregna,030111,Stregna,unchanged,,POSAS 2019/2025 direct comparison,sum,
030112,Sutrio,030112,Sutrio,unchanged,,POSAS 2019/2025 direct comparison,sum,
030113,Taipana,030113,Taipana,unchanged,,POSAS 2019/2025 direct comparison,sum,
030114,Talmassons,030114,Talmassons,unchanged,,POSAS 2019/2025 direct comparison,sum,
030116,Tarcento,030116,Tarcento,unchanged,,POSAS 2019/2025 direct comparison,sum,
030117,Tarvisio,030117,Tarvisio,unchanged,,POSAS 2019/2025 direct comparison,sum,
030118,Tavagnacco,030118,Tavagnacco,unchanged,,POSAS 2019/2025 direct comparison,sum,
030120,Terzo d'Aquileia,030120,Terzo d'Aquileia,unchanged,,POSAS 2019/2025 direct comparison,sum,
030121,Tolmezzo,030121,Tolmezzo,unchanged,,POSAS 2019/2025 direct comparison,sum,
030122,Torreano,030122,Torreano,unchanged,,POSAS 2019/2025 direct comparison,sum,
030123,Torviscosa,030123,Torviscosa,unchanged,,POSAS 2019/2025 direct comparison,sum,
030124,Trasaghis,030124,Trasaghis,unchanged,,POSAS 2019/2025 direct comparison,sum,
030126,Treppo Grande,030126,Treppo Grande,unchanged,,POSAS 2019/2025 direct comparison,sum,
030127,Tricesimo,030127,Tricesimo,unchanged,,POSAS 2019/2025 direct comparison,sum,
030128,Trivignano Udinese,030128,Trivignano Udinese,unchanged,,POSAS 2019/2025 direct comparison,sum,
030129,Udine,030129,Udine,unchanged,,POSAS 2019/2025 direct comparison,sum,
030130,Varmo,030130,Varmo,unchanged,,POSAS 2019/2025 direct comparison,sum,
030131,Venzone,030131,Venzone,unchanged,,POSAS 2019/2025 direct comparison,sum,
030132,Verzegnis,030132,Verzegnis,unchanged,,POSAS 2019/2025 direct comparison,sum,
030133,Villa Santina,030133,Villa Santina,unchanged,,POSAS 2019/2025 direct comparison,sum,
030135,Visco,030135,Visco,unchanged,,POSAS 2019/2025 direct comparison,sum,
030136,Zuglio,030136,Zuglio,unchanged,,POSAS 2019/2025 direct comparison,sum,
030137,Forgaria nel Friuli,030137,Forgaria nel Friuli,unchanged,,POSAS 2019/2025 direct comparison,sum,
030138,Campolongo Tapogliano,030138,Campolongo Tapogliano,unchanged,,POSAS 2019/2025 direct comparison,sum,
030188,Rivignano Teor,030188,Rivignano Teor,unchanged,,POSAS 2019/2025 direct comparison,sum,
030189,Sappada,030189,Sappada,unchanged,,POSAS 2019/2025 direct comparison,sum,
030190,Fiumicello Villa Vicentina,030190,Fiumicello Villa Vicentina,unchanged,,POSAS 2019/2025 direct comparison,sum,
030191,Treppo Ligosullo,030191,Treppo Ligosullo,unchanged,,POSAS 2019/2025 direct comparison,sum,
031001,Capriva del Friuli,031001,Capriva del Friuli,unchanged,,POSAS 2019/2025 direct comparison,sum,
031002,Cormons,031002,Cormons,unchanged,,POSAS 2019/2025 direct comparison,sum,
031003,Doberdò del Lago-Doberdob,031003,Doberdò del Lago,name_string_change_same_code,,POSAS 2019/2025 direct comparison; official administrative-change classification only where separately documented.,sum,Denominazione 2019: Doberdò del Lago; denominazione 2025: Doberdò del Lago-Doberdob.
031004,Dolegna del Collio,031004,Dolegna del Collio,unchanged,,POSAS 2019/2025 direct comparison,sum,
031005,Farra d'Isonzo,031005,Farra d'Isonzo,unchanged,,POSAS 2019/2025 direct comparison,sum,
031006,Fogliano Redipuglia,031006,Fogliano Redipuglia,unchanged,,POSAS 2019/2025 direct comparison,sum,
031007,Gorizia,031007,Gorizia,unchanged,,POSAS 2019/2025 direct comparison,sum,
031008,Gradisca d'Isonzo,031008,Gradisca d'Isonzo,unchanged,,POSAS 2019/2025 direct comparison,sum,
031009,Grado,031009,Grado,unchanged,,POSAS 2019/2025 direct comparison,sum,
031010,Mariano del Friuli,031010,Mariano del Friuli,unchanged,,POSAS 2019/2025 direct comparison,sum,
031011,Medea,031011,Medea,unchanged,,POSAS 2019/2025 direct comparison,sum,
031012,Monfalcone,031012,Monfalcone,unchanged,,POSAS 2019/2025 direct comparison,sum,
031013,Moraro,031013,Moraro,unchanged,,POSAS 2019/2025 direct comparison,sum,
031014,Mossa,031014,Mossa,unchanged,,POSAS 2019/2025 direct comparison,sum,
031015,Romans d'Isonzo,031015,Romans d'Isonzo,unchanged,,POSAS 2019/2025 direct comparison,sum,
031016,Ronchi dei Legionari,031016,Ronchi dei Legionari,unchanged,,POSAS 2019/2025 direct comparison,sum,
031017,Sagrado,031017,Sagrado,unchanged,,POSAS 2019/2025 direct comparison,sum,
031018,San Canzian d'Isonzo,031018,San Canzian d'Isonzo,unchanged,,POSAS 2019/2025 direct comparison,sum,
031019,San Floriano del Collio-Števerjan,031019,San Floriano del Collio,name_string_change_same_code,,POSAS 2019/2025 direct comparison; official administrative-change classification only where separately documented.,sum,Denominazione 2019: San Floriano del Collio; denominazione 2025: San Floriano del Collio-Števerjan.
031020,San Lorenzo Isontino,031020,San Lorenzo Isontino,unchanged,,POSAS 2019/2025 direct comparison,sum,
031021,San Pier d'Isonzo,031021,San Pier d'Isonzo,unchanged,,POSAS 2019/2025 direct comparison,sum,
031022,Savogna d'Isonzo-Sovodnje ob Soci,031022,Savogna d'Isonzo,name_string_change_same_code,,POSAS 2019/2025 direct comparison; official administrative-change classification only where separately documented.,sum,Denominazione 2019: Savogna d'Isonzo; denominazione 2025: Savogna d'Isonzo-Sovodnje ob Soci.
031023,Staranzano,031023,Staranzano,unchanged,,POSAS 2019/2025 direct comparison,sum,
031024,Turriaco,031024,Turriaco,unchanged,,POSAS 2019/2025 direct comparison,sum,
031025,Villesse,031025,Villesse,unchanged,,POSAS 2019/2025 direct comparison,sum,
032001,Duino Aurisina-Devin Nabrežina,032001,Duino-Aurisina,name_string_change_same_code,,POSAS 2019/2025 direct comparison; official administrative-change classification only where separately documented.,sum,Denominazione 2019: Duino-Aurisina; denominazione 2025: Duino Aurisina-Devin Nabrežina.
032002,Monrupino-Repentabor,032002,Monrupino,name_string_change_same_code,,POSAS 2019/2025 direct comparison; official administrative-change classification only where separately documented.,sum,Denominazione 2019: Monrupino; denominazione 2025: Monrupino-Repentabor.
032003,Muggia,032003,Muggia,unchanged,,POSAS 2019/2025 direct comparison,sum,
032004,San Dorligo della Valle-Dolina,032004,San Dorligo della Valle - Dolina,name_string_change_same_code,,POSAS 2019/2025 direct comparison; official administrative-change classification only where separately documented.,sum,Denominazione 2019: San Dorligo della Valle - Dolina; denominazione 2025: San Dorligo della Valle-Dolina.
032005,Sgonico-Zgonik,032005,Sgonico,name_string_change_same_code,,POSAS 2019/2025 direct comparison; official administrative-change classification only where separately documented.,sum,Denominazione 2019: Sgonico; denominazione 2025: Sgonico-Zgonik.
032006,Trieste,032006,Trieste,unchanged,,POSAS 2019/2025 direct comparison,sum,
033001,Agazzano,033001,Agazzano,unchanged,,POSAS 2019/2025 direct comparison,sum,
033002,Alseno,033002,Alseno,unchanged,,POSAS 2019/2025 direct comparison,sum,
033003,Besenzone,033003,Besenzone,unchanged,,POSAS 2019/2025 direct comparison,sum,
033004,Bettola,033004,Bettola,unchanged,,POSAS 2019/2025 direct comparison,sum,
033005,Bobbio,033005,Bobbio,unchanged,,POSAS 2019/2025 direct comparison,sum,
033006,Borgonovo Val Tidone,033006,Borgonovo Val Tidone,unchanged,,POSAS 2019/2025 direct comparison,sum,
033007,Cadeo,033007,Cadeo,unchanged,,POSAS 2019/2025 direct comparison,sum,
033008,Calendasco,033008,Calendasco,unchanged,,POSAS 2019/2025 direct comparison,sum,
033010,Caorso,033010,Caorso,unchanged,,POSAS 2019/2025 direct comparison,sum,
033011,Carpaneto Piacentino,033011,Carpaneto Piacentino,unchanged,,POSAS 2019/2025 direct comparison,sum,
033012,Castell'Arquato,033012,Castell'Arquato,unchanged,,POSAS 2019/2025 direct comparison,sum,
033013,Castel San Giovanni,033013,Castel San Giovanni,unchanged,,POSAS 2019/2025 direct comparison,sum,
033014,Castelvetro Piacentino,033014,Castelvetro Piacentino,unchanged,,POSAS 2019/2025 direct comparison,sum,
033015,Cerignale,033015,Cerignale,unchanged,,POSAS 2019/2025 direct comparison,sum,
033016,Coli,033016,Coli,unchanged,,POSAS 2019/2025 direct comparison,sum,
033017,Corte Brugnatella,033017,Corte Brugnatella,unchanged,,POSAS 2019/2025 direct comparison,sum,
033018,Cortemaggiore,033018,Cortemaggiore,unchanged,,POSAS 2019/2025 direct comparison,sum,
033019,Farini,033019,Farini,unchanged,,POSAS 2019/2025 direct comparison,sum,
033020,Ferriere,033020,Ferriere,unchanged,,POSAS 2019/2025 direct comparison,sum,
033021,Fiorenzuola d'Arda,033021,Fiorenzuola d'Arda,unchanged,,POSAS 2019/2025 direct comparison,sum,
033022,Gazzola,033022,Gazzola,unchanged,,POSAS 2019/2025 direct comparison,sum,
033023,Gossolengo,033023,Gossolengo,unchanged,,POSAS 2019/2025 direct comparison,sum,
033024,Gragnano Trebbiense,033024,Gragnano Trebbiense,unchanged,,POSAS 2019/2025 direct comparison,sum,
033025,Gropparello,033025,Gropparello,unchanged,,POSAS 2019/2025 direct comparison,sum,
033026,Lugagnano Val d'Arda,033026,Lugagnano Val d'Arda,unchanged,,POSAS 2019/2025 direct comparison,sum,
033027,Monticelli d'Ongina,033027,Monticelli d'Ongina,unchanged,,POSAS 2019/2025 direct comparison,sum,
033028,Morfasso,033028,Morfasso,unchanged,,POSAS 2019/2025 direct comparison,sum,
033030,Ottone,033030,Ottone,unchanged,,POSAS 2019/2025 direct comparison,sum,
033032,Piacenza,033032,Piacenza,unchanged,,POSAS 2019/2025 direct comparison,sum,
033033,Pianello Val Tidone,033033,Pianello Val Tidone,unchanged,,POSAS 2019/2025 direct comparison,sum,
033034,Piozzano,033034,Piozzano,unchanged,,POSAS 2019/2025 direct comparison,sum,
033035,Podenzano,033035,Podenzano,unchanged,,POSAS 2019/2025 direct comparison,sum,
033036,Ponte dell'Olio,033036,Ponte dell'Olio,unchanged,,POSAS 2019/2025 direct comparison,sum,
033037,Pontenure,033037,Pontenure,unchanged,,POSAS 2019/2025 direct comparison,sum,
033038,Rivergaro,033038,Rivergaro,unchanged,,POSAS 2019/2025 direct comparison,sum,
033039,Rottofreno,033039,Rottofreno,unchanged,,POSAS 2019/2025 direct comparison,sum,
033040,San Giorgio Piacentino,033040,San Giorgio Piacentino,unchanged,,POSAS 2019/2025 direct comparison,sum,
033041,San Pietro in Cerro,033041,San Pietro in Cerro,unchanged,,POSAS 2019/2025 direct comparison,sum,
033042,Sarmato,033042,Sarmato,unchanged,,POSAS 2019/2025 direct comparison,sum,
033043,Travo,033043,Travo,unchanged,,POSAS 2019/2025 direct comparison,sum,
033044,Vernasca,033044,Vernasca,unchanged,,POSAS 2019/2025 direct comparison,sum,
033045,Vigolzone,033045,Vigolzone,unchanged,,POSAS 2019/2025 direct comparison,sum,
033046,Villanova sull'Arda,033046,Villanova sull'Arda,unchanged,,POSAS 2019/2025 direct comparison,sum,
033047,Zerba,033047,Zerba,unchanged,,POSAS 2019/2025 direct comparison,sum,
033048,Ziano Piacentino,033048,Ziano Piacentino,unchanged,,POSAS 2019/2025 direct comparison,sum,
033049,Alta Val Tidone,033049,Alta Val Tidone,unchanged,,POSAS 2019/2025 direct comparison,sum,
034001,Albareto,034001,Albareto,unchanged,,POSAS 2019/2025 direct comparison,sum,
034002,Bardi,034002,Bardi,unchanged,,POSAS 2019/2025 direct comparison,sum,
034003,Bedonia,034003,Bedonia,unchanged,,POSAS 2019/2025 direct comparison,sum,
034004,Berceto,034004,Berceto,unchanged,,POSAS 2019/2025 direct comparison,sum,
034005,Bore,034005,Bore,unchanged,,POSAS 2019/2025 direct comparison,sum,
034006,Borgo Val di Taro,034006,Borgo Val di Taro,unchanged,,POSAS 2019/2025 direct comparison,sum,
034007,Busseto,034007,Busseto,unchanged,,POSAS 2019/2025 direct comparison,sum,
034008,Calestano,034008,Calestano,unchanged,,POSAS 2019/2025 direct comparison,sum,
034009,Collecchio,034009,Collecchio,unchanged,,POSAS 2019/2025 direct comparison,sum,
034010,Colorno,034010,Colorno,unchanged,,POSAS 2019/2025 direct comparison,sum,
034011,Compiano,034011,Compiano,unchanged,,POSAS 2019/2025 direct comparison,sum,
034012,Corniglio,034012,Corniglio,unchanged,,POSAS 2019/2025 direct comparison,sum,
034013,Felino,034013,Felino,unchanged,,POSAS 2019/2025 direct comparison,sum,
034014,Fidenza,034014,Fidenza,unchanged,,POSAS 2019/2025 direct comparison,sum,
034015,Fontanellato,034015,Fontanellato,unchanged,,POSAS 2019/2025 direct comparison,sum,
034016,Fontevivo,034016,Fontevivo,unchanged,,POSAS 2019/2025 direct comparison,sum,
034017,Fornovo di Taro,034017,Fornovo di Taro,unchanged,,POSAS 2019/2025 direct comparison,sum,
034018,Langhirano,034018,Langhirano,unchanged,,POSAS 2019/2025 direct comparison,sum,
034019,Lesignano de' Bagni,034019,Lesignano de' Bagni,unchanged,,POSAS 2019/2025 direct comparison,sum,
034020,Medesano,034020,Medesano,unchanged,,POSAS 2019/2025 direct comparison,sum,
034022,Monchio delle Corti,034022,Monchio delle Corti,unchanged,,POSAS 2019/2025 direct comparison,sum,
034023,Montechiarugolo,034023,Montechiarugolo,unchanged,,POSAS 2019/2025 direct comparison,sum,
034024,Neviano degli Arduini,034024,Neviano degli Arduini,unchanged,,POSAS 2019/2025 direct comparison,sum,
034025,Noceto,034025,Noceto,unchanged,,POSAS 2019/2025 direct comparison,sum,
034026,Palanzano,034026,Palanzano,unchanged,,POSAS 2019/2025 direct comparison,sum,
034027,Parma,034027,Parma,unchanged,,POSAS 2019/2025 direct comparison,sum,
034028,Pellegrino Parmense,034028,Pellegrino Parmense,unchanged,,POSAS 2019/2025 direct comparison,sum,
034030,Roccabianca,034030,Roccabianca,unchanged,,POSAS 2019/2025 direct comparison,sum,
034031,Sala Baganza,034031,Sala Baganza,unchanged,,POSAS 2019/2025 direct comparison,sum,
034032,Salsomaggiore Terme,034032,Salsomaggiore Terme,unchanged,,POSAS 2019/2025 direct comparison,sum,
034033,San Secondo Parmense,034033,San Secondo Parmense,unchanged,,POSAS 2019/2025 direct comparison,sum,
034035,Solignano,034035,Solignano,unchanged,,POSAS 2019/2025 direct comparison,sum,
034036,Soragna,034036,Soragna,unchanged,,POSAS 2019/2025 direct comparison,sum,
034038,Terenzo,034038,Terenzo,unchanged,,POSAS 2019/2025 direct comparison,sum,
034039,Tizzano Val Parma,034039,Tizzano Val Parma,unchanged,,POSAS 2019/2025 direct comparison,sum,
034040,Tornolo,034040,Tornolo,unchanged,,POSAS 2019/2025 direct comparison,sum,
034041,Torrile,034041,Torrile,unchanged,,POSAS 2019/2025 direct comparison,sum,
034042,Traversetolo,034042,Traversetolo,unchanged,,POSAS 2019/2025 direct comparison,sum,
034044,Valmozzola,034044,Valmozzola,unchanged,,POSAS 2019/2025 direct comparison,sum,
034045,Varano de' Melegari,034045,Varano de' Melegari,unchanged,,POSAS 2019/2025 direct comparison,sum,
034046,Varsi,034046,Varsi,unchanged,,POSAS 2019/2025 direct comparison,sum,
034049,Sissa Trecasali,034049,Sissa Trecasali,unchanged,,POSAS 2019/2025 direct comparison,sum,
034050,Polesine Zibello,034050,Polesine Zibello,unchanged,,POSAS 2019/2025 direct comparison,sum,
034051,Sorbolo Mezzani,034021,Mezzani,fusion,2019-01-01,https://www.istat.it/storage/codici-unita-amministrative/Novita-2025-2017.pdf,sum,
034051,Sorbolo Mezzani,034037,Sorbolo,fusion,2019-01-01,https://www.istat.it/storage/codici-unita-amministrative/Novita-2025-2017.pdf,sum,
035001,Albinea,035001,Albinea,unchanged,,POSAS 2019/2025 direct comparison,sum,
035002,Bagnolo in Piano,035002,Bagnolo in Piano,unchanged,,POSAS 2019/2025 direct comparison,sum,
035003,Baiso,035003,Baiso,unchanged,,POSAS 2019/2025 direct comparison,sum,
035004,Bibbiano,035004,Bibbiano,unchanged,,POSAS 2019/2025 direct comparison,sum,
035005,Boretto,035005,Boretto,unchanged,,POSAS 2019/2025 direct comparison,sum,
035006,Brescello,035006,Brescello,unchanged,,POSAS 2019/2025 direct comparison,sum,
035008,Cadelbosco di Sopra,035008,Cadelbosco di Sopra,unchanged,,POSAS 2019/2025 direct comparison,sum,
035009,Campagnola Emilia,035009,Campagnola Emilia,unchanged,,POSAS 2019/2025 direct comparison,sum,
035010,Campegine,035010,Campegine,unchanged,,POSAS 2019/2025 direct comparison,sum,
035011,Carpineti,035011,Carpineti,unchanged,,POSAS 2019/2025 direct comparison,sum,
035012,Casalgrande,035012,Casalgrande,unchanged,,POSAS 2019/2025 direct comparison,sum,
035013,Casina,035013,Casina,unchanged,,POSAS 2019/2025 direct comparison,sum,
035014,Castellarano,035014,Castellarano,unchanged,,POSAS 2019/2025 direct comparison,sum,
035015,Castelnovo di Sotto,035015,Castelnovo di Sotto,unchanged,,POSAS 2019/2025 direct comparison,sum,
035016,Castelnovo ne' Monti,035016,Castelnovo ne' Monti,unchanged,,POSAS 2019/2025 direct comparison,sum,
035017,Cavriago,035017,Cavriago,unchanged,,POSAS 2019/2025 direct comparison,sum,
035018,Canossa,035018,Canossa,unchanged,,POSAS 2019/2025 direct comparison,sum,
035020,Correggio,035020,Correggio,unchanged,,POSAS 2019/2025 direct comparison,sum,
035021,Fabbrico,035021,Fabbrico,unchanged,,POSAS 2019/2025 direct comparison,sum,
035022,Gattatico,035022,Gattatico,unchanged,,POSAS 2019/2025 direct comparison,sum,
035023,Gualtieri,035023,Gualtieri,unchanged,,POSAS 2019/2025 direct comparison,sum,
035024,Guastalla,035024,Guastalla,unchanged,,POSAS 2019/2025 direct comparison,sum,
035026,Luzzara,035026,Luzzara,unchanged,,POSAS 2019/2025 direct comparison,sum,
035027,Montecchio Emilia,035027,Montecchio Emilia,unchanged,,POSAS 2019/2025 direct comparison,sum,
035028,Novellara,035028,Novellara,unchanged,,POSAS 2019/2025 direct comparison,sum,
035029,Poviglio,035029,Poviglio,unchanged,,POSAS 2019/2025 direct comparison,sum,
035030,Quattro Castella,035030,Quattro Castella,unchanged,,POSAS 2019/2025 direct comparison,sum,
035032,Reggiolo,035032,Reggiolo,unchanged,,POSAS 2019/2025 direct comparison,sum,
035033,Reggio nell'Emilia,035033,Reggio nell'Emilia,unchanged,,POSAS 2019/2025 direct comparison,sum,
035034,Rio Saliceto,035034,Rio Saliceto,unchanged,,POSAS 2019/2025 direct comparison,sum,
035035,Rolo,035035,Rolo,unchanged,,POSAS 2019/2025 direct comparison,sum,
035036,Rubiera,035036,Rubiera,unchanged,,POSAS 2019/2025 direct comparison,sum,
035037,San Martino in Rio,035037,San Martino in Rio,unchanged,,POSAS 2019/2025 direct comparison,sum,
035038,San Polo d'Enza,035038,San Polo d'Enza,unchanged,,POSAS 2019/2025 direct comparison,sum,
035039,Sant'Ilario d'Enza,035039,Sant'Ilario d'Enza,unchanged,,POSAS 2019/2025 direct comparison,sum,
035040,Scandiano,035040,Scandiano,unchanged,,POSAS 2019/2025 direct comparison,sum,
035041,Toano,035041,Toano,unchanged,,POSAS 2019/2025 direct comparison,sum,
035042,Vetto,035042,Vetto,unchanged,,POSAS 2019/2025 direct comparison,sum,
035043,Vezzano sul Crostolo,035043,Vezzano sul Crostolo,unchanged,,POSAS 2019/2025 direct comparison,sum,
035044,Viano,035044,Viano,unchanged,,POSAS 2019/2025 direct comparison,sum,
035045,Villa Minozzo,035045,Villa Minozzo,unchanged,,POSAS 2019/2025 direct comparison,sum,
035046,Ventasso,035046,Ventasso,unchanged,,POSAS 2019/2025 direct comparison,sum,
036001,Bastiglia,036001,Bastiglia,unchanged,,POSAS 2019/2025 direct comparison,sum,
036002,Bomporto,036002,Bomporto,unchanged,,POSAS 2019/2025 direct comparison,sum,
036003,Campogalliano,036003,Campogalliano,unchanged,,POSAS 2019/2025 direct comparison,sum,
036004,Camposanto,036004,Camposanto,unchanged,,POSAS 2019/2025 direct comparison,sum,
036005,Carpi,036005,Carpi,unchanged,,POSAS 2019/2025 direct comparison,sum,
036006,Castelfranco Emilia,036006,Castelfranco Emilia,unchanged,,POSAS 2019/2025 direct comparison,sum,
036007,Castelnuovo Rangone,036007,Castelnuovo Rangone,unchanged,,POSAS 2019/2025 direct comparison,sum,
036008,Castelvetro di Modena,036008,Castelvetro di Modena,unchanged,,POSAS 2019/2025 direct comparison,sum,
036009,Cavezzo,036009,Cavezzo,unchanged,,POSAS 2019/2025 direct comparison,sum,
036010,Concordia sulla Secchia,036010,Concordia sulla Secchia,unchanged,,POSAS 2019/2025 direct comparison,sum,
036011,Fanano,036011,Fanano,unchanged,,POSAS 2019/2025 direct comparison,sum,
036012,Finale Emilia,036012,Finale Emilia,unchanged,,POSAS 2019/2025 direct comparison,sum,
036013,Fiorano Modenese,036013,Fiorano Modenese,unchanged,,POSAS 2019/2025 direct comparison,sum,
036014,Fiumalbo,036014,Fiumalbo,unchanged,,POSAS 2019/2025 direct comparison,sum,
036015,Formigine,036015,Formigine,unchanged,,POSAS 2019/2025 direct comparison,sum,
036016,Frassinoro,036016,Frassinoro,unchanged,,POSAS 2019/2025 direct comparison,sum,
036017,Guiglia,036017,Guiglia,unchanged,,POSAS 2019/2025 direct comparison,sum,
036018,Lama Mocogno,036018,Lama Mocogno,unchanged,,POSAS 2019/2025 direct comparison,sum,
036019,Maranello,036019,Maranello,unchanged,,POSAS 2019/2025 direct comparison,sum,
036020,Marano sul Panaro,036020,Marano sul Panaro,unchanged,,POSAS 2019/2025 direct comparison,sum,
036021,Medolla,036021,Medolla,unchanged,,POSAS 2019/2025 direct comparison,sum,
036022,Mirandola,036022,Mirandola,unchanged,,POSAS 2019/2025 direct comparison,sum,
036023,Modena,036023,Modena,unchanged,,POSAS 2019/2025 direct comparison,sum,
036024,Montecreto,036024,Montecreto,unchanged,,POSAS 2019/2025 direct comparison,sum,
036025,Montefiorino,036025,Montefiorino,unchanged,,POSAS 2019/2025 direct comparison,sum,
036026,Montese,036026,Montese,unchanged,,POSAS 2019/2025 direct comparison,sum,
036027,Nonantola,036027,Nonantola,unchanged,,POSAS 2019/2025 direct comparison,sum,
036028,Novi di Modena,036028,Novi di Modena,unchanged,,POSAS 2019/2025 direct comparison,sum,
036029,Palagano,036029,Palagano,unchanged,,POSAS 2019/2025 direct comparison,sum,
036030,Pavullo nel Frignano,036030,Pavullo nel Frignano,unchanged,,POSAS 2019/2025 direct comparison,sum,
036031,Pievepelago,036031,Pievepelago,unchanged,,POSAS 2019/2025 direct comparison,sum,
036032,Polinago,036032,Polinago,unchanged,,POSAS 2019/2025 direct comparison,sum,
036033,Prignano sulla Secchia,036033,Prignano sulla Secchia,unchanged,,POSAS 2019/2025 direct comparison,sum,
036034,Ravarino,036034,Ravarino,unchanged,,POSAS 2019/2025 direct comparison,sum,
036035,Riolunato,036035,Riolunato,unchanged,,POSAS 2019/2025 direct comparison,sum,
036036,San Cesario sul Panaro,036036,San Cesario sul Panaro,unchanged,,POSAS 2019/2025 direct comparison,sum,
036037,San Felice sul Panaro,036037,San Felice sul Panaro,unchanged,,POSAS 2019/2025 direct comparison,sum,
036038,San Possidonio,036038,San Possidonio,unchanged,,POSAS 2019/2025 direct comparison,sum,
036039,San Prospero,036039,San Prospero,unchanged,,POSAS 2019/2025 direct comparison,sum,
036040,Sassuolo,036040,Sassuolo,unchanged,,POSAS 2019/2025 direct comparison,sum,
036041,Savignano sul Panaro,036041,Savignano sul Panaro,unchanged,,POSAS 2019/2025 direct comparison,sum,
036042,Serramazzoni,036042,Serramazzoni,unchanged,,POSAS 2019/2025 direct comparison,sum,
036043,Sestola,036043,Sestola,unchanged,,POSAS 2019/2025 direct comparison,sum,
036044,Soliera,036044,Soliera,unchanged,,POSAS 2019/2025 direct comparison,sum,
036045,Spilamberto,036045,Spilamberto,unchanged,,POSAS 2019/2025 direct comparison,sum,
036046,Vignola,036046,Vignola,unchanged,,POSAS 2019/2025 direct comparison,sum,
036047,Zocca,036047,Zocca,unchanged,,POSAS 2019/2025 direct comparison,sum,
037001,Anzola dell'Emilia,037001,Anzola dell'Emilia,unchanged,,POSAS 2019/2025 direct comparison,sum,
037002,Argelato,037002,Argelato,unchanged,,POSAS 2019/2025 direct comparison,sum,
037003,Baricella,037003,Baricella,unchanged,,POSAS 2019/2025 direct comparison,sum,
037005,Bentivoglio,037005,Bentivoglio,unchanged,,POSAS 2019/2025 direct comparison,sum,
037006,Bologna,037006,Bologna,unchanged,,POSAS 2019/2025 direct comparison,sum,
037007,Borgo Tossignano,037007,Borgo Tossignano,unchanged,,POSAS 2019/2025 direct comparison,sum,
037008,Budrio,037008,Budrio,unchanged,,POSAS 2019/2025 direct comparison,sum,
037009,Calderara di Reno,037009,Calderara di Reno,unchanged,,POSAS 2019/2025 direct comparison,sum,
037010,Camugnano,037010,Camugnano,unchanged,,POSAS 2019/2025 direct comparison,sum,
037011,Casalecchio di Reno,037011,Casalecchio di Reno,unchanged,,POSAS 2019/2025 direct comparison,sum,
037012,Casalfiumanese,037012,Casalfiumanese,unchanged,,POSAS 2019/2025 direct comparison,sum,
037013,Castel d'Aiano,037013,Castel d'Aiano,unchanged,,POSAS 2019/2025 direct comparison,sum,
037014,Castel del Rio,037014,Castel del Rio,unchanged,,POSAS 2019/2025 direct comparison,sum,
037015,Castel di Casio,037015,Castel di Casio,unchanged,,POSAS 2019/2025 direct comparison,sum,
037016,Castel Guelfo di Bologna,037016,Castel Guelfo di Bologna,unchanged,,POSAS 2019/2025 direct comparison,sum,
037017,Castello d'Argile,037017,Castello d'Argile,unchanged,,POSAS 2019/2025 direct comparison,sum,
037019,Castel Maggiore,037019,Castel Maggiore,unchanged,,POSAS 2019/2025 direct comparison,sum,
037020,Castel San Pietro Terme,037020,Castel San Pietro Terme,unchanged,,POSAS 2019/2025 direct comparison,sum,
037021,Castenaso,037021,Castenaso,unchanged,,POSAS 2019/2025 direct comparison,sum,
037022,Castiglione dei Pepoli,037022,Castiglione dei Pepoli,unchanged,,POSAS 2019/2025 direct comparison,sum,
037024,Crevalcore,037024,Crevalcore,unchanged,,POSAS 2019/2025 direct comparison,sum,
037025,Dozza,037025,Dozza,unchanged,,POSAS 2019/2025 direct comparison,sum,
037026,Fontanelice,037026,Fontanelice,unchanged,,POSAS 2019/2025 direct comparison,sum,
037027,Gaggio Montano,037027,Gaggio Montano,unchanged,,POSAS 2019/2025 direct comparison,sum,
037028,Galliera,037028,Galliera,unchanged,,POSAS 2019/2025 direct comparison,sum,
037030,Granarolo dell'Emilia,037030,Granarolo dell'Emilia,unchanged,,POSAS 2019/2025 direct comparison,sum,
037031,Grizzana Morandi,037031,Grizzana Morandi,unchanged,,POSAS 2019/2025 direct comparison,sum,
037032,Imola,037032,Imola,unchanged,,POSAS 2019/2025 direct comparison,sum,
037033,Lizzano in Belvedere,037033,Lizzano in Belvedere,unchanged,,POSAS 2019/2025 direct comparison,sum,
037034,Loiano,037034,Loiano,unchanged,,POSAS 2019/2025 direct comparison,sum,
037035,Malalbergo,037035,Malalbergo,unchanged,,POSAS 2019/2025 direct comparison,sum,
037036,Marzabotto,037036,Marzabotto,unchanged,,POSAS 2019/2025 direct comparison,sum,
037037,Medicina,037037,Medicina,unchanged,,POSAS 2019/2025 direct comparison,sum,
037038,Minerbio,037038,Minerbio,unchanged,,POSAS 2019/2025 direct comparison,sum,
037039,Molinella,037039,Molinella,unchanged,,POSAS 2019/2025 direct comparison,sum,
037040,Monghidoro,037040,Monghidoro,unchanged,,POSAS 2019/2025 direct comparison,sum,
037041,Monterenzio,037041,Monterenzio,unchanged,,POSAS 2019/2025 direct comparison,sum,
037042,Monte San Pietro,037042,Monte San Pietro,unchanged,,POSAS 2019/2025 direct comparison,sum,
037044,Monzuno,037044,Monzuno,unchanged,,POSAS 2019/2025 direct comparison,sum,
037045,Mordano,037045,Mordano,unchanged,,POSAS 2019/2025 direct comparison,sum,
037046,Ozzano dell'Emilia,037046,Ozzano dell'Emilia,unchanged,,POSAS 2019/2025 direct comparison,sum,
037047,Pianoro,037047,Pianoro,unchanged,,POSAS 2019/2025 direct comparison,sum,
037048,Pieve di Cento,037048,Pieve di Cento,unchanged,,POSAS 2019/2025 direct comparison,sum,
037050,Sala Bolognese,037050,Sala Bolognese,unchanged,,POSAS 2019/2025 direct comparison,sum,
037051,San Benedetto Val di Sambro,037051,San Benedetto Val di Sambro,unchanged,,POSAS 2019/2025 direct comparison,sum,
037052,San Giorgio di Piano,037052,San Giorgio di Piano,unchanged,,POSAS 2019/2025 direct comparison,sum,
037053,San Giovanni in Persiceto,037053,San Giovanni in Persiceto,unchanged,,POSAS 2019/2025 direct comparison,sum,
037054,San Lazzaro di Savena,037054,San Lazzaro di Savena,unchanged,,POSAS 2019/2025 direct comparison,sum,
037055,San Pietro in Casale,037055,San Pietro in Casale,unchanged,,POSAS 2019/2025 direct comparison,sum,
037056,Sant'Agata Bolognese,037056,Sant'Agata Bolognese,unchanged,,POSAS 2019/2025 direct comparison,sum,
037057,Sasso Marconi,037057,Sasso Marconi,unchanged,,POSAS 2019/2025 direct comparison,sum,
037059,Vergato,037059,Vergato,unchanged,,POSAS 2019/2025 direct comparison,sum,
037060,Zola Predosa,037060,Zola Predosa,unchanged,,POSAS 2019/2025 direct comparison,sum,
037061,Valsamoggia,037061,Valsamoggia,unchanged,,POSAS 2019/2025 direct comparison,sum,
037062,Alto Reno Terme,037062,Alto Reno Terme,unchanged,,POSAS 2019/2025 direct comparison,sum,
038001,Argenta,038001,Argenta,unchanged,,POSAS 2019/2025 direct comparison,sum,
038003,Bondeno,038003,Bondeno,unchanged,,POSAS 2019/2025 direct comparison,sum,
038004,Cento,038004,Cento,unchanged,,POSAS 2019/2025 direct comparison,sum,
038005,Codigoro,038005,Codigoro,unchanged,,POSAS 2019/2025 direct comparison,sum,
038006,Comacchio,038006,Comacchio,unchanged,,POSAS 2019/2025 direct comparison,sum,
038007,Copparo,038007,Copparo,unchanged,,POSAS 2019/2025 direct comparison,sum,
038008,Ferrara,038008,Ferrara,unchanged,,POSAS 2019/2025 direct comparison,sum,
038010,Jolanda di Savoia,038010,Jolanda di Savoia,unchanged,,POSAS 2019/2025 direct comparison,sum,
038011,Lagosanto,038011,Lagosanto,unchanged,,POSAS 2019/2025 direct comparison,sum,
038012,Masi Torello,038012,Masi Torello,unchanged,,POSAS 2019/2025 direct comparison,sum,
038014,Mesola,038014,Mesola,unchanged,,POSAS 2019/2025 direct comparison,sum,
038017,Ostellato,038017,Ostellato,unchanged,,POSAS 2019/2025 direct comparison,sum,
038018,Poggio Renatico,038018,Poggio Renatico,unchanged,,POSAS 2019/2025 direct comparison,sum,
038019,Portomaggiore,038019,Portomaggiore,unchanged,,POSAS 2019/2025 direct comparison,sum,
038022,Vigarano Mainarda,038022,Vigarano Mainarda,unchanged,,POSAS 2019/2025 direct comparison,sum,
038023,Voghiera,038023,Voghiera,unchanged,,POSAS 2019/2025 direct comparison,sum,
038025,Goro,038025,Goro,unchanged,,POSAS 2019/2025 direct comparison,sum,
038027,Fiscaglia,038027,Fiscaglia,unchanged,,POSAS 2019/2025 direct comparison,sum,
038028,Terre del Reno,038028,Terre del Reno,unchanged,,POSAS 2019/2025 direct comparison,sum,
038029,Riva del Po,038002,Berra,fusion,2019-01-01,https://www.istat.it/storage/codici-unita-amministrative/Novita-2025-2017.pdf,sum,
038029,Riva del Po,038020,Ro,fusion,2019-01-01,https://www.istat.it/storage/codici-unita-amministrative/Novita-2025-2017.pdf,sum,
038030,Tresignana,038009,Formignana,fusion,2019-01-01,https://www.istat.it/storage/codici-unita-amministrative/Novita-2025-2017.pdf,sum,
038030,Tresignana,038024,Tresigallo,fusion,2019-01-01,https://www.istat.it/storage/codici-unita-amministrative/Novita-2025-2017.pdf,sum,
039001,Alfonsine,039001,Alfonsine,unchanged,,POSAS 2019/2025 direct comparison,sum,
039002,Bagnacavallo,039002,Bagnacavallo,unchanged,,POSAS 2019/2025 direct comparison,sum,
039003,Bagnara di Romagna,039003,Bagnara di Romagna,unchanged,,POSAS 2019/2025 direct comparison,sum,
039004,Brisighella,039004,Brisighella,unchanged,,POSAS 2019/2025 direct comparison,sum,
039005,Casola Valsenio,039005,Casola Valsenio,unchanged,,POSAS 2019/2025 direct comparison,sum,
039006,Castel Bolognese,039006,Castel Bolognese,unchanged,,POSAS 2019/2025 direct comparison,sum,
039007,Cervia,039007,Cervia,unchanged,,POSAS 2019/2025 direct comparison,sum,
039008,Conselice,039008,Conselice,unchanged,,POSAS 2019/2025 direct comparison,sum,
039009,Cotignola,039009,Cotignola,unchanged,,POSAS 2019/2025 direct comparison,sum,
039010,Faenza,039010,Faenza,unchanged,,POSAS 2019/2025 direct comparison,sum,
039011,Fusignano,039011,Fusignano,unchanged,,POSAS 2019/2025 direct comparison,sum,
039012,Lugo,039012,Lugo,unchanged,,POSAS 2019/2025 direct comparison,sum,
039013,Massa Lombarda,039013,Massa Lombarda,unchanged,,POSAS 2019/2025 direct comparison,sum,
039014,Ravenna,039014,Ravenna,unchanged,,POSAS 2019/2025 direct comparison,sum,
039015,Riolo Terme,039015,Riolo Terme,unchanged,,POSAS 2019/2025 direct comparison,sum,
039016,Russi,039016,Russi,unchanged,,POSAS 2019/2025 direct comparison,sum,
039017,Sant'Agata sul Santerno,039017,Sant'Agata sul Santerno,unchanged,,POSAS 2019/2025 direct comparison,sum,
039018,Solarolo,039018,Solarolo,unchanged,,POSAS 2019/2025 direct comparison,sum,
040001,Bagno di Romagna,040001,Bagno di Romagna,unchanged,,POSAS 2019/2025 direct comparison,sum,
040003,Bertinoro,040003,Bertinoro,unchanged,,POSAS 2019/2025 direct comparison,sum,
040004,Borghi,040004,Borghi,unchanged,,POSAS 2019/2025 direct comparison,sum,
040005,Castrocaro Terme e Terra del Sole,040005,Castrocaro Terme e Terra del Sole,unchanged,,POSAS 2019/2025 direct comparison,sum,
040007,Cesena,040007,Cesena,unchanged,,POSAS 2019/2025 direct comparison,sum,
040008,Cesenatico,040008,Cesenatico,unchanged,,POSAS 2019/2025 direct comparison,sum,
040009,Civitella di Romagna,040009,Civitella di Romagna,unchanged,,POSAS 2019/2025 direct comparison,sum,
040011,Dovadola,040011,Dovadola,unchanged,,POSAS 2019/2025 direct comparison,sum,
040012,Forlì,040012,Forlì,unchanged,,POSAS 2019/2025 direct comparison,sum,
040013,Forlimpopoli,040013,Forlimpopoli,unchanged,,POSAS 2019/2025 direct comparison,sum,
040014,Galeata,040014,Galeata,unchanged,,POSAS 2019/2025 direct comparison,sum,
040015,Gambettola,040015,Gambettola,unchanged,,POSAS 2019/2025 direct comparison,sum,
040016,Gatteo,040016,Gatteo,unchanged,,POSAS 2019/2025 direct comparison,sum,
040018,Longiano,040018,Longiano,unchanged,,POSAS 2019/2025 direct comparison,sum,
040019,Meldola,040019,Meldola,unchanged,,POSAS 2019/2025 direct comparison,sum,
040020,Mercato Saraceno,040020,Mercato Saraceno,unchanged,,POSAS 2019/2025 direct comparison,sum,
040022,Modigliana,040022,Modigliana,unchanged,,POSAS 2019/2025 direct comparison,sum,
040028,Montiano,040028,Montiano,unchanged,,POSAS 2019/2025 direct comparison,sum,
040031,Portico e San Benedetto,040031,Portico e San Benedetto,unchanged,,POSAS 2019/2025 direct comparison,sum,
040032,Predappio,040032,Predappio,unchanged,,POSAS 2019/2025 direct comparison,sum,
040033,Premilcuore,040033,Premilcuore,unchanged,,POSAS 2019/2025 direct comparison,sum,
040036,Rocca San Casciano,040036,Rocca San Casciano,unchanged,,POSAS 2019/2025 direct comparison,sum,
040037,Roncofreddo,040037,Roncofreddo,unchanged,,POSAS 2019/2025 direct comparison,sum,
040041,San Mauro Pascoli,040041,San Mauro Pascoli,unchanged,,POSAS 2019/2025 direct comparison,sum,
040043,Santa Sofia,040043,Santa Sofia,unchanged,,POSAS 2019/2025 direct comparison,sum,
040044,Sarsina,040044,Sarsina,unchanged,,POSAS 2019/2025 direct comparison,sum,
040045,Savignano sul Rubicone,040045,Savignano sul Rubicone,unchanged,,POSAS 2019/2025 direct comparison,sum,
040046,Sogliano al Rubicone,040046,Sogliano al Rubicone,unchanged,,POSAS 2019/2025 direct comparison,sum,
040049,Tredozio,040049,Tredozio,unchanged,,POSAS 2019/2025 direct comparison,sum,
040050,Verghereto,040050,Verghereto,unchanged,,POSAS 2019/2025 direct comparison,sum,
041001,Acqualagna,041001,Acqualagna,unchanged,,POSAS 2019/2025 direct comparison,sum,
041002,Apecchio,041002,Apecchio,unchanged,,POSAS 2019/2025 direct comparison,sum,
041005,Belforte all'Isauro,041005,Belforte all'Isauro,unchanged,,POSAS 2019/2025 direct comparison,sum,
041006,Borgo Pace,041006,Borgo Pace,unchanged,,POSAS 2019/2025 direct comparison,sum,
041007,Cagli,041007,Cagli,unchanged,,POSAS 2019/2025 direct comparison,sum,
041008,Cantiano,041008,Cantiano,unchanged,,POSAS 2019/2025 direct comparison,sum,
041009,Carpegna,041009,Carpegna,unchanged,,POSAS 2019/2025 direct comparison,sum,
041010,Cartoceto,041010,Cartoceto,unchanged,,POSAS 2019/2025 direct comparison,sum,
041013,Fano,041013,Fano,unchanged,,POSAS 2019/2025 direct comparison,sum,
041014,Fermignano,041014,Fermignano,unchanged,,POSAS 2019/2025 direct comparison,sum,
041015,Fossombrone,041015,Fossombrone,unchanged,,POSAS 2019/2025 direct comparison,sum,
041016,Fratte Rosa,041016,Fratte Rosa,unchanged,,POSAS 2019/2025 direct comparison,sum,
041017,Frontino,041017,Frontino,unchanged,,POSAS 2019/2025 direct comparison,sum,
041018,Frontone,041018,Frontone,unchanged,,POSAS 2019/2025 direct comparison,sum,
041019,Gabicce Mare,041019,Gabicce Mare,unchanged,,POSAS 2019/2025 direct comparison,sum,
041020,Gradara,041020,Gradara,unchanged,,POSAS 2019/2025 direct comparison,sum,
041021,Isola del Piano,041021,Isola del Piano,unchanged,,POSAS 2019/2025 direct comparison,sum,
041022,Lunano,041022,Lunano,unchanged,,POSAS 2019/2025 direct comparison,sum,
041023,Macerata Feltria,041023,Macerata Feltria,unchanged,,POSAS 2019/2025 direct comparison,sum,
041025,Mercatello sul Metauro,041025,Mercatello sul Metauro,unchanged,,POSAS 2019/2025 direct comparison,sum,
041026,Mercatino Conca,041026,Mercatino Conca,unchanged,,POSAS 2019/2025 direct comparison,sum,
041027,Mombaroccio,041027,Mombaroccio,unchanged,,POSAS 2019/2025 direct comparison,sum,
041028,Mondavio,041028,Mondavio,unchanged,,POSAS 2019/2025 direct comparison,sum,
041029,Mondolfo,041029,Mondolfo,unchanged,,POSAS 2019/2025 direct comparison,sum,
041030,Montecalvo in Foglia,041030,Montecalvo in Foglia,unchanged,,POSAS 2019/2025 direct comparison,sum,
041031,Monte Cerignone,041031,Monte Cerignone,unchanged,,POSAS 2019/2025 direct comparison,sum,
041034,Montefelcino,041034,Montefelcino,unchanged,,POSAS 2019/2025 direct comparison,sum,
041035,Monte Grimano Terme,041035,Monte Grimano Terme,unchanged,,POSAS 2019/2025 direct comparison,sum,
041036,Montelabbate,041036,Montelabbate,unchanged,,POSAS 2019/2025 direct comparison,sum,
041038,Monte Porzio,041038,Monte Porzio,unchanged,,POSAS 2019/2025 direct comparison,sum,
041041,Peglio,041041,Peglio,unchanged,,POSAS 2019/2025 direct comparison,sum,
041043,Pergola,041043,Pergola,unchanged,,POSAS 2019/2025 direct comparison,sum,
041044,Pesaro,041032,Monteciccardo,incorporation,2020-07-01,https://www.istat.it/storage/codici-unita-amministrative/Novita-2025-2017.pdf,sum,
041044,Pesaro,041044,Pesaro,incorporation,2020-07-01,https://www.istat.it/storage/codici-unita-amministrative/Novita-2025-2017.pdf,sum,
041045,Petriano,041045,Petriano,unchanged,,POSAS 2019/2025 direct comparison,sum,
041047,Piandimeleto,041047,Piandimeleto,unchanged,,POSAS 2019/2025 direct comparison,sum,
041048,Pietrarubbia,041048,Pietrarubbia,unchanged,,POSAS 2019/2025 direct comparison,sum,
041049,Piobbico,041049,Piobbico,unchanged,,POSAS 2019/2025 direct comparison,sum,
041051,San Costanzo,041051,San Costanzo,unchanged,,POSAS 2019/2025 direct comparison,sum,
041054,San Lorenzo in Campo,041054,San Lorenzo in Campo,unchanged,,POSAS 2019/2025 direct comparison,sum,
041057,Sant'Angelo in Vado,041057,Sant'Angelo in Vado,unchanged,,POSAS 2019/2025 direct comparison,sum,
041058,Sant'Ippolito,041058,Sant'Ippolito,unchanged,,POSAS 2019/2025 direct comparison,sum,
041061,Serra Sant'Abbondio,041061,Serra Sant'Abbondio,unchanged,,POSAS 2019/2025 direct comparison,sum,
041064,Tavoleto,041064,Tavoleto,unchanged,,POSAS 2019/2025 direct comparison,sum,
041065,Tavullia,041065,Tavullia,unchanged,,POSAS 2019/2025 direct comparison,sum,
041066,Urbania,041066,Urbania,unchanged,,POSAS 2019/2025 direct comparison,sum,
041067,Urbino,041067,Urbino,unchanged,,POSAS 2019/2025 direct comparison,sum,
041068,Vallefoglia,041068,Vallefoglia,unchanged,,POSAS 2019/2025 direct comparison,sum,
041069,Colli al Metauro,041069,Colli al Metauro,unchanged,,POSAS 2019/2025 direct comparison,sum,
041070,Terre Roveresche,041070,Terre Roveresche,unchanged,,POSAS 2019/2025 direct comparison,sum,
041071,Sassocorvaro Auditore,041003,Auditore,fusion,2019-01-01,https://www.istat.it/storage/codici-unita-amministrative/Novita-2025-2017.pdf,sum,
041071,Sassocorvaro Auditore,041059,Sassocorvaro,fusion,2019-01-01,https://www.istat.it/storage/codici-unita-amministrative/Novita-2025-2017.pdf,sum,
042001,Agugliano,042001,Agugliano,unchanged,,POSAS 2019/2025 direct comparison,sum,
042002,Ancona,042002,Ancona,unchanged,,POSAS 2019/2025 direct comparison,sum,
042003,Arcevia,042003,Arcevia,unchanged,,POSAS 2019/2025 direct comparison,sum,
042004,Barbara,042004,Barbara,unchanged,,POSAS 2019/2025 direct comparison,sum,
042005,Belvedere Ostrense,042005,Belvedere Ostrense,unchanged,,POSAS 2019/2025 direct comparison,sum,
042006,Camerano,042006,Camerano,unchanged,,POSAS 2019/2025 direct comparison,sum,
042007,Camerata Picena,042007,Camerata Picena,unchanged,,POSAS 2019/2025 direct comparison,sum,
042008,Castelbellino,042008,Castelbellino,unchanged,,POSAS 2019/2025 direct comparison,sum,
042010,Castelfidardo,042010,Castelfidardo,unchanged,,POSAS 2019/2025 direct comparison,sum,
042011,Castelleone di Suasa,042011,Castelleone di Suasa,unchanged,,POSAS 2019/2025 direct comparison,sum,
042012,Castelplanio,042012,Castelplanio,unchanged,,POSAS 2019/2025 direct comparison,sum,
042013,Cerreto d'Esi,042013,Cerreto d'Esi,unchanged,,POSAS 2019/2025 direct comparison,sum,
042014,Chiaravalle,042014,Chiaravalle,unchanged,,POSAS 2019/2025 direct comparison,sum,
042015,Corinaldo,042015,Corinaldo,unchanged,,POSAS 2019/2025 direct comparison,sum,
042016,Cupramontana,042016,Cupramontana,unchanged,,POSAS 2019/2025 direct comparison,sum,
042017,Fabriano,042017,Fabriano,unchanged,,POSAS 2019/2025 direct comparison,sum,
042018,Falconara Marittima,042018,Falconara Marittima,unchanged,,POSAS 2019/2025 direct comparison,sum,
042019,Filottrano,042019,Filottrano,unchanged,,POSAS 2019/2025 direct comparison,sum,
042020,Genga,042020,Genga,unchanged,,POSAS 2019/2025 direct comparison,sum,
042021,Jesi,042021,Jesi,unchanged,,POSAS 2019/2025 direct comparison,sum,
042022,Loreto,042022,Loreto,unchanged,,POSAS 2019/2025 direct comparison,sum,
042023,Maiolati Spontini,042023,Maiolati Spontini,unchanged,,POSAS 2019/2025 direct comparison,sum,
042024,Mergo,042024,Mergo,unchanged,,POSAS 2019/2025 direct comparison,sum,
042025,Monsano,042025,Monsano,unchanged,,POSAS 2019/2025 direct comparison,sum,
042026,Montecarotto,042026,Montecarotto,unchanged,,POSAS 2019/2025 direct comparison,sum,
042027,Montemarciano,042027,Montemarciano,unchanged,,POSAS 2019/2025 direct comparison,sum,
042029,Monte Roberto,042029,Monte Roberto,unchanged,,POSAS 2019/2025 direct comparison,sum,
042030,Monte San Vito,042030,Monte San Vito,unchanged,,POSAS 2019/2025 direct comparison,sum,
042031,Morro d'Alba,042031,Morro d'Alba,unchanged,,POSAS 2019/2025 direct comparison,sum,
042032,Numana,042032,Numana,unchanged,,POSAS 2019/2025 direct comparison,sum,
042033,Offagna,042033,Offagna,unchanged,,POSAS 2019/2025 direct comparison,sum,
042034,Osimo,042034,Osimo,unchanged,,POSAS 2019/2025 direct comparison,sum,
042035,Ostra,042035,Ostra,unchanged,,POSAS 2019/2025 direct comparison,sum,
042036,Ostra Vetere,042036,Ostra Vetere,unchanged,,POSAS 2019/2025 direct comparison,sum,
042037,Poggio San Marcello,042037,Poggio San Marcello,unchanged,,POSAS 2019/2025 direct comparison,sum,
042038,Polverigi,042038,Polverigi,unchanged,,POSAS 2019/2025 direct comparison,sum,
042040,Rosora,042040,Rosora,unchanged,,POSAS 2019/2025 direct comparison,sum,
042041,San Marcello,042041,San Marcello,unchanged,,POSAS 2019/2025 direct comparison,sum,
042042,San Paolo di Jesi,042042,San Paolo di Jesi,unchanged,,POSAS 2019/2025 direct comparison,sum,
042043,Santa Maria Nuova,042043,Santa Maria Nuova,unchanged,,POSAS 2019/2025 direct comparison,sum,
042044,Sassoferrato,042044,Sassoferrato,unchanged,,POSAS 2019/2025 direct comparison,sum,
042045,Senigallia,042045,Senigallia,unchanged,,POSAS 2019/2025 direct comparison,sum,
042046,Serra de' Conti,042046,Serra de' Conti,unchanged,,POSAS 2019/2025 direct comparison,sum,
042047,Serra San Quirico,042047,Serra San Quirico,unchanged,,POSAS 2019/2025 direct comparison,sum,
042048,Sirolo,042048,Sirolo,unchanged,,POSAS 2019/2025 direct comparison,sum,
042049,Staffolo,042049,Staffolo,unchanged,,POSAS 2019/2025 direct comparison,sum,
042050,Trecastelli,042050,Trecastelli,unchanged,,POSAS 2019/2025 direct comparison,sum,
043002,Apiro,043002,Apiro,unchanged,,POSAS 2019/2025 direct comparison,sum,
043003,Appignano,043003,Appignano,unchanged,,POSAS 2019/2025 direct comparison,sum,
043004,Belforte del Chienti,043004,Belforte del Chienti,unchanged,,POSAS 2019/2025 direct comparison,sum,
043005,Bolognola,043005,Bolognola,unchanged,,POSAS 2019/2025 direct comparison,sum,
043006,Caldarola,043006,Caldarola,unchanged,,POSAS 2019/2025 direct comparison,sum,
043007,Camerino,043007,Camerino,unchanged,,POSAS 2019/2025 direct comparison,sum,
043008,Camporotondo di Fiastrone,043008,Camporotondo di Fiastrone,unchanged,,POSAS 2019/2025 direct comparison,sum,
043009,Castelraimondo,043009,Castelraimondo,unchanged,,POSAS 2019/2025 direct comparison,sum,
043010,Castelsantangelo sul Nera,043010,Castelsantangelo sul Nera,unchanged,,POSAS 2019/2025 direct comparison,sum,
043011,Cessapalombo,043011,Cessapalombo,unchanged,,POSAS 2019/2025 direct comparison,sum,
043012,Cingoli,043012,Cingoli,unchanged,,POSAS 2019/2025 direct comparison,sum,
043013,Civitanova Marche,043013,Civitanova Marche,unchanged,,POSAS 2019/2025 direct comparison,sum,
043014,Colmurano,043014,Colmurano,unchanged,,POSAS 2019/2025 direct comparison,sum,
043015,Corridonia,043015,Corridonia,unchanged,,POSAS 2019/2025 direct comparison,sum,
043016,Esanatoglia,043016,Esanatoglia,unchanged,,POSAS 2019/2025 direct comparison,sum,
043017,Fiastra,043017,Fiastra,unchanged,,POSAS 2019/2025 direct comparison,sum,
043019,Fiuminata,043019,Fiuminata,unchanged,,POSAS 2019/2025 direct comparison,sum,
043020,Gagliole,043020,Gagliole,unchanged,,POSAS 2019/2025 direct comparison,sum,
043021,Gualdo,043021,Gualdo,unchanged,,POSAS 2019/2025 direct comparison,sum,
043022,Loro Piceno,043022,Loro Piceno,unchanged,,POSAS 2019/2025 direct comparison,sum,
043023,Macerata,043023,Macerata,unchanged,,POSAS 2019/2025 direct comparison,sum,
043024,Matelica,043024,Matelica,unchanged,,POSAS 2019/2025 direct comparison,sum,
043025,Mogliano,043025,Mogliano,unchanged,,POSAS 2019/2025 direct comparison,sum,
043026,Montecassiano,043026,Montecassiano,unchanged,,POSAS 2019/2025 direct comparison,sum,
043027,Monte Cavallo,043027,Monte Cavallo,unchanged,,POSAS 2019/2025 direct comparison,sum,
043028,Montecosaro,043028,Montecosaro,unchanged,,POSAS 2019/2025 direct comparison,sum,
043029,Montefano,043029,Montefano,unchanged,,POSAS 2019/2025 direct comparison,sum,
043030,Montelupone,043030,Montelupone,unchanged,,POSAS 2019/2025 direct comparison,sum,
043031,Monte San Giusto,043031,Monte San Giusto,unchanged,,POSAS 2019/2025 direct comparison,sum,
043032,Monte San Martino,043032,Monte San Martino,unchanged,,POSAS 2019/2025 direct comparison,sum,
043033,Morrovalle,043033,Morrovalle,unchanged,,POSAS 2019/2025 direct comparison,sum,
043034,Muccia,043034,Muccia,unchanged,,POSAS 2019/2025 direct comparison,sum,
043035,Penna San Giovanni,043035,Penna San Giovanni,unchanged,,POSAS 2019/2025 direct comparison,sum,
043036,Petriolo,043036,Petriolo,unchanged,,POSAS 2019/2025 direct comparison,sum,
043038,Pieve Torina,043038,Pieve Torina,unchanged,,POSAS 2019/2025 direct comparison,sum,
043039,Pioraco,043039,Pioraco,unchanged,,POSAS 2019/2025 direct comparison,sum,
043040,Poggio San Vicino,043040,Poggio San Vicino,unchanged,,POSAS 2019/2025 direct comparison,sum,
043041,Pollenza,043041,Pollenza,unchanged,,POSAS 2019/2025 direct comparison,sum,
043042,Porto Recanati,043042,Porto Recanati,unchanged,,POSAS 2019/2025 direct comparison,sum,
043043,Potenza Picena,043043,Potenza Picena,unchanged,,POSAS 2019/2025 direct comparison,sum,
043044,Recanati,043044,Recanati,unchanged,,POSAS 2019/2025 direct comparison,sum,
043045,Ripe San Ginesio,043045,Ripe San Ginesio,unchanged,,POSAS 2019/2025 direct comparison,sum,
043046,San Ginesio,043046,San Ginesio,unchanged,,POSAS 2019/2025 direct comparison,sum,
043047,San Severino Marche,043047,San Severino Marche,unchanged,,POSAS 2019/2025 direct comparison,sum,
043048,Sant'Angelo in Pontano,043048,Sant'Angelo in Pontano,unchanged,,POSAS 2019/2025 direct comparison,sum,
043049,Sarnano,043049,Sarnano,unchanged,,POSAS 2019/2025 direct comparison,sum,
043050,Sefro,043050,Sefro,unchanged,,POSAS 2019/2025 direct comparison,sum,
043051,Serrapetrona,043051,Serrapetrona,unchanged,,POSAS 2019/2025 direct comparison,sum,
043052,Serravalle di Chienti,043052,Serravalle di Chienti,unchanged,,POSAS 2019/2025 direct comparison,sum,
043053,Tolentino,043053,Tolentino,unchanged,,POSAS 2019/2025 direct comparison,sum,
043054,Treia,043054,Treia,unchanged,,POSAS 2019/2025 direct comparison,sum,
043055,Urbisaglia,043055,Urbisaglia,unchanged,,POSAS 2019/2025 direct comparison,sum,
043056,Ussita,043056,Ussita,unchanged,,POSAS 2019/2025 direct comparison,sum,
043057,Visso,043057,Visso,unchanged,,POSAS 2019/2025 direct comparison,sum,
043058,Valfornace,043058,Valfornace,unchanged,,POSAS 2019/2025 direct comparison,sum,
044001,Acquasanta Terme,044001,Acquasanta Terme,unchanged,,POSAS 2019/2025 direct comparison,sum,
044002,Acquaviva Picena,044002,Acquaviva Picena,unchanged,,POSAS 2019/2025 direct comparison,sum,
044005,Appignano del Tronto,044005,Appignano del Tronto,unchanged,,POSAS 2019/2025 direct comparison,sum,
044006,Arquata del Tronto,044006,Arquata del Tronto,unchanged,,POSAS 2019/2025 direct comparison,sum,
044007,Ascoli Piceno,044007,Ascoli Piceno,unchanged,,POSAS 2019/2025 direct comparison,sum,
044010,Carassai,044010,Carassai,unchanged,,POSAS 2019/2025 direct comparison,sum,
044011,Castel di Lama,044011,Castel di Lama,unchanged,,POSAS 2019/2025 direct comparison,sum,
044012,Castignano,044012,Castignano,unchanged,,POSAS 2019/2025 direct comparison,sum,
044013,Castorano,044013,Castorano,unchanged,,POSAS 2019/2025 direct comparison,sum,
044014,Colli del Tronto,044014,Colli del Tronto,unchanged,,POSAS 2019/2025 direct comparison,sum,
044015,Comunanza,044015,Comunanza,unchanged,,POSAS 2019/2025 direct comparison,sum,
044016,Cossignano,044016,Cossignano,unchanged,,POSAS 2019/2025 direct comparison,sum,
044017,Cupra Marittima,044017,Cupra Marittima,unchanged,,POSAS 2019/2025 direct comparison,sum,
044020,Folignano,044020,Folignano,unchanged,,POSAS 2019/2025 direct comparison,sum,
044021,Force,044021,Force,unchanged,,POSAS 2019/2025 direct comparison,sum,
044023,Grottammare,044023,Grottammare,unchanged,,POSAS 2019/2025 direct comparison,sum,
044027,Maltignano,044027,Maltignano,unchanged,,POSAS 2019/2025 direct comparison,sum,
044029,Massignano,044029,Massignano,unchanged,,POSAS 2019/2025 direct comparison,sum,
044031,Monsampolo del Tronto,044031,Monsampolo del Tronto,unchanged,,POSAS 2019/2025 direct comparison,sum,
044032,Montalto delle Marche,044032,Montalto delle Marche,unchanged,,POSAS 2019/2025 direct comparison,sum,
044034,Montedinove,044034,Montedinove,unchanged,,POSAS 2019/2025 direct comparison,sum,
044036,Montefiore dell'Aso,044036,Montefiore dell'Aso,unchanged,,POSAS 2019/2025 direct comparison,sum,
044038,Montegallo,044038,Montegallo,unchanged,,POSAS 2019/2025 direct comparison,sum,
044044,Montemonaco,044044,Montemonaco,unchanged,,POSAS 2019/2025 direct comparison,sum,
044045,Monteprandone,044045,Monteprandone,unchanged,,POSAS 2019/2025 direct comparison,sum,
044054,Offida,044054,Offida,unchanged,,POSAS 2019/2025 direct comparison,sum,
044056,Palmiano,044056,Palmiano,unchanged,,POSAS 2019/2025 direct comparison,sum,
044063,Ripatransone,044063,Ripatransone,unchanged,,POSAS 2019/2025 direct comparison,sum,
044064,Roccafluvione,044064,Roccafluvione,unchanged,,POSAS 2019/2025 direct comparison,sum,
044065,Rotella,044065,Rotella,unchanged,,POSAS 2019/2025 direct comparison,sum,
044066,San Benedetto del Tronto,044066,San Benedetto del Tronto,unchanged,,POSAS 2019/2025 direct comparison,sum,
044071,Spinetoli,044071,Spinetoli,unchanged,,POSAS 2019/2025 direct comparison,sum,
044073,Venarotta,044073,Venarotta,unchanged,,POSAS 2019/2025 direct comparison,sum,
045001,Aulla,045001,Aulla,unchanged,,POSAS 2019/2025 direct comparison,sum,
045002,Bagnone,045002,Bagnone,unchanged,,POSAS 2019/2025 direct comparison,sum,
045003,Carrara,045003,Carrara,unchanged,,POSAS 2019/2025 direct comparison,sum,
045004,Casola in Lunigiana,045004,Casola in Lunigiana,unchanged,,POSAS 2019/2025 direct comparison,sum,
045005,Comano,045005,Comano,unchanged,,POSAS 2019/2025 direct comparison,sum,
045006,Filattiera,045006,Filattiera,unchanged,,POSAS 2019/2025 direct comparison,sum,
045007,Fivizzano,045007,Fivizzano,unchanged,,POSAS 2019/2025 direct comparison,sum,
045008,Fosdinovo,045008,Fosdinovo,unchanged,,POSAS 2019/2025 direct comparison,sum,
045009,Licciana Nardi,045009,Licciana Nardi,unchanged,,POSAS 2019/2025 direct comparison,sum,
045010,Massa,045010,Massa,unchanged,,POSAS 2019/2025 direct comparison,sum,
045011,Montignoso,045011,Montignoso,unchanged,,POSAS 2019/2025 direct comparison,sum,
045012,Mulazzo,045012,Mulazzo,unchanged,,POSAS 2019/2025 direct comparison,sum,
045013,Podenzana,045013,Podenzana,unchanged,,POSAS 2019/2025 direct comparison,sum,
045014,Pontremoli,045014,Pontremoli,unchanged,,POSAS 2019/2025 direct comparison,sum,
045015,Tresana,045015,Tresana,unchanged,,POSAS 2019/2025 direct comparison,sum,
045016,Villafranca in Lunigiana,045016,Villafranca in Lunigiana,unchanged,,POSAS 2019/2025 direct comparison,sum,
045017,Zeri,045017,Zeri,unchanged,,POSAS 2019/2025 direct comparison,sum,
046001,Altopascio,046001,Altopascio,unchanged,,POSAS 2019/2025 direct comparison,sum,
046002,Bagni di Lucca,046002,Bagni di Lucca,unchanged,,POSAS 2019/2025 direct comparison,sum,
046003,Barga,046003,Barga,unchanged,,POSAS 2019/2025 direct comparison,sum,
046004,Borgo a Mozzano,046004,Borgo a Mozzano,unchanged,,POSAS 2019/2025 direct comparison,sum,
046005,Camaiore,046005,Camaiore,unchanged,,POSAS 2019/2025 direct comparison,sum,
046006,Camporgiano,046006,Camporgiano,unchanged,,POSAS 2019/2025 direct comparison,sum,
046007,Capannori,046007,Capannori,unchanged,,POSAS 2019/2025 direct comparison,sum,
046008,Careggine,046008,Careggine,unchanged,,POSAS 2019/2025 direct comparison,sum,
046009,Castelnuovo di Garfagnana,046009,Castelnuovo di Garfagnana,unchanged,,POSAS 2019/2025 direct comparison,sum,
046010,Castiglione di Garfagnana,046010,Castiglione di Garfagnana,unchanged,,POSAS 2019/2025 direct comparison,sum,
046011,Coreglia Antelminelli,046011,Coreglia Antelminelli,unchanged,,POSAS 2019/2025 direct comparison,sum,
046013,Forte dei Marmi,046013,Forte dei Marmi,unchanged,,POSAS 2019/2025 direct comparison,sum,
046014,Fosciandora,046014,Fosciandora,unchanged,,POSAS 2019/2025 direct comparison,sum,
046015,Gallicano,046015,Gallicano,unchanged,,POSAS 2019/2025 direct comparison,sum,
046017,Lucca,046017,Lucca,unchanged,,POSAS 2019/2025 direct comparison,sum,
046018,Massarosa,046018,Massarosa,unchanged,,POSAS 2019/2025 direct comparison,sum,
046019,Minucciano,046019,Minucciano,unchanged,,POSAS 2019/2025 direct comparison,sum,
046020,Molazzana,046020,Molazzana,unchanged,,POSAS 2019/2025 direct comparison,sum,
046021,Montecarlo,046021,Montecarlo,unchanged,,POSAS 2019/2025 direct comparison,sum,
046022,Pescaglia,046022,Pescaglia,unchanged,,POSAS 2019/2025 direct comparison,sum,
046023,Piazza al Serchio,046023,Piazza al Serchio,unchanged,,POSAS 2019/2025 direct comparison,sum,
046024,Pietrasanta,046024,Pietrasanta,unchanged,,POSAS 2019/2025 direct comparison,sum,
046025,Pieve Fosciana,046025,Pieve Fosciana,unchanged,,POSAS 2019/2025 direct comparison,sum,
046026,Porcari,046026,Porcari,unchanged,,POSAS 2019/2025 direct comparison,sum,
046027,San Romano in Garfagnana,046027,San Romano in Garfagnana,unchanged,,POSAS 2019/2025 direct comparison,sum,
046028,Seravezza,046028,Seravezza,unchanged,,POSAS 2019/2025 direct comparison,sum,
046030,Stazzema,046030,Stazzema,unchanged,,POSAS 2019/2025 direct comparison,sum,
046031,Vagli Sotto,046031,Vagli Sotto,unchanged,,POSAS 2019/2025 direct comparison,sum,
046033,Viareggio,046033,Viareggio,unchanged,,POSAS 2019/2025 direct comparison,sum,
046034,Villa Basilica,046034,Villa Basilica,unchanged,,POSAS 2019/2025 direct comparison,sum,
046035,Villa Collemandina,046035,Villa Collemandina,unchanged,,POSAS 2019/2025 direct comparison,sum,
046036,Fabbriche di Vergemoli,046036,Fabbriche di Vergemoli,unchanged,,POSAS 2019/2025 direct comparison,sum,
046037,Sillano Giuncugnano,046037,Sillano Giuncugnano,unchanged,,POSAS 2019/2025 direct comparison,sum,
047002,Agliana,047002,Agliana,unchanged,,POSAS 2019/2025 direct comparison,sum,
047003,Buggiano,047003,Buggiano,unchanged,,POSAS 2019/2025 direct comparison,sum,
047005,Lamporecchio,047005,Lamporecchio,unchanged,,POSAS 2019/2025 direct comparison,sum,
047006,Larciano,047006,Larciano,unchanged,,POSAS 2019/2025 direct comparison,sum,
047007,Marliana,047007,Marliana,unchanged,,POSAS 2019/2025 direct comparison,sum,
047008,Massa e Cozzile,047008,Massa e Cozzile,unchanged,,POSAS 2019/2025 direct comparison,sum,
047009,Monsummano Terme,047009,Monsummano Terme,unchanged,,POSAS 2019/2025 direct comparison,sum,
047010,Montale,047010,Montale,unchanged,,POSAS 2019/2025 direct comparison,sum,
047011,Montecatini-Terme,047011,Montecatini-Terme,unchanged,,POSAS 2019/2025 direct comparison,sum,
047012,Pescia,047012,Pescia,unchanged,,POSAS 2019/2025 direct comparison,sum,
047013,Pieve a Nievole,047013,Pieve a Nievole,unchanged,,POSAS 2019/2025 direct comparison,sum,
047014,Pistoia,047014,Pistoia,unchanged,,POSAS 2019/2025 direct comparison,sum,
047016,Ponte Buggianese,047016,Ponte Buggianese,unchanged,,POSAS 2019/2025 direct comparison,sum,
047017,Quarrata,047017,Quarrata,unchanged,,POSAS 2019/2025 direct comparison,sum,
047018,Sambuca Pistoiese,047018,Sambuca Pistoiese,unchanged,,POSAS 2019/2025 direct comparison,sum,
047020,Serravalle Pistoiese,047020,Serravalle Pistoiese,unchanged,,POSAS 2019/2025 direct comparison,sum,
047021,Uzzano,047021,Uzzano,unchanged,,POSAS 2019/2025 direct comparison,sum,
047022,Chiesina Uzzanese,047022,Chiesina Uzzanese,unchanged,,POSAS 2019/2025 direct comparison,sum,
047023,Abetone Cutigliano,047023,Abetone Cutigliano,unchanged,,POSAS 2019/2025 direct comparison,sum,
047024,San Marcello Piteglio,047024,San Marcello Piteglio,unchanged,,POSAS 2019/2025 direct comparison,sum,
048001,Bagno a Ripoli,048001,Bagno a Ripoli,unchanged,,POSAS 2019/2025 direct comparison,sum,
048002,Barberino di Mugello,048002,Barberino di Mugello,unchanged,,POSAS 2019/2025 direct comparison,sum,
048004,Borgo San Lorenzo,048004,Borgo San Lorenzo,unchanged,,POSAS 2019/2025 direct comparison,sum,
048005,Calenzano,048005,Calenzano,unchanged,,POSAS 2019/2025 direct comparison,sum,
048006,Campi Bisenzio,048006,Campi Bisenzio,unchanged,,POSAS 2019/2025 direct comparison,sum,
048008,Capraia e Limite,048008,Capraia e Limite,unchanged,,POSAS 2019/2025 direct comparison,sum,
048010,Castelfiorentino,048010,Castelfiorentino,unchanged,,POSAS 2019/2025 direct comparison,sum,
048011,Cerreto Guidi,048011,Cerreto Guidi,unchanged,,POSAS 2019/2025 direct comparison,sum,
048012,Certaldo,048012,Certaldo,unchanged,,POSAS 2019/2025 direct comparison,sum,
048013,Dicomano,048013,Dicomano,unchanged,,POSAS 2019/2025 direct comparison,sum,
048014,Empoli,048014,Empoli,unchanged,,POSAS 2019/2025 direct comparison,sum,
048015,Fiesole,048015,Fiesole,unchanged,,POSAS 2019/2025 direct comparison,sum,
048017,Firenze,048017,Firenze,unchanged,,POSAS 2019/2025 direct comparison,sum,
048018,Firenzuola,048018,Firenzuola,unchanged,,POSAS 2019/2025 direct comparison,sum,
048019,Fucecchio,048019,Fucecchio,unchanged,,POSAS 2019/2025 direct comparison,sum,
048020,Gambassi Terme,048020,Gambassi Terme,unchanged,,POSAS 2019/2025 direct comparison,sum,
048021,Greve in Chianti,048021,Greve in Chianti,unchanged,,POSAS 2019/2025 direct comparison,sum,
048022,Impruneta,048022,Impruneta,unchanged,,POSAS 2019/2025 direct comparison,sum,
048024,Lastra a Signa,048024,Lastra a Signa,unchanged,,POSAS 2019/2025 direct comparison,sum,
048025,Londa,048025,Londa,unchanged,,POSAS 2019/2025 direct comparison,sum,
048026,Marradi,048026,Marradi,unchanged,,POSAS 2019/2025 direct comparison,sum,
048027,Montaione,048027,Montaione,unchanged,,POSAS 2019/2025 direct comparison,sum,
048028,Montelupo Fiorentino,048028,Montelupo Fiorentino,unchanged,,POSAS 2019/2025 direct comparison,sum,
048030,Montespertoli,048030,Montespertoli,unchanged,,POSAS 2019/2025 direct comparison,sum,
048031,Palazzuolo sul Senio,048031,Palazzuolo sul Senio,unchanged,,POSAS 2019/2025 direct comparison,sum,
048032,Pelago,048032,Pelago,unchanged,,POSAS 2019/2025 direct comparison,sum,
048033,Pontassieve,048033,Pontassieve,unchanged,,POSAS 2019/2025 direct comparison,sum,
048035,Reggello,048035,Reggello,unchanged,,POSAS 2019/2025 direct comparison,sum,
048036,Rignano sull'Arno,048036,Rignano sull'Arno,unchanged,,POSAS 2019/2025 direct comparison,sum,
048037,Rufina,048037,Rufina,unchanged,,POSAS 2019/2025 direct comparison,sum,
048038,San Casciano in Val di Pesa,048038,San Casciano in Val di Pesa,unchanged,,POSAS 2019/2025 direct comparison,sum,
048039,San Godenzo,048039,San Godenzo,unchanged,,POSAS 2019/2025 direct comparison,sum,
048041,Scandicci,048041,Scandicci,unchanged,,POSAS 2019/2025 direct comparison,sum,
048043,Sesto Fiorentino,048043,Sesto Fiorentino,unchanged,,POSAS 2019/2025 direct comparison,sum,
048044,Signa,048044,Signa,unchanged,,POSAS 2019/2025 direct comparison,sum,
048046,Vaglia,048046,Vaglia,unchanged,,POSAS 2019/2025 direct comparison,sum,
048049,Vicchio,048049,Vicchio,unchanged,,POSAS 2019/2025 direct comparison,sum,
048050,Vinci,048050,Vinci,unchanged,,POSAS 2019/2025 direct comparison,sum,
048052,Figline e Incisa Valdarno,048052,Figline e Incisa Valdarno,unchanged,,POSAS 2019/2025 direct comparison,sum,
048053,Scarperia e San Piero,048053,Scarperia e San Piero,unchanged,,POSAS 2019/2025 direct comparison,sum,
048054,Barberino Tavarnelle,048003,Barberino Val d'Elsa,fusion,2019-01-01,https://www.istat.it/storage/codici-unita-amministrative/Novita-2025-2017.pdf,sum,
048054,Barberino Tavarnelle,048045,Tavarnelle Val di Pesa,fusion,2019-01-01,https://www.istat.it/storage/codici-unita-amministrative/Novita-2025-2017.pdf,sum,
049001,Bibbona,049001,Bibbona,unchanged,,POSAS 2019/2025 direct comparison,sum,
049002,Campiglia Marittima,049002,Campiglia Marittima,unchanged,,POSAS 2019/2025 direct comparison,sum,
049003,Campo nell'Elba,049003,Campo nell'Elba,unchanged,,POSAS 2019/2025 direct comparison,sum,
049004,Capoliveri,049004,Capoliveri,unchanged,,POSAS 2019/2025 direct comparison,sum,
049005,Capraia Isola,049005,Capraia Isola,unchanged,,POSAS 2019/2025 direct comparison,sum,
049006,Castagneto Carducci,049006,Castagneto Carducci,unchanged,,POSAS 2019/2025 direct comparison,sum,
049007,Cecina,049007,Cecina,unchanged,,POSAS 2019/2025 direct comparison,sum,
049008,Collesalvetti,049008,Collesalvetti,unchanged,,POSAS 2019/2025 direct comparison,sum,
049009,Livorno,049009,Livorno,unchanged,,POSAS 2019/2025 direct comparison,sum,
049010,Marciana,049010,Marciana,unchanged,,POSAS 2019/2025 direct comparison,sum,
049011,Marciana Marina,049011,Marciana Marina,unchanged,,POSAS 2019/2025 direct comparison,sum,
049012,Piombino,049012,Piombino,unchanged,,POSAS 2019/2025 direct comparison,sum,
049013,Porto Azzurro,049013,Porto Azzurro,unchanged,,POSAS 2019/2025 direct comparison,sum,
049014,Portoferraio,049014,Portoferraio,unchanged,,POSAS 2019/2025 direct comparison,sum,
049017,Rosignano Marittimo,049017,Rosignano Marittimo,unchanged,,POSAS 2019/2025 direct comparison,sum,
049018,San Vincenzo,049018,San Vincenzo,unchanged,,POSAS 2019/2025 direct comparison,sum,
049019,Sassetta,049019,Sassetta,unchanged,,POSAS 2019/2025 direct comparison,sum,
049020,Suvereto,049020,Suvereto,unchanged,,POSAS 2019/2025 direct comparison,sum,
049021,Rio,049021,Rio,unchanged,,POSAS 2019/2025 direct comparison,sum,
050001,Bientina,050001,Bientina,unchanged,,POSAS 2019/2025 direct comparison,sum,
050002,Buti,050002,Buti,unchanged,,POSAS 2019/2025 direct comparison,sum,
050003,Calci,050003,Calci,unchanged,,POSAS 2019/2025 direct comparison,sum,
050004,Calcinaia,050004,Calcinaia,unchanged,,POSAS 2019/2025 direct comparison,sum,
050005,Capannoli,050005,Capannoli,unchanged,,POSAS 2019/2025 direct comparison,sum,
050006,Casale Marittimo,050006,Casale Marittimo,unchanged,,POSAS 2019/2025 direct comparison,sum,
050008,Cascina,050008,Cascina,unchanged,,POSAS 2019/2025 direct comparison,sum,
050009,Castelfranco di Sotto,050009,Castelfranco di Sotto,unchanged,,POSAS 2019/2025 direct comparison,sum,
050010,Castellina Marittima,050010,Castellina Marittima,unchanged,,POSAS 2019/2025 direct comparison,sum,
050011,Castelnuovo di Val di Cecina,050011,Castelnuovo di Val di Cecina,unchanged,,POSAS 2019/2025 direct comparison,sum,
050012,Chianni,050012,Chianni,unchanged,,POSAS 2019/2025 direct comparison,sum,
050014,Fauglia,050014,Fauglia,unchanged,,POSAS 2019/2025 direct comparison,sum,
050015,Guardistallo,050015,Guardistallo,unchanged,,POSAS 2019/2025 direct comparison,sum,
050016,Lajatico,050016,Lajatico,unchanged,,POSAS 2019/2025 direct comparison,sum,
050019,Montecatini Val di Cecina,050019,Montecatini Val di Cecina,unchanged,,POSAS 2019/2025 direct comparison,sum,
050020,Montescudaio,050020,Montescudaio,unchanged,,POSAS 2019/2025 direct comparison,sum,
050021,Monteverdi Marittimo,050021,Monteverdi Marittimo,unchanged,,POSAS 2019/2025 direct comparison,sum,
050022,Montopoli in Val d'Arno,050022,Montopoli in Val d'Arno,unchanged,,POSAS 2019/2025 direct comparison,sum,
050023,Orciano Pisano,050023,Orciano Pisano,unchanged,,POSAS 2019/2025 direct comparison,sum,
050024,Palaia,050024,Palaia,unchanged,,POSAS 2019/2025 direct comparison,sum,
050025,Peccioli,050025,Peccioli,unchanged,,POSAS 2019/2025 direct comparison,sum,
050026,Pisa,050026,Pisa,unchanged,,POSAS 2019/2025 direct comparison,sum,
050027,Pomarance,050027,Pomarance,unchanged,,POSAS 2019/2025 direct comparison,sum,
050028,Ponsacco,050028,Ponsacco,unchanged,,POSAS 2019/2025 direct comparison,sum,
050029,Pontedera,050029,Pontedera,unchanged,,POSAS 2019/2025 direct comparison,sum,
050030,Riparbella,050030,Riparbella,unchanged,,POSAS 2019/2025 direct comparison,sum,
050031,San Giuliano Terme,050031,San Giuliano Terme,unchanged,,POSAS 2019/2025 direct comparison,sum,
050032,San Miniato,050032,San Miniato,unchanged,,POSAS 2019/2025 direct comparison,sum,
050033,Santa Croce sull'Arno,050033,Santa Croce sull'Arno,unchanged,,POSAS 2019/2025 direct comparison,sum,
050034,Santa Luce,050034,Santa Luce,unchanged,,POSAS 2019/2025 direct comparison,sum,
050035,Santa Maria a Monte,050035,Santa Maria a Monte,unchanged,,POSAS 2019/2025 direct comparison,sum,
050036,Terricciola,050036,Terricciola,unchanged,,POSAS 2019/2025 direct comparison,sum,
050037,Vecchiano,050037,Vecchiano,unchanged,,POSAS 2019/2025 direct comparison,sum,
050038,Vicopisano,050038,Vicopisano,unchanged,,POSAS 2019/2025 direct comparison,sum,
050039,Volterra,050039,Volterra,unchanged,,POSAS 2019/2025 direct comparison,sum,
050040,Casciana Terme Lari,050040,Casciana Terme Lari,unchanged,,POSAS 2019/2025 direct comparison,sum,
050041,Crespina Lorenzana,050041,Crespina Lorenzana,unchanged,,POSAS 2019/2025 direct comparison,sum,
051001,Anghiari,051001,Anghiari,unchanged,,POSAS 2019/2025 direct comparison,sum,
051002,Arezzo,051002,Arezzo,unchanged,,POSAS 2019/2025 direct comparison,sum,
051003,Badia Tedalda,051003,Badia Tedalda,unchanged,,POSAS 2019/2025 direct comparison,sum,
051004,Bibbiena,051004,Bibbiena,unchanged,,POSAS 2019/2025 direct comparison,sum,
051005,Bucine,051005,Bucine,unchanged,,POSAS 2019/2025 direct comparison,sum,
051006,Capolona,051006,Capolona,unchanged,,POSAS 2019/2025 direct comparison,sum,
051007,Caprese Michelangelo,051007,Caprese Michelangelo,unchanged,,POSAS 2019/2025 direct comparison,sum,
051008,Castel Focognano,051008,Castel Focognano,unchanged,,POSAS 2019/2025 direct comparison,sum,
051010,Castel San Niccolò,051010,Castel San Niccolò,unchanged,,POSAS 2019/2025 direct comparison,sum,
051011,Castiglion Fibocchi,051011,Castiglion Fibocchi,unchanged,,POSAS 2019/2025 direct comparison,sum,
051012,Castiglion Fiorentino,051012,Castiglion Fiorentino,unchanged,,POSAS 2019/2025 direct comparison,sum,
051013,Cavriglia,051013,Cavriglia,unchanged,,POSAS 2019/2025 direct comparison,sum,
051014,Chitignano,051014,Chitignano,unchanged,,POSAS 2019/2025 direct comparison,sum,
051015,Chiusi della Verna,051015,Chiusi della Verna,unchanged,,POSAS 2019/2025 direct comparison,sum,
051016,Civitella in Val di Chiana,051016,Civitella in Val di Chiana,unchanged,,POSAS 2019/2025 direct comparison,sum,
051017,Cortona,051017,Cortona,unchanged,,POSAS 2019/2025 direct comparison,sum,
051018,Foiano della Chiana,051018,Foiano della Chiana,unchanged,,POSAS 2019/2025 direct comparison,sum,
051020,Loro Ciuffenna,051020,Loro Ciuffenna,unchanged,,POSAS 2019/2025 direct comparison,sum,
051021,Lucignano,051021,Lucignano,unchanged,,POSAS 2019/2025 direct comparison,sum,
051022,Marciano della Chiana,051022,Marciano della Chiana,unchanged,,POSAS 2019/2025 direct comparison,sum,
051023,Montemignaio,051023,Montemignaio,unchanged,,POSAS 2019/2025 direct comparison,sum,
051024,Monterchi,051024,Monterchi,unchanged,,POSAS 2019/2025 direct comparison,sum,
051025,Monte San Savino,051025,Monte San Savino,unchanged,,POSAS 2019/2025 direct comparison,sum,
051026,Montevarchi,051026,Montevarchi,unchanged,,POSAS 2019/2025 direct comparison,sum,
051027,Ortignano Raggiolo,051027,Ortignano Raggiolo,unchanged,,POSAS 2019/2025 direct comparison,sum,
051030,Pieve Santo Stefano,051030,Pieve Santo Stefano,unchanged,,POSAS 2019/2025 direct comparison,sum,
051031,Poppi,051031,Poppi,unchanged,,POSAS 2019/2025 direct comparison,sum,
051033,San Giovanni Valdarno,051033,San Giovanni Valdarno,unchanged,,POSAS 2019/2025 direct comparison,sum,
051034,Sansepolcro,051034,Sansepolcro,unchanged,,POSAS 2019/2025 direct comparison,sum,
051035,Sestino,051035,Sestino,unchanged,,POSAS 2019/2025 direct comparison,sum,
051037,Subbiano,051037,Subbiano,unchanged,,POSAS 2019/2025 direct comparison,sum,
051038,Talla,051038,Talla,unchanged,,POSAS 2019/2025 direct comparison,sum,
051039,Terranuova Bracciolini,051039,Terranuova Bracciolini,unchanged,,POSAS 2019/2025 direct comparison,sum,
051040,Castelfranco Piandiscò,051040,Castelfranco Piandiscò,unchanged,,POSAS 2019/2025 direct comparison,sum,
051041,Pratovecchio Stia,051041,Pratovecchio Stia,unchanged,,POSAS 2019/2025 direct comparison,sum,
051042,Laterina Pergine Valdarno,051042,Laterina Pergine Valdarno,unchanged,,POSAS 2019/2025 direct comparison,sum,
052001,Abbadia San Salvatore,052001,Abbadia San Salvatore,unchanged,,POSAS 2019/2025 direct comparison,sum,
052002,Asciano,052002,Asciano,unchanged,,POSAS 2019/2025 direct comparison,sum,
052003,Buonconvento,052003,Buonconvento,unchanged,,POSAS 2019/2025 direct comparison,sum,
052004,Casole d'Elsa,052004,Casole d'Elsa,unchanged,,POSAS 2019/2025 direct comparison,sum,
052005,Castellina in Chianti,052005,Castellina in Chianti,unchanged,,POSAS 2019/2025 direct comparison,sum,
052006,Castelnuovo Berardenga,052006,Castelnuovo Berardenga,unchanged,,POSAS 2019/2025 direct comparison,sum,
052007,Castiglione d'Orcia,052007,Castiglione d'Orcia,unchanged,,POSAS 2019/2025 direct comparison,sum,
052008,Cetona,052008,Cetona,unchanged,,POSAS 2019/2025 direct comparison,sum,
052009,Chianciano Terme,052009,Chianciano Terme,unchanged,,POSAS 2019/2025 direct comparison,sum,
052010,Chiusdino,052010,Chiusdino,unchanged,,POSAS 2019/2025 direct comparison,sum,
052011,Chiusi,052011,Chiusi,unchanged,,POSAS 2019/2025 direct comparison,sum,
052012,Colle di Val d'Elsa,052012,Colle di Val d'Elsa,unchanged,,POSAS 2019/2025 direct comparison,sum,
052013,Gaiole in Chianti,052013,Gaiole in Chianti,unchanged,,POSAS 2019/2025 direct comparison,sum,
052015,Montepulciano,052015,Montepulciano,unchanged,,POSAS 2019/2025 direct comparison,sum,
052016,Monteriggioni,052016,Monteriggioni,unchanged,,POSAS 2019/2025 direct comparison,sum,
052017,Monteroni d'Arbia,052017,Monteroni d'Arbia,unchanged,,POSAS 2019/2025 direct comparison,sum,
052018,Monticiano,052018,Monticiano,unchanged,,POSAS 2019/2025 direct comparison,sum,
052019,Murlo,052019,Murlo,unchanged,,POSAS 2019/2025 direct comparison,sum,
052020,Piancastagnaio,052020,Piancastagnaio,unchanged,,POSAS 2019/2025 direct comparison,sum,
052021,Pienza,052021,Pienza,unchanged,,POSAS 2019/2025 direct comparison,sum,
052022,Poggibonsi,052022,Poggibonsi,unchanged,,POSAS 2019/2025 direct comparison,sum,
052023,Radda in Chianti,052023,Radda in Chianti,unchanged,,POSAS 2019/2025 direct comparison,sum,
052024,Radicofani,052024,Radicofani,unchanged,,POSAS 2019/2025 direct comparison,sum,
052025,Radicondoli,052025,Radicondoli,unchanged,,POSAS 2019/2025 direct comparison,sum,
052026,Rapolano Terme,052026,Rapolano Terme,unchanged,,POSAS 2019/2025 direct comparison,sum,
052027,San Casciano dei Bagni,052027,San Casciano dei Bagni,unchanged,,POSAS 2019/2025 direct comparison,sum,
052028,San Gimignano,052028,San Gimignano,unchanged,,POSAS 2019/2025 direct comparison,sum,
052030,San Quirico d'Orcia,052030,San Quirico d'Orcia,unchanged,,POSAS 2019/2025 direct comparison,sum,
052031,Sarteano,052031,Sarteano,unchanged,,POSAS 2019/2025 direct comparison,sum,
052032,Siena,052032,Siena,unchanged,,POSAS 2019/2025 direct comparison,sum,
052033,Sinalunga,052033,Sinalunga,unchanged,,POSAS 2019/2025 direct comparison,sum,
052034,Sovicille,052034,Sovicille,unchanged,,POSAS 2019/2025 direct comparison,sum,
052035,Torrita di Siena,052035,Torrita di Siena,unchanged,,POSAS 2019/2025 direct comparison,sum,
052036,Trequanda,052036,Trequanda,unchanged,,POSAS 2019/2025 direct comparison,sum,
052037,Montalcino,052037,Montalcino,unchanged,,POSAS 2019/2025 direct comparison,sum,
053001,Arcidosso,053001,Arcidosso,unchanged,,POSAS 2019/2025 direct comparison,sum,
053002,Campagnatico,053002,Campagnatico,unchanged,,POSAS 2019/2025 direct comparison,sum,
053003,Capalbio,053003,Capalbio,unchanged,,POSAS 2019/2025 direct comparison,sum,
053004,Castel del Piano,053004,Castel del Piano,unchanged,,POSAS 2019/2025 direct comparison,sum,
053005,Castell'Azzara,053005,Castell'Azzara,unchanged,,POSAS 2019/2025 direct comparison,sum,
053006,Castiglione della Pescaia,053006,Castiglione della Pescaia,unchanged,,POSAS 2019/2025 direct comparison,sum,
053007,Cinigiano,053007,Cinigiano,unchanged,,POSAS 2019/2025 direct comparison,sum,
053008,Civitella Paganico,053008,Civitella Paganico,unchanged,,POSAS 2019/2025 direct comparison,sum,
053009,Follonica,053009,Follonica,unchanged,,POSAS 2019/2025 direct comparison,sum,
053010,Gavorrano,053010,Gavorrano,unchanged,,POSAS 2019/2025 direct comparison,sum,
053011,Grosseto,053011,Grosseto,unchanged,,POSAS 2019/2025 direct comparison,sum,
053012,Isola del Giglio,053012,Isola del Giglio,unchanged,,POSAS 2019/2025 direct comparison,sum,
053013,Magliano in Toscana,053013,Magliano in Toscana,unchanged,,POSAS 2019/2025 direct comparison,sum,
053014,Manciano,053014,Manciano,unchanged,,POSAS 2019/2025 direct comparison,sum,
053015,Massa Marittima,053015,Massa Marittima,unchanged,,POSAS 2019/2025 direct comparison,sum,
053016,Monte Argentario,053016,Monte Argentario,unchanged,,POSAS 2019/2025 direct comparison,sum,
053017,Montieri,053017,Montieri,unchanged,,POSAS 2019/2025 direct comparison,sum,
053018,Orbetello,053018,Orbetello,unchanged,,POSAS 2019/2025 direct comparison,sum,
053019,Pitigliano,053019,Pitigliano,unchanged,,POSAS 2019/2025 direct comparison,sum,
053020,Roccalbegna,053020,Roccalbegna,unchanged,,POSAS 2019/2025 direct comparison,sum,
053021,Roccastrada,053021,Roccastrada,unchanged,,POSAS 2019/2025 direct comparison,sum,
053022,Santa Fiora,053022,Santa Fiora,unchanged,,POSAS 2019/2025 direct comparison,sum,
053023,Scansano,053023,Scansano,unchanged,,POSAS 2019/2025 direct comparison,sum,
053024,Scarlino,053024,Scarlino,unchanged,,POSAS 2019/2025 direct comparison,sum,
053025,Seggiano,053025,Seggiano,unchanged,,POSAS 2019/2025 direct comparison,sum,
053026,Sorano,053026,Sorano,unchanged,,POSAS 2019/2025 direct comparison,sum,
053027,Monterotondo Marittimo,053027,Monterotondo Marittimo,unchanged,,POSAS 2019/2025 direct comparison,sum,
053028,Semproniano,053028,Semproniano,unchanged,,POSAS 2019/2025 direct comparison,sum,
054001,Assisi,054001,Assisi,unchanged,,POSAS 2019/2025 direct comparison,sum,
054002,Bastia Umbra,054002,Bastia Umbra,unchanged,,POSAS 2019/2025 direct comparison,sum,
054003,Bettona,054003,Bettona,unchanged,,POSAS 2019/2025 direct comparison,sum,
054004,Bevagna,054004,Bevagna,unchanged,,POSAS 2019/2025 direct comparison,sum,
054005,Campello sul Clitunno,054005,Campello sul Clitunno,unchanged,,POSAS 2019/2025 direct comparison,sum,
054006,Cannara,054006,Cannara,unchanged,,POSAS 2019/2025 direct comparison,sum,
054007,Cascia,054007,Cascia,unchanged,,POSAS 2019/2025 direct comparison,sum,
054008,Castel Ritaldi,054008,Castel Ritaldi,unchanged,,POSAS 2019/2025 direct comparison,sum,
054009,Castiglione del Lago,054009,Castiglione del Lago,unchanged,,POSAS 2019/2025 direct comparison,sum,
054010,Cerreto di Spoleto,054010,Cerreto di Spoleto,unchanged,,POSAS 2019/2025 direct comparison,sum,
054011,Citerna,054011,Citerna,unchanged,,POSAS 2019/2025 direct comparison,sum,
054012,Città della Pieve,054012,Città della Pieve,unchanged,,POSAS 2019/2025 direct comparison,sum,
054013,Città di Castello,054013,Città di Castello,unchanged,,POSAS 2019/2025 direct comparison,sum,
054014,Collazzone,054014,Collazzone,unchanged,,POSAS 2019/2025 direct comparison,sum,
054015,Corciano,054015,Corciano,unchanged,,POSAS 2019/2025 direct comparison,sum,
054016,Costacciaro,054016,Costacciaro,unchanged,,POSAS 2019/2025 direct comparison,sum,
054017,Deruta,054017,Deruta,unchanged,,POSAS 2019/2025 direct comparison,sum,
054018,Foligno,054018,Foligno,unchanged,,POSAS 2019/2025 direct comparison,sum,
054019,Fossato di Vico,054019,Fossato di Vico,unchanged,,POSAS 2019/2025 direct comparison,sum,
054020,Fratta Todina,054020,Fratta Todina,unchanged,,POSAS 2019/2025 direct comparison,sum,
054021,Giano dell'Umbria,054021,Giano dell'Umbria,unchanged,,POSAS 2019/2025 direct comparison,sum,
054022,Gualdo Cattaneo,054022,Gualdo Cattaneo,unchanged,,POSAS 2019/2025 direct comparison,sum,
054023,Gualdo Tadino,054023,Gualdo Tadino,unchanged,,POSAS 2019/2025 direct comparison,sum,
054024,Gubbio,054024,Gubbio,unchanged,,POSAS 2019/2025 direct comparison,sum,
054025,Lisciano Niccone,054025,Lisciano Niccone,unchanged,,POSAS 2019/2025 direct comparison,sum,
054026,Magione,054026,Magione,unchanged,,POSAS 2019/2025 direct comparison,sum,
054027,Marsciano,054027,Marsciano,unchanged,,POSAS 2019/2025 direct comparison,sum,
054028,Massa Martana,054028,Massa Martana,unchanged,,POSAS 2019/2025 direct comparison,sum,
054029,Monte Castello di Vibio,054029,Monte Castello di Vibio,unchanged,,POSAS 2019/2025 direct comparison,sum,
054030,Montefalco,054030,Montefalco,unchanged,,POSAS 2019/2025 direct comparison,sum,
054031,Monteleone di Spoleto,054031,Monteleone di Spoleto,unchanged,,POSAS 2019/2025 direct comparison,sum,
054032,Monte Santa Maria Tiberina,054032,Monte Santa Maria Tiberina,unchanged,,POSAS 2019/2025 direct comparison,sum,
054033,Montone,054033,Montone,unchanged,,POSAS 2019/2025 direct comparison,sum,
054034,Nocera Umbra,054034,Nocera Umbra,unchanged,,POSAS 2019/2025 direct comparison,sum,
054035,Norcia,054035,Norcia,unchanged,,POSAS 2019/2025 direct comparison,sum,
054036,Paciano,054036,Paciano,unchanged,,POSAS 2019/2025 direct comparison,sum,
054037,Panicale,054037,Panicale,unchanged,,POSAS 2019/2025 direct comparison,sum,
054038,Passignano sul Trasimeno,054038,Passignano sul Trasimeno,unchanged,,POSAS 2019/2025 direct comparison,sum,
054039,Perugia,054039,Perugia,unchanged,,POSAS 2019/2025 direct comparison,sum,
054040,Piegaro,054040,Piegaro,unchanged,,POSAS 2019/2025 direct comparison,sum,
054041,Pietralunga,054041,Pietralunga,unchanged,,POSAS 2019/2025 direct comparison,sum,
054042,Poggiodomo,054042,Poggiodomo,unchanged,,POSAS 2019/2025 direct comparison,sum,
054043,Preci,054043,Preci,unchanged,,POSAS 2019/2025 direct comparison,sum,
054044,San Giustino,054044,San Giustino,unchanged,,POSAS 2019/2025 direct comparison,sum,
054045,Sant'Anatolia di Narco,054045,Sant'Anatolia di Narco,unchanged,,POSAS 2019/2025 direct comparison,sum,
054046,Scheggia e Pascelupo,054046,Scheggia e Pascelupo,unchanged,,POSAS 2019/2025 direct comparison,sum,
054047,Scheggino,054047,Scheggino,unchanged,,POSAS 2019/2025 direct comparison,sum,
054048,Sellano,054048,Sellano,unchanged,,POSAS 2019/2025 direct comparison,sum,
054049,Sigillo,054049,Sigillo,unchanged,,POSAS 2019/2025 direct comparison,sum,
054050,Spello,054050,Spello,unchanged,,POSAS 2019/2025 direct comparison,sum,
054051,Spoleto,054051,Spoleto,unchanged,,POSAS 2019/2025 direct comparison,sum,
054052,Todi,054052,Todi,unchanged,,POSAS 2019/2025 direct comparison,sum,
054053,Torgiano,054053,Torgiano,unchanged,,POSAS 2019/2025 direct comparison,sum,
054054,Trevi,054054,Trevi,unchanged,,POSAS 2019/2025 direct comparison,sum,
054055,Tuoro sul Trasimeno,054055,Tuoro sul Trasimeno,unchanged,,POSAS 2019/2025 direct comparison,sum,
054056,Umbertide,054056,Umbertide,unchanged,,POSAS 2019/2025 direct comparison,sum,
054057,Valfabbrica,054057,Valfabbrica,unchanged,,POSAS 2019/2025 direct comparison,sum,
054058,Vallo di Nera,054058,Vallo di Nera,unchanged,,POSAS 2019/2025 direct comparison,sum,
054059,Valtopina,054059,Valtopina,unchanged,,POSAS 2019/2025 direct comparison,sum,
055001,Acquasparta,055001,Acquasparta,unchanged,,POSAS 2019/2025 direct comparison,sum,
055002,Allerona,055002,Allerona,unchanged,,POSAS 2019/2025 direct comparison,sum,
055003,Alviano,055003,Alviano,unchanged,,POSAS 2019/2025 direct comparison,sum,
055004,Amelia,055004,Amelia,unchanged,,POSAS 2019/2025 direct comparison,sum,
055005,Arrone,055005,Arrone,unchanged,,POSAS 2019/2025 direct comparison,sum,
055006,Attigliano,055006,Attigliano,unchanged,,POSAS 2019/2025 direct comparison,sum,
055007,Baschi,055007,Baschi,unchanged,,POSAS 2019/2025 direct comparison,sum,
055008,Calvi dell'Umbria,055008,Calvi dell'Umbria,unchanged,,POSAS 2019/2025 direct comparison,sum,
055009,Castel Giorgio,055009,Castel Giorgio,unchanged,,POSAS 2019/2025 direct comparison,sum,
055010,Castel Viscardo,055010,Castel Viscardo,unchanged,,POSAS 2019/2025 direct comparison,sum,
055011,Fabro,055011,Fabro,unchanged,,POSAS 2019/2025 direct comparison,sum,
055012,Ferentillo,055012,Ferentillo,unchanged,,POSAS 2019/2025 direct comparison,sum,
055013,Ficulle,055013,Ficulle,unchanged,,POSAS 2019/2025 direct comparison,sum,
055014,Giove,055014,Giove,unchanged,,POSAS 2019/2025 direct comparison,sum,
055015,Guardea,055015,Guardea,unchanged,,POSAS 2019/2025 direct comparison,sum,
055016,Lugnano in Teverina,055016,Lugnano in Teverina,unchanged,,POSAS 2019/2025 direct comparison,sum,
055017,Montecastrilli,055017,Montecastrilli,unchanged,,POSAS 2019/2025 direct comparison,sum,
055018,Montecchio,055018,Montecchio,unchanged,,POSAS 2019/2025 direct comparison,sum,
055019,Montefranco,055019,Montefranco,unchanged,,POSAS 2019/2025 direct comparison,sum,
055020,Montegabbione,055020,Montegabbione,unchanged,,POSAS 2019/2025 direct comparison,sum,
055021,Monteleone d'Orvieto,055021,Monteleone d'Orvieto,unchanged,,POSAS 2019/2025 direct comparison,sum,
055022,Narni,055022,Narni,unchanged,,POSAS 2019/2025 direct comparison,sum,
055023,Orvieto,055023,Orvieto,unchanged,,POSAS 2019/2025 direct comparison,sum,
055024,Otricoli,055024,Otricoli,unchanged,,POSAS 2019/2025 direct comparison,sum,
055025,Parrano,055025,Parrano,unchanged,,POSAS 2019/2025 direct comparison,sum,
055026,Penna in Teverina,055026,Penna in Teverina,unchanged,,POSAS 2019/2025 direct comparison,sum,
055027,Polino,055027,Polino,unchanged,,POSAS 2019/2025 direct comparison,sum,
055028,Porano,055028,Porano,unchanged,,POSAS 2019/2025 direct comparison,sum,
055029,San Gemini,055029,San Gemini,unchanged,,POSAS 2019/2025 direct comparison,sum,
055030,San Venanzo,055030,San Venanzo,unchanged,,POSAS 2019/2025 direct comparison,sum,
055031,Stroncone,055031,Stroncone,unchanged,,POSAS 2019/2025 direct comparison,sum,
055032,Terni,055032,Terni,unchanged,,POSAS 2019/2025 direct comparison,sum,
055033,Avigliano Umbro,055033,Avigliano Umbro,unchanged,,POSAS 2019/2025 direct comparison,sum,
056001,Acquapendente,056001,Acquapendente,unchanged,,POSAS 2019/2025 direct comparison,sum,
056002,Arlena di Castro,056002,Arlena di Castro,unchanged,,POSAS 2019/2025 direct comparison,sum,
056003,Bagnoregio,056003,Bagnoregio,unchanged,,POSAS 2019/2025 direct comparison,sum,
056004,Barbarano Romano,056004,Barbarano Romano,unchanged,,POSAS 2019/2025 direct comparison,sum,
056005,Bassano Romano,056005,Bassano Romano,unchanged,,POSAS 2019/2025 direct comparison,sum,
056006,Bassano in Teverina,056006,Bassano in Teverina,unchanged,,POSAS 2019/2025 direct comparison,sum,
056007,Blera,056007,Blera,unchanged,,POSAS 2019/2025 direct comparison,sum,
056008,Bolsena,056008,Bolsena,unchanged,,POSAS 2019/2025 direct comparison,sum,
056009,Bomarzo,056009,Bomarzo,unchanged,,POSAS 2019/2025 direct comparison,sum,
056010,Calcata,056010,Calcata,unchanged,,POSAS 2019/2025 direct comparison,sum,
056011,Canepina,056011,Canepina,unchanged,,POSAS 2019/2025 direct comparison,sum,
056012,Canino,056012,Canino,unchanged,,POSAS 2019/2025 direct comparison,sum,
056013,Capodimonte,056013,Capodimonte,unchanged,,POSAS 2019/2025 direct comparison,sum,
056014,Capranica,056014,Capranica,unchanged,,POSAS 2019/2025 direct comparison,sum,
056015,Caprarola,056015,Caprarola,unchanged,,POSAS 2019/2025 direct comparison,sum,
056016,Carbognano,056016,Carbognano,unchanged,,POSAS 2019/2025 direct comparison,sum,
056017,Castel Sant'Elia,056017,Castel Sant'Elia,unchanged,,POSAS 2019/2025 direct comparison,sum,
056018,Castiglione in Teverina,056018,Castiglione in Teverina,unchanged,,POSAS 2019/2025 direct comparison,sum,
056019,Celleno,056019,Celleno,unchanged,,POSAS 2019/2025 direct comparison,sum,
056020,Cellere,056020,Cellere,unchanged,,POSAS 2019/2025 direct comparison,sum,
056021,Civita Castellana,056021,Civita Castellana,unchanged,,POSAS 2019/2025 direct comparison,sum,
056022,Civitella d'Agliano,056022,Civitella d'Agliano,unchanged,,POSAS 2019/2025 direct comparison,sum,
056023,Corchiano,056023,Corchiano,unchanged,,POSAS 2019/2025 direct comparison,sum,
056024,Fabrica di Roma,056024,Fabrica di Roma,unchanged,,POSAS 2019/2025 direct comparison,sum,
056025,Faleria,056025,Faleria,unchanged,,POSAS 2019/2025 direct comparison,sum,
056026,Farnese,056026,Farnese,unchanged,,POSAS 2019/2025 direct comparison,sum,
056027,Gallese,056027,Gallese,unchanged,,POSAS 2019/2025 direct comparison,sum,
056028,Gradoli,056028,Gradoli,unchanged,,POSAS 2019/2025 direct comparison,sum,
056029,Graffignano,056029,Graffignano,unchanged,,POSAS 2019/2025 direct comparison,sum,
056030,Grotte di Castro,056030,Grotte di Castro,unchanged,,POSAS 2019/2025 direct comparison,sum,
056031,Ischia di Castro,056031,Ischia di Castro,unchanged,,POSAS 2019/2025 direct comparison,sum,
056032,Latera,056032,Latera,unchanged,,POSAS 2019/2025 direct comparison,sum,
056033,Lubriano,056033,Lubriano,unchanged,,POSAS 2019/2025 direct comparison,sum,
056034,Marta,056034,Marta,unchanged,,POSAS 2019/2025 direct comparison,sum,
056035,Montalto di Castro,056035,Montalto di Castro,unchanged,,POSAS 2019/2025 direct comparison,sum,
056036,Montefiascone,056036,Montefiascone,unchanged,,POSAS 2019/2025 direct comparison,sum,
056037,Monte Romano,056037,Monte Romano,unchanged,,POSAS 2019/2025 direct comparison,sum,
056038,Monterosi,056038,Monterosi,unchanged,,POSAS 2019/2025 direct comparison,sum,
056039,Nepi,056039,Nepi,unchanged,,POSAS 2019/2025 direct comparison,sum,
056040,Onano,056040,Onano,unchanged,,POSAS 2019/2025 direct comparison,sum,
056041,Oriolo Romano,056041,Oriolo Romano,unchanged,,POSAS 2019/2025 direct comparison,sum,
056042,Orte,056042,Orte,unchanged,,POSAS 2019/2025 direct comparison,sum,
056043,Piansano,056043,Piansano,unchanged,,POSAS 2019/2025 direct comparison,sum,
056044,Proceno,056044,Proceno,unchanged,,POSAS 2019/2025 direct comparison,sum,
056045,Ronciglione,056045,Ronciglione,unchanged,,POSAS 2019/2025 direct comparison,sum,
056046,Villa San Giovanni in Tuscia,056046,Villa San Giovanni in Tuscia,unchanged,,POSAS 2019/2025 direct comparison,sum,
056047,San Lorenzo Nuovo,056047,San Lorenzo Nuovo,unchanged,,POSAS 2019/2025 direct comparison,sum,
056048,Soriano nel Cimino,056048,Soriano nel Cimino,unchanged,,POSAS 2019/2025 direct comparison,sum,
056049,Sutri,056049,Sutri,unchanged,,POSAS 2019/2025 direct comparison,sum,
056050,Tarquinia,056050,Tarquinia,unchanged,,POSAS 2019/2025 direct comparison,sum,
056051,Tessennano,056051,Tessennano,unchanged,,POSAS 2019/2025 direct comparison,sum,
056052,Tuscania,056052,Tuscania,unchanged,,POSAS 2019/2025 direct comparison,sum,
056053,Valentano,056053,Valentano,unchanged,,POSAS 2019/2025 direct comparison,sum,
056054,Vallerano,056054,Vallerano,unchanged,,POSAS 2019/2025 direct comparison,sum,
056055,Vasanello,056055,Vasanello,unchanged,,POSAS 2019/2025 direct comparison,sum,
056056,Vejano,056056,Vejano,unchanged,,POSAS 2019/2025 direct comparison,sum,
056057,Vetralla,056057,Vetralla,unchanged,,POSAS 2019/2025 direct comparison,sum,
056058,Vignanello,056058,Vignanello,unchanged,,POSAS 2019/2025 direct comparison,sum,
056059,Viterbo,056059,Viterbo,unchanged,,POSAS 2019/2025 direct comparison,sum,
056060,Vitorchiano,056060,Vitorchiano,unchanged,,POSAS 2019/2025 direct comparison,sum,
057001,Accumoli,057001,Accumoli,unchanged,,POSAS 2019/2025 direct comparison,sum,
057002,Amatrice,057002,Amatrice,unchanged,,POSAS 2019/2025 direct comparison,sum,
057003,Antrodoco,057003,Antrodoco,unchanged,,POSAS 2019/2025 direct comparison,sum,
057004,Ascrea,057004,Ascrea,unchanged,,POSAS 2019/2025 direct comparison,sum,
057005,Belmonte in Sabina,057005,Belmonte in Sabina,unchanged,,POSAS 2019/2025 direct comparison,sum,
057006,Borbona,057006,Borbona,unchanged,,POSAS 2019/2025 direct comparison,sum,
057007,Borgorose,057007,Borgorose,unchanged,,POSAS 2019/2025 direct comparison,sum,
057008,Borgo Velino,057008,Borgo Velino,unchanged,,POSAS 2019/2025 direct comparison,sum,
057009,Cantalice,057009,Cantalice,unchanged,,POSAS 2019/2025 direct comparison,sum,
057010,Cantalupo in Sabina,057010,Cantalupo in Sabina,unchanged,,POSAS 2019/2025 direct comparison,sum,
057011,Casaprota,057011,Casaprota,unchanged,,POSAS 2019/2025 direct comparison,sum,
057012,Casperia,057012,Casperia,unchanged,,POSAS 2019/2025 direct comparison,sum,
057013,Castel di Tora,057013,Castel di Tora,unchanged,,POSAS 2019/2025 direct comparison,sum,
057014,Castelnuovo di Farfa,057014,Castelnuovo di Farfa,unchanged,,POSAS 2019/2025 direct comparison,sum,
057015,Castel Sant'Angelo,057015,Castel Sant'Angelo,unchanged,,POSAS 2019/2025 direct comparison,sum,
057016,Cittaducale,057016,Cittaducale,unchanged,,POSAS 2019/2025 direct comparison,sum,
057017,Cittareale,057017,Cittareale,unchanged,,POSAS 2019/2025 direct comparison,sum,
057018,Collalto Sabino,057018,Collalto Sabino,unchanged,,POSAS 2019/2025 direct comparison,sum,
057019,Colle di Tora,057019,Colle di Tora,unchanged,,POSAS 2019/2025 direct comparison,sum,
057020,Collegiove,057020,Collegiove,unchanged,,POSAS 2019/2025 direct comparison,sum,
057021,Collevecchio,057021,Collevecchio,unchanged,,POSAS 2019/2025 direct comparison,sum,
057022,Colli sul Velino,057022,Colli sul Velino,unchanged,,POSAS 2019/2025 direct comparison,sum,
057023,Concerviano,057023,Concerviano,unchanged,,POSAS 2019/2025 direct comparison,sum,
057024,Configni,057024,Configni,unchanged,,POSAS 2019/2025 direct comparison,sum,
057025,Contigliano,057025,Contigliano,unchanged,,POSAS 2019/2025 direct comparison,sum,
057026,Cottanello,057026,Cottanello,unchanged,,POSAS 2019/2025 direct comparison,sum,
057027,Fara in Sabina,057027,Fara in Sabina,unchanged,,POSAS 2019/2025 direct comparison,sum,
057028,Fiamignano,057028,Fiamignano,unchanged,,POSAS 2019/2025 direct comparison,sum,
057029,Forano,057029,Forano,unchanged,,POSAS 2019/2025 direct comparison,sum,
057030,Frasso Sabino,057030,Frasso Sabino,unchanged,,POSAS 2019/2025 direct comparison,sum,
057031,Greccio,057031,Greccio,unchanged,,POSAS 2019/2025 direct comparison,sum,
057032,Labro,057032,Labro,unchanged,,POSAS 2019/2025 direct comparison,sum,
057033,Leonessa,057033,Leonessa,unchanged,,POSAS 2019/2025 direct comparison,sum,
057034,Longone Sabino,057034,Longone Sabino,unchanged,,POSAS 2019/2025 direct comparison,sum,
057035,Magliano Sabina,057035,Magliano Sabina,unchanged,,POSAS 2019/2025 direct comparison,sum,
057036,Marcetelli,057036,Marcetelli,unchanged,,POSAS 2019/2025 direct comparison,sum,
057037,Micigliano,057037,Micigliano,unchanged,,POSAS 2019/2025 direct comparison,sum,
057038,Mompeo,057038,Mompeo,unchanged,,POSAS 2019/2025 direct comparison,sum,
057039,Montasola,057039,Montasola,unchanged,,POSAS 2019/2025 direct comparison,sum,
057040,Montebuono,057040,Montebuono,unchanged,,POSAS 2019/2025 direct comparison,sum,
057041,Monteleone Sabino,057041,Monteleone Sabino,unchanged,,POSAS 2019/2025 direct comparison,sum,
057042,Montenero Sabino,057042,Montenero Sabino,unchanged,,POSAS 2019/2025 direct comparison,sum,
057043,Monte San Giovanni in Sabina,057043,Monte San Giovanni in Sabina,unchanged,,POSAS 2019/2025 direct comparison,sum,
057044,Montopoli di Sabina,057044,Montopoli di Sabina,unchanged,,POSAS 2019/2025 direct comparison,sum,
057045,Morro Reatino,057045,Morro Reatino,unchanged,,POSAS 2019/2025 direct comparison,sum,
057046,Nespolo,057046,Nespolo,unchanged,,POSAS 2019/2025 direct comparison,sum,
057047,Orvinio,057047,Orvinio,unchanged,,POSAS 2019/2025 direct comparison,sum,
057048,Paganico Sabino,057048,Paganico Sabino,unchanged,,POSAS 2019/2025 direct comparison,sum,
057049,Pescorocchiano,057049,Pescorocchiano,unchanged,,POSAS 2019/2025 direct comparison,sum,
057050,Petrella Salto,057050,Petrella Salto,unchanged,,POSAS 2019/2025 direct comparison,sum,
057051,Poggio Bustone,057051,Poggio Bustone,unchanged,,POSAS 2019/2025 direct comparison,sum,
057052,Poggio Catino,057052,Poggio Catino,unchanged,,POSAS 2019/2025 direct comparison,sum,
057053,Poggio Mirteto,057053,Poggio Mirteto,unchanged,,POSAS 2019/2025 direct comparison,sum,
057054,Poggio Moiano,057054,Poggio Moiano,unchanged,,POSAS 2019/2025 direct comparison,sum,
057055,Poggio Nativo,057055,Poggio Nativo,unchanged,,POSAS 2019/2025 direct comparison,sum,
057056,Poggio San Lorenzo,057056,Poggio San Lorenzo,unchanged,,POSAS 2019/2025 direct comparison,sum,
057057,Posta,057057,Posta,unchanged,,POSAS 2019/2025 direct comparison,sum,
057058,Pozzaglia Sabina,057058,Pozzaglia Sabina,unchanged,,POSAS 2019/2025 direct comparison,sum,
057059,Rieti,057059,Rieti,unchanged,,POSAS 2019/2025 direct comparison,sum,
057060,Rivodutri,057060,Rivodutri,unchanged,,POSAS 2019/2025 direct comparison,sum,
057061,Roccantica,057061,Roccantica,unchanged,,POSAS 2019/2025 direct comparison,sum,
057062,Rocca Sinibalda,057062,Rocca Sinibalda,unchanged,,POSAS 2019/2025 direct comparison,sum,
057063,Salisano,057063,Salisano,unchanged,,POSAS 2019/2025 direct comparison,sum,
057064,Scandriglia,057064,Scandriglia,unchanged,,POSAS 2019/2025 direct comparison,sum,
057065,Selci,057065,Selci,unchanged,,POSAS 2019/2025 direct comparison,sum,
057066,Stimigliano,057066,Stimigliano,unchanged,,POSAS 2019/2025 direct comparison,sum,
057067,Tarano,057067,Tarano,unchanged,,POSAS 2019/2025 direct comparison,sum,
057068,Toffia,057068,Toffia,unchanged,,POSAS 2019/2025 direct comparison,sum,
057069,Torricella in Sabina,057069,Torricella in Sabina,unchanged,,POSAS 2019/2025 direct comparison,sum,
057070,Torri in Sabina,057070,Torri in Sabina,unchanged,,POSAS 2019/2025 direct comparison,sum,
057071,Turania,057071,Turania,unchanged,,POSAS 2019/2025 direct comparison,sum,
057072,Vacone,057072,Vacone,unchanged,,POSAS 2019/2025 direct comparison,sum,
057073,Varco Sabino,057073,Varco Sabino,unchanged,,POSAS 2019/2025 direct comparison,sum,
058001,Affile,058001,Affile,unchanged,,POSAS 2019/2025 direct comparison,sum,
058002,Agosta,058002,Agosta,unchanged,,POSAS 2019/2025 direct comparison,sum,
058003,Albano Laziale,058003,Albano Laziale,unchanged,,POSAS 2019/2025 direct comparison,sum,
058004,Allumiere,058004,Allumiere,unchanged,,POSAS 2019/2025 direct comparison,sum,
058005,Anguillara Sabazia,058005,Anguillara Sabazia,unchanged,,POSAS 2019/2025 direct comparison,sum,
058006,Anticoli Corrado,058006,Anticoli Corrado,unchanged,,POSAS 2019/2025 direct comparison,sum,
058007,Anzio,058007,Anzio,unchanged,,POSAS 2019/2025 direct comparison,sum,
058008,Arcinazzo Romano,058008,Arcinazzo Romano,unchanged,,POSAS 2019/2025 direct comparison,sum,
058009,Ariccia,058009,Ariccia,unchanged,,POSAS 2019/2025 direct comparison,sum,
058010,Arsoli,058010,Arsoli,unchanged,,POSAS 2019/2025 direct comparison,sum,
058011,Artena,058011,Artena,unchanged,,POSAS 2019/2025 direct comparison,sum,
058012,Bellegra,058012,Bellegra,unchanged,,POSAS 2019/2025 direct comparison,sum,
058013,Bracciano,058013,Bracciano,unchanged,,POSAS 2019/2025 direct comparison,sum,
058014,Camerata Nuova,058014,Camerata Nuova,unchanged,,POSAS 2019/2025 direct comparison,sum,
058015,Campagnano di Roma,058015,Campagnano di Roma,unchanged,,POSAS 2019/2025 direct comparison,sum,
058016,Canale Monterano,058016,Canale Monterano,unchanged,,POSAS 2019/2025 direct comparison,sum,
058017,Canterano,058017,Canterano,unchanged,,POSAS 2019/2025 direct comparison,sum,
058018,Capena,058018,Capena,unchanged,,POSAS 2019/2025 direct comparison,sum,
058019,Capranica Prenestina,058019,Capranica Prenestina,unchanged,,POSAS 2019/2025 direct comparison,sum,
058020,Carpineto Romano,058020,Carpineto Romano,unchanged,,POSAS 2019/2025 direct comparison,sum,
058021,Casape,058021,Casape,unchanged,,POSAS 2019/2025 direct comparison,sum,
058022,Castel Gandolfo,058022,Castel Gandolfo,unchanged,,POSAS 2019/2025 direct comparison,sum,
058023,Castel Madama,058023,Castel Madama,unchanged,,POSAS 2019/2025 direct comparison,sum,
058024,Castelnuovo di Porto,058024,Castelnuovo di Porto,unchanged,,POSAS 2019/2025 direct comparison,sum,
058025,Castel San Pietro Romano,058025,Castel San Pietro Romano,unchanged,,POSAS 2019/2025 direct comparison,sum,
058026,Cave,058026,Cave,unchanged,,POSAS 2019/2025 direct comparison,sum,
058027,Cerreto Laziale,058027,Cerreto Laziale,unchanged,,POSAS 2019/2025 direct comparison,sum,
058028,Cervara di Roma,058028,Cervara di Roma,unchanged,,POSAS 2019/2025 direct comparison,sum,
058029,Cerveteri,058029,Cerveteri,unchanged,,POSAS 2019/2025 direct comparison,sum,
058030,Ciciliano,058030,Ciciliano,unchanged,,POSAS 2019/2025 direct comparison,sum,
058031,Cineto Romano,058031,Cineto Romano,unchanged,,POSAS 2019/2025 direct comparison,sum,
058032,Civitavecchia,058032,Civitavecchia,unchanged,,POSAS 2019/2025 direct comparison,sum,
058033,Civitella San Paolo,058033,Civitella San Paolo,unchanged,,POSAS 2019/2025 direct comparison,sum,
058034,Colleferro,058034,Colleferro,unchanged,,POSAS 2019/2025 direct comparison,sum,
058035,Colonna,058035,Colonna,unchanged,,POSAS 2019/2025 direct comparison,sum,
058036,Fiano Romano,058036,Fiano Romano,unchanged,,POSAS 2019/2025 direct comparison,sum,
058037,Filacciano,058037,Filacciano,unchanged,,POSAS 2019/2025 direct comparison,sum,
058038,Formello,058038,Formello,unchanged,,POSAS 2019/2025 direct comparison,sum,
058039,Frascati,058039,Frascati,unchanged,,POSAS 2019/2025 direct comparison,sum,
058040,Gallicano nel Lazio,058040,Gallicano nel Lazio,unchanged,,POSAS 2019/2025 direct comparison,sum,
058041,Gavignano,058041,Gavignano,unchanged,,POSAS 2019/2025 direct comparison,sum,
058042,Genazzano,058042,Genazzano,unchanged,,POSAS 2019/2025 direct comparison,sum,
058043,Genzano di Roma,058043,Genzano di Roma,unchanged,,POSAS 2019/2025 direct comparison,sum,
058044,Gerano,058044,Gerano,unchanged,,POSAS 2019/2025 direct comparison,sum,
058045,Gorga,058045,Gorga,unchanged,,POSAS 2019/2025 direct comparison,sum,
058046,Grottaferrata,058046,Grottaferrata,unchanged,,POSAS 2019/2025 direct comparison,sum,
058047,Guidonia Montecelio,058047,Guidonia Montecelio,unchanged,,POSAS 2019/2025 direct comparison,sum,
058048,Jenne,058048,Jenne,unchanged,,POSAS 2019/2025 direct comparison,sum,
058049,Labico,058049,Labico,unchanged,,POSAS 2019/2025 direct comparison,sum,
058050,Lanuvio,058050,Lanuvio,unchanged,,POSAS 2019/2025 direct comparison,sum,
058051,Licenza,058051,Licenza,unchanged,,POSAS 2019/2025 direct comparison,sum,
058052,Magliano Romano,058052,Magliano Romano,unchanged,,POSAS 2019/2025 direct comparison,sum,
058053,Mandela,058053,Mandela,unchanged,,POSAS 2019/2025 direct comparison,sum,
058054,Manziana,058054,Manziana,unchanged,,POSAS 2019/2025 direct comparison,sum,
058055,Marano Equo,058055,Marano Equo,unchanged,,POSAS 2019/2025 direct comparison,sum,
058056,Marcellina,058056,Marcellina,unchanged,,POSAS 2019/2025 direct comparison,sum,
058057,Marino,058057,Marino,unchanged,,POSAS 2019/2025 direct comparison,sum,
058058,Mazzano Romano,058058,Mazzano Romano,unchanged,,POSAS 2019/2025 direct comparison,sum,
058059,Mentana,058059,Mentana,unchanged,,POSAS 2019/2025 direct comparison,sum,
058060,Monte Compatri,058060,Monte Compatri,unchanged,,POSAS 2019/2025 direct comparison,sum,
058061,Monteflavio,058061,Monteflavio,unchanged,,POSAS 2019/2025 direct comparison,sum,
058062,Montelanico,058062,Montelanico,unchanged,,POSAS 2019/2025 direct comparison,sum,
058063,Montelibretti,058063,Montelibretti,unchanged,,POSAS 2019/2025 direct comparison,sum,
058064,Monte Porzio Catone,058064,Monte Porzio Catone,unchanged,,POSAS 2019/2025 direct comparison,sum,
058065,Monterotondo,058065,Monterotondo,unchanged,,POSAS 2019/2025 direct comparison,sum,
058066,Montorio Romano,058066,Montorio Romano,unchanged,,POSAS 2019/2025 direct comparison,sum,
058067,Moricone,058067,Moricone,unchanged,,POSAS 2019/2025 direct comparison,sum,
058068,Morlupo,058068,Morlupo,unchanged,,POSAS 2019/2025 direct comparison,sum,
058069,Nazzano,058069,Nazzano,unchanged,,POSAS 2019/2025 direct comparison,sum,
058070,Nemi,058070,Nemi,unchanged,,POSAS 2019/2025 direct comparison,sum,
058071,Nerola,058071,Nerola,unchanged,,POSAS 2019/2025 direct comparison,sum,
058072,Nettuno,058072,Nettuno,unchanged,,POSAS 2019/2025 direct comparison,sum,
058073,Olevano Romano,058073,Olevano Romano,unchanged,,POSAS 2019/2025 direct comparison,sum,
058074,Palestrina,058074,Palestrina,unchanged,,POSAS 2019/2025 direct comparison,sum,
058075,Palombara Sabina,058075,Palombara Sabina,unchanged,,POSAS 2019/2025 direct comparison,sum,
058076,Percile,058076,Percile,unchanged,,POSAS 2019/2025 direct comparison,sum,
058077,Pisoniano,058077,Pisoniano,unchanged,,POSAS 2019/2025 direct comparison,sum,
058078,Poli,058078,Poli,unchanged,,POSAS 2019/2025 direct comparison,sum,
058079,Pomezia,058079,Pomezia,unchanged,,POSAS 2019/2025 direct comparison,sum,
058080,Ponzano Romano,058080,Ponzano Romano,unchanged,,POSAS 2019/2025 direct comparison,sum,
058081,Riano,058081,Riano,unchanged,,POSAS 2019/2025 direct comparison,sum,
058082,Rignano Flaminio,058082,Rignano Flaminio,unchanged,,POSAS 2019/2025 direct comparison,sum,
058083,Riofreddo,058083,Riofreddo,unchanged,,POSAS 2019/2025 direct comparison,sum,
058084,Rocca Canterano,058084,Rocca Canterano,unchanged,,POSAS 2019/2025 direct comparison,sum,
058085,Rocca di Cave,058085,Rocca di Cave,unchanged,,POSAS 2019/2025 direct comparison,sum,
058086,Rocca di Papa,058086,Rocca di Papa,unchanged,,POSAS 2019/2025 direct comparison,sum,
058087,Roccagiovine,058087,Roccagiovine,unchanged,,POSAS 2019/2025 direct comparison,sum,
058088,Rocca Priora,058088,Rocca Priora,unchanged,,POSAS 2019/2025 direct comparison,sum,
058089,Rocca Santo Stefano,058089,Rocca Santo Stefano,unchanged,,POSAS 2019/2025 direct comparison,sum,
058090,Roiate,058090,Roiate,unchanged,,POSAS 2019/2025 direct comparison,sum,
058091,Roma,058091,Roma,unchanged,,POSAS 2019/2025 direct comparison,sum,
058092,Roviano,058092,Roviano,unchanged,,POSAS 2019/2025 direct comparison,sum,
058093,Sacrofano,058093,Sacrofano,unchanged,,POSAS 2019/2025 direct comparison,sum,
058094,Sambuci,058094,Sambuci,unchanged,,POSAS 2019/2025 direct comparison,sum,
058095,San Gregorio da Sassola,058095,San Gregorio da Sassola,unchanged,,POSAS 2019/2025 direct comparison,sum,
058096,San Polo dei Cavalieri,058096,San Polo dei Cavalieri,unchanged,,POSAS 2019/2025 direct comparison,sum,
058097,Santa Marinella,058097,Santa Marinella,unchanged,,POSAS 2019/2025 direct comparison,sum,
058098,Sant'Angelo Romano,058098,Sant'Angelo Romano,unchanged,,POSAS 2019/2025 direct comparison,sum,
058099,Sant'Oreste,058099,Sant'Oreste,unchanged,,POSAS 2019/2025 direct comparison,sum,
058100,San Vito Romano,058100,San Vito Romano,unchanged,,POSAS 2019/2025 direct comparison,sum,
058101,Saracinesco,058101,Saracinesco,unchanged,,POSAS 2019/2025 direct comparison,sum,
058102,Segni,058102,Segni,unchanged,,POSAS 2019/2025 direct comparison,sum,
058103,Subiaco,058103,Subiaco,unchanged,,POSAS 2019/2025 direct comparison,sum,
058104,Tivoli,058104,Tivoli,unchanged,,POSAS 2019/2025 direct comparison,sum,
058105,Tolfa,058105,Tolfa,unchanged,,POSAS 2019/2025 direct comparison,sum,
058106,Torrita Tiberina,058106,Torrita Tiberina,unchanged,,POSAS 2019/2025 direct comparison,sum,
058107,Trevignano Romano,058107,Trevignano Romano,unchanged,,POSAS 2019/2025 direct comparison,sum,
058108,Vallepietra,058108,Vallepietra,unchanged,,POSAS 2019/2025 direct comparison,sum,
058109,Vallinfreda,058109,Vallinfreda,unchanged,,POSAS 2019/2025 direct comparison,sum,
058110,Valmontone,058110,Valmontone,unchanged,,POSAS 2019/2025 direct comparison,sum,
058111,Velletri,058111,Velletri,unchanged,,POSAS 2019/2025 direct comparison,sum,
058112,Vicovaro,058112,Vicovaro,unchanged,,POSAS 2019/2025 direct comparison,sum,
058113,Vivaro Romano,058113,Vivaro Romano,unchanged,,POSAS 2019/2025 direct comparison,sum,
058114,Zagarolo,058114,Zagarolo,unchanged,,POSAS 2019/2025 direct comparison,sum,
058115,Lariano,058115,Lariano,unchanged,,POSAS 2019/2025 direct comparison,sum,
058116,Ladispoli,058116,Ladispoli,unchanged,,POSAS 2019/2025 direct comparison,sum,
058117,Ardea,058117,Ardea,unchanged,,POSAS 2019/2025 direct comparison,sum,
058118,Ciampino,058118,Ciampino,unchanged,,POSAS 2019/2025 direct comparison,sum,
058119,San Cesareo,058119,San Cesareo,unchanged,,POSAS 2019/2025 direct comparison,sum,
058120,Fiumicino,058120,Fiumicino,unchanged,,POSAS 2019/2025 direct comparison,sum,
058122,Fonte Nuova,058122,Fonte Nuova,unchanged,,POSAS 2019/2025 direct comparison,sum,
059001,Aprilia,059001,Aprilia,unchanged,,POSAS 2019/2025 direct comparison,sum,
059002,Bassiano,059002,Bassiano,unchanged,,POSAS 2019/2025 direct comparison,sum,
059003,Campodimele,059003,Campodimele,unchanged,,POSAS 2019/2025 direct comparison,sum,
059004,Castelforte,059004,Castelforte,unchanged,,POSAS 2019/2025 direct comparison,sum,
059005,Cisterna di Latina,059005,Cisterna di Latina,unchanged,,POSAS 2019/2025 direct comparison,sum,
059006,Cori,059006,Cori,unchanged,,POSAS 2019/2025 direct comparison,sum,
059007,Fondi,059007,Fondi,unchanged,,POSAS 2019/2025 direct comparison,sum,
059008,Formia,059008,Formia,unchanged,,POSAS 2019/2025 direct comparison,sum,
059009,Gaeta,059009,Gaeta,unchanged,,POSAS 2019/2025 direct comparison,sum,
059010,Itri,059010,Itri,unchanged,,POSAS 2019/2025 direct comparison,sum,
059011,Latina,059011,Latina,unchanged,,POSAS 2019/2025 direct comparison,sum,
059012,Lenola,059012,Lenola,unchanged,,POSAS 2019/2025 direct comparison,sum,
059013,Maenza,059013,Maenza,unchanged,,POSAS 2019/2025 direct comparison,sum,
059014,Minturno,059014,Minturno,unchanged,,POSAS 2019/2025 direct comparison,sum,
059015,Monte San Biagio,059015,Monte San Biagio,unchanged,,POSAS 2019/2025 direct comparison,sum,
059016,Norma,059016,Norma,unchanged,,POSAS 2019/2025 direct comparison,sum,
059017,Pontinia,059017,Pontinia,unchanged,,POSAS 2019/2025 direct comparison,sum,
059018,Ponza,059018,Ponza,unchanged,,POSAS 2019/2025 direct comparison,sum,
059019,Priverno,059019,Priverno,unchanged,,POSAS 2019/2025 direct comparison,sum,
059020,Prossedi,059020,Prossedi,unchanged,,POSAS 2019/2025 direct comparison,sum,
059021,Roccagorga,059021,Roccagorga,unchanged,,POSAS 2019/2025 direct comparison,sum,
059022,Rocca Massima,059022,Rocca Massima,unchanged,,POSAS 2019/2025 direct comparison,sum,
059023,Roccasecca dei Volsci,059023,Roccasecca dei Volsci,unchanged,,POSAS 2019/2025 direct comparison,sum,
059024,Sabaudia,059024,Sabaudia,unchanged,,POSAS 2019/2025 direct comparison,sum,
059025,San Felice Circeo,059025,San Felice Circeo,unchanged,,POSAS 2019/2025 direct comparison,sum,
059026,Santi Cosma e Damiano,059026,Santi Cosma e Damiano,unchanged,,POSAS 2019/2025 direct comparison,sum,
059027,Sermoneta,059027,Sermoneta,unchanged,,POSAS 2019/2025 direct comparison,sum,
059028,Sezze,059028,Sezze,unchanged,,POSAS 2019/2025 direct comparison,sum,
059029,Sonnino,059029,Sonnino,unchanged,,POSAS 2019/2025 direct comparison,sum,
059030,Sperlonga,059030,Sperlonga,unchanged,,POSAS 2019/2025 direct comparison,sum,
059031,Spigno Saturnia,059031,Spigno Saturnia,unchanged,,POSAS 2019/2025 direct comparison,sum,
059032,Terracina,059032,Terracina,unchanged,,POSAS 2019/2025 direct comparison,sum,
059033,Ventotene,059033,Ventotene,unchanged,,POSAS 2019/2025 direct comparison,sum,
060001,Acquafondata,060001,Acquafondata,unchanged,,POSAS 2019/2025 direct comparison,sum,
060002,Acuto,060002,Acuto,unchanged,,POSAS 2019/2025 direct comparison,sum,
060003,Alatri,060003,Alatri,unchanged,,POSAS 2019/2025 direct comparison,sum,
060004,Alvito,060004,Alvito,unchanged,,POSAS 2019/2025 direct comparison,sum,
060005,Amaseno,060005,Amaseno,unchanged,,POSAS 2019/2025 direct comparison,sum,
060006,Anagni,060006,Anagni,unchanged,,POSAS 2019/2025 direct comparison,sum,
060007,Aquino,060007,Aquino,unchanged,,POSAS 2019/2025 direct comparison,sum,
060008,Arce,060008,Arce,unchanged,,POSAS 2019/2025 direct comparison,sum,
060009,Arnara,060009,Arnara,unchanged,,POSAS 2019/2025 direct comparison,sum,
060010,Arpino,060010,Arpino,unchanged,,POSAS 2019/2025 direct comparison,sum,
060011,Atina,060011,Atina,unchanged,,POSAS 2019/2025 direct comparison,sum,
060012,Ausonia,060012,Ausonia,unchanged,,POSAS 2019/2025 direct comparison,sum,
060013,Belmonte Castello,060013,Belmonte Castello,unchanged,,POSAS 2019/2025 direct comparison,sum,
060014,Boville Ernica,060014,Boville Ernica,unchanged,,POSAS 2019/2025 direct comparison,sum,
060015,Broccostella,060015,Broccostella,unchanged,,POSAS 2019/2025 direct comparison,sum,
060016,Campoli Appennino,060016,Campoli Appennino,unchanged,,POSAS 2019/2025 direct comparison,sum,
060017,Casalattico,060017,Casalattico,unchanged,,POSAS 2019/2025 direct comparison,sum,
060018,Casalvieri,060018,Casalvieri,unchanged,,POSAS 2019/2025 direct comparison,sum,
060019,Cassino,060019,Cassino,unchanged,,POSAS 2019/2025 direct comparison,sum,
060020,Castelliri,060020,Castelliri,unchanged,,POSAS 2019/2025 direct comparison,sum,
060021,Castelnuovo Parano,060021,Castelnuovo Parano,unchanged,,POSAS 2019/2025 direct comparison,sum,
060022,Castrocielo,060022,Castrocielo,unchanged,,POSAS 2019/2025 direct comparison,sum,
060023,Castro dei Volsci,060023,Castro dei Volsci,unchanged,,POSAS 2019/2025 direct comparison,sum,
060024,Ceccano,060024,Ceccano,unchanged,,POSAS 2019/2025 direct comparison,sum,
060025,Ceprano,060025,Ceprano,unchanged,,POSAS 2019/2025 direct comparison,sum,
060026,Cervaro,060026,Cervaro,unchanged,,POSAS 2019/2025 direct comparison,sum,
060027,Colfelice,060027,Colfelice,unchanged,,POSAS 2019/2025 direct comparison,sum,
060028,Collepardo,060028,Collepardo,unchanged,,POSAS 2019/2025 direct comparison,sum,
060029,Colle San Magno,060029,Colle San Magno,unchanged,,POSAS 2019/2025 direct comparison,sum,
060030,Coreno Ausonio,060030,Coreno Ausonio,unchanged,,POSAS 2019/2025 direct comparison,sum,
060031,Esperia,060031,Esperia,unchanged,,POSAS 2019/2025 direct comparison,sum,
060032,Falvaterra,060032,Falvaterra,unchanged,,POSAS 2019/2025 direct comparison,sum,
060033,Ferentino,060033,Ferentino,unchanged,,POSAS 2019/2025 direct comparison,sum,
060034,Filettino,060034,Filettino,unchanged,,POSAS 2019/2025 direct comparison,sum,
060035,Fiuggi,060035,Fiuggi,unchanged,,POSAS 2019/2025 direct comparison,sum,
060036,Fontana Liri,060036,Fontana Liri,unchanged,,POSAS 2019/2025 direct comparison,sum,
060037,Fontechiari,060037,Fontechiari,unchanged,,POSAS 2019/2025 direct comparison,sum,
060038,Frosinone,060038,Frosinone,unchanged,,POSAS 2019/2025 direct comparison,sum,
060039,Fumone,060039,Fumone,unchanged,,POSAS 2019/2025 direct comparison,sum,
060040,Gallinaro,060040,Gallinaro,unchanged,,POSAS 2019/2025 direct comparison,sum,
060041,Giuliano di Roma,060041,Giuliano di Roma,unchanged,,POSAS 2019/2025 direct comparison,sum,
060042,Guarcino,060042,Guarcino,unchanged,,POSAS 2019/2025 direct comparison,sum,
060043,Isola del Liri,060043,Isola del Liri,unchanged,,POSAS 2019/2025 direct comparison,sum,
060044,Monte San Giovanni Campano,060044,Monte San Giovanni Campano,unchanged,,POSAS 2019/2025 direct comparison,sum,
060045,Morolo,060045,Morolo,unchanged,,POSAS 2019/2025 direct comparison,sum,
060046,Paliano,060046,Paliano,unchanged,,POSAS 2019/2025 direct comparison,sum,
060047,Pastena,060047,Pastena,unchanged,,POSAS 2019/2025 direct comparison,sum,
060048,Patrica,060048,Patrica,unchanged,,POSAS 2019/2025 direct comparison,sum,
060049,Pescosolido,060049,Pescosolido,unchanged,,POSAS 2019/2025 direct comparison,sum,
060050,Picinisco,060050,Picinisco,unchanged,,POSAS 2019/2025 direct comparison,sum,
060051,Pico,060051,Pico,unchanged,,POSAS 2019/2025 direct comparison,sum,
060052,Piedimonte San Germano,060052,Piedimonte San Germano,unchanged,,POSAS 2019/2025 direct comparison,sum,
060053,Piglio,060053,Piglio,unchanged,,POSAS 2019/2025 direct comparison,sum,
060054,Pignataro Interamna,060054,Pignataro Interamna,unchanged,,POSAS 2019/2025 direct comparison,sum,
060055,Pofi,060055,Pofi,unchanged,,POSAS 2019/2025 direct comparison,sum,
060056,Pontecorvo,060056,Pontecorvo,unchanged,,POSAS 2019/2025 direct comparison,sum,
060057,Posta Fibreno,060057,Posta Fibreno,unchanged,,POSAS 2019/2025 direct comparison,sum,
060058,Ripi,060058,Ripi,unchanged,,POSAS 2019/2025 direct comparison,sum,
060059,Rocca d'Arce,060059,Rocca d'Arce,unchanged,,POSAS 2019/2025 direct comparison,sum,
060060,Roccasecca,060060,Roccasecca,unchanged,,POSAS 2019/2025 direct comparison,sum,
060061,San Biagio Saracinisco,060061,San Biagio Saracinisco,unchanged,,POSAS 2019/2025 direct comparison,sum,
060062,San Donato Val di Comino,060062,San Donato Val di Comino,unchanged,,POSAS 2019/2025 direct comparison,sum,
060063,San Giorgio a Liri,060063,San Giorgio a Liri,unchanged,,POSAS 2019/2025 direct comparison,sum,
060064,San Giovanni Incarico,060064,San Giovanni Incarico,unchanged,,POSAS 2019/2025 direct comparison,sum,
060065,Sant'Ambrogio sul Garigliano,060065,Sant'Ambrogio sul Garigliano,unchanged,,POSAS 2019/2025 direct comparison,sum,
060066,Sant'Andrea del Garigliano,060066,Sant'Andrea del Garigliano,unchanged,,POSAS 2019/2025 direct comparison,sum,
060067,Sant'Apollinare,060067,Sant'Apollinare,unchanged,,POSAS 2019/2025 direct comparison,sum,
060068,Sant'Elia Fiumerapido,060068,Sant'Elia Fiumerapido,unchanged,,POSAS 2019/2025 direct comparison,sum,
060069,Santopadre,060069,Santopadre,unchanged,,POSAS 2019/2025 direct comparison,sum,
060070,San Vittore del Lazio,060070,San Vittore del Lazio,unchanged,,POSAS 2019/2025 direct comparison,sum,
060071,Serrone,060071,Serrone,unchanged,,POSAS 2019/2025 direct comparison,sum,
060072,Settefrati,060072,Settefrati,unchanged,,POSAS 2019/2025 direct comparison,sum,
060073,Sgurgola,060073,Sgurgola,unchanged,,POSAS 2019/2025 direct comparison,sum,
060074,Sora,060074,Sora,unchanged,,POSAS 2019/2025 direct comparison,sum,
060075,Strangolagalli,060075,Strangolagalli,unchanged,,POSAS 2019/2025 direct comparison,sum,
060076,Supino,060076,Supino,unchanged,,POSAS 2019/2025 direct comparison,sum,
060077,Terelle,060077,Terelle,unchanged,,POSAS 2019/2025 direct comparison,sum,
060078,Torre Cajetani,060078,Torre Cajetani,unchanged,,POSAS 2019/2025 direct comparison,sum,
060079,Torrice,060079,Torrice,unchanged,,POSAS 2019/2025 direct comparison,sum,
060080,Trevi nel Lazio,060080,Trevi nel Lazio,unchanged,,POSAS 2019/2025 direct comparison,sum,
060081,Trivigliano,060081,Trivigliano,unchanged,,POSAS 2019/2025 direct comparison,sum,
060082,Vallecorsa,060082,Vallecorsa,unchanged,,POSAS 2019/2025 direct comparison,sum,
060083,Vallemaio,060083,Vallemaio,unchanged,,POSAS 2019/2025 direct comparison,sum,
060084,Vallerotonda,060084,Vallerotonda,unchanged,,POSAS 2019/2025 direct comparison,sum,
060085,Veroli,060085,Veroli,unchanged,,POSAS 2019/2025 direct comparison,sum,
060086,Vicalvi,060086,Vicalvi,unchanged,,POSAS 2019/2025 direct comparison,sum,
060087,Vico nel Lazio,060087,Vico nel Lazio,unchanged,,POSAS 2019/2025 direct comparison,sum,
060088,Villa Latina,060088,Villa Latina,unchanged,,POSAS 2019/2025 direct comparison,sum,
060089,Villa Santa Lucia,060089,Villa Santa Lucia,unchanged,,POSAS 2019/2025 direct comparison,sum,
060090,Villa Santo Stefano,060090,Villa Santo Stefano,unchanged,,POSAS 2019/2025 direct comparison,sum,
060091,Viticuso,060091,Viticuso,unchanged,,POSAS 2019/2025 direct comparison,sum,
061001,Ailano,061001,Ailano,unchanged,,POSAS 2019/2025 direct comparison,sum,
061002,Alife,061002,Alife,unchanged,,POSAS 2019/2025 direct comparison,sum,
061003,Alvignano,061003,Alvignano,unchanged,,POSAS 2019/2025 direct comparison,sum,
061004,Arienzo,061004,Arienzo,unchanged,,POSAS 2019/2025 direct comparison,sum,
061005,Aversa,061005,Aversa,unchanged,,POSAS 2019/2025 direct comparison,sum,
061006,Baia e Latina,061006,Baia e Latina,unchanged,,POSAS 2019/2025 direct comparison,sum,
061007,Bellona,061007,Bellona,unchanged,,POSAS 2019/2025 direct comparison,sum,
061008,Caianello,061008,Caianello,unchanged,,POSAS 2019/2025 direct comparison,sum,
061009,Caiazzo,061009,Caiazzo,unchanged,,POSAS 2019/2025 direct comparison,sum,
061010,Calvi Risorta,061010,Calvi Risorta,unchanged,,POSAS 2019/2025 direct comparison,sum,
061011,Camigliano,061011,Camigliano,unchanged,,POSAS 2019/2025 direct comparison,sum,
061012,Cancello ed Arnone,061012,Cancello ed Arnone,unchanged,,POSAS 2019/2025 direct comparison,sum,
061013,Capodrise,061013,Capodrise,unchanged,,POSAS 2019/2025 direct comparison,sum,
061014,Capriati a Volturno,061014,Capriati a Volturno,unchanged,,POSAS 2019/2025 direct comparison,sum,
061015,Capua,061015,Capua,unchanged,,POSAS 2019/2025 direct comparison,sum,
061016,Carinaro,061016,Carinaro,unchanged,,POSAS 2019/2025 direct comparison,sum,
061017,Carinola,061017,Carinola,unchanged,,POSAS 2019/2025 direct comparison,sum,
061018,Casagiove,061018,Casagiove,unchanged,,POSAS 2019/2025 direct comparison,sum,
061019,Casal di Principe,061019,Casal di Principe,unchanged,,POSAS 2019/2025 direct comparison,sum,
061020,Casaluce,061020,Casaluce,unchanged,,POSAS 2019/2025 direct comparison,sum,
061021,Casapulla,061021,Casapulla,unchanged,,POSAS 2019/2025 direct comparison,sum,
061022,Caserta,061022,Caserta,unchanged,,POSAS 2019/2025 direct comparison,sum,
061023,Castel Campagnano,061023,Castel Campagnano,unchanged,,POSAS 2019/2025 direct comparison,sum,
061024,Castel di Sasso,061024,Castel di Sasso,unchanged,,POSAS 2019/2025 direct comparison,sum,
061025,Castello del Matese,061025,Castello del Matese,unchanged,,POSAS 2019/2025 direct comparison,sum,
061026,Castel Morrone,061026,Castel Morrone,unchanged,,POSAS 2019/2025 direct comparison,sum,
061027,Castel Volturno,061027,Castel Volturno,unchanged,,POSAS 2019/2025 direct comparison,sum,
061028,Cervino,061028,Cervino,unchanged,,POSAS 2019/2025 direct comparison,sum,
061029,Cesa,061029,Cesa,unchanged,,POSAS 2019/2025 direct comparison,sum,
061030,Ciorlano,061030,Ciorlano,unchanged,,POSAS 2019/2025 direct comparison,sum,
061031,Conca della Campania,061031,Conca della Campania,unchanged,,POSAS 2019/2025 direct comparison,sum,
061032,Curti,061032,Curti,unchanged,,POSAS 2019/2025 direct comparison,sum,
061033,Dragoni,061033,Dragoni,unchanged,,POSAS 2019/2025 direct comparison,sum,
061034,Fontegreca,061034,Fontegreca,unchanged,,POSAS 2019/2025 direct comparison,sum,
061035,Formicola,061035,Formicola,unchanged,,POSAS 2019/2025 direct comparison,sum,
061036,Francolise,061036,Francolise,unchanged,,POSAS 2019/2025 direct comparison,sum,
061037,Frignano,061037,Frignano,unchanged,,POSAS 2019/2025 direct comparison,sum,
061038,Gallo Matese,061038,Gallo Matese,unchanged,,POSAS 2019/2025 direct comparison,sum,
061039,Galluccio,061039,Galluccio,unchanged,,POSAS 2019/2025 direct comparison,sum,
061040,Giano Vetusto,061040,Giano Vetusto,unchanged,,POSAS 2019/2025 direct comparison,sum,
061041,Gioia Sannitica,061041,Gioia Sannitica,unchanged,,POSAS 2019/2025 direct comparison,sum,
061042,Grazzanise,061042,Grazzanise,unchanged,,POSAS 2019/2025 direct comparison,sum,
061043,Gricignano di Aversa,061043,Gricignano di Aversa,unchanged,,POSAS 2019/2025 direct comparison,sum,
061044,Letino,061044,Letino,unchanged,,POSAS 2019/2025 direct comparison,sum,
061045,Liberi,061045,Liberi,unchanged,,POSAS 2019/2025 direct comparison,sum,
061046,Lusciano,061046,Lusciano,unchanged,,POSAS 2019/2025 direct comparison,sum,
061047,Macerata Campania,061047,Macerata Campania,unchanged,,POSAS 2019/2025 direct comparison,sum,
061048,Maddaloni,061048,Maddaloni,unchanged,,POSAS 2019/2025 direct comparison,sum,
061049,Marcianise,061049,Marcianise,unchanged,,POSAS 2019/2025 direct comparison,sum,
061050,Marzano Appio,061050,Marzano Appio,unchanged,,POSAS 2019/2025 direct comparison,sum,
061051,Mignano Monte Lungo,061051,Mignano Monte Lungo,unchanged,,POSAS 2019/2025 direct comparison,sum,
061052,Mondragone,061052,Mondragone,unchanged,,POSAS 2019/2025 direct comparison,sum,
061053,Orta di Atella,061053,Orta di Atella,unchanged,,POSAS 2019/2025 direct comparison,sum,
061054,Parete,061054,Parete,unchanged,,POSAS 2019/2025 direct comparison,sum,
061055,Pastorano,061055,Pastorano,unchanged,,POSAS 2019/2025 direct comparison,sum,
061056,Piana di Monte Verna,061056,Piana di Monte Verna,unchanged,,POSAS 2019/2025 direct comparison,sum,
061057,Piedimonte Matese,061057,Piedimonte Matese,unchanged,,POSAS 2019/2025 direct comparison,sum,
061058,Pietramelara,061058,Pietramelara,unchanged,,POSAS 2019/2025 direct comparison,sum,
061059,Pietravairano,061059,Pietravairano,unchanged,,POSAS 2019/2025 direct comparison,sum,
061060,Pignataro Maggiore,061060,Pignataro Maggiore,unchanged,,POSAS 2019/2025 direct comparison,sum,
061061,Pontelatone,061061,Pontelatone,unchanged,,POSAS 2019/2025 direct comparison,sum,
061062,Portico di Caserta,061062,Portico di Caserta,unchanged,,POSAS 2019/2025 direct comparison,sum,
061063,Prata Sannita,061063,Prata Sannita,unchanged,,POSAS 2019/2025 direct comparison,sum,
061064,Pratella,061064,Pratella,unchanged,,POSAS 2019/2025 direct comparison,sum,
061065,Presenzano,061065,Presenzano,unchanged,,POSAS 2019/2025 direct comparison,sum,
061066,Raviscanina,061066,Raviscanina,unchanged,,POSAS 2019/2025 direct comparison,sum,
061067,Recale,061067,Recale,unchanged,,POSAS 2019/2025 direct comparison,sum,
061068,Riardo,061068,Riardo,unchanged,,POSAS 2019/2025 direct comparison,sum,
061069,Rocca d'Evandro,061069,Rocca d'Evandro,unchanged,,POSAS 2019/2025 direct comparison,sum,
061070,Roccamonfina,061070,Roccamonfina,unchanged,,POSAS 2019/2025 direct comparison,sum,
061071,Roccaromana,061071,Roccaromana,unchanged,,POSAS 2019/2025 direct comparison,sum,
061072,Rocchetta e Croce,061072,Rocchetta e Croce,unchanged,,POSAS 2019/2025 direct comparison,sum,
061073,Ruviano,061073,Ruviano,unchanged,,POSAS 2019/2025 direct comparison,sum,
061074,San Cipriano d'Aversa,061074,San Cipriano d'Aversa,unchanged,,POSAS 2019/2025 direct comparison,sum,
061075,San Felice a Cancello,061075,San Felice a Cancello,unchanged,,POSAS 2019/2025 direct comparison,sum,
061076,San Gregorio Matese,061076,San Gregorio Matese,unchanged,,POSAS 2019/2025 direct comparison,sum,
061077,San Marcellino,061077,San Marcellino,unchanged,,POSAS 2019/2025 direct comparison,sum,
061078,San Nicola la Strada,061078,San Nicola la Strada,unchanged,,POSAS 2019/2025 direct comparison,sum,
061079,San Pietro Infine,061079,San Pietro Infine,unchanged,,POSAS 2019/2025 direct comparison,sum,
061080,San Potito Sannitico,061080,San Potito Sannitico,unchanged,,POSAS 2019/2025 direct comparison,sum,
061081,San Prisco,061081,San Prisco,unchanged,,POSAS 2019/2025 direct comparison,sum,
061082,Santa Maria a Vico,061082,Santa Maria a Vico,unchanged,,POSAS 2019/2025 direct comparison,sum,
061083,Santa Maria Capua Vetere,061083,Santa Maria Capua Vetere,unchanged,,POSAS 2019/2025 direct comparison,sum,
061084,Santa Maria la Fossa,061084,Santa Maria la Fossa,unchanged,,POSAS 2019/2025 direct comparison,sum,
061085,San Tammaro,061085,San Tammaro,unchanged,,POSAS 2019/2025 direct comparison,sum,
061086,Sant'Angelo d'Alife,061086,Sant'Angelo d'Alife,unchanged,,POSAS 2019/2025 direct comparison,sum,
061087,Sant'Arpino,061087,Sant'Arpino,unchanged,,POSAS 2019/2025 direct comparison,sum,
061088,Sessa Aurunca,061088,Sessa Aurunca,unchanged,,POSAS 2019/2025 direct comparison,sum,
061089,Sparanise,061089,Sparanise,unchanged,,POSAS 2019/2025 direct comparison,sum,
061090,Succivo,061090,Succivo,unchanged,,POSAS 2019/2025 direct comparison,sum,
061091,Teano,061091,Teano,unchanged,,POSAS 2019/2025 direct comparison,sum,
061092,Teverola,061092,Teverola,unchanged,,POSAS 2019/2025 direct comparison,sum,
061093,Tora e Piccilli,061093,Tora e Piccilli,unchanged,,POSAS 2019/2025 direct comparison,sum,
061094,Trentola Ducenta,061094,Trentola-Ducenta,name_string_change_same_code,,POSAS 2019/2025 direct comparison; official administrative-change classification only where separately documented.,sum,Denominazione 2019: Trentola-Ducenta; denominazione 2025: Trentola Ducenta.
061095,Vairano Patenora,061095,Vairano Patenora,unchanged,,POSAS 2019/2025 direct comparison,sum,
061096,Valle Agricola,061096,Valle Agricola,unchanged,,POSAS 2019/2025 direct comparison,sum,
061097,Valle di Maddaloni,061097,Valle di Maddaloni,unchanged,,POSAS 2019/2025 direct comparison,sum,
061098,Villa di Briano,061098,Villa di Briano,unchanged,,POSAS 2019/2025 direct comparison,sum,
061099,Villa Literno,061099,Villa Literno,unchanged,,POSAS 2019/2025 direct comparison,sum,
061100,Vitulazio,061100,Vitulazio,unchanged,,POSAS 2019/2025 direct comparison,sum,
061101,Falciano del Massico,061101,Falciano del Massico,unchanged,,POSAS 2019/2025 direct comparison,sum,
061102,Cellole,061102,Cellole,unchanged,,POSAS 2019/2025 direct comparison,sum,
061103,Casapesenna,061103,Casapesenna,unchanged,,POSAS 2019/2025 direct comparison,sum,
061104,San Marco Evangelista,061104,San Marco Evangelista,unchanged,,POSAS 2019/2025 direct comparison,sum,
062001,Airola,062001,Airola,unchanged,,POSAS 2019/2025 direct comparison,sum,
062002,Amorosi,062002,Amorosi,unchanged,,POSAS 2019/2025 direct comparison,sum,
062003,Apice,062003,Apice,unchanged,,POSAS 2019/2025 direct comparison,sum,
062004,Apollosa,062004,Apollosa,unchanged,,POSAS 2019/2025 direct comparison,sum,
062005,Arpaia,062005,Arpaia,unchanged,,POSAS 2019/2025 direct comparison,sum,
062006,Arpaise,062006,Arpaise,unchanged,,POSAS 2019/2025 direct comparison,sum,
062007,Baselice,062007,Baselice,unchanged,,POSAS 2019/2025 direct comparison,sum,
062008,Benevento,062008,Benevento,unchanged,,POSAS 2019/2025 direct comparison,sum,
062009,Bonea,062009,Bonea,unchanged,,POSAS 2019/2025 direct comparison,sum,
062010,Bucciano,062010,Bucciano,unchanged,,POSAS 2019/2025 direct comparison,sum,
062011,Buonalbergo,062011,Buonalbergo,unchanged,,POSAS 2019/2025 direct comparison,sum,
062012,Calvi,062012,Calvi,unchanged,,POSAS 2019/2025 direct comparison,sum,
062013,Campolattaro,062013,Campolattaro,unchanged,,POSAS 2019/2025 direct comparison,sum,
062014,Campoli del Monte Taburno,062014,Campoli del Monte Taburno,unchanged,,POSAS 2019/2025 direct comparison,sum,
062015,Casalduni,062015,Casalduni,unchanged,,POSAS 2019/2025 direct comparison,sum,
062016,Castelfranco in Miscano,062016,Castelfranco in Miscano,unchanged,,POSAS 2019/2025 direct comparison,sum,
062017,Castelpagano,062017,Castelpagano,unchanged,,POSAS 2019/2025 direct comparison,sum,
062018,Castelpoto,062018,Castelpoto,unchanged,,POSAS 2019/2025 direct comparison,sum,
062019,Castelvenere,062019,Castelvenere,unchanged,,POSAS 2019/2025 direct comparison,sum,
062020,Castelvetere in Val Fortore,062020,Castelvetere in Val Fortore,unchanged,,POSAS 2019/2025 direct comparison,sum,
062021,Cautano,062021,Cautano,unchanged,,POSAS 2019/2025 direct comparison,sum,
062022,Ceppaloni,062022,Ceppaloni,unchanged,,POSAS 2019/2025 direct comparison,sum,
062023,Cerreto Sannita,062023,Cerreto Sannita,unchanged,,POSAS 2019/2025 direct comparison,sum,
062024,Circello,062024,Circello,unchanged,,POSAS 2019/2025 direct comparison,sum,
062025,Colle Sannita,062025,Colle Sannita,unchanged,,POSAS 2019/2025 direct comparison,sum,
062026,Cusano Mutri,062026,Cusano Mutri,unchanged,,POSAS 2019/2025 direct comparison,sum,
062027,Dugenta,062027,Dugenta,unchanged,,POSAS 2019/2025 direct comparison,sum,
062028,Durazzano,062028,Durazzano,unchanged,,POSAS 2019/2025 direct comparison,sum,
062029,Faicchio,062029,Faicchio,unchanged,,POSAS 2019/2025 direct comparison,sum,
062030,Foglianise,062030,Foglianise,unchanged,,POSAS 2019/2025 direct comparison,sum,
062031,Foiano di Val Fortore,062031,Foiano di Val Fortore,unchanged,,POSAS 2019/2025 direct comparison,sum,
062032,Forchia,062032,Forchia,unchanged,,POSAS 2019/2025 direct comparison,sum,
062033,Fragneto l'Abate,062033,Fragneto l'Abate,unchanged,,POSAS 2019/2025 direct comparison,sum,
062034,Fragneto Monforte,062034,Fragneto Monforte,unchanged,,POSAS 2019/2025 direct comparison,sum,
062035,Frasso Telesino,062035,Frasso Telesino,unchanged,,POSAS 2019/2025 direct comparison,sum,
062036,Ginestra degli Schiavoni,062036,Ginestra degli Schiavoni,unchanged,,POSAS 2019/2025 direct comparison,sum,
062037,Guardia Sanframondi,062037,Guardia Sanframondi,unchanged,,POSAS 2019/2025 direct comparison,sum,
062038,Limatola,062038,Limatola,unchanged,,POSAS 2019/2025 direct comparison,sum,
062039,Melizzano,062039,Melizzano,unchanged,,POSAS 2019/2025 direct comparison,sum,
062040,Moiano,062040,Moiano,unchanged,,POSAS 2019/2025 direct comparison,sum,
062041,Molinara,062041,Molinara,unchanged,,POSAS 2019/2025 direct comparison,sum,
062042,Montefalcone di Val Fortore,062042,Montefalcone di Val Fortore,unchanged,,POSAS 2019/2025 direct comparison,sum,
062043,Montesarchio,062043,Montesarchio,unchanged,,POSAS 2019/2025 direct comparison,sum,
062044,Morcone,062044,Morcone,unchanged,,POSAS 2019/2025 direct comparison,sum,
062045,Paduli,062045,Paduli,unchanged,,POSAS 2019/2025 direct comparison,sum,
062046,Pago Veiano,062046,Pago Veiano,unchanged,,POSAS 2019/2025 direct comparison,sum,
062047,Pannarano,062047,Pannarano,unchanged,,POSAS 2019/2025 direct comparison,sum,
062048,Paolisi,062048,Paolisi,unchanged,,POSAS 2019/2025 direct comparison,sum,
062049,Paupisi,062049,Paupisi,unchanged,,POSAS 2019/2025 direct comparison,sum,
062050,Pesco Sannita,062050,Pesco Sannita,unchanged,,POSAS 2019/2025 direct comparison,sum,
062051,Pietraroja,062051,Pietraroja,unchanged,,POSAS 2019/2025 direct comparison,sum,
062052,Pietrelcina,062052,Pietrelcina,unchanged,,POSAS 2019/2025 direct comparison,sum,
062053,Ponte,062053,Ponte,unchanged,,POSAS 2019/2025 direct comparison,sum,
062054,Pontelandolfo,062054,Pontelandolfo,unchanged,,POSAS 2019/2025 direct comparison,sum,
062055,Puglianello,062055,Puglianello,unchanged,,POSAS 2019/2025 direct comparison,sum,
062056,Reino,062056,Reino,unchanged,,POSAS 2019/2025 direct comparison,sum,
062057,San Bartolomeo in Galdo,062057,San Bartolomeo in Galdo,unchanged,,POSAS 2019/2025 direct comparison,sum,
062058,San Giorgio del Sannio,062058,San Giorgio del Sannio,unchanged,,POSAS 2019/2025 direct comparison,sum,
062059,San Giorgio La Molara,062059,San Giorgio La Molara,unchanged,,POSAS 2019/2025 direct comparison,sum,
062060,San Leucio del Sannio,062060,San Leucio del Sannio,unchanged,,POSAS 2019/2025 direct comparison,sum,
062061,San Lorenzello,062061,San Lorenzello,unchanged,,POSAS 2019/2025 direct comparison,sum,
062062,San Lorenzo Maggiore,062062,San Lorenzo Maggiore,unchanged,,POSAS 2019/2025 direct comparison,sum,
062063,San Lupo,062063,San Lupo,unchanged,,POSAS 2019/2025 direct comparison,sum,
062064,San Marco dei Cavoti,062064,San Marco dei Cavoti,unchanged,,POSAS 2019/2025 direct comparison,sum,
062065,San Martino Sannita,062065,San Martino Sannita,unchanged,,POSAS 2019/2025 direct comparison,sum,
062066,San Nazzaro,062066,San Nazzaro,unchanged,,POSAS 2019/2025 direct comparison,sum,
062067,San Nicola Manfredi,062067,San Nicola Manfredi,unchanged,,POSAS 2019/2025 direct comparison,sum,
062068,San Salvatore Telesino,062068,San Salvatore Telesino,unchanged,,POSAS 2019/2025 direct comparison,sum,
062069,Santa Croce del Sannio,062069,Santa Croce del Sannio,unchanged,,POSAS 2019/2025 direct comparison,sum,
062070,Sant'Agata de' Goti,062070,Sant'Agata de' Goti,unchanged,,POSAS 2019/2025 direct comparison,sum,
062071,Sant'Angelo a Cupolo,062071,Sant'Angelo a Cupolo,unchanged,,POSAS 2019/2025 direct comparison,sum,
062072,Sassinoro,062072,Sassinoro,unchanged,,POSAS 2019/2025 direct comparison,sum,
062073,Solopaca,062073,Solopaca,unchanged,,POSAS 2019/2025 direct comparison,sum,
062074,Telese Terme,062074,Telese Terme,unchanged,,POSAS 2019/2025 direct comparison,sum,
062075,Tocco Caudio,062075,Tocco Caudio,unchanged,,POSAS 2019/2025 direct comparison,sum,
062076,Torrecuso,062076,Torrecuso,unchanged,,POSAS 2019/2025 direct comparison,sum,
062077,Vitulano,062077,Vitulano,unchanged,,POSAS 2019/2025 direct comparison,sum,
062078,Sant'Arcangelo Trimonte,062078,Sant'Arcangelo Trimonte,unchanged,,POSAS 2019/2025 direct comparison,sum,
063001,Acerra,063001,Acerra,unchanged,,POSAS 2019/2025 direct comparison,sum,
063002,Afragola,063002,Afragola,unchanged,,POSAS 2019/2025 direct comparison,sum,
063003,Agerola,063003,Agerola,unchanged,,POSAS 2019/2025 direct comparison,sum,
063004,Anacapri,063004,Anacapri,unchanged,,POSAS 2019/2025 direct comparison,sum,
063005,Arzano,063005,Arzano,unchanged,,POSAS 2019/2025 direct comparison,sum,
063006,Bacoli,063006,Bacoli,unchanged,,POSAS 2019/2025 direct comparison,sum,
063007,Barano d'Ischia,063007,Barano d'Ischia,unchanged,,POSAS 2019/2025 direct comparison,sum,
063008,Boscoreale,063008,Boscoreale,unchanged,,POSAS 2019/2025 direct comparison,sum,
063009,Boscotrecase,063009,Boscotrecase,unchanged,,POSAS 2019/2025 direct comparison,sum,
063010,Brusciano,063010,Brusciano,unchanged,,POSAS 2019/2025 direct comparison,sum,
063011,Caivano,063011,Caivano,unchanged,,POSAS 2019/2025 direct comparison,sum,
063012,Calvizzano,063012,Calvizzano,unchanged,,POSAS 2019/2025 direct comparison,sum,
063013,Camposano,063013,Camposano,unchanged,,POSAS 2019/2025 direct comparison,sum,
063014,Capri,063014,Capri,unchanged,,POSAS 2019/2025 direct comparison,sum,
063015,Carbonara di Nola,063015,Carbonara di Nola,unchanged,,POSAS 2019/2025 direct comparison,sum,
063016,Cardito,063016,Cardito,unchanged,,POSAS 2019/2025 direct comparison,sum,
063017,Casalnuovo di Napoli,063017,Casalnuovo di Napoli,unchanged,,POSAS 2019/2025 direct comparison,sum,
063018,Casamarciano,063018,Casamarciano,unchanged,,POSAS 2019/2025 direct comparison,sum,
063019,Casamicciola Terme,063019,Casamicciola Terme,unchanged,,POSAS 2019/2025 direct comparison,sum,
063020,Casandrino,063020,Casandrino,unchanged,,POSAS 2019/2025 direct comparison,sum,
063021,Casavatore,063021,Casavatore,unchanged,,POSAS 2019/2025 direct comparison,sum,
063022,Casola di Napoli,063022,Casola di Napoli,unchanged,,POSAS 2019/2025 direct comparison,sum,
063023,Casoria,063023,Casoria,unchanged,,POSAS 2019/2025 direct comparison,sum,
063024,Castellammare di Stabia,063024,Castellammare di Stabia,unchanged,,POSAS 2019/2025 direct comparison,sum,
063025,Castello di Cisterna,063025,Castello di Cisterna,unchanged,,POSAS 2019/2025 direct comparison,sum,
063026,Cercola,063026,Cercola,unchanged,,POSAS 2019/2025 direct comparison,sum,
063027,Cicciano,063027,Cicciano,unchanged,,POSAS 2019/2025 direct comparison,sum,
063028,Cimitile,063028,Cimitile,unchanged,,POSAS 2019/2025 direct comparison,sum,
063029,Comiziano,063029,Comiziano,unchanged,,POSAS 2019/2025 direct comparison,sum,
063030,Crispano,063030,Crispano,unchanged,,POSAS 2019/2025 direct comparison,sum,
063031,Forio,063031,Forio,unchanged,,POSAS 2019/2025 direct comparison,sum,
063032,Frattamaggiore,063032,Frattamaggiore,unchanged,,POSAS 2019/2025 direct comparison,sum,
063033,Frattaminore,063033,Frattaminore,unchanged,,POSAS 2019/2025 direct comparison,sum,
063034,Giugliano in Campania,063034,Giugliano in Campania,unchanged,,POSAS 2019/2025 direct comparison,sum,
063035,Gragnano,063035,Gragnano,unchanged,,POSAS 2019/2025 direct comparison,sum,
063036,Grumo Nevano,063036,Grumo Nevano,unchanged,,POSAS 2019/2025 direct comparison,sum,
063037,Ischia,063037,Ischia,unchanged,,POSAS 2019/2025 direct comparison,sum,
063038,Lacco Ameno,063038,Lacco Ameno,unchanged,,POSAS 2019/2025 direct comparison,sum,
063039,Lettere,063039,Lettere,unchanged,,POSAS 2019/2025 direct comparison,sum,
063040,Liveri,063040,Liveri,unchanged,,POSAS 2019/2025 direct comparison,sum,
063041,Marano di Napoli,063041,Marano di Napoli,unchanged,,POSAS 2019/2025 direct comparison,sum,
063042,Mariglianella,063042,Mariglianella,unchanged,,POSAS 2019/2025 direct comparison,sum,
063043,Marigliano,063043,Marigliano,unchanged,,POSAS 2019/2025 direct comparison,sum,
063044,Massa Lubrense,063044,Massa Lubrense,unchanged,,POSAS 2019/2025 direct comparison,sum,
063045,Melito di Napoli,063045,Melito di Napoli,unchanged,,POSAS 2019/2025 direct comparison,sum,
063046,Meta,063046,Meta,unchanged,,POSAS 2019/2025 direct comparison,sum,
063047,Monte di Procida,063047,Monte di Procida,unchanged,,POSAS 2019/2025 direct comparison,sum,
063048,Mugnano di Napoli,063048,Mugnano di Napoli,unchanged,,POSAS 2019/2025 direct comparison,sum,
063049,Napoli,063049,Napoli,unchanged,,POSAS 2019/2025 direct comparison,sum,
063050,Nola,063050,Nola,unchanged,,POSAS 2019/2025 direct comparison,sum,
063051,Ottaviano,063051,Ottaviano,unchanged,,POSAS 2019/2025 direct comparison,sum,
063052,Palma Campania,063052,Palma Campania,unchanged,,POSAS 2019/2025 direct comparison,sum,
063053,Piano di Sorrento,063053,Piano di Sorrento,unchanged,,POSAS 2019/2025 direct comparison,sum,
063054,Pimonte,063054,Pimonte,unchanged,,POSAS 2019/2025 direct comparison,sum,
063055,Poggiomarino,063055,Poggiomarino,unchanged,,POSAS 2019/2025 direct comparison,sum,
063056,Pollena Trocchia,063056,Pollena Trocchia,unchanged,,POSAS 2019/2025 direct comparison,sum,
063057,Pomigliano d'Arco,063057,Pomigliano d'Arco,unchanged,,POSAS 2019/2025 direct comparison,sum,
063058,Pompei,063058,Pompei,unchanged,,POSAS 2019/2025 direct comparison,sum,
063059,Portici,063059,Portici,unchanged,,POSAS 2019/2025 direct comparison,sum,
063060,Pozzuoli,063060,Pozzuoli,unchanged,,POSAS 2019/2025 direct comparison,sum,
063061,Procida,063061,Procida,unchanged,,POSAS 2019/2025 direct comparison,sum,
063062,Qualiano,063062,Qualiano,unchanged,,POSAS 2019/2025 direct comparison,sum,
063063,Quarto,063063,Quarto,unchanged,,POSAS 2019/2025 direct comparison,sum,
063064,Ercolano,063064,Ercolano,unchanged,,POSAS 2019/2025 direct comparison,sum,
063065,Roccarainola,063065,Roccarainola,unchanged,,POSAS 2019/2025 direct comparison,sum,
063066,San Gennaro Vesuviano,063066,San Gennaro Vesuviano,unchanged,,POSAS 2019/2025 direct comparison,sum,
063067,San Giorgio a Cremano,063067,San Giorgio a Cremano,unchanged,,POSAS 2019/2025 direct comparison,sum,
063068,San Giuseppe Vesuviano,063068,San Giuseppe Vesuviano,unchanged,,POSAS 2019/2025 direct comparison,sum,
063069,San Paolo Bel Sito,063069,San Paolo Bel Sito,unchanged,,POSAS 2019/2025 direct comparison,sum,
063070,San Sebastiano al Vesuvio,063070,San Sebastiano al Vesuvio,unchanged,,POSAS 2019/2025 direct comparison,sum,
063071,Sant'Agnello,063071,Sant'Agnello,unchanged,,POSAS 2019/2025 direct comparison,sum,
063072,Sant'Anastasia,063072,Sant'Anastasia,unchanged,,POSAS 2019/2025 direct comparison,sum,
063073,Sant'Antimo,063073,Sant'Antimo,unchanged,,POSAS 2019/2025 direct comparison,sum,
063074,Sant'Antonio Abate,063074,Sant'Antonio Abate,unchanged,,POSAS 2019/2025 direct comparison,sum,
063075,San Vitaliano,063075,San Vitaliano,unchanged,,POSAS 2019/2025 direct comparison,sum,
063076,Saviano,063076,Saviano,unchanged,,POSAS 2019/2025 direct comparison,sum,
063077,Scisciano,063077,Scisciano,unchanged,,POSAS 2019/2025 direct comparison,sum,
063078,Serrara Fontana,063078,Serrara Fontana,unchanged,,POSAS 2019/2025 direct comparison,sum,
063079,Somma Vesuviana,063079,Somma Vesuviana,unchanged,,POSAS 2019/2025 direct comparison,sum,
063080,Sorrento,063080,Sorrento,unchanged,,POSAS 2019/2025 direct comparison,sum,
063081,Striano,063081,Striano,unchanged,,POSAS 2019/2025 direct comparison,sum,
063082,Terzigno,063082,Terzigno,unchanged,,POSAS 2019/2025 direct comparison,sum,
063083,Torre Annunziata,063083,Torre Annunziata,unchanged,,POSAS 2019/2025 direct comparison,sum,
063084,Torre del Greco,063084,Torre del Greco,unchanged,,POSAS 2019/2025 direct comparison,sum,
063085,Tufino,063085,Tufino,unchanged,,POSAS 2019/2025 direct comparison,sum,
063086,Vico Equense,063086,Vico Equense,unchanged,,POSAS 2019/2025 direct comparison,sum,
063087,Villaricca,063087,Villaricca,unchanged,,POSAS 2019/2025 direct comparison,sum,
063088,Visciano,063088,Visciano,unchanged,,POSAS 2019/2025 direct comparison,sum,
063089,Volla,063089,Volla,unchanged,,POSAS 2019/2025 direct comparison,sum,
063090,Santa Maria la Carità,063090,Santa Maria la Carità,unchanged,,POSAS 2019/2025 direct comparison,sum,
063091,Trecase,063091,Trecase,unchanged,,POSAS 2019/2025 direct comparison,sum,
063092,Massa di Somma,063092,Massa di Somma,unchanged,,POSAS 2019/2025 direct comparison,sum,
064001,Aiello del Sabato,064001,Aiello del Sabato,unchanged,,POSAS 2019/2025 direct comparison,sum,
064002,Altavilla Irpina,064002,Altavilla Irpina,unchanged,,POSAS 2019/2025 direct comparison,sum,
064003,Andretta,064003,Andretta,unchanged,,POSAS 2019/2025 direct comparison,sum,
064004,Aquilonia,064004,Aquilonia,unchanged,,POSAS 2019/2025 direct comparison,sum,
064005,Ariano Irpino,064005,Ariano Irpino,unchanged,,POSAS 2019/2025 direct comparison,sum,
064006,Atripalda,064006,Atripalda,unchanged,,POSAS 2019/2025 direct comparison,sum,
064007,Avella,064007,Avella,unchanged,,POSAS 2019/2025 direct comparison,sum,
064008,Avellino,064008,Avellino,unchanged,,POSAS 2019/2025 direct comparison,sum,
064009,Bagnoli Irpino,064009,Bagnoli Irpino,unchanged,,POSAS 2019/2025 direct comparison,sum,
064010,Baiano,064010,Baiano,unchanged,,POSAS 2019/2025 direct comparison,sum,
064011,Bisaccia,064011,Bisaccia,unchanged,,POSAS 2019/2025 direct comparison,sum,
064012,Bonito,064012,Bonito,unchanged,,POSAS 2019/2025 direct comparison,sum,
064013,Cairano,064013,Cairano,unchanged,,POSAS 2019/2025 direct comparison,sum,
064014,Calabritto,064014,Calabritto,unchanged,,POSAS 2019/2025 direct comparison,sum,
064015,Calitri,064015,Calitri,unchanged,,POSAS 2019/2025 direct comparison,sum,
064016,Candida,064016,Candida,unchanged,,POSAS 2019/2025 direct comparison,sum,
064017,Caposele,064017,Caposele,unchanged,,POSAS 2019/2025 direct comparison,sum,
064018,Capriglia Irpina,064018,Capriglia Irpina,unchanged,,POSAS 2019/2025 direct comparison,sum,
064019,Carife,064019,Carife,unchanged,,POSAS 2019/2025 direct comparison,sum,
064020,Casalbore,064020,Casalbore,unchanged,,POSAS 2019/2025 direct comparison,sum,
064021,Cassano Irpino,064021,Cassano Irpino,unchanged,,POSAS 2019/2025 direct comparison,sum,
064022,Castel Baronia,064022,Castel Baronia,unchanged,,POSAS 2019/2025 direct comparison,sum,
064023,Castelfranci,064023,Castelfranci,unchanged,,POSAS 2019/2025 direct comparison,sum,
064024,Castelvetere sul Calore,064024,Castelvetere sul Calore,unchanged,,POSAS 2019/2025 direct comparison,sum,
064025,Cervinara,064025,Cervinara,unchanged,,POSAS 2019/2025 direct comparison,sum,
064026,Cesinali,064026,Cesinali,unchanged,,POSAS 2019/2025 direct comparison,sum,
064027,Chianche,064027,Chianche,unchanged,,POSAS 2019/2025 direct comparison,sum,
064028,Chiusano di San Domenico,064028,Chiusano di San Domenico,unchanged,,POSAS 2019/2025 direct comparison,sum,
064029,Contrada,064029,Contrada,unchanged,,POSAS 2019/2025 direct comparison,sum,
064030,Conza della Campania,064030,Conza della Campania,unchanged,,POSAS 2019/2025 direct comparison,sum,
064031,Domicella,064031,Domicella,unchanged,,POSAS 2019/2025 direct comparison,sum,
064032,Flumeri,064032,Flumeri,unchanged,,POSAS 2019/2025 direct comparison,sum,
064033,Fontanarosa,064033,Fontanarosa,unchanged,,POSAS 2019/2025 direct comparison,sum,
064034,Forino,064034,Forino,unchanged,,POSAS 2019/2025 direct comparison,sum,
064035,Frigento,064035,Frigento,unchanged,,POSAS 2019/2025 direct comparison,sum,
064036,Gesualdo,064036,Gesualdo,unchanged,,POSAS 2019/2025 direct comparison,sum,
064037,Greci,064037,Greci,unchanged,,POSAS 2019/2025 direct comparison,sum,
064038,Grottaminarda,064038,Grottaminarda,unchanged,,POSAS 2019/2025 direct comparison,sum,
064039,Grottolella,064039,Grottolella,unchanged,,POSAS 2019/2025 direct comparison,sum,
064040,Guardia Lombardi,064040,Guardia Lombardi,unchanged,,POSAS 2019/2025 direct comparison,sum,
064041,Lacedonia,064041,Lacedonia,unchanged,,POSAS 2019/2025 direct comparison,sum,
064042,Lapio,064042,Lapio,unchanged,,POSAS 2019/2025 direct comparison,sum,
064043,Lauro,064043,Lauro,unchanged,,POSAS 2019/2025 direct comparison,sum,
064044,Lioni,064044,Lioni,unchanged,,POSAS 2019/2025 direct comparison,sum,
064045,Luogosano,064045,Luogosano,unchanged,,POSAS 2019/2025 direct comparison,sum,
064046,Manocalzati,064046,Manocalzati,unchanged,,POSAS 2019/2025 direct comparison,sum,
064047,Marzano di Nola,064047,Marzano di Nola,unchanged,,POSAS 2019/2025 direct comparison,sum,
064048,Melito Irpino,064048,Melito Irpino,unchanged,,POSAS 2019/2025 direct comparison,sum,
064049,Mercogliano,064049,Mercogliano,unchanged,,POSAS 2019/2025 direct comparison,sum,
064050,Mirabella Eclano,064050,Mirabella Eclano,unchanged,,POSAS 2019/2025 direct comparison,sum,
064051,Montaguto,064051,Montaguto,unchanged,,POSAS 2019/2025 direct comparison,sum,
064052,Montecalvo Irpino,064052,Montecalvo Irpino,unchanged,,POSAS 2019/2025 direct comparison,sum,
064053,Montefalcione,064053,Montefalcione,unchanged,,POSAS 2019/2025 direct comparison,sum,
064054,Monteforte Irpino,064054,Monteforte Irpino,unchanged,,POSAS 2019/2025 direct comparison,sum,
064055,Montefredane,064055,Montefredane,unchanged,,POSAS 2019/2025 direct comparison,sum,
064056,Montefusco,064056,Montefusco,unchanged,,POSAS 2019/2025 direct comparison,sum,
064057,Montella,064057,Montella,unchanged,,POSAS 2019/2025 direct comparison,sum,
064058,Montemarano,064058,Montemarano,unchanged,,POSAS 2019/2025 direct comparison,sum,
064059,Montemiletto,064059,Montemiletto,unchanged,,POSAS 2019/2025 direct comparison,sum,
064060,Monteverde,064060,Monteverde,unchanged,,POSAS 2019/2025 direct comparison,sum,
064063,Morra De Sanctis,064063,Morra De Sanctis,unchanged,,POSAS 2019/2025 direct comparison,sum,
064064,Moschiano,064064,Moschiano,unchanged,,POSAS 2019/2025 direct comparison,sum,
064065,Mugnano del Cardinale,064065,Mugnano del Cardinale,unchanged,,POSAS 2019/2025 direct comparison,sum,
064066,Nusco,064066,Nusco,unchanged,,POSAS 2019/2025 direct comparison,sum,
064067,Ospedaletto d'Alpinolo,064067,Ospedaletto d'Alpinolo,unchanged,,POSAS 2019/2025 direct comparison,sum,
064068,Pago del Vallo di Lauro,064068,Pago del Vallo di Lauro,unchanged,,POSAS 2019/2025 direct comparison,sum,
064069,Parolise,064069,Parolise,unchanged,,POSAS 2019/2025 direct comparison,sum,
064070,Paternopoli,064070,Paternopoli,unchanged,,POSAS 2019/2025 direct comparison,sum,
064071,Petruro Irpino,064071,Petruro Irpino,unchanged,,POSAS 2019/2025 direct comparison,sum,
064072,Pietradefusi,064072,Pietradefusi,unchanged,,POSAS 2019/2025 direct comparison,sum,
064073,Pietrastornina,064073,Pietrastornina,unchanged,,POSAS 2019/2025 direct comparison,sum,
064074,Prata di Principato Ultra,064074,Prata di Principato Ultra,unchanged,,POSAS 2019/2025 direct comparison,sum,
064075,Pratola Serra,064075,Pratola Serra,unchanged,,POSAS 2019/2025 direct comparison,sum,
064076,Quadrelle,064076,Quadrelle,unchanged,,POSAS 2019/2025 direct comparison,sum,
064077,Quindici,064077,Quindici,unchanged,,POSAS 2019/2025 direct comparison,sum,
064078,Roccabascerana,064078,Roccabascerana,unchanged,,POSAS 2019/2025 direct comparison,sum,
064079,Rocca San Felice,064079,Rocca San Felice,unchanged,,POSAS 2019/2025 direct comparison,sum,
064080,Rotondi,064080,Rotondi,unchanged,,POSAS 2019/2025 direct comparison,sum,
064081,Salza Irpina,064081,Salza Irpina,unchanged,,POSAS 2019/2025 direct comparison,sum,
064082,San Mango sul Calore,064082,San Mango sul Calore,unchanged,,POSAS 2019/2025 direct comparison,sum,
064083,San Martino Valle Caudina,064083,San Martino Valle Caudina,unchanged,,POSAS 2019/2025 direct comparison,sum,
064084,San Michele di Serino,064084,San Michele di Serino,unchanged,,POSAS 2019/2025 direct comparison,sum,
064085,San Nicola Baronia,064085,San Nicola Baronia,unchanged,,POSAS 2019/2025 direct comparison,sum,
064086,San Potito Ultra,064086,San Potito Ultra,unchanged,,POSAS 2019/2025 direct comparison,sum,
064087,San Sossio Baronia,064087,San Sossio Baronia,unchanged,,POSAS 2019/2025 direct comparison,sum,
064088,Santa Lucia di Serino,064088,Santa Lucia di Serino,unchanged,,POSAS 2019/2025 direct comparison,sum,
064089,Sant'Andrea di Conza,064089,Sant'Andrea di Conza,unchanged,,POSAS 2019/2025 direct comparison,sum,
064090,Sant'Angelo all'Esca,064090,Sant'Angelo all'Esca,unchanged,,POSAS 2019/2025 direct comparison,sum,
064091,Sant'Angelo a Scala,064091,Sant'Angelo a Scala,unchanged,,POSAS 2019/2025 direct comparison,sum,
064092,Sant'Angelo dei Lombardi,064092,Sant'Angelo dei Lombardi,unchanged,,POSAS 2019/2025 direct comparison,sum,
064093,Santa Paolina,064093,Santa Paolina,unchanged,,POSAS 2019/2025 direct comparison,sum,
064095,Santo Stefano del Sole,064095,Santo Stefano del Sole,unchanged,,POSAS 2019/2025 direct comparison,sum,
064096,Savignano Irpino,064096,Savignano Irpino,unchanged,,POSAS 2019/2025 direct comparison,sum,
064097,Scampitella,064097,Scampitella,unchanged,,POSAS 2019/2025 direct comparison,sum,
064098,Senerchia,064098,Senerchia,unchanged,,POSAS 2019/2025 direct comparison,sum,
064099,Serino,064099,Serino,unchanged,,POSAS 2019/2025 direct comparison,sum,
064100,Sirignano,064100,Sirignano,unchanged,,POSAS 2019/2025 direct comparison,sum,
064101,Solofra,064101,Solofra,unchanged,,POSAS 2019/2025 direct comparison,sum,
064102,Sorbo Serpico,064102,Sorbo Serpico,unchanged,,POSAS 2019/2025 direct comparison,sum,
064103,Sperone,064103,Sperone,unchanged,,POSAS 2019/2025 direct comparison,sum,
064104,Sturno,064104,Sturno,unchanged,,POSAS 2019/2025 direct comparison,sum,
064105,Summonte,064105,Summonte,unchanged,,POSAS 2019/2025 direct comparison,sum,
064106,Taurano,064106,Taurano,unchanged,,POSAS 2019/2025 direct comparison,sum,
064107,Taurasi,064107,Taurasi,unchanged,,POSAS 2019/2025 direct comparison,sum,
064108,Teora,064108,Teora,unchanged,,POSAS 2019/2025 direct comparison,sum,
064109,Torella dei Lombardi,064109,Torella dei Lombardi,unchanged,,POSAS 2019/2025 direct comparison,sum,
064110,Torre Le Nocelle,064110,Torre Le Nocelle,unchanged,,POSAS 2019/2025 direct comparison,sum,
064111,Torrioni,064111,Torrioni,unchanged,,POSAS 2019/2025 direct comparison,sum,
064112,Trevico,064112,Trevico,unchanged,,POSAS 2019/2025 direct comparison,sum,
064113,Tufo,064113,Tufo,unchanged,,POSAS 2019/2025 direct comparison,sum,
064114,Vallata,064114,Vallata,unchanged,,POSAS 2019/2025 direct comparison,sum,
064115,Vallesaccarda,064115,Vallesaccarda,unchanged,,POSAS 2019/2025 direct comparison,sum,
064116,Venticano,064116,Venticano,unchanged,,POSAS 2019/2025 direct comparison,sum,
064117,Villamaina,064117,Villamaina,unchanged,,POSAS 2019/2025 direct comparison,sum,
064118,Villanova del Battista,064118,Villanova del Battista,unchanged,,POSAS 2019/2025 direct comparison,sum,
064119,Volturara Irpina,064119,Volturara Irpina,unchanged,,POSAS 2019/2025 direct comparison,sum,
064120,Zungoli,064120,Zungoli,unchanged,,POSAS 2019/2025 direct comparison,sum,
064121,Montoro,064121,Montoro,unchanged,,POSAS 2019/2025 direct comparison,sum,
065001,Acerno,065001,Acerno,unchanged,,POSAS 2019/2025 direct comparison,sum,
065002,Agropoli,065002,Agropoli,unchanged,,POSAS 2019/2025 direct comparison,sum,
065003,Albanella,065003,Albanella,unchanged,,POSAS 2019/2025 direct comparison,sum,
065004,Alfano,065004,Alfano,unchanged,,POSAS 2019/2025 direct comparison,sum,
065005,Altavilla Silentina,065005,Altavilla Silentina,unchanged,,POSAS 2019/2025 direct comparison,sum,
065006,Amalfi,065006,Amalfi,unchanged,,POSAS 2019/2025 direct comparison,sum,
065007,Angri,065007,Angri,unchanged,,POSAS 2019/2025 direct comparison,sum,
065008,Aquara,065008,Aquara,unchanged,,POSAS 2019/2025 direct comparison,sum,
065009,Ascea,065009,Ascea,unchanged,,POSAS 2019/2025 direct comparison,sum,
065010,Atena Lucana,065010,Atena Lucana,unchanged,,POSAS 2019/2025 direct comparison,sum,
065011,Atrani,065011,Atrani,unchanged,,POSAS 2019/2025 direct comparison,sum,
065012,Auletta,065012,Auletta,unchanged,,POSAS 2019/2025 direct comparison,sum,
065013,Baronissi,065013,Baronissi,unchanged,,POSAS 2019/2025 direct comparison,sum,
065014,Battipaglia,065014,Battipaglia,unchanged,,POSAS 2019/2025 direct comparison,sum,
065015,Bellosguardo,065015,Bellosguardo,unchanged,,POSAS 2019/2025 direct comparison,sum,
065016,Bracigliano,065016,Bracigliano,unchanged,,POSAS 2019/2025 direct comparison,sum,
065017,Buccino,065017,Buccino,unchanged,,POSAS 2019/2025 direct comparison,sum,
065018,Buonabitacolo,065018,Buonabitacolo,unchanged,,POSAS 2019/2025 direct comparison,sum,
065019,Caggiano,065019,Caggiano,unchanged,,POSAS 2019/2025 direct comparison,sum,
065020,Calvanico,065020,Calvanico,unchanged,,POSAS 2019/2025 direct comparison,sum,
065021,Camerota,065021,Camerota,unchanged,,POSAS 2019/2025 direct comparison,sum,
065022,Campagna,065022,Campagna,unchanged,,POSAS 2019/2025 direct comparison,sum,
065023,Campora,065023,Campora,unchanged,,POSAS 2019/2025 direct comparison,sum,
065024,Cannalonga,065024,Cannalonga,unchanged,,POSAS 2019/2025 direct comparison,sum,
065025,Capaccio Paestum,065025,Capaccio Paestum,unchanged,,POSAS 2019/2025 direct comparison,sum,
065026,Casalbuono,065026,Casalbuono,unchanged,,POSAS 2019/2025 direct comparison,sum,
065027,Casaletto Spartano,065027,Casaletto Spartano,unchanged,,POSAS 2019/2025 direct comparison,sum,
065028,Casal Velino,065028,Casal Velino,unchanged,,POSAS 2019/2025 direct comparison,sum,
065029,Caselle in Pittari,065029,Caselle in Pittari,unchanged,,POSAS 2019/2025 direct comparison,sum,
065030,Castelcivita,065030,Castelcivita,unchanged,,POSAS 2019/2025 direct comparison,sum,
065031,Castellabate,065031,Castellabate,unchanged,,POSAS 2019/2025 direct comparison,sum,
065032,Castelnuovo Cilento,065032,Castelnuovo Cilento,unchanged,,POSAS 2019/2025 direct comparison,sum,
065033,Castelnuovo di Conza,065033,Castelnuovo di Conza,unchanged,,POSAS 2019/2025 direct comparison,sum,
065034,Castel San Giorgio,065034,Castel San Giorgio,unchanged,,POSAS 2019/2025 direct comparison,sum,
065035,Castel San Lorenzo,065035,Castel San Lorenzo,unchanged,,POSAS 2019/2025 direct comparison,sum,
065036,Castiglione del Genovesi,065036,Castiglione del Genovesi,unchanged,,POSAS 2019/2025 direct comparison,sum,
065037,Cava de' Tirreni,065037,Cava de' Tirreni,unchanged,,POSAS 2019/2025 direct comparison,sum,
065038,Celle di Bulgheria,065038,Celle di Bulgheria,unchanged,,POSAS 2019/2025 direct comparison,sum,
065039,Centola,065039,Centola,unchanged,,POSAS 2019/2025 direct comparison,sum,
065040,Ceraso,065040,Ceraso,unchanged,,POSAS 2019/2025 direct comparison,sum,
065041,Cetara,065041,Cetara,unchanged,,POSAS 2019/2025 direct comparison,sum,
065042,Cicerale,065042,Cicerale,unchanged,,POSAS 2019/2025 direct comparison,sum,
065043,Colliano,065043,Colliano,unchanged,,POSAS 2019/2025 direct comparison,sum,
065044,Conca dei Marini,065044,Conca dei Marini,unchanged,,POSAS 2019/2025 direct comparison,sum,
065045,Controne,065045,Controne,unchanged,,POSAS 2019/2025 direct comparison,sum,
065046,Contursi Terme,065046,Contursi Terme,unchanged,,POSAS 2019/2025 direct comparison,sum,
065047,Corbara,065047,Corbara,unchanged,,POSAS 2019/2025 direct comparison,sum,
065048,Corleto Monforte,065048,Corleto Monforte,unchanged,,POSAS 2019/2025 direct comparison,sum,
065049,Cuccaro Vetere,065049,Cuccaro Vetere,unchanged,,POSAS 2019/2025 direct comparison,sum,
065050,Eboli,065050,Eboli,unchanged,,POSAS 2019/2025 direct comparison,sum,
065051,Felitto,065051,Felitto,unchanged,,POSAS 2019/2025 direct comparison,sum,
065052,Fisciano,065052,Fisciano,unchanged,,POSAS 2019/2025 direct comparison,sum,
065053,Furore,065053,Furore,unchanged,,POSAS 2019/2025 direct comparison,sum,
065054,Futani,065054,Futani,unchanged,,POSAS 2019/2025 direct comparison,sum,
065055,Giffoni Sei Casali,065055,Giffoni Sei Casali,unchanged,,POSAS 2019/2025 direct comparison,sum,
065056,Giffoni Valle Piana,065056,Giffoni Valle Piana,unchanged,,POSAS 2019/2025 direct comparison,sum,
065057,Gioi,065057,Gioi,unchanged,,POSAS 2019/2025 direct comparison,sum,
065058,Giungano,065058,Giungano,unchanged,,POSAS 2019/2025 direct comparison,sum,
065059,Ispani,065059,Ispani,unchanged,,POSAS 2019/2025 direct comparison,sum,
065060,Laureana Cilento,065060,Laureana Cilento,unchanged,,POSAS 2019/2025 direct comparison,sum,
065061,Laurino,065061,Laurino,unchanged,,POSAS 2019/2025 direct comparison,sum,
065062,Laurito,065062,Laurito,unchanged,,POSAS 2019/2025 direct comparison,sum,
065063,Laviano,065063,Laviano,unchanged,,POSAS 2019/2025 direct comparison,sum,
065064,Lustra,065064,Lustra,unchanged,,POSAS 2019/2025 direct comparison,sum,
065065,Magliano Vetere,065065,Magliano Vetere,unchanged,,POSAS 2019/2025 direct comparison,sum,
065066,Maiori,065066,Maiori,unchanged,,POSAS 2019/2025 direct comparison,sum,
065067,Mercato San Severino,065067,Mercato San Severino,unchanged,,POSAS 2019/2025 direct comparison,sum,
065068,Minori,065068,Minori,unchanged,,POSAS 2019/2025 direct comparison,sum,
065069,Moio della Civitella,065069,Moio della Civitella,unchanged,,POSAS 2019/2025 direct comparison,sum,
065070,Montano Antilia,065070,Montano Antilia,unchanged,,POSAS 2019/2025 direct comparison,sum,
065071,Montecorice,065071,Montecorice,unchanged,,POSAS 2019/2025 direct comparison,sum,
065072,Montecorvino Pugliano,065072,Montecorvino Pugliano,unchanged,,POSAS 2019/2025 direct comparison,sum,
065073,Montecorvino Rovella,065073,Montecorvino Rovella,unchanged,,POSAS 2019/2025 direct comparison,sum,
065074,Monteforte Cilento,065074,Monteforte Cilento,unchanged,,POSAS 2019/2025 direct comparison,sum,
065075,Monte San Giacomo,065075,Monte San Giacomo,unchanged,,POSAS 2019/2025 direct comparison,sum,
065076,Montesano sulla Marcellana,065076,Montesano sulla Marcellana,unchanged,,POSAS 2019/2025 direct comparison,sum,
065077,Morigerati,065077,Morigerati,unchanged,,POSAS 2019/2025 direct comparison,sum,
065078,Nocera Inferiore,065078,Nocera Inferiore,unchanged,,POSAS 2019/2025 direct comparison,sum,
065079,Nocera Superiore,065079,Nocera Superiore,unchanged,,POSAS 2019/2025 direct comparison,sum,
065080,Novi Velia,065080,Novi Velia,unchanged,,POSAS 2019/2025 direct comparison,sum,
065081,Ogliastro Cilento,065081,Ogliastro Cilento,unchanged,,POSAS 2019/2025 direct comparison,sum,
065082,Olevano sul Tusciano,065082,Olevano sul Tusciano,unchanged,,POSAS 2019/2025 direct comparison,sum,
065083,Oliveto Citra,065083,Oliveto Citra,unchanged,,POSAS 2019/2025 direct comparison,sum,
065084,Omignano,065084,Omignano,unchanged,,POSAS 2019/2025 direct comparison,sum,
065085,Orria,065085,Orria,unchanged,,POSAS 2019/2025 direct comparison,sum,
065086,Ottati,065086,Ottati,unchanged,,POSAS 2019/2025 direct comparison,sum,
065087,Padula,065087,Padula,unchanged,,POSAS 2019/2025 direct comparison,sum,
065088,Pagani,065088,Pagani,unchanged,,POSAS 2019/2025 direct comparison,sum,
065089,Palomonte,065089,Palomonte,unchanged,,POSAS 2019/2025 direct comparison,sum,
065090,Pellezzano,065090,Pellezzano,unchanged,,POSAS 2019/2025 direct comparison,sum,
065091,Perdifumo,065091,Perdifumo,unchanged,,POSAS 2019/2025 direct comparison,sum,
065092,Perito,065092,Perito,unchanged,,POSAS 2019/2025 direct comparison,sum,
065093,Pertosa,065093,Pertosa,unchanged,,POSAS 2019/2025 direct comparison,sum,
065094,Petina,065094,Petina,unchanged,,POSAS 2019/2025 direct comparison,sum,
065095,Piaggine,065095,Piaggine,unchanged,,POSAS 2019/2025 direct comparison,sum,
065096,Pisciotta,065096,Pisciotta,unchanged,,POSAS 2019/2025 direct comparison,sum,
065097,Polla,065097,Polla,unchanged,,POSAS 2019/2025 direct comparison,sum,
065098,Pollica,065098,Pollica,unchanged,,POSAS 2019/2025 direct comparison,sum,
065099,Pontecagnano Faiano,065099,Pontecagnano Faiano,unchanged,,POSAS 2019/2025 direct comparison,sum,
065100,Positano,065100,Positano,unchanged,,POSAS 2019/2025 direct comparison,sum,
065101,Postiglione,065101,Postiglione,unchanged,,POSAS 2019/2025 direct comparison,sum,
065102,Praiano,065102,Praiano,unchanged,,POSAS 2019/2025 direct comparison,sum,
065103,Prignano Cilento,065103,Prignano Cilento,unchanged,,POSAS 2019/2025 direct comparison,sum,
065104,Ravello,065104,Ravello,unchanged,,POSAS 2019/2025 direct comparison,sum,
065105,Ricigliano,065105,Ricigliano,unchanged,,POSAS 2019/2025 direct comparison,sum,
065106,Roccadaspide,065106,Roccadaspide,unchanged,,POSAS 2019/2025 direct comparison,sum,
065107,Roccagloriosa,065107,Roccagloriosa,unchanged,,POSAS 2019/2025 direct comparison,sum,
065108,Roccapiemonte,065108,Roccapiemonte,unchanged,,POSAS 2019/2025 direct comparison,sum,
065109,Rofrano,065109,Rofrano,unchanged,,POSAS 2019/2025 direct comparison,sum,
065110,Romagnano al Monte,065110,Romagnano al Monte,unchanged,,POSAS 2019/2025 direct comparison,sum,
065111,Roscigno,065111,Roscigno,unchanged,,POSAS 2019/2025 direct comparison,sum,
065112,Rutino,065112,Rutino,unchanged,,POSAS 2019/2025 direct comparison,sum,
065113,Sacco,065113,Sacco,unchanged,,POSAS 2019/2025 direct comparison,sum,
065114,Sala Consilina,065114,Sala Consilina,unchanged,,POSAS 2019/2025 direct comparison,sum,
065115,Salento,065115,Salento,unchanged,,POSAS 2019/2025 direct comparison,sum,
065116,Salerno,065116,Salerno,unchanged,,POSAS 2019/2025 direct comparison,sum,
065117,Salvitelle,065117,Salvitelle,unchanged,,POSAS 2019/2025 direct comparison,sum,
065118,San Cipriano Picentino,065118,San Cipriano Picentino,unchanged,,POSAS 2019/2025 direct comparison,sum,
065119,San Giovanni a Piro,065119,San Giovanni a Piro,unchanged,,POSAS 2019/2025 direct comparison,sum,
065120,San Gregorio Magno,065120,San Gregorio Magno,unchanged,,POSAS 2019/2025 direct comparison,sum,
065121,San Mango Piemonte,065121,San Mango Piemonte,unchanged,,POSAS 2019/2025 direct comparison,sum,
065122,San Marzano sul Sarno,065122,San Marzano sul Sarno,unchanged,,POSAS 2019/2025 direct comparison,sum,
065123,San Mauro Cilento,065123,San Mauro Cilento,unchanged,,POSAS 2019/2025 direct comparison,sum,
065124,San Mauro la Bruca,065124,San Mauro la Bruca,unchanged,,POSAS 2019/2025 direct comparison,sum,
065125,San Pietro al Tanagro,065125,San Pietro al Tanagro,unchanged,,POSAS 2019/2025 direct comparison,sum,
065126,San Rufo,065126,San Rufo,unchanged,,POSAS 2019/2025 direct comparison,sum,
065127,Santa Marina,065127,Santa Marina,unchanged,,POSAS 2019/2025 direct comparison,sum,
065128,Sant'Angelo a Fasanella,065128,Sant'Angelo a Fasanella,unchanged,,POSAS 2019/2025 direct comparison,sum,
065129,Sant'Arsenio,065129,Sant'Arsenio,unchanged,,POSAS 2019/2025 direct comparison,sum,
065130,Sant'Egidio del Monte Albino,065130,Sant'Egidio del Monte Albino,unchanged,,POSAS 2019/2025 direct comparison,sum,
065131,Santomenna,065131,Santomenna,unchanged,,POSAS 2019/2025 direct comparison,sum,
065132,San Valentino Torio,065132,San Valentino Torio,unchanged,,POSAS 2019/2025 direct comparison,sum,
065133,Sanza,065133,Sanza,unchanged,,POSAS 2019/2025 direct comparison,sum,
065134,Sapri,065134,Sapri,unchanged,,POSAS 2019/2025 direct comparison,sum,
065135,Sarno,065135,Sarno,unchanged,,POSAS 2019/2025 direct comparison,sum,
065136,Sassano,065136,Sassano,unchanged,,POSAS 2019/2025 direct comparison,sum,
065137,Scafati,065137,Scafati,unchanged,,POSAS 2019/2025 direct comparison,sum,
065138,Scala,065138,Scala,unchanged,,POSAS 2019/2025 direct comparison,sum,
065139,Serramezzana,065139,Serramezzana,unchanged,,POSAS 2019/2025 direct comparison,sum,
065140,Serre,065140,Serre,unchanged,,POSAS 2019/2025 direct comparison,sum,
065141,Sessa Cilento,065141,Sessa Cilento,unchanged,,POSAS 2019/2025 direct comparison,sum,
065142,Siano,065142,Siano,unchanged,,POSAS 2019/2025 direct comparison,sum,
065143,Sicignano degli Alburni,065143,Sicignano degli Alburni,unchanged,,POSAS 2019/2025 direct comparison,sum,
065144,Stella Cilento,065144,Stella Cilento,unchanged,,POSAS 2019/2025 direct comparison,sum,
065145,Stio,065145,Stio,unchanged,,POSAS 2019/2025 direct comparison,sum,
065146,Teggiano,065146,Teggiano,unchanged,,POSAS 2019/2025 direct comparison,sum,
065147,Torchiara,065147,Torchiara,unchanged,,POSAS 2019/2025 direct comparison,sum,
065148,Torraca,065148,Torraca,unchanged,,POSAS 2019/2025 direct comparison,sum,
065149,Torre Orsaia,065149,Torre Orsaia,unchanged,,POSAS 2019/2025 direct comparison,sum,
065150,Tortorella,065150,Tortorella,unchanged,,POSAS 2019/2025 direct comparison,sum,
065151,Tramonti,065151,Tramonti,unchanged,,POSAS 2019/2025 direct comparison,sum,
065152,Trentinara,065152,Trentinara,unchanged,,POSAS 2019/2025 direct comparison,sum,
065153,Valle dell'Angelo,065153,Valle dell'Angelo,unchanged,,POSAS 2019/2025 direct comparison,sum,
065154,Vallo della Lucania,065154,Vallo della Lucania,unchanged,,POSAS 2019/2025 direct comparison,sum,
065155,Valva,065155,Valva,unchanged,,POSAS 2019/2025 direct comparison,sum,
065156,Vibonati,065156,Vibonati,unchanged,,POSAS 2019/2025 direct comparison,sum,
065157,Vietri sul Mare,065157,Vietri sul Mare,unchanged,,POSAS 2019/2025 direct comparison,sum,
065158,Bellizzi,065158,Bellizzi,unchanged,,POSAS 2019/2025 direct comparison,sum,
066001,Acciano,066001,Acciano,unchanged,,POSAS 2019/2025 direct comparison,sum,
066002,Aielli,066002,Aielli,unchanged,,POSAS 2019/2025 direct comparison,sum,
066003,Alfedena,066003,Alfedena,unchanged,,POSAS 2019/2025 direct comparison,sum,
066004,Anversa degli Abruzzi,066004,Anversa degli Abruzzi,unchanged,,POSAS 2019/2025 direct comparison,sum,
066005,Ateleta,066005,Ateleta,unchanged,,POSAS 2019/2025 direct comparison,sum,
066006,Avezzano,066006,Avezzano,unchanged,,POSAS 2019/2025 direct comparison,sum,
066007,Balsorano,066007,Balsorano,unchanged,,POSAS 2019/2025 direct comparison,sum,
066008,Barete,066008,Barete,unchanged,,POSAS 2019/2025 direct comparison,sum,
066009,Barisciano,066009,Barisciano,unchanged,,POSAS 2019/2025 direct comparison,sum,
066010,Barrea,066010,Barrea,unchanged,,POSAS 2019/2025 direct comparison,sum,
066011,Bisegna,066011,Bisegna,unchanged,,POSAS 2019/2025 direct comparison,sum,
066012,Bugnara,066012,Bugnara,unchanged,,POSAS 2019/2025 direct comparison,sum,
066013,Cagnano Amiterno,066013,Cagnano Amiterno,unchanged,,POSAS 2019/2025 direct comparison,sum,
066014,Calascio,066014,Calascio,unchanged,,POSAS 2019/2025 direct comparison,sum,
066015,Campo di Giove,066015,Campo di Giove,unchanged,,POSAS 2019/2025 direct comparison,sum,
066016,Campotosto,066016,Campotosto,unchanged,,POSAS 2019/2025 direct comparison,sum,
066017,Canistro,066017,Canistro,unchanged,,POSAS 2019/2025 direct comparison,sum,
066018,Cansano,066018,Cansano,unchanged,,POSAS 2019/2025 direct comparison,sum,
066019,Capestrano,066019,Capestrano,unchanged,,POSAS 2019/2025 direct comparison,sum,
066020,Capistrello,066020,Capistrello,unchanged,,POSAS 2019/2025 direct comparison,sum,
066021,Capitignano,066021,Capitignano,unchanged,,POSAS 2019/2025 direct comparison,sum,
066022,Caporciano,066022,Caporciano,unchanged,,POSAS 2019/2025 direct comparison,sum,
066023,Cappadocia,066023,Cappadocia,unchanged,,POSAS 2019/2025 direct comparison,sum,
066024,Carapelle Calvisio,066024,Carapelle Calvisio,unchanged,,POSAS 2019/2025 direct comparison,sum,
066025,Carsoli,066025,Carsoli,unchanged,,POSAS 2019/2025 direct comparison,sum,
066026,Castel del Monte,066026,Castel del Monte,unchanged,,POSAS 2019/2025 direct comparison,sum,
066027,Castel di Ieri,066027,Castel di Ieri,unchanged,,POSAS 2019/2025 direct comparison,sum,
066028,Castel di Sangro,066028,Castel di Sangro,unchanged,,POSAS 2019/2025 direct comparison,sum,
066029,Castellafiume,066029,Castellafiume,unchanged,,POSAS 2019/2025 direct comparison,sum,
066030,Castelvecchio Calvisio,066030,Castelvecchio Calvisio,unchanged,,POSAS 2019/2025 direct comparison,sum,
066031,Castelvecchio Subequo,066031,Castelvecchio Subequo,unchanged,,POSAS 2019/2025 direct comparison,sum,
066032,Celano,066032,Celano,unchanged,,POSAS 2019/2025 direct comparison,sum,
066033,Cerchio,066033,Cerchio,unchanged,,POSAS 2019/2025 direct comparison,sum,
066034,Civita d'Antino,066034,Civita d'Antino,unchanged,,POSAS 2019/2025 direct comparison,sum,
066035,Civitella Alfedena,066035,Civitella Alfedena,unchanged,,POSAS 2019/2025 direct comparison,sum,
066036,Civitella Roveto,066036,Civitella Roveto,unchanged,,POSAS 2019/2025 direct comparison,sum,
066037,Cocullo,066037,Cocullo,unchanged,,POSAS 2019/2025 direct comparison,sum,
066038,Collarmele,066038,Collarmele,unchanged,,POSAS 2019/2025 direct comparison,sum,
066039,Collelongo,066039,Collelongo,unchanged,,POSAS 2019/2025 direct comparison,sum,
066040,Collepietro,066040,Collepietro,unchanged,,POSAS 2019/2025 direct comparison,sum,
066041,Corfinio,066041,Corfinio,unchanged,,POSAS 2019/2025 direct comparison,sum,
066042,Fagnano Alto,066042,Fagnano Alto,unchanged,,POSAS 2019/2025 direct comparison,sum,
066043,Fontecchio,066043,Fontecchio,unchanged,,POSAS 2019/2025 direct comparison,sum,
066044,Fossa,066044,Fossa,unchanged,,POSAS 2019/2025 direct comparison,sum,
066045,Gagliano Aterno,066045,Gagliano Aterno,unchanged,,POSAS 2019/2025 direct comparison,sum,
066046,Gioia dei Marsi,066046,Gioia dei Marsi,unchanged,,POSAS 2019/2025 direct comparison,sum,
066047,Goriano Sicoli,066047,Goriano Sicoli,unchanged,,POSAS 2019/2025 direct comparison,sum,
066048,Introdacqua,066048,Introdacqua,unchanged,,POSAS 2019/2025 direct comparison,sum,
066049,L'Aquila,066049,L'Aquila,unchanged,,POSAS 2019/2025 direct comparison,sum,
066050,Lecce nei Marsi,066050,Lecce nei Marsi,unchanged,,POSAS 2019/2025 direct comparison,sum,
066051,Luco dei Marsi,066051,Luco dei Marsi,unchanged,,POSAS 2019/2025 direct comparison,sum,
066052,Lucoli,066052,Lucoli,unchanged,,POSAS 2019/2025 direct comparison,sum,
066053,Magliano de' Marsi,066053,Magliano de' Marsi,unchanged,,POSAS 2019/2025 direct comparison,sum,
066054,Massa d'Albe,066054,Massa d'Albe,unchanged,,POSAS 2019/2025 direct comparison,sum,
066055,Molina Aterno,066055,Molina Aterno,unchanged,,POSAS 2019/2025 direct comparison,sum,
066056,Montereale,066056,Montereale,unchanged,,POSAS 2019/2025 direct comparison,sum,
066057,Morino,066057,Morino,unchanged,,POSAS 2019/2025 direct comparison,sum,
066058,Navelli,066058,Navelli,unchanged,,POSAS 2019/2025 direct comparison,sum,
066059,Ocre,066059,Ocre,unchanged,,POSAS 2019/2025 direct comparison,sum,
066060,Ofena,066060,Ofena,unchanged,,POSAS 2019/2025 direct comparison,sum,
066061,Opi,066061,Opi,unchanged,,POSAS 2019/2025 direct comparison,sum,
066062,Oricola,066062,Oricola,unchanged,,POSAS 2019/2025 direct comparison,sum,
066063,Ortona dei Marsi,066063,Ortona dei Marsi,unchanged,,POSAS 2019/2025 direct comparison,sum,
066064,Ortucchio,066064,Ortucchio,unchanged,,POSAS 2019/2025 direct comparison,sum,
066065,Ovindoli,066065,Ovindoli,unchanged,,POSAS 2019/2025 direct comparison,sum,
066066,Pacentro,066066,Pacentro,unchanged,,POSAS 2019/2025 direct comparison,sum,
066067,Pereto,066067,Pereto,unchanged,,POSAS 2019/2025 direct comparison,sum,
066068,Pescasseroli,066068,Pescasseroli,unchanged,,POSAS 2019/2025 direct comparison,sum,
066069,Pescina,066069,Pescina,unchanged,,POSAS 2019/2025 direct comparison,sum,
066070,Pescocostanzo,066070,Pescocostanzo,unchanged,,POSAS 2019/2025 direct comparison,sum,
066071,Pettorano sul Gizio,066071,Pettorano sul Gizio,unchanged,,POSAS 2019/2025 direct comparison,sum,
066072,Pizzoli,066072,Pizzoli,unchanged,,POSAS 2019/2025 direct comparison,sum,
066073,Poggio Picenze,066073,Poggio Picenze,unchanged,,POSAS 2019/2025 direct comparison,sum,
066074,Prata d'Ansidonia,066074,Prata d'Ansidonia,unchanged,,POSAS 2019/2025 direct comparison,sum,
066075,Pratola Peligna,066075,Pratola Peligna,unchanged,,POSAS 2019/2025 direct comparison,sum,
066076,Prezza,066076,Prezza,unchanged,,POSAS 2019/2025 direct comparison,sum,
066077,Raiano,066077,Raiano,unchanged,,POSAS 2019/2025 direct comparison,sum,
066078,Rivisondoli,066078,Rivisondoli,unchanged,,POSAS 2019/2025 direct comparison,sum,
066079,Roccacasale,066079,Roccacasale,unchanged,,POSAS 2019/2025 direct comparison,sum,
066080,Rocca di Botte,066080,Rocca di Botte,unchanged,,POSAS 2019/2025 direct comparison,sum,
066081,Rocca di Cambio,066081,Rocca di Cambio,unchanged,,POSAS 2019/2025 direct comparison,sum,
066082,Rocca di Mezzo,066082,Rocca di Mezzo,unchanged,,POSAS 2019/2025 direct comparison,sum,
066083,Rocca Pia,066083,Rocca Pia,unchanged,,POSAS 2019/2025 direct comparison,sum,
066084,Roccaraso,066084,Roccaraso,unchanged,,POSAS 2019/2025 direct comparison,sum,
066085,San Benedetto dei Marsi,066085,San Benedetto dei Marsi,unchanged,,POSAS 2019/2025 direct comparison,sum,
066086,San Benedetto in Perillis,066086,San Benedetto in Perillis,unchanged,,POSAS 2019/2025 direct comparison,sum,
066087,San Demetrio ne' Vestini,066087,San Demetrio ne' Vestini,unchanged,,POSAS 2019/2025 direct comparison,sum,
066088,San Pio delle Camere,066088,San Pio delle Camere,unchanged,,POSAS 2019/2025 direct comparison,sum,
066089,Sante Marie,066089,Sante Marie,unchanged,,POSAS 2019/2025 direct comparison,sum,
066090,Sant'Eusanio Forconese,066090,Sant'Eusanio Forconese,unchanged,,POSAS 2019/2025 direct comparison,sum,
066091,Santo Stefano di Sessanio,066091,Santo Stefano di Sessanio,unchanged,,POSAS 2019/2025 direct comparison,sum,
066092,San Vincenzo Valle Roveto,066092,San Vincenzo Valle Roveto,unchanged,,POSAS 2019/2025 direct comparison,sum,
066093,Scanno,066093,Scanno,unchanged,,POSAS 2019/2025 direct comparison,sum,
066094,Scontrone,066094,Scontrone,unchanged,,POSAS 2019/2025 direct comparison,sum,
066095,Scoppito,066095,Scoppito,unchanged,,POSAS 2019/2025 direct comparison,sum,
066096,Scurcola Marsicana,066096,Scurcola Marsicana,unchanged,,POSAS 2019/2025 direct comparison,sum,
066097,Secinaro,066097,Secinaro,unchanged,,POSAS 2019/2025 direct comparison,sum,
066098,Sulmona,066098,Sulmona,unchanged,,POSAS 2019/2025 direct comparison,sum,
066099,Tagliacozzo,066099,Tagliacozzo,unchanged,,POSAS 2019/2025 direct comparison,sum,
066100,Tione degli Abruzzi,066100,Tione degli Abruzzi,unchanged,,POSAS 2019/2025 direct comparison,sum,
066101,Tornimparte,066101,Tornimparte,unchanged,,POSAS 2019/2025 direct comparison,sum,
066102,Trasacco,066102,Trasacco,unchanged,,POSAS 2019/2025 direct comparison,sum,
066103,Villalago,066103,Villalago,unchanged,,POSAS 2019/2025 direct comparison,sum,
066104,Villa Santa Lucia degli Abruzzi,066104,Villa Santa Lucia degli Abruzzi,unchanged,,POSAS 2019/2025 direct comparison,sum,
066105,Villa Sant'Angelo,066105,Villa Sant'Angelo,unchanged,,POSAS 2019/2025 direct comparison,sum,
066106,Villavallelonga,066106,Villavallelonga,unchanged,,POSAS 2019/2025 direct comparison,sum,
066107,Villetta Barrea,066107,Villetta Barrea,unchanged,,POSAS 2019/2025 direct comparison,sum,
066108,Vittorito,066108,Vittorito,unchanged,,POSAS 2019/2025 direct comparison,sum,
067001,Alba Adriatica,067001,Alba Adriatica,unchanged,,POSAS 2019/2025 direct comparison,sum,
067002,Ancarano,067002,Ancarano,unchanged,,POSAS 2019/2025 direct comparison,sum,
067003,Arsita,067003,Arsita,unchanged,,POSAS 2019/2025 direct comparison,sum,
067004,Atri,067004,Atri,unchanged,,POSAS 2019/2025 direct comparison,sum,
067005,Basciano,067005,Basciano,unchanged,,POSAS 2019/2025 direct comparison,sum,
067006,Bellante,067006,Bellante,unchanged,,POSAS 2019/2025 direct comparison,sum,
067007,Bisenti,067007,Bisenti,unchanged,,POSAS 2019/2025 direct comparison,sum,
067008,Campli,067008,Campli,unchanged,,POSAS 2019/2025 direct comparison,sum,
067009,Canzano,067009,Canzano,unchanged,,POSAS 2019/2025 direct comparison,sum,
067010,Castel Castagna,067010,Castel Castagna,unchanged,,POSAS 2019/2025 direct comparison,sum,
067011,Castellalto,067011,Castellalto,unchanged,,POSAS 2019/2025 direct comparison,sum,
067012,Castelli,067012,Castelli,unchanged,,POSAS 2019/2025 direct comparison,sum,
067013,Castiglione Messer Raimondo,067013,Castiglione Messer Raimondo,unchanged,,POSAS 2019/2025 direct comparison,sum,
067014,Castilenti,067014,Castilenti,unchanged,,POSAS 2019/2025 direct comparison,sum,
067015,Cellino Attanasio,067015,Cellino Attanasio,unchanged,,POSAS 2019/2025 direct comparison,sum,
067016,Cermignano,067016,Cermignano,unchanged,,POSAS 2019/2025 direct comparison,sum,
067017,Civitella del Tronto,067017,Civitella del Tronto,unchanged,,POSAS 2019/2025 direct comparison,sum,
067018,Colledara,067018,Colledara,unchanged,,POSAS 2019/2025 direct comparison,sum,
067019,Colonnella,067019,Colonnella,unchanged,,POSAS 2019/2025 direct comparison,sum,
067020,Controguerra,067020,Controguerra,unchanged,,POSAS 2019/2025 direct comparison,sum,
067021,Corropoli,067021,Corropoli,unchanged,,POSAS 2019/2025 direct comparison,sum,
067022,Cortino,067022,Cortino,unchanged,,POSAS 2019/2025 direct comparison,sum,
067023,Crognaleto,067023,Crognaleto,unchanged,,POSAS 2019/2025 direct comparison,sum,
067024,Fano Adriano,067024,Fano Adriano,unchanged,,POSAS 2019/2025 direct comparison,sum,
067025,Giulianova,067025,Giulianova,unchanged,,POSAS 2019/2025 direct comparison,sum,
067026,Isola del Gran Sasso d'Italia,067026,Isola del Gran Sasso d'Italia,unchanged,,POSAS 2019/2025 direct comparison,sum,
067027,Montefino,067027,Montefino,unchanged,,POSAS 2019/2025 direct comparison,sum,
067028,Montorio al Vomano,067028,Montorio al Vomano,unchanged,,POSAS 2019/2025 direct comparison,sum,
067029,Morro d'Oro,067029,Morro d'Oro,unchanged,,POSAS 2019/2025 direct comparison,sum,
067030,Mosciano Sant'Angelo,067030,Mosciano Sant'Angelo,unchanged,,POSAS 2019/2025 direct comparison,sum,
067031,Nereto,067031,Nereto,unchanged,,POSAS 2019/2025 direct comparison,sum,
067032,Notaresco,067032,Notaresco,unchanged,,POSAS 2019/2025 direct comparison,sum,
067033,Penna Sant'Andrea,067033,Penna Sant'Andrea,unchanged,,POSAS 2019/2025 direct comparison,sum,
067034,Pietracamela,067034,Pietracamela,unchanged,,POSAS 2019/2025 direct comparison,sum,
067035,Pineto,067035,Pineto,unchanged,,POSAS 2019/2025 direct comparison,sum,
067036,Rocca Santa Maria,067036,Rocca Santa Maria,unchanged,,POSAS 2019/2025 direct comparison,sum,
067037,Roseto degli Abruzzi,067037,Roseto degli Abruzzi,unchanged,,POSAS 2019/2025 direct comparison,sum,
067038,Sant'Egidio alla Vibrata,067038,Sant'Egidio alla Vibrata,unchanged,,POSAS 2019/2025 direct comparison,sum,
067039,Sant'Omero,067039,Sant'Omero,unchanged,,POSAS 2019/2025 direct comparison,sum,
067040,Silvi,067040,Silvi,unchanged,,POSAS 2019/2025 direct comparison,sum,
067041,Teramo,067041,Teramo,unchanged,,POSAS 2019/2025 direct comparison,sum,
067042,Torano Nuovo,067042,Torano Nuovo,unchanged,,POSAS 2019/2025 direct comparison,sum,
067043,Torricella Sicura,067043,Torricella Sicura,unchanged,,POSAS 2019/2025 direct comparison,sum,
067044,Tortoreto,067044,Tortoreto,unchanged,,POSAS 2019/2025 direct comparison,sum,
067045,Tossicia,067045,Tossicia,unchanged,,POSAS 2019/2025 direct comparison,sum,
067046,Valle Castellana,067046,Valle Castellana,unchanged,,POSAS 2019/2025 direct comparison,sum,
067047,Martinsicuro,067047,Martinsicuro,unchanged,,POSAS 2019/2025 direct comparison,sum,
068001,Abbateggio,068001,Abbateggio,unchanged,,POSAS 2019/2025 direct comparison,sum,
068002,Alanno,068002,Alanno,unchanged,,POSAS 2019/2025 direct comparison,sum,
068003,Bolognano,068003,Bolognano,unchanged,,POSAS 2019/2025 direct comparison,sum,
068004,Brittoli,068004,Brittoli,unchanged,,POSAS 2019/2025 direct comparison,sum,
068005,Bussi sul Tirino,068005,Bussi sul Tirino,unchanged,,POSAS 2019/2025 direct comparison,sum,
068006,Cappelle sul Tavo,068006,Cappelle sul Tavo,unchanged,,POSAS 2019/2025 direct comparison,sum,
068007,Caramanico Terme,068007,Caramanico Terme,unchanged,,POSAS 2019/2025 direct comparison,sum,
068008,Carpineto della Nora,068008,Carpineto della Nora,unchanged,,POSAS 2019/2025 direct comparison,sum,
068009,Castiglione a Casauria,068009,Castiglione a Casauria,unchanged,,POSAS 2019/2025 direct comparison,sum,
068010,Catignano,068010,Catignano,unchanged,,POSAS 2019/2025 direct comparison,sum,
068011,Cepagatti,068011,Cepagatti,unchanged,,POSAS 2019/2025 direct comparison,sum,
068012,Città Sant'Angelo,068012,Città Sant'Angelo,unchanged,,POSAS 2019/2025 direct comparison,sum,
068013,Civitaquana,068013,Civitaquana,unchanged,,POSAS 2019/2025 direct comparison,sum,
068014,Civitella Casanova,068014,Civitella Casanova,unchanged,,POSAS 2019/2025 direct comparison,sum,
068015,Collecorvino,068015,Collecorvino,unchanged,,POSAS 2019/2025 direct comparison,sum,
068016,Corvara,068016,Corvara,unchanged,,POSAS 2019/2025 direct comparison,sum,
068017,Cugnoli,068017,Cugnoli,unchanged,,POSAS 2019/2025 direct comparison,sum,
068018,Elice,068018,Elice,unchanged,,POSAS 2019/2025 direct comparison,sum,
068019,Farindola,068019,Farindola,unchanged,,POSAS 2019/2025 direct comparison,sum,
068020,Lettomanoppello,068020,Lettomanoppello,unchanged,,POSAS 2019/2025 direct comparison,sum,
068021,Loreto Aprutino,068021,Loreto Aprutino,unchanged,,POSAS 2019/2025 direct comparison,sum,
068022,Manoppello,068022,Manoppello,unchanged,,POSAS 2019/2025 direct comparison,sum,
068023,Montebello di Bertona,068023,Montebello di Bertona,unchanged,,POSAS 2019/2025 direct comparison,sum,
068024,Montesilvano,068024,Montesilvano,unchanged,,POSAS 2019/2025 direct comparison,sum,
068025,Moscufo,068025,Moscufo,unchanged,,POSAS 2019/2025 direct comparison,sum,
068026,Nocciano,068026,Nocciano,unchanged,,POSAS 2019/2025 direct comparison,sum,
068027,Penne,068027,Penne,unchanged,,POSAS 2019/2025 direct comparison,sum,
068028,Pescara,068028,Pescara,unchanged,,POSAS 2019/2025 direct comparison,sum,
068029,Pescosansonesco,068029,Pescosansonesco,unchanged,,POSAS 2019/2025 direct comparison,sum,
068030,Pianella,068030,Pianella,unchanged,,POSAS 2019/2025 direct comparison,sum,
068031,Picciano,068031,Picciano,unchanged,,POSAS 2019/2025 direct comparison,sum,
068032,Pietranico,068032,Pietranico,unchanged,,POSAS 2019/2025 direct comparison,sum,
068033,Popoli Terme,068033,Popoli,denomination_change_official,2023-07-13,https://www.istat.it/storage/codici-unita-amministrative/Novita-2025-2017.pdf,sum,Denominazione 2019: Popoli; denominazione 2025: Popoli Terme.
068034,Roccamorice,068034,Roccamorice,unchanged,,POSAS 2019/2025 direct comparison,sum,
068035,Rosciano,068035,Rosciano,unchanged,,POSAS 2019/2025 direct comparison,sum,
068036,Salle,068036,Salle,unchanged,,POSAS 2019/2025 direct comparison,sum,
068037,Sant'Eufemia a Maiella,068037,Sant'Eufemia a Maiella,unchanged,,POSAS 2019/2025 direct comparison,sum,
068038,San Valentino in Abruzzo Citeriore,068038,San Valentino in Abruzzo Citeriore,unchanged,,POSAS 2019/2025 direct comparison,sum,
068039,Scafa,068039,Scafa,unchanged,,POSAS 2019/2025 direct comparison,sum,
068040,Serramonacesca,068040,Serramonacesca,unchanged,,POSAS 2019/2025 direct comparison,sum,
068041,Spoltore,068041,Spoltore,unchanged,,POSAS 2019/2025 direct comparison,sum,
068042,Tocco da Casauria,068042,Tocco da Casauria,unchanged,,POSAS 2019/2025 direct comparison,sum,
068043,Torre de' Passeri,068043,Torre de' Passeri,unchanged,,POSAS 2019/2025 direct comparison,sum,
068044,Turrivalignani,068044,Turrivalignani,unchanged,,POSAS 2019/2025 direct comparison,sum,
068045,Vicoli,068045,Vicoli,unchanged,,POSAS 2019/2025 direct comparison,sum,
068046,Villa Celiera,068046,Villa Celiera,unchanged,,POSAS 2019/2025 direct comparison,sum,
069001,Altino,069001,Altino,unchanged,,POSAS 2019/2025 direct comparison,sum,
069002,Archi,069002,Archi,unchanged,,POSAS 2019/2025 direct comparison,sum,
069003,Ari,069003,Ari,unchanged,,POSAS 2019/2025 direct comparison,sum,
069004,Arielli,069004,Arielli,unchanged,,POSAS 2019/2025 direct comparison,sum,
069005,Atessa,069005,Atessa,unchanged,,POSAS 2019/2025 direct comparison,sum,
069006,Bomba,069006,Bomba,unchanged,,POSAS 2019/2025 direct comparison,sum,
069007,Borrello,069007,Borrello,unchanged,,POSAS 2019/2025 direct comparison,sum,
069008,Bucchianico,069008,Bucchianico,unchanged,,POSAS 2019/2025 direct comparison,sum,
069009,Montebello sul Sangro,069009,Montebello sul Sangro,unchanged,,POSAS 2019/2025 direct comparison,sum,
069010,Canosa Sannita,069010,Canosa Sannita,unchanged,,POSAS 2019/2025 direct comparison,sum,
069011,Carpineto Sinello,069011,Carpineto Sinello,unchanged,,POSAS 2019/2025 direct comparison,sum,
069012,Carunchio,069012,Carunchio,unchanged,,POSAS 2019/2025 direct comparison,sum,
069013,Casacanditella,069013,Casacanditella,unchanged,,POSAS 2019/2025 direct comparison,sum,
069014,Casalanguida,069014,Casalanguida,unchanged,,POSAS 2019/2025 direct comparison,sum,
069015,Casalbordino,069015,Casalbordino,unchanged,,POSAS 2019/2025 direct comparison,sum,
069016,Casalincontrada,069016,Casalincontrada,unchanged,,POSAS 2019/2025 direct comparison,sum,
069017,Casoli,069017,Casoli,unchanged,,POSAS 2019/2025 direct comparison,sum,
069018,Castel Frentano,069018,Castel Frentano,unchanged,,POSAS 2019/2025 direct comparison,sum,
069019,Castelguidone,069019,Castelguidone,unchanged,,POSAS 2019/2025 direct comparison,sum,
069020,Castiglione Messer Marino,069020,Castiglione Messer Marino,unchanged,,POSAS 2019/2025 direct comparison,sum,
069021,Celenza sul Trigno,069021,Celenza sul Trigno,unchanged,,POSAS 2019/2025 direct comparison,sum,
069022,Chieti,069022,Chieti,unchanged,,POSAS 2019/2025 direct comparison,sum,
069023,Civitaluparella,069023,Civitaluparella,unchanged,,POSAS 2019/2025 direct comparison,sum,
069024,Civitella Messer Raimondo,069024,Civitella Messer Raimondo,unchanged,,POSAS 2019/2025 direct comparison,sum,
069025,Colledimacine,069025,Colledimacine,unchanged,,POSAS 2019/2025 direct comparison,sum,
069026,Colledimezzo,069026,Colledimezzo,unchanged,,POSAS 2019/2025 direct comparison,sum,
069027,Crecchio,069027,Crecchio,unchanged,,POSAS 2019/2025 direct comparison,sum,
069028,Cupello,069028,Cupello,unchanged,,POSAS 2019/2025 direct comparison,sum,
069029,Dogliola,069029,Dogliola,unchanged,,POSAS 2019/2025 direct comparison,sum,
069030,Fara Filiorum Petri,069030,Fara Filiorum Petri,unchanged,,POSAS 2019/2025 direct comparison,sum,
069031,Fara San Martino,069031,Fara San Martino,unchanged,,POSAS 2019/2025 direct comparison,sum,
069032,Filetto,069032,Filetto,unchanged,,POSAS 2019/2025 direct comparison,sum,
069033,Fossacesia,069033,Fossacesia,unchanged,,POSAS 2019/2025 direct comparison,sum,
069034,Fraine,069034,Fraine,unchanged,,POSAS 2019/2025 direct comparison,sum,
069035,Francavilla al Mare,069035,Francavilla al Mare,unchanged,,POSAS 2019/2025 direct comparison,sum,
069036,Fresagrandinaria,069036,Fresagrandinaria,unchanged,,POSAS 2019/2025 direct comparison,sum,
069037,Frisa,069037,Frisa,unchanged,,POSAS 2019/2025 direct comparison,sum,
069038,Furci,069038,Furci,unchanged,,POSAS 2019/2025 direct comparison,sum,
069039,Gamberale,069039,Gamberale,unchanged,,POSAS 2019/2025 direct comparison,sum,
069040,Gessopalena,069040,Gessopalena,unchanged,,POSAS 2019/2025 direct comparison,sum,
069041,Gissi,069041,Gissi,unchanged,,POSAS 2019/2025 direct comparison,sum,
069042,Giuliano Teatino,069042,Giuliano Teatino,unchanged,,POSAS 2019/2025 direct comparison,sum,
069043,Guardiagrele,069043,Guardiagrele,unchanged,,POSAS 2019/2025 direct comparison,sum,
069044,Guilmi,069044,Guilmi,unchanged,,POSAS 2019/2025 direct comparison,sum,
069045,Lama dei Peligni,069045,Lama dei Peligni,unchanged,,POSAS 2019/2025 direct comparison,sum,
069046,Lanciano,069046,Lanciano,unchanged,,POSAS 2019/2025 direct comparison,sum,
069047,Lentella,069047,Lentella,unchanged,,POSAS 2019/2025 direct comparison,sum,
069048,Lettopalena,069048,Lettopalena,unchanged,,POSAS 2019/2025 direct comparison,sum,
069049,Liscia,069049,Liscia,unchanged,,POSAS 2019/2025 direct comparison,sum,
069050,Miglianico,069050,Miglianico,unchanged,,POSAS 2019/2025 direct comparison,sum,
069051,Montazzoli,069051,Montazzoli,unchanged,,POSAS 2019/2025 direct comparison,sum,
069052,Monteferrante,069052,Monteferrante,unchanged,,POSAS 2019/2025 direct comparison,sum,
069053,Montelapiano,069053,Montelapiano,unchanged,,POSAS 2019/2025 direct comparison,sum,
069054,Montenerodomo,069054,Montenerodomo,unchanged,,POSAS 2019/2025 direct comparison,sum,
069055,Monteodorisio,069055,Monteodorisio,unchanged,,POSAS 2019/2025 direct comparison,sum,
069056,Mozzagrogna,069056,Mozzagrogna,unchanged,,POSAS 2019/2025 direct comparison,sum,
069057,Orsogna,069057,Orsogna,unchanged,,POSAS 2019/2025 direct comparison,sum,
069058,Ortona,069058,Ortona,unchanged,,POSAS 2019/2025 direct comparison,sum,
069059,Paglieta,069059,Paglieta,unchanged,,POSAS 2019/2025 direct comparison,sum,
069060,Palena,069060,Palena,unchanged,,POSAS 2019/2025 direct comparison,sum,
069061,Palmoli,069061,Palmoli,unchanged,,POSAS 2019/2025 direct comparison,sum,
069062,Palombaro,069062,Palombaro,unchanged,,POSAS 2019/2025 direct comparison,sum,
069063,Pennadomo,069063,Pennadomo,unchanged,,POSAS 2019/2025 direct comparison,sum,
069064,Pennapiedimonte,069064,Pennapiedimonte,unchanged,,POSAS 2019/2025 direct comparison,sum,
069065,Perano,069065,Perano,unchanged,,POSAS 2019/2025 direct comparison,sum,
069066,Pizzoferrato,069066,Pizzoferrato,unchanged,,POSAS 2019/2025 direct comparison,sum,
069067,Poggiofiorito,069067,Poggiofiorito,unchanged,,POSAS 2019/2025 direct comparison,sum,
069068,Pollutri,069068,Pollutri,unchanged,,POSAS 2019/2025 direct comparison,sum,
069069,Pretoro,069069,Pretoro,unchanged,,POSAS 2019/2025 direct comparison,sum,
069070,Quadri,069070,Quadri,unchanged,,POSAS 2019/2025 direct comparison,sum,
069071,Rapino,069071,Rapino,unchanged,,POSAS 2019/2025 direct comparison,sum,
069072,Ripa Teatina,069072,Ripa Teatina,unchanged,,POSAS 2019/2025 direct comparison,sum,
069073,Roccamontepiano,069073,Roccamontepiano,unchanged,,POSAS 2019/2025 direct comparison,sum,
069074,Rocca San Giovanni,069074,Rocca San Giovanni,unchanged,,POSAS 2019/2025 direct comparison,sum,
069075,Roccascalegna,069075,Roccascalegna,unchanged,,POSAS 2019/2025 direct comparison,sum,
069076,Roccaspinalveti,069076,Roccaspinalveti,unchanged,,POSAS 2019/2025 direct comparison,sum,
069077,Roio del Sangro,069077,Roio del Sangro,unchanged,,POSAS 2019/2025 direct comparison,sum,
069078,Rosello,069078,Rosello,unchanged,,POSAS 2019/2025 direct comparison,sum,
069079,San Buono,069079,San Buono,unchanged,,POSAS 2019/2025 direct comparison,sum,
069080,San Giovanni Lipioni,069080,San Giovanni Lipioni,unchanged,,POSAS 2019/2025 direct comparison,sum,
069081,San Giovanni Teatino,069081,San Giovanni Teatino,unchanged,,POSAS 2019/2025 direct comparison,sum,
069082,San Martino sulla Marrucina,069082,San Martino sulla Marrucina,unchanged,,POSAS 2019/2025 direct comparison,sum,
069083,San Salvo,069083,San Salvo,unchanged,,POSAS 2019/2025 direct comparison,sum,
069084,Santa Maria Imbaro,069084,Santa Maria Imbaro,unchanged,,POSAS 2019/2025 direct comparison,sum,
069085,Sant'Eusanio del Sangro,069085,Sant'Eusanio del Sangro,unchanged,,POSAS 2019/2025 direct comparison,sum,
069086,San Vito Chietino,069086,San Vito Chietino,unchanged,,POSAS 2019/2025 direct comparison,sum,
069087,Scerni,069087,Scerni,unchanged,,POSAS 2019/2025 direct comparison,sum,
069088,Schiavi di Abruzzo,069088,Schiavi di Abruzzo,unchanged,,POSAS 2019/2025 direct comparison,sum,
069089,Taranta Peligna,069089,Taranta Peligna,unchanged,,POSAS 2019/2025 direct comparison,sum,
069090,Tollo,069090,Tollo,unchanged,,POSAS 2019/2025 direct comparison,sum,
069091,Torino di Sangro,069091,Torino di Sangro,unchanged,,POSAS 2019/2025 direct comparison,sum,
069092,Tornareccio,069092,Tornareccio,unchanged,,POSAS 2019/2025 direct comparison,sum,
069093,Torrebruna,069093,Torrebruna,unchanged,,POSAS 2019/2025 direct comparison,sum,
069094,Torrevecchia Teatina,069094,Torrevecchia Teatina,unchanged,,POSAS 2019/2025 direct comparison,sum,
069095,Torricella Peligna,069095,Torricella Peligna,unchanged,,POSAS 2019/2025 direct comparison,sum,
069096,Treglio,069096,Treglio,unchanged,,POSAS 2019/2025 direct comparison,sum,
069097,Tufillo,069097,Tufillo,unchanged,,POSAS 2019/2025 direct comparison,sum,
069098,Vacri,069098,Vacri,unchanged,,POSAS 2019/2025 direct comparison,sum,
069099,Vasto,069099,Vasto,unchanged,,POSAS 2019/2025 direct comparison,sum,
069100,Villalfonsina,069100,Villalfonsina,unchanged,,POSAS 2019/2025 direct comparison,sum,
069101,Villamagna,069101,Villamagna,unchanged,,POSAS 2019/2025 direct comparison,sum,
069102,Villa Santa Maria,069102,Villa Santa Maria,unchanged,,POSAS 2019/2025 direct comparison,sum,
069103,Pietraferrazzana,069103,Pietraferrazzana,unchanged,,POSAS 2019/2025 direct comparison,sum,
069104,Fallo,069104,Fallo,unchanged,,POSAS 2019/2025 direct comparison,sum,
070001,Acquaviva Collecroce,070001,Acquaviva Collecroce,unchanged,,POSAS 2019/2025 direct comparison,sum,
070002,Baranello,070002,Baranello,unchanged,,POSAS 2019/2025 direct comparison,sum,
070003,Bojano,070003,Bojano,unchanged,,POSAS 2019/2025 direct comparison,sum,
070004,Bonefro,070004,Bonefro,unchanged,,POSAS 2019/2025 direct comparison,sum,
070005,Busso,070005,Busso,unchanged,,POSAS 2019/2025 direct comparison,sum,
070006,Campobasso,070006,Campobasso,unchanged,,POSAS 2019/2025 direct comparison,sum,
070007,Campochiaro,070007,Campochiaro,unchanged,,POSAS 2019/2025 direct comparison,sum,
070008,Campodipietra,070008,Campodipietra,unchanged,,POSAS 2019/2025 direct comparison,sum,
070009,Campolieto,070009,Campolieto,unchanged,,POSAS 2019/2025 direct comparison,sum,
070010,Campomarino,070010,Campomarino,unchanged,,POSAS 2019/2025 direct comparison,sum,
070011,Casacalenda,070011,Casacalenda,unchanged,,POSAS 2019/2025 direct comparison,sum,
070012,Casalciprano,070012,Casalciprano,unchanged,,POSAS 2019/2025 direct comparison,sum,
070013,Castelbottaccio,070013,Castelbottaccio,unchanged,,POSAS 2019/2025 direct comparison,sum,
070014,Castellino del Biferno,070014,Castellino del Biferno,unchanged,,POSAS 2019/2025 direct comparison,sum,
070015,Castelmauro,070015,Castelmauro,unchanged,,POSAS 2019/2025 direct comparison,sum,
070016,Castropignano,070016,Castropignano,unchanged,,POSAS 2019/2025 direct comparison,sum,
070017,Cercemaggiore,070017,Cercemaggiore,unchanged,,POSAS 2019/2025 direct comparison,sum,
070018,Cercepiccola,070018,Cercepiccola,unchanged,,POSAS 2019/2025 direct comparison,sum,
070019,Civitacampomarano,070019,Civitacampomarano,unchanged,,POSAS 2019/2025 direct comparison,sum,
070020,Colle d'Anchise,070020,Colle d'Anchise,unchanged,,POSAS 2019/2025 direct comparison,sum,
070021,Colletorto,070021,Colletorto,unchanged,,POSAS 2019/2025 direct comparison,sum,
070022,Duronia,070022,Duronia,unchanged,,POSAS 2019/2025 direct comparison,sum,
070023,Ferrazzano,070023,Ferrazzano,unchanged,,POSAS 2019/2025 direct comparison,sum,
070024,Fossalto,070024,Fossalto,unchanged,,POSAS 2019/2025 direct comparison,sum,
070025,Gambatesa,070025,Gambatesa,unchanged,,POSAS 2019/2025 direct comparison,sum,
070026,Gildone,070026,Gildone,unchanged,,POSAS 2019/2025 direct comparison,sum,
070027,Guardialfiera,070027,Guardialfiera,unchanged,,POSAS 2019/2025 direct comparison,sum,
070028,Guardiaregia,070028,Guardiaregia,unchanged,,POSAS 2019/2025 direct comparison,sum,
070029,Guglionesi,070029,Guglionesi,unchanged,,POSAS 2019/2025 direct comparison,sum,
070030,Jelsi,070030,Jelsi,unchanged,,POSAS 2019/2025 direct comparison,sum,
070031,Larino,070031,Larino,unchanged,,POSAS 2019/2025 direct comparison,sum,
070032,Limosano,070032,Limosano,unchanged,,POSAS 2019/2025 direct comparison,sum,
070033,Lucito,070033,Lucito,unchanged,,POSAS 2019/2025 direct comparison,sum,
070034,Lupara,070034,Lupara,unchanged,,POSAS 2019/2025 direct comparison,sum,
070035,Macchia Valfortore,070035,Macchia Valfortore,unchanged,,POSAS 2019/2025 direct comparison,sum,
070036,Mafalda,070036,Mafalda,unchanged,,POSAS 2019/2025 direct comparison,sum,
070037,Matrice,070037,Matrice,unchanged,,POSAS 2019/2025 direct comparison,sum,
070038,Mirabello Sannitico,070038,Mirabello Sannitico,unchanged,,POSAS 2019/2025 direct comparison,sum,
070039,Molise,070039,Molise,unchanged,,POSAS 2019/2025 direct comparison,sum,
070040,Monacilioni,070040,Monacilioni,unchanged,,POSAS 2019/2025 direct comparison,sum,
070041,Montagano,070041,Montagano,unchanged,,POSAS 2019/2025 direct comparison,sum,
070042,Montecilfone,070042,Montecilfone,unchanged,,POSAS 2019/2025 direct comparison,sum,
070043,Montefalcone nel Sannio,070043,Montefalcone nel Sannio,unchanged,,POSAS 2019/2025 direct comparison,sum,
070044,Montelongo,070044,Montelongo,unchanged,,POSAS 2019/2025 direct comparison,sum,
070045,Montemitro,070045,Montemitro,unchanged,,POSAS 2019/2025 direct comparison,sum,
070046,Montenero di Bisaccia,070046,Montenero di Bisaccia,unchanged,,POSAS 2019/2025 direct comparison,sum,
070047,Montorio nei Frentani,070047,Montorio nei Frentani,unchanged,,POSAS 2019/2025 direct comparison,sum,
070048,Morrone del Sannio,070048,Morrone del Sannio,unchanged,,POSAS 2019/2025 direct comparison,sum,
070049,Oratino,070049,Oratino,unchanged,,POSAS 2019/2025 direct comparison,sum,
070050,Palata,070050,Palata,unchanged,,POSAS 2019/2025 direct comparison,sum,
070051,Petacciato,070051,Petacciato,unchanged,,POSAS 2019/2025 direct comparison,sum,
070052,Petrella Tifernina,070052,Petrella Tifernina,unchanged,,POSAS 2019/2025 direct comparison,sum,
070053,Pietracatella,070053,Pietracatella,unchanged,,POSAS 2019/2025 direct comparison,sum,
070054,Pietracupa,070054,Pietracupa,unchanged,,POSAS 2019/2025 direct comparison,sum,
070055,Portocannone,070055,Portocannone,unchanged,,POSAS 2019/2025 direct comparison,sum,
070056,Provvidenti,070056,Provvidenti,unchanged,,POSAS 2019/2025 direct comparison,sum,
070057,Riccia,070057,Riccia,unchanged,,POSAS 2019/2025 direct comparison,sum,
070058,Ripabottoni,070058,Ripabottoni,unchanged,,POSAS 2019/2025 direct comparison,sum,
070059,Ripalimosani,070059,Ripalimosani,unchanged,,POSAS 2019/2025 direct comparison,sum,
070060,Roccavivara,070060,Roccavivara,unchanged,,POSAS 2019/2025 direct comparison,sum,
070061,Rotello,070061,Rotello,unchanged,,POSAS 2019/2025 direct comparison,sum,
070062,Salcito,070062,Salcito,unchanged,,POSAS 2019/2025 direct comparison,sum,
070063,San Biase,070063,San Biase,unchanged,,POSAS 2019/2025 direct comparison,sum,
070064,San Felice del Molise,070064,San Felice del Molise,unchanged,,POSAS 2019/2025 direct comparison,sum,
070065,San Giacomo degli Schiavoni,070065,San Giacomo degli Schiavoni,unchanged,,POSAS 2019/2025 direct comparison,sum,
070066,San Giovanni in Galdo,070066,San Giovanni in Galdo,unchanged,,POSAS 2019/2025 direct comparison,sum,
070067,San Giuliano del Sannio,070067,San Giuliano del Sannio,unchanged,,POSAS 2019/2025 direct comparison,sum,
070068,San Giuliano di Puglia,070068,San Giuliano di Puglia,unchanged,,POSAS 2019/2025 direct comparison,sum,
070069,San Martino in Pensilis,070069,San Martino in Pensilis,unchanged,,POSAS 2019/2025 direct comparison,sum,
070070,San Massimo,070070,San Massimo,unchanged,,POSAS 2019/2025 direct comparison,sum,
070071,San Polo Matese,070071,San Polo Matese,unchanged,,POSAS 2019/2025 direct comparison,sum,
070072,Santa Croce di Magliano,070072,Santa Croce di Magliano,unchanged,,POSAS 2019/2025 direct comparison,sum,
070073,Sant'Angelo Limosano,070073,Sant'Angelo Limosano,unchanged,,POSAS 2019/2025 direct comparison,sum,
070074,Sant'Elia a Pianisi,070074,Sant'Elia a Pianisi,unchanged,,POSAS 2019/2025 direct comparison,sum,
070075,Sepino,070075,Sepino,unchanged,,POSAS 2019/2025 direct comparison,sum,
070076,Spinete,070076,Spinete,unchanged,,POSAS 2019/2025 direct comparison,sum,
070077,Tavenna,070077,Tavenna,unchanged,,POSAS 2019/2025 direct comparison,sum,
070078,Termoli,070078,Termoli,unchanged,,POSAS 2019/2025 direct comparison,sum,
070079,Torella del Sannio,070079,Torella del Sannio,unchanged,,POSAS 2019/2025 direct comparison,sum,
070080,Toro,070080,Toro,unchanged,,POSAS 2019/2025 direct comparison,sum,
070081,Trivento,070081,Trivento,unchanged,,POSAS 2019/2025 direct comparison,sum,
070082,Tufara,070082,Tufara,unchanged,,POSAS 2019/2025 direct comparison,sum,
070083,Ururi,070083,Ururi,unchanged,,POSAS 2019/2025 direct comparison,sum,
070084,Vinchiaturo,070084,Vinchiaturo,unchanged,,POSAS 2019/2025 direct comparison,sum,
071001,Accadia,071001,Accadia,unchanged,,POSAS 2019/2025 direct comparison,sum,
071002,Alberona,071002,Alberona,unchanged,,POSAS 2019/2025 direct comparison,sum,
071003,Anzano di Puglia,071003,Anzano di Puglia,unchanged,,POSAS 2019/2025 direct comparison,sum,
071004,Apricena,071004,Apricena,unchanged,,POSAS 2019/2025 direct comparison,sum,
071005,Ascoli Satriano,071005,Ascoli Satriano,unchanged,,POSAS 2019/2025 direct comparison,sum,
071006,Biccari,071006,Biccari,unchanged,,POSAS 2019/2025 direct comparison,sum,
071007,Bovino,071007,Bovino,unchanged,,POSAS 2019/2025 direct comparison,sum,
071008,Cagnano Varano,071008,Cagnano Varano,unchanged,,POSAS 2019/2025 direct comparison,sum,
071009,Candela,071009,Candela,unchanged,,POSAS 2019/2025 direct comparison,sum,
071010,Carapelle,071010,Carapelle,unchanged,,POSAS 2019/2025 direct comparison,sum,
071011,Carlantino,071011,Carlantino,unchanged,,POSAS 2019/2025 direct comparison,sum,
071012,Carpino,071012,Carpino,unchanged,,POSAS 2019/2025 direct comparison,sum,
071013,Casalnuovo Monterotaro,071013,Casalnuovo Monterotaro,unchanged,,POSAS 2019/2025 direct comparison,sum,
071014,Casalvecchio di Puglia,071014,Casalvecchio di Puglia,unchanged,,POSAS 2019/2025 direct comparison,sum,
071015,Castelluccio dei Sauri,071015,Castelluccio dei Sauri,unchanged,,POSAS 2019/2025 direct comparison,sum,
071016,Castelluccio Valmaggiore,071016,Castelluccio Valmaggiore,unchanged,,POSAS 2019/2025 direct comparison,sum,
071017,Castelnuovo della Daunia,071017,Castelnuovo della Daunia,unchanged,,POSAS 2019/2025 direct comparison,sum,
071018,Celenza Valfortore,071018,Celenza Valfortore,unchanged,,POSAS 2019/2025 direct comparison,sum,
071019,Celle di San Vito,071019,Celle di San Vito,unchanged,,POSAS 2019/2025 direct comparison,sum,
071020,Cerignola,071020,Cerignola,unchanged,,POSAS 2019/2025 direct comparison,sum,
071021,Chieuti,071021,Chieuti,unchanged,,POSAS 2019/2025 direct comparison,sum,
071022,Deliceto,071022,Deliceto,unchanged,,POSAS 2019/2025 direct comparison,sum,
071023,Faeto,071023,Faeto,unchanged,,POSAS 2019/2025 direct comparison,sum,
071024,Foggia,071024,Foggia,unchanged,,POSAS 2019/2025 direct comparison,sum,
071025,Ischitella,071025,Ischitella,unchanged,,POSAS 2019/2025 direct comparison,sum,
071026,Isole Tremiti,071026,Isole Tremiti,unchanged,,POSAS 2019/2025 direct comparison,sum,
071027,Lesina,071027,Lesina,unchanged,,POSAS 2019/2025 direct comparison,sum,
071028,Lucera,071028,Lucera,unchanged,,POSAS 2019/2025 direct comparison,sum,
071029,Manfredonia,071029,Manfredonia,unchanged,,POSAS 2019/2025 direct comparison,sum,
071031,Mattinata,071031,Mattinata,unchanged,,POSAS 2019/2025 direct comparison,sum,
071032,Monteleone di Puglia,071032,Monteleone di Puglia,unchanged,,POSAS 2019/2025 direct comparison,sum,
071033,Monte Sant'Angelo,071033,Monte Sant'Angelo,unchanged,,POSAS 2019/2025 direct comparison,sum,
071034,Motta Montecorvino,071034,Motta Montecorvino,unchanged,,POSAS 2019/2025 direct comparison,sum,
071035,Orsara di Puglia,071035,Orsara di Puglia,unchanged,,POSAS 2019/2025 direct comparison,sum,
071036,Orta Nova,071036,Orta Nova,unchanged,,POSAS 2019/2025 direct comparison,sum,
071037,Panni,071037,Panni,unchanged,,POSAS 2019/2025 direct comparison,sum,
071038,Peschici,071038,Peschici,unchanged,,POSAS 2019/2025 direct comparison,sum,
071039,Pietramontecorvino,071039,Pietramontecorvino,unchanged,,POSAS 2019/2025 direct comparison,sum,
071040,Poggio Imperiale,071040,Poggio Imperiale,unchanged,,POSAS 2019/2025 direct comparison,sum,
071041,Rignano Garganico,071041,Rignano Garganico,unchanged,,POSAS 2019/2025 direct comparison,sum,
071042,Rocchetta Sant'Antonio,071042,Rocchetta Sant'Antonio,unchanged,,POSAS 2019/2025 direct comparison,sum,
071043,Rodi Garganico,071043,Rodi Garganico,unchanged,,POSAS 2019/2025 direct comparison,sum,
071044,Roseto Valfortore,071044,Roseto Valfortore,unchanged,,POSAS 2019/2025 direct comparison,sum,
071046,San Giovanni Rotondo,071046,San Giovanni Rotondo,unchanged,,POSAS 2019/2025 direct comparison,sum,
071047,San Marco in Lamis,071047,San Marco in Lamis,unchanged,,POSAS 2019/2025 direct comparison,sum,
071048,San Marco la Catola,071048,San Marco la Catola,unchanged,,POSAS 2019/2025 direct comparison,sum,
071049,San Nicandro Garganico,071049,San Nicandro Garganico,unchanged,,POSAS 2019/2025 direct comparison,sum,
071050,San Paolo di Civitate,071050,San Paolo di Civitate,unchanged,,POSAS 2019/2025 direct comparison,sum,
071051,San Severo,071051,San Severo,unchanged,,POSAS 2019/2025 direct comparison,sum,
071052,Sant'Agata di Puglia,071052,Sant'Agata di Puglia,unchanged,,POSAS 2019/2025 direct comparison,sum,
071053,Serracapriola,071053,Serracapriola,unchanged,,POSAS 2019/2025 direct comparison,sum,
071054,Stornara,071054,Stornara,unchanged,,POSAS 2019/2025 direct comparison,sum,
071055,Stornarella,071055,Stornarella,unchanged,,POSAS 2019/2025 direct comparison,sum,
071056,Torremaggiore,071056,Torremaggiore,unchanged,,POSAS 2019/2025 direct comparison,sum,
071058,Troia,071058,Troia,unchanged,,POSAS 2019/2025 direct comparison,sum,
071059,Vico del Gargano,071059,Vico del Gargano,unchanged,,POSAS 2019/2025 direct comparison,sum,
071060,Vieste,071060,Vieste,unchanged,,POSAS 2019/2025 direct comparison,sum,
071061,Volturara Appula,071061,Volturara Appula,unchanged,,POSAS 2019/2025 direct comparison,sum,
071062,Volturino,071062,Volturino,unchanged,,POSAS 2019/2025 direct comparison,sum,
071063,Ordona,071063,Ordona,unchanged,,POSAS 2019/2025 direct comparison,sum,
071064,Zapponeta,071064,Zapponeta,unchanged,,POSAS 2019/2025 direct comparison,sum,
072001,Acquaviva delle Fonti,072001,Acquaviva delle Fonti,unchanged,,POSAS 2019/2025 direct comparison,sum,
072002,Adelfia,072002,Adelfia,unchanged,,POSAS 2019/2025 direct comparison,sum,
072003,Alberobello,072003,Alberobello,unchanged,,POSAS 2019/2025 direct comparison,sum,
072004,Altamura,072004,Altamura,unchanged,,POSAS 2019/2025 direct comparison,sum,
072006,Bari,072006,Bari,unchanged,,POSAS 2019/2025 direct comparison,sum,
072008,Binetto,072008,Binetto,unchanged,,POSAS 2019/2025 direct comparison,sum,
072010,Bitetto,072010,Bitetto,unchanged,,POSAS 2019/2025 direct comparison,sum,
072011,Bitonto,072011,Bitonto,unchanged,,POSAS 2019/2025 direct comparison,sum,
072012,Bitritto,072012,Bitritto,unchanged,,POSAS 2019/2025 direct comparison,sum,
072014,Capurso,072014,Capurso,unchanged,,POSAS 2019/2025 direct comparison,sum,
072015,Casamassima,072015,Casamassima,unchanged,,POSAS 2019/2025 direct comparison,sum,
072016,Cassano delle Murge,072016,Cassano delle Murge,unchanged,,POSAS 2019/2025 direct comparison,sum,
072017,Castellana Grotte,072017,Castellana Grotte,unchanged,,POSAS 2019/2025 direct comparison,sum,
072018,Cellamare,072018,Cellamare,unchanged,,POSAS 2019/2025 direct comparison,sum,
072019,Conversano,072019,Conversano,unchanged,,POSAS 2019/2025 direct comparison,sum,
072020,Corato,072020,Corato,unchanged,,POSAS 2019/2025 direct comparison,sum,
072021,Gioia del Colle,072021,Gioia del Colle,unchanged,,POSAS 2019/2025 direct comparison,sum,
072022,Giovinazzo,072022,Giovinazzo,unchanged,,POSAS 2019/2025 direct comparison,sum,
072023,Gravina in Puglia,072023,Gravina in Puglia,unchanged,,POSAS 2019/2025 direct comparison,sum,
072024,Grumo Appula,072024,Grumo Appula,unchanged,,POSAS 2019/2025 direct comparison,sum,
072025,Locorotondo,072025,Locorotondo,unchanged,,POSAS 2019/2025 direct comparison,sum,
072027,Modugno,072027,Modugno,unchanged,,POSAS 2019/2025 direct comparison,sum,
072028,Mola di Bari,072028,Mola di Bari,unchanged,,POSAS 2019/2025 direct comparison,sum,
072029,Molfetta,072029,Molfetta,unchanged,,POSAS 2019/2025 direct comparison,sum,
072030,Monopoli,072030,Monopoli,unchanged,,POSAS 2019/2025 direct comparison,sum,
072031,Noci,072031,Noci,unchanged,,POSAS 2019/2025 direct comparison,sum,
072032,Noicattaro,072032,Noicattaro,unchanged,,POSAS 2019/2025 direct comparison,sum,
072033,Palo del Colle,072033,Palo del Colle,unchanged,,POSAS 2019/2025 direct comparison,sum,
072034,Poggiorsini,072034,Poggiorsini,unchanged,,POSAS 2019/2025 direct comparison,sum,
072035,Polignano a Mare,072035,Polignano a Mare,unchanged,,POSAS 2019/2025 direct comparison,sum,
072036,Putignano,072036,Putignano,unchanged,,POSAS 2019/2025 direct comparison,sum,
072037,Rutigliano,072037,Rutigliano,unchanged,,POSAS 2019/2025 direct comparison,sum,
072038,Ruvo di Puglia,072038,Ruvo di Puglia,unchanged,,POSAS 2019/2025 direct comparison,sum,
072039,Sammichele di Bari,072039,Sammichele di Bari,unchanged,,POSAS 2019/2025 direct comparison,sum,
072040,Sannicandro di Bari,072040,Sannicandro di Bari,unchanged,,POSAS 2019/2025 direct comparison,sum,
072041,Santeramo in Colle,072041,Santeramo in Colle,unchanged,,POSAS 2019/2025 direct comparison,sum,
072043,Terlizzi,072043,Terlizzi,unchanged,,POSAS 2019/2025 direct comparison,sum,
072044,Toritto,072044,Toritto,unchanged,,POSAS 2019/2025 direct comparison,sum,
072046,Triggiano,072046,Triggiano,unchanged,,POSAS 2019/2025 direct comparison,sum,
072047,Turi,072047,Turi,unchanged,,POSAS 2019/2025 direct comparison,sum,
072048,Valenzano,072048,Valenzano,unchanged,,POSAS 2019/2025 direct comparison,sum,
073001,Avetrana,073001,Avetrana,unchanged,,POSAS 2019/2025 direct comparison,sum,
073002,Carosino,073002,Carosino,unchanged,,POSAS 2019/2025 direct comparison,sum,
073003,Castellaneta,073003,Castellaneta,unchanged,,POSAS 2019/2025 direct comparison,sum,
073004,Crispiano,073004,Crispiano,unchanged,,POSAS 2019/2025 direct comparison,sum,
073005,Faggiano,073005,Faggiano,unchanged,,POSAS 2019/2025 direct comparison,sum,
073006,Fragagnano,073006,Fragagnano,unchanged,,POSAS 2019/2025 direct comparison,sum,
073007,Ginosa,073007,Ginosa,unchanged,,POSAS 2019/2025 direct comparison,sum,
073008,Grottaglie,073008,Grottaglie,unchanged,,POSAS 2019/2025 direct comparison,sum,
073009,Laterza,073009,Laterza,unchanged,,POSAS 2019/2025 direct comparison,sum,
073010,Leporano,073010,Leporano,unchanged,,POSAS 2019/2025 direct comparison,sum,
073011,Lizzano,073011,Lizzano,unchanged,,POSAS 2019/2025 direct comparison,sum,
073012,Manduria,073012,Manduria,unchanged,,POSAS 2019/2025 direct comparison,sum,
073013,Martina Franca,073013,Martina Franca,unchanged,,POSAS 2019/2025 direct comparison,sum,
073014,Maruggio,073014,Maruggio,unchanged,,POSAS 2019/2025 direct comparison,sum,
073015,Massafra,073015,Massafra,unchanged,,POSAS 2019/2025 direct comparison,sum,
073016,Monteiasi,073016,Monteiasi,unchanged,,POSAS 2019/2025 direct comparison,sum,
073017,Montemesola,073017,Montemesola,unchanged,,POSAS 2019/2025 direct comparison,sum,
073018,Monteparano,073018,Monteparano,unchanged,,POSAS 2019/2025 direct comparison,sum,
073019,Mottola,073019,Mottola,unchanged,,POSAS 2019/2025 direct comparison,sum,
073020,Palagianello,073020,Palagianello,unchanged,,POSAS 2019/2025 direct comparison,sum,
073021,Palagiano,073021,Palagiano,unchanged,,POSAS 2019/2025 direct comparison,sum,
073022,Pulsano,073022,Pulsano,unchanged,,POSAS 2019/2025 direct comparison,sum,
073023,Roccaforzata,073023,Roccaforzata,unchanged,,POSAS 2019/2025 direct comparison,sum,
073024,San Giorgio Ionico,073024,San Giorgio Ionico,unchanged,,POSAS 2019/2025 direct comparison,sum,
073025,San Marzano di San Giuseppe,073025,San Marzano di San Giuseppe,unchanged,,POSAS 2019/2025 direct comparison,sum,
073026,Sava,073026,Sava,unchanged,,POSAS 2019/2025 direct comparison,sum,
073027,Taranto,073027,Taranto,unchanged,,POSAS 2019/2025 direct comparison,sum,
073028,Torricella,073028,Torricella,unchanged,,POSAS 2019/2025 direct comparison,sum,
073029,Statte,073029,Statte,unchanged,,POSAS 2019/2025 direct comparison,sum,
074001,Brindisi,074001,Brindisi,unchanged,,POSAS 2019/2025 direct comparison,sum,
074002,Carovigno,074002,Carovigno,unchanged,,POSAS 2019/2025 direct comparison,sum,
074003,Ceglie Messapica,074003,Ceglie Messapica,unchanged,,POSAS 2019/2025 direct comparison,sum,
074004,Cellino San Marco,074004,Cellino San Marco,unchanged,,POSAS 2019/2025 direct comparison,sum,
074005,Cisternino,074005,Cisternino,unchanged,,POSAS 2019/2025 direct comparison,sum,
074006,Erchie,074006,Erchie,unchanged,,POSAS 2019/2025 direct comparison,sum,
074007,Fasano,074007,Fasano,unchanged,,POSAS 2019/2025 direct comparison,sum,
074008,Francavilla Fontana,074008,Francavilla Fontana,unchanged,,POSAS 2019/2025 direct comparison,sum,
074009,Latiano,074009,Latiano,unchanged,,POSAS 2019/2025 direct comparison,sum,
074010,Mesagne,074010,Mesagne,unchanged,,POSAS 2019/2025 direct comparison,sum,
074011,Oria,074011,Oria,unchanged,,POSAS 2019/2025 direct comparison,sum,
074012,Ostuni,074012,Ostuni,unchanged,,POSAS 2019/2025 direct comparison,sum,
074013,San Donaci,074013,San Donaci,unchanged,,POSAS 2019/2025 direct comparison,sum,
074014,San Michele Salentino,074014,San Michele Salentino,unchanged,,POSAS 2019/2025 direct comparison,sum,
074015,San Pancrazio Salentino,074015,San Pancrazio Salentino,unchanged,,POSAS 2019/2025 direct comparison,sum,
074016,San Pietro Vernotico,074016,San Pietro Vernotico,unchanged,,POSAS 2019/2025 direct comparison,sum,
074017,San Vito dei Normanni,074017,San Vito dei Normanni,unchanged,,POSAS 2019/2025 direct comparison,sum,
074018,Torchiarolo,074018,Torchiarolo,unchanged,,POSAS 2019/2025 direct comparison,sum,
074019,Torre Santa Susanna,074019,Torre Santa Susanna,unchanged,,POSAS 2019/2025 direct comparison,sum,
074020,Villa Castelli,074020,Villa Castelli,unchanged,,POSAS 2019/2025 direct comparison,sum,
075002,Alessano,075002,Alessano,unchanged,,POSAS 2019/2025 direct comparison,sum,
075003,Alezio,075003,Alezio,unchanged,,POSAS 2019/2025 direct comparison,sum,
075004,Alliste,075004,Alliste,unchanged,,POSAS 2019/2025 direct comparison,sum,
075005,Andrano,075005,Andrano,unchanged,,POSAS 2019/2025 direct comparison,sum,
075006,Aradeo,075006,Aradeo,unchanged,,POSAS 2019/2025 direct comparison,sum,
075007,Arnesano,075007,Arnesano,unchanged,,POSAS 2019/2025 direct comparison,sum,
075008,Bagnolo del Salento,075008,Bagnolo del Salento,unchanged,,POSAS 2019/2025 direct comparison,sum,
075009,Botrugno,075009,Botrugno,unchanged,,POSAS 2019/2025 direct comparison,sum,
075010,Calimera,075010,Calimera,unchanged,,POSAS 2019/2025 direct comparison,sum,
075011,Campi Salentina,075011,Campi Salentina,unchanged,,POSAS 2019/2025 direct comparison,sum,
075012,Cannole,075012,Cannole,unchanged,,POSAS 2019/2025 direct comparison,sum,
075013,Caprarica di Lecce,075013,Caprarica di Lecce,unchanged,,POSAS 2019/2025 direct comparison,sum,
075014,Carmiano,075014,Carmiano,unchanged,,POSAS 2019/2025 direct comparison,sum,
075015,Carpignano Salentino,075015,Carpignano Salentino,unchanged,,POSAS 2019/2025 direct comparison,sum,
075016,Casarano,075016,Casarano,unchanged,,POSAS 2019/2025 direct comparison,sum,
075017,Castri di Lecce,075017,Castri di Lecce,unchanged,,POSAS 2019/2025 direct comparison,sum,
075018,Castrignano de' Greci,075018,Castrignano de' Greci,unchanged,,POSAS 2019/2025 direct comparison,sum,
075019,Castrignano del Capo,075019,Castrignano del Capo,unchanged,,POSAS 2019/2025 direct comparison,sum,
075020,Cavallino,075020,Cavallino,unchanged,,POSAS 2019/2025 direct comparison,sum,
075021,Collepasso,075021,Collepasso,unchanged,,POSAS 2019/2025 direct comparison,sum,
075022,Copertino,075022,Copertino,unchanged,,POSAS 2019/2025 direct comparison,sum,
075023,Corigliano d'Otranto,075023,Corigliano d'Otranto,unchanged,,POSAS 2019/2025 direct comparison,sum,
075024,Corsano,075024,Corsano,unchanged,,POSAS 2019/2025 direct comparison,sum,
075025,Cursi,075025,Cursi,unchanged,,POSAS 2019/2025 direct comparison,sum,
075026,Cutrofiano,075026,Cutrofiano,unchanged,,POSAS 2019/2025 direct comparison,sum,
075027,Diso,075027,Diso,unchanged,,POSAS 2019/2025 direct comparison,sum,
075028,Gagliano del Capo,075028,Gagliano del Capo,unchanged,,POSAS 2019/2025 direct comparison,sum,
075029,Galatina,075029,Galatina,unchanged,,POSAS 2019/2025 direct comparison,sum,
075030,Galatone,075030,Galatone,unchanged,,POSAS 2019/2025 direct comparison,sum,
075031,Gallipoli,075031,Gallipoli,unchanged,,POSAS 2019/2025 direct comparison,sum,
075032,Giuggianello,075032,Giuggianello,unchanged,,POSAS 2019/2025 direct comparison,sum,
075033,Giurdignano,075033,Giurdignano,unchanged,,POSAS 2019/2025 direct comparison,sum,
075034,Guagnano,075034,Guagnano,unchanged,,POSAS 2019/2025 direct comparison,sum,
075035,Lecce,075035,Lecce,unchanged,,POSAS 2019/2025 direct comparison,sum,
075036,Lequile,075036,Lequile,unchanged,,POSAS 2019/2025 direct comparison,sum,
075037,Leverano,075037,Leverano,unchanged,,POSAS 2019/2025 direct comparison,sum,
075038,Lizzanello,075038,Lizzanello,unchanged,,POSAS 2019/2025 direct comparison,sum,
075039,Maglie,075039,Maglie,unchanged,,POSAS 2019/2025 direct comparison,sum,
075040,Martano,075040,Martano,unchanged,,POSAS 2019/2025 direct comparison,sum,
075041,Martignano,075041,Martignano,unchanged,,POSAS 2019/2025 direct comparison,sum,
075042,Matino,075042,Matino,unchanged,,POSAS 2019/2025 direct comparison,sum,
075043,Melendugno,075043,Melendugno,unchanged,,POSAS 2019/2025 direct comparison,sum,
075044,Melissano,075044,Melissano,unchanged,,POSAS 2019/2025 direct comparison,sum,
075045,Melpignano,075045,Melpignano,unchanged,,POSAS 2019/2025 direct comparison,sum,
075046,Miggiano,075046,Miggiano,unchanged,,POSAS 2019/2025 direct comparison,sum,
075047,Minervino di Lecce,075047,Minervino di Lecce,unchanged,,POSAS 2019/2025 direct comparison,sum,
075048,Monteroni di Lecce,075048,Monteroni di Lecce,unchanged,,POSAS 2019/2025 direct comparison,sum,
075049,Montesano Salentino,075049,Montesano Salentino,unchanged,,POSAS 2019/2025 direct comparison,sum,
075050,Morciano di Leuca,075050,Morciano di Leuca,unchanged,,POSAS 2019/2025 direct comparison,sum,
075051,Muro Leccese,075051,Muro Leccese,unchanged,,POSAS 2019/2025 direct comparison,sum,
075052,Nardò,075052,Nardò,unchanged,,POSAS 2019/2025 direct comparison,sum,
075053,Neviano,075053,Neviano,unchanged,,POSAS 2019/2025 direct comparison,sum,
075054,Nociglia,075054,Nociglia,unchanged,,POSAS 2019/2025 direct comparison,sum,
075055,Novoli,075055,Novoli,unchanged,,POSAS 2019/2025 direct comparison,sum,
075056,Ortelle,075056,Ortelle,unchanged,,POSAS 2019/2025 direct comparison,sum,
075057,Otranto,075057,Otranto,unchanged,,POSAS 2019/2025 direct comparison,sum,
075058,Palmariggi,075058,Palmariggi,unchanged,,POSAS 2019/2025 direct comparison,sum,
075059,Parabita,075059,Parabita,unchanged,,POSAS 2019/2025 direct comparison,sum,
075060,Patù,075060,Patù,unchanged,,POSAS 2019/2025 direct comparison,sum,
075061,Poggiardo,075061,Poggiardo,unchanged,,POSAS 2019/2025 direct comparison,sum,
075063,Racale,075063,Racale,unchanged,,POSAS 2019/2025 direct comparison,sum,
075064,Ruffano,075064,Ruffano,unchanged,,POSAS 2019/2025 direct comparison,sum,
075065,Salice Salentino,075065,Salice Salentino,unchanged,,POSAS 2019/2025 direct comparison,sum,
075066,Salve,075066,Salve,unchanged,,POSAS 2019/2025 direct comparison,sum,
075067,Sanarica,075067,Sanarica,unchanged,,POSAS 2019/2025 direct comparison,sum,
075068,San Cesario di Lecce,075068,San Cesario di Lecce,unchanged,,POSAS 2019/2025 direct comparison,sum,
075069,San Donato di Lecce,075069,San Donato di Lecce,unchanged,,POSAS 2019/2025 direct comparison,sum,
075070,Sannicola,075070,Sannicola,unchanged,,POSAS 2019/2025 direct comparison,sum,
075071,San Pietro in Lama,075071,San Pietro in Lama,unchanged,,POSAS 2019/2025 direct comparison,sum,
075072,Santa Cesarea Terme,075072,Santa Cesarea Terme,unchanged,,POSAS 2019/2025 direct comparison,sum,
075073,Scorrano,075073,Scorrano,unchanged,,POSAS 2019/2025 direct comparison,sum,
075074,Seclì,075074,Seclì,unchanged,,POSAS 2019/2025 direct comparison,sum,
075075,Sogliano Cavour,075075,Sogliano Cavour,unchanged,,POSAS 2019/2025 direct comparison,sum,
075076,Soleto,075076,Soleto,unchanged,,POSAS 2019/2025 direct comparison,sum,
075077,Specchia,075077,Specchia,unchanged,,POSAS 2019/2025 direct comparison,sum,
075078,Spongano,075078,Spongano,unchanged,,POSAS 2019/2025 direct comparison,sum,
075079,Squinzano,075079,Squinzano,unchanged,,POSAS 2019/2025 direct comparison,sum,
075080,Sternatia,075080,Sternatia,unchanged,,POSAS 2019/2025 direct comparison,sum,
075081,Supersano,075081,Supersano,unchanged,,POSAS 2019/2025 direct comparison,sum,
075082,Surano,075082,Surano,unchanged,,POSAS 2019/2025 direct comparison,sum,
075083,Surbo,075083,Surbo,unchanged,,POSAS 2019/2025 direct comparison,sum,
075084,Taurisano,075084,Taurisano,unchanged,,POSAS 2019/2025 direct comparison,sum,
075085,Taviano,075085,Taviano,unchanged,,POSAS 2019/2025 direct comparison,sum,
075086,Tiggiano,075086,Tiggiano,unchanged,,POSAS 2019/2025 direct comparison,sum,
075087,Trepuzzi,075087,Trepuzzi,unchanged,,POSAS 2019/2025 direct comparison,sum,
075088,Tricase,075088,Tricase,unchanged,,POSAS 2019/2025 direct comparison,sum,
075089,Tuglie,075089,Tuglie,unchanged,,POSAS 2019/2025 direct comparison,sum,
075090,Ugento,075090,Ugento,unchanged,,POSAS 2019/2025 direct comparison,sum,
075091,Uggiano la Chiesa,075091,Uggiano la Chiesa,unchanged,,POSAS 2019/2025 direct comparison,sum,
075092,Veglie,075092,Veglie,unchanged,,POSAS 2019/2025 direct comparison,sum,
075093,Vernole,075093,Vernole,unchanged,,POSAS 2019/2025 direct comparison,sum,
075094,Zollino,075094,Zollino,unchanged,,POSAS 2019/2025 direct comparison,sum,
075095,San Cassiano,075095,San Cassiano,unchanged,,POSAS 2019/2025 direct comparison,sum,
075096,Castro,075096,Castro,unchanged,,POSAS 2019/2025 direct comparison,sum,
075097,Porto Cesareo,075097,Porto Cesareo,unchanged,,POSAS 2019/2025 direct comparison,sum,
075098,Presicce-Acquarica,075001,Acquarica del Capo,fusion,2019-05-15,https://www.istat.it/storage/codici-unita-amministrative/Novita-2025-2017.pdf,sum,
075098,Presicce-Acquarica,075062,Presicce,fusion,2019-05-15,https://www.istat.it/storage/codici-unita-amministrative/Novita-2025-2017.pdf,sum,
076001,Abriola,076001,Abriola,unchanged,,POSAS 2019/2025 direct comparison,sum,
076002,Acerenza,076002,Acerenza,unchanged,,POSAS 2019/2025 direct comparison,sum,
076003,Albano di Lucania,076003,Albano di Lucania,unchanged,,POSAS 2019/2025 direct comparison,sum,
076004,Anzi,076004,Anzi,unchanged,,POSAS 2019/2025 direct comparison,sum,
076005,Armento,076005,Armento,unchanged,,POSAS 2019/2025 direct comparison,sum,
076006,Atella,076006,Atella,unchanged,,POSAS 2019/2025 direct comparison,sum,
076007,Avigliano,076007,Avigliano,unchanged,,POSAS 2019/2025 direct comparison,sum,
076008,Balvano,076008,Balvano,unchanged,,POSAS 2019/2025 direct comparison,sum,
076009,Banzi,076009,Banzi,unchanged,,POSAS 2019/2025 direct comparison,sum,
076010,Baragiano,076010,Baragiano,unchanged,,POSAS 2019/2025 direct comparison,sum,
076011,Barile,076011,Barile,unchanged,,POSAS 2019/2025 direct comparison,sum,
076012,Bella,076012,Bella,unchanged,,POSAS 2019/2025 direct comparison,sum,
076013,Brienza,076013,Brienza,unchanged,,POSAS 2019/2025 direct comparison,sum,
076014,Brindisi Montagna,076014,Brindisi Montagna,unchanged,,POSAS 2019/2025 direct comparison,sum,
076015,Calvello,076015,Calvello,unchanged,,POSAS 2019/2025 direct comparison,sum,
076016,Calvera,076016,Calvera,unchanged,,POSAS 2019/2025 direct comparison,sum,
076017,Campomaggiore,076017,Campomaggiore,unchanged,,POSAS 2019/2025 direct comparison,sum,
076018,Cancellara,076018,Cancellara,unchanged,,POSAS 2019/2025 direct comparison,sum,
076019,Carbone,076019,Carbone,unchanged,,POSAS 2019/2025 direct comparison,sum,
076020,San Paolo Albanese,076020,San Paolo Albanese,unchanged,,POSAS 2019/2025 direct comparison,sum,
076021,Castelgrande,076021,Castelgrande,unchanged,,POSAS 2019/2025 direct comparison,sum,
076022,Castelluccio Inferiore,076022,Castelluccio Inferiore,unchanged,,POSAS 2019/2025 direct comparison,sum,
076023,Castelluccio Superiore,076023,Castelluccio Superiore,unchanged,,POSAS 2019/2025 direct comparison,sum,
076024,Castelmezzano,076024,Castelmezzano,unchanged,,POSAS 2019/2025 direct comparison,sum,
076025,Castelsaraceno,076025,Castelsaraceno,unchanged,,POSAS 2019/2025 direct comparison,sum,
076026,Castronuovo di Sant'Andrea,076026,Castronuovo di Sant'Andrea,unchanged,,POSAS 2019/2025 direct comparison,sum,
076027,Cersosimo,076027,Cersosimo,unchanged,,POSAS 2019/2025 direct comparison,sum,
076028,Chiaromonte,076028,Chiaromonte,unchanged,,POSAS 2019/2025 direct comparison,sum,
076029,Corleto Perticara,076029,Corleto Perticara,unchanged,,POSAS 2019/2025 direct comparison,sum,
076030,Episcopia,076030,Episcopia,unchanged,,POSAS 2019/2025 direct comparison,sum,
076031,Fardella,076031,Fardella,unchanged,,POSAS 2019/2025 direct comparison,sum,
076032,Filiano,076032,Filiano,unchanged,,POSAS 2019/2025 direct comparison,sum,
076033,Forenza,076033,Forenza,unchanged,,POSAS 2019/2025 direct comparison,sum,
076034,Francavilla in Sinni,076034,Francavilla in Sinni,unchanged,,POSAS 2019/2025 direct comparison,sum,
076035,Gallicchio,076035,Gallicchio,unchanged,,POSAS 2019/2025 direct comparison,sum,
076036,Genzano di Lucania,076036,Genzano di Lucania,unchanged,,POSAS 2019/2025 direct comparison,sum,
076037,Grumento Nova,076037,Grumento Nova,unchanged,,POSAS 2019/2025 direct comparison,sum,
076038,Guardia Perticara,076038,Guardia Perticara,unchanged,,POSAS 2019/2025 direct comparison,sum,
076039,Lagonegro,076039,Lagonegro,unchanged,,POSAS 2019/2025 direct comparison,sum,
076040,Latronico,076040,Latronico,unchanged,,POSAS 2019/2025 direct comparison,sum,
076041,Laurenzana,076041,Laurenzana,unchanged,,POSAS 2019/2025 direct comparison,sum,
076042,Lauria,076042,Lauria,unchanged,,POSAS 2019/2025 direct comparison,sum,
076043,Lavello,076043,Lavello,unchanged,,POSAS 2019/2025 direct comparison,sum,
076044,Maratea,076044,Maratea,unchanged,,POSAS 2019/2025 direct comparison,sum,
076045,Marsico Nuovo,076045,Marsico Nuovo,unchanged,,POSAS 2019/2025 direct comparison,sum,
076046,Marsicovetere,076046,Marsicovetere,unchanged,,POSAS 2019/2025 direct comparison,sum,
076047,Maschito,076047,Maschito,unchanged,,POSAS 2019/2025 direct comparison,sum,
076048,Melfi,076048,Melfi,unchanged,,POSAS 2019/2025 direct comparison,sum,
076049,Missanello,076049,Missanello,unchanged,,POSAS 2019/2025 direct comparison,sum,
076050,Moliterno,076050,Moliterno,unchanged,,POSAS 2019/2025 direct comparison,sum,
076051,Montemilone,076051,Montemilone,unchanged,,POSAS 2019/2025 direct comparison,sum,
076052,Montemurro,076052,Montemurro,unchanged,,POSAS 2019/2025 direct comparison,sum,
076053,Muro Lucano,076053,Muro Lucano,unchanged,,POSAS 2019/2025 direct comparison,sum,
076054,Nemoli,076054,Nemoli,unchanged,,POSAS 2019/2025 direct comparison,sum,
076055,Noepoli,076055,Noepoli,unchanged,,POSAS 2019/2025 direct comparison,sum,
076056,Oppido Lucano,076056,Oppido Lucano,unchanged,,POSAS 2019/2025 direct comparison,sum,
076057,Palazzo San Gervasio,076057,Palazzo San Gervasio,unchanged,,POSAS 2019/2025 direct comparison,sum,
076058,Pescopagano,076058,Pescopagano,unchanged,,POSAS 2019/2025 direct comparison,sum,
076059,Picerno,076059,Picerno,unchanged,,POSAS 2019/2025 direct comparison,sum,
076060,Pietragalla,076060,Pietragalla,unchanged,,POSAS 2019/2025 direct comparison,sum,
076061,Pietrapertosa,076061,Pietrapertosa,unchanged,,POSAS 2019/2025 direct comparison,sum,
076062,Pignola,076062,Pignola,unchanged,,POSAS 2019/2025 direct comparison,sum,
076063,Potenza,076063,Potenza,unchanged,,POSAS 2019/2025 direct comparison,sum,
076064,Rapolla,076064,Rapolla,unchanged,,POSAS 2019/2025 direct comparison,sum,
076065,Rapone,076065,Rapone,unchanged,,POSAS 2019/2025 direct comparison,sum,
076066,Rionero in Vulture,076066,Rionero in Vulture,unchanged,,POSAS 2019/2025 direct comparison,sum,
076067,Ripacandida,076067,Ripacandida,unchanged,,POSAS 2019/2025 direct comparison,sum,
076068,Rivello,076068,Rivello,unchanged,,POSAS 2019/2025 direct comparison,sum,
076069,Roccanova,076069,Roccanova,unchanged,,POSAS 2019/2025 direct comparison,sum,
076070,Rotonda,076070,Rotonda,unchanged,,POSAS 2019/2025 direct comparison,sum,
076071,Ruoti,076071,Ruoti,unchanged,,POSAS 2019/2025 direct comparison,sum,
076072,Ruvo del Monte,076072,Ruvo del Monte,unchanged,,POSAS 2019/2025 direct comparison,sum,
076073,San Chirico Nuovo,076073,San Chirico Nuovo,unchanged,,POSAS 2019/2025 direct comparison,sum,
076074,San Chirico Raparo,076074,San Chirico Raparo,unchanged,,POSAS 2019/2025 direct comparison,sum,
076075,San Costantino Albanese,076075,San Costantino Albanese,unchanged,,POSAS 2019/2025 direct comparison,sum,
076076,San Fele,076076,San Fele,unchanged,,POSAS 2019/2025 direct comparison,sum,
076077,San Martino d'Agri,076077,San Martino d'Agri,unchanged,,POSAS 2019/2025 direct comparison,sum,
076078,San Severino Lucano,076078,San Severino Lucano,unchanged,,POSAS 2019/2025 direct comparison,sum,
076079,Sant'Angelo Le Fratte,076079,Sant'Angelo Le Fratte,unchanged,,POSAS 2019/2025 direct comparison,sum,
076080,Sant'Arcangelo,076080,Sant'Arcangelo,unchanged,,POSAS 2019/2025 direct comparison,sum,
076081,Sarconi,076081,Sarconi,unchanged,,POSAS 2019/2025 direct comparison,sum,
076082,Sasso di Castalda,076082,Sasso di Castalda,unchanged,,POSAS 2019/2025 direct comparison,sum,
076083,Satriano di Lucania,076083,Satriano di Lucania,unchanged,,POSAS 2019/2025 direct comparison,sum,
076084,Savoia di Lucania,076084,Savoia di Lucania,unchanged,,POSAS 2019/2025 direct comparison,sum,
076085,Senise,076085,Senise,unchanged,,POSAS 2019/2025 direct comparison,sum,
076086,Spinoso,076086,Spinoso,unchanged,,POSAS 2019/2025 direct comparison,sum,
076087,Teana,076087,Teana,unchanged,,POSAS 2019/2025 direct comparison,sum,
076088,Terranova di Pollino,076088,Terranova di Pollino,unchanged,,POSAS 2019/2025 direct comparison,sum,
076089,Tito,076089,Tito,unchanged,,POSAS 2019/2025 direct comparison,sum,
076090,Tolve,076090,Tolve,unchanged,,POSAS 2019/2025 direct comparison,sum,
076091,Tramutola,076091,Tramutola,unchanged,,POSAS 2019/2025 direct comparison,sum,
076092,Trecchina,076092,Trecchina,unchanged,,POSAS 2019/2025 direct comparison,sum,
076093,Trivigno,076093,Trivigno,unchanged,,POSAS 2019/2025 direct comparison,sum,
076094,Vaglio Basilicata,076094,Vaglio Basilicata,unchanged,,POSAS 2019/2025 direct comparison,sum,
076095,Venosa,076095,Venosa,unchanged,,POSAS 2019/2025 direct comparison,sum,
076096,Vietri di Potenza,076096,Vietri di Potenza,unchanged,,POSAS 2019/2025 direct comparison,sum,
076097,Viggianello,076097,Viggianello,unchanged,,POSAS 2019/2025 direct comparison,sum,
076098,Viggiano,076098,Viggiano,unchanged,,POSAS 2019/2025 direct comparison,sum,
076099,Ginestra,076099,Ginestra,unchanged,,POSAS 2019/2025 direct comparison,sum,
076100,Paterno,076100,Paterno,unchanged,,POSAS 2019/2025 direct comparison,sum,
077001,Accettura,077001,Accettura,unchanged,,POSAS 2019/2025 direct comparison,sum,
077002,Aliano,077002,Aliano,unchanged,,POSAS 2019/2025 direct comparison,sum,
077003,Bernalda,077003,Bernalda,unchanged,,POSAS 2019/2025 direct comparison,sum,
077004,Calciano,077004,Calciano,unchanged,,POSAS 2019/2025 direct comparison,sum,
077005,Cirigliano,077005,Cirigliano,unchanged,,POSAS 2019/2025 direct comparison,sum,
077006,Colobraro,077006,Colobraro,unchanged,,POSAS 2019/2025 direct comparison,sum,
077007,Craco,077007,Craco,unchanged,,POSAS 2019/2025 direct comparison,sum,
077008,Ferrandina,077008,Ferrandina,unchanged,,POSAS 2019/2025 direct comparison,sum,
077009,Garaguso,077009,Garaguso,unchanged,,POSAS 2019/2025 direct comparison,sum,
077010,Gorgoglione,077010,Gorgoglione,unchanged,,POSAS 2019/2025 direct comparison,sum,
077011,Grassano,077011,Grassano,unchanged,,POSAS 2019/2025 direct comparison,sum,
077012,Grottole,077012,Grottole,unchanged,,POSAS 2019/2025 direct comparison,sum,
077013,Irsina,077013,Irsina,unchanged,,POSAS 2019/2025 direct comparison,sum,
077014,Matera,077014,Matera,unchanged,,POSAS 2019/2025 direct comparison,sum,
077015,Miglionico,077015,Miglionico,unchanged,,POSAS 2019/2025 direct comparison,sum,
077016,Montalbano Jonico,077016,Montalbano Jonico,unchanged,,POSAS 2019/2025 direct comparison,sum,
077017,Montescaglioso,077017,Montescaglioso,unchanged,,POSAS 2019/2025 direct comparison,sum,
077018,Nova Siri,077018,Nova Siri,unchanged,,POSAS 2019/2025 direct comparison,sum,
077019,Oliveto Lucano,077019,Oliveto Lucano,unchanged,,POSAS 2019/2025 direct comparison,sum,
077020,Pisticci,077020,Pisticci,unchanged,,POSAS 2019/2025 direct comparison,sum,
077021,Policoro,077021,Policoro,unchanged,,POSAS 2019/2025 direct comparison,sum,
077022,Pomarico,077022,Pomarico,unchanged,,POSAS 2019/2025 direct comparison,sum,
077023,Rotondella,077023,Rotondella,unchanged,,POSAS 2019/2025 direct comparison,sum,
077024,Salandra,077024,Salandra,unchanged,,POSAS 2019/2025 direct comparison,sum,
077025,San Giorgio Lucano,077025,San Giorgio Lucano,unchanged,,POSAS 2019/2025 direct comparison,sum,
077026,San Mauro Forte,077026,San Mauro Forte,unchanged,,POSAS 2019/2025 direct comparison,sum,
077027,Stigliano,077027,Stigliano,unchanged,,POSAS 2019/2025 direct comparison,sum,
077028,Tricarico,077028,Tricarico,unchanged,,POSAS 2019/2025 direct comparison,sum,
077029,Tursi,077029,Tursi,unchanged,,POSAS 2019/2025 direct comparison,sum,
077030,Valsinni,077030,Valsinni,unchanged,,POSAS 2019/2025 direct comparison,sum,
077031,Scanzano Jonico,077031,Scanzano Jonico,unchanged,,POSAS 2019/2025 direct comparison,sum,
078001,Acquaformosa,078001,Acquaformosa,unchanged,,POSAS 2019/2025 direct comparison,sum,
078002,Acquappesa,078002,Acquappesa,unchanged,,POSAS 2019/2025 direct comparison,sum,
078003,Acri,078003,Acri,unchanged,,POSAS 2019/2025 direct comparison,sum,
078004,Aiello Calabro,078004,Aiello Calabro,unchanged,,POSAS 2019/2025 direct comparison,sum,
078005,Aieta,078005,Aieta,unchanged,,POSAS 2019/2025 direct comparison,sum,
078006,Albidona,078006,Albidona,unchanged,,POSAS 2019/2025 direct comparison,sum,
078007,Alessandria del Carretto,078007,Alessandria del Carretto,unchanged,,POSAS 2019/2025 direct comparison,sum,
078008,Altilia,078008,Altilia,unchanged,,POSAS 2019/2025 direct comparison,sum,
078009,Altomonte,078009,Altomonte,unchanged,,POSAS 2019/2025 direct comparison,sum,
078010,Amantea,078010,Amantea,unchanged,,POSAS 2019/2025 direct comparison,sum,
078011,Amendolara,078011,Amendolara,unchanged,,POSAS 2019/2025 direct comparison,sum,
078012,Aprigliano,078012,Aprigliano,unchanged,,POSAS 2019/2025 direct comparison,sum,
078013,Belmonte Calabro,078013,Belmonte Calabro,unchanged,,POSAS 2019/2025 direct comparison,sum,
078014,Belsito,078014,Belsito,unchanged,,POSAS 2019/2025 direct comparison,sum,
078015,Belvedere Marittimo,078015,Belvedere Marittimo,unchanged,,POSAS 2019/2025 direct comparison,sum,
078016,Bianchi,078016,Bianchi,unchanged,,POSAS 2019/2025 direct comparison,sum,
078017,Bisignano,078017,Bisignano,unchanged,,POSAS 2019/2025 direct comparison,sum,
078018,Bocchigliero,078018,Bocchigliero,unchanged,,POSAS 2019/2025 direct comparison,sum,
078019,Bonifati,078019,Bonifati,unchanged,,POSAS 2019/2025 direct comparison,sum,
078020,Buonvicino,078020,Buonvicino,unchanged,,POSAS 2019/2025 direct comparison,sum,
078021,Calopezzati,078021,Calopezzati,unchanged,,POSAS 2019/2025 direct comparison,sum,
078022,Caloveto,078022,Caloveto,unchanged,,POSAS 2019/2025 direct comparison,sum,
078023,Campana,078023,Campana,unchanged,,POSAS 2019/2025 direct comparison,sum,
078024,Canna,078024,Canna,unchanged,,POSAS 2019/2025 direct comparison,sum,
078025,Cariati,078025,Cariati,unchanged,,POSAS 2019/2025 direct comparison,sum,
078026,Carolei,078026,Carolei,unchanged,,POSAS 2019/2025 direct comparison,sum,
078027,Carpanzano,078027,Carpanzano,unchanged,,POSAS 2019/2025 direct comparison,sum,
078029,Cassano all'Ionio,078029,Cassano all'Ionio,unchanged,,POSAS 2019/2025 direct comparison,sum,
078030,Castiglione Cosentino,078030,Castiglione Cosentino,unchanged,,POSAS 2019/2025 direct comparison,sum,
078031,Castrolibero,078031,Castrolibero,unchanged,,POSAS 2019/2025 direct comparison,sum,
078032,Castroregio,078032,Castroregio,unchanged,,POSAS 2019/2025 direct comparison,sum,
078033,Castrovillari,078033,Castrovillari,unchanged,,POSAS 2019/2025 direct comparison,sum,
078034,Celico,078034,Celico,unchanged,,POSAS 2019/2025 direct comparison,sum,
078035,Cellara,078035,Cellara,unchanged,,POSAS 2019/2025 direct comparison,sum,
078036,Cerchiara di Calabria,078036,Cerchiara di Calabria,unchanged,,POSAS 2019/2025 direct comparison,sum,
078037,Cerisano,078037,Cerisano,unchanged,,POSAS 2019/2025 direct comparison,sum,
078038,Cervicati,078038,Cervicati,unchanged,,POSAS 2019/2025 direct comparison,sum,
078039,Cerzeto,078039,Cerzeto,unchanged,,POSAS 2019/2025 direct comparison,sum,
078040,Cetraro,078040,Cetraro,unchanged,,POSAS 2019/2025 direct comparison,sum,
078041,Civita,078041,Civita,unchanged,,POSAS 2019/2025 direct comparison,sum,
078042,Cleto,078042,Cleto,unchanged,,POSAS 2019/2025 direct comparison,sum,
078043,Colosimi,078043,Colosimi,unchanged,,POSAS 2019/2025 direct comparison,sum,
078045,Cosenza,078045,Cosenza,unchanged,,POSAS 2019/2025 direct comparison,sum,
078046,Cropalati,078046,Cropalati,unchanged,,POSAS 2019/2025 direct comparison,sum,
078047,Crosia,078047,Crosia,unchanged,,POSAS 2019/2025 direct comparison,sum,
078048,Diamante,078048,Diamante,unchanged,,POSAS 2019/2025 direct comparison,sum,
078049,Dipignano,078049,Dipignano,unchanged,,POSAS 2019/2025 direct comparison,sum,
078050,Domanico,078050,Domanico,unchanged,,POSAS 2019/2025 direct comparison,sum,
078051,Fagnano Castello,078051,Fagnano Castello,unchanged,,POSAS 2019/2025 direct comparison,sum,
078052,Falconara Albanese,078052,Falconara Albanese,unchanged,,POSAS 2019/2025 direct comparison,sum,
078053,Figline Vegliaturo,078053,Figline Vegliaturo,unchanged,,POSAS 2019/2025 direct comparison,sum,
078054,Firmo,078054,Firmo,unchanged,,POSAS 2019/2025 direct comparison,sum,
078055,Fiumefreddo Bruzio,078055,Fiumefreddo Bruzio,unchanged,,POSAS 2019/2025 direct comparison,sum,
078056,Francavilla Marittima,078056,Francavilla Marittima,unchanged,,POSAS 2019/2025 direct comparison,sum,
078057,Frascineto,078057,Frascineto,unchanged,,POSAS 2019/2025 direct comparison,sum,
078058,Fuscaldo,078058,Fuscaldo,unchanged,,POSAS 2019/2025 direct comparison,sum,
078059,Grimaldi,078059,Grimaldi,unchanged,,POSAS 2019/2025 direct comparison,sum,
078060,Grisolia,078060,Grisolia,unchanged,,POSAS 2019/2025 direct comparison,sum,
078061,Guardia Piemontese,078061,Guardia Piemontese,unchanged,,POSAS 2019/2025 direct comparison,sum,
078062,Lago,078062,Lago,unchanged,,POSAS 2019/2025 direct comparison,sum,
078063,Laino Borgo,078063,Laino Borgo,unchanged,,POSAS 2019/2025 direct comparison,sum,
078064,Laino Castello,078064,Laino Castello,unchanged,,POSAS 2019/2025 direct comparison,sum,
078065,Lappano,078065,Lappano,unchanged,,POSAS 2019/2025 direct comparison,sum,
078066,Lattarico,078066,Lattarico,unchanged,,POSAS 2019/2025 direct comparison,sum,
078067,Longobardi,078067,Longobardi,unchanged,,POSAS 2019/2025 direct comparison,sum,
078068,Longobucco,078068,Longobucco,unchanged,,POSAS 2019/2025 direct comparison,sum,
078069,Lungro,078069,Lungro,unchanged,,POSAS 2019/2025 direct comparison,sum,
078070,Luzzi,078070,Luzzi,unchanged,,POSAS 2019/2025 direct comparison,sum,
078071,Maierà,078071,Maierà,unchanged,,POSAS 2019/2025 direct comparison,sum,
078072,Malito,078072,Malito,unchanged,,POSAS 2019/2025 direct comparison,sum,
078073,Malvito,078073,Malvito,unchanged,,POSAS 2019/2025 direct comparison,sum,
078074,Mandatoriccio,078074,Mandatoriccio,unchanged,,POSAS 2019/2025 direct comparison,sum,
078075,Mangone,078075,Mangone,unchanged,,POSAS 2019/2025 direct comparison,sum,
078076,Marano Marchesato,078076,Marano Marchesato,unchanged,,POSAS 2019/2025 direct comparison,sum,
078077,Marano Principato,078077,Marano Principato,unchanged,,POSAS 2019/2025 direct comparison,sum,
078078,Marzi,078078,Marzi,unchanged,,POSAS 2019/2025 direct comparison,sum,
078079,Mendicino,078079,Mendicino,unchanged,,POSAS 2019/2025 direct comparison,sum,
078080,Mongrassano,078080,Mongrassano,unchanged,,POSAS 2019/2025 direct comparison,sum,
078081,Montalto Uffugo,078081,Montalto Uffugo,unchanged,,POSAS 2019/2025 direct comparison,sum,
078082,Montegiordano,078082,Montegiordano,unchanged,,POSAS 2019/2025 direct comparison,sum,
078083,Morano Calabro,078083,Morano Calabro,unchanged,,POSAS 2019/2025 direct comparison,sum,
078084,Mormanno,078084,Mormanno,unchanged,,POSAS 2019/2025 direct comparison,sum,
078085,Mottafollone,078085,Mottafollone,unchanged,,POSAS 2019/2025 direct comparison,sum,
078086,Nocara,078086,Nocara,unchanged,,POSAS 2019/2025 direct comparison,sum,
078087,Oriolo,078087,Oriolo,unchanged,,POSAS 2019/2025 direct comparison,sum,
078088,Orsomarso,078088,Orsomarso,unchanged,,POSAS 2019/2025 direct comparison,sum,
078089,Paludi,078089,Paludi,unchanged,,POSAS 2019/2025 direct comparison,sum,
078090,Panettieri,078090,Panettieri,unchanged,,POSAS 2019/2025 direct comparison,sum,
078091,Paola,078091,Paola,unchanged,,POSAS 2019/2025 direct comparison,sum,
078092,Papasidero,078092,Papasidero,unchanged,,POSAS 2019/2025 direct comparison,sum,
078093,Parenti,078093,Parenti,unchanged,,POSAS 2019/2025 direct comparison,sum,
078094,Paterno Calabro,078094,Paterno Calabro,unchanged,,POSAS 2019/2025 direct comparison,sum,
078096,Pedivigliano,078096,Pedivigliano,unchanged,,POSAS 2019/2025 direct comparison,sum,
078097,Piane Crati,078097,Piane Crati,unchanged,,POSAS 2019/2025 direct comparison,sum,
078098,Pietrafitta,078098,Pietrafitta,unchanged,,POSAS 2019/2025 direct comparison,sum,
078099,Pietrapaola,078099,Pietrapaola,unchanged,,POSAS 2019/2025 direct comparison,sum,
078100,Plataci,078100,Plataci,unchanged,,POSAS 2019/2025 direct comparison,sum,
078101,Praia a Mare,078101,Praia a Mare,unchanged,,POSAS 2019/2025 direct comparison,sum,
078102,Rende,078102,Rende,unchanged,,POSAS 2019/2025 direct comparison,sum,
078103,Rocca Imperiale,078103,Rocca Imperiale,unchanged,,POSAS 2019/2025 direct comparison,sum,
078104,Roggiano Gravina,078104,Roggiano Gravina,unchanged,,POSAS 2019/2025 direct comparison,sum,
078105,Rogliano,078105,Rogliano,unchanged,,POSAS 2019/2025 direct comparison,sum,
078106,Rose,078106,Rose,unchanged,,POSAS 2019/2025 direct comparison,sum,
078107,Roseto Capo Spulico,078107,Roseto Capo Spulico,unchanged,,POSAS 2019/2025 direct comparison,sum,
078109,Rota Greca,078109,Rota Greca,unchanged,,POSAS 2019/2025 direct comparison,sum,
078110,Rovito,078110,Rovito,unchanged,,POSAS 2019/2025 direct comparison,sum,
078111,San Basile,078111,San Basile,unchanged,,POSAS 2019/2025 direct comparison,sum,
078112,San Benedetto Ullano,078112,San Benedetto Ullano,unchanged,,POSAS 2019/2025 direct comparison,sum,
078113,San Cosmo Albanese,078113,San Cosmo Albanese,unchanged,,POSAS 2019/2025 direct comparison,sum,
078114,San Demetrio Corone,078114,San Demetrio Corone,unchanged,,POSAS 2019/2025 direct comparison,sum,
078115,San Donato di Ninea,078115,San Donato di Ninea,unchanged,,POSAS 2019/2025 direct comparison,sum,
078116,San Fili,078116,San Fili,unchanged,,POSAS 2019/2025 direct comparison,sum,
078117,Sangineto,078117,Sangineto,unchanged,,POSAS 2019/2025 direct comparison,sum,
078118,San Giorgio Albanese,078118,San Giorgio Albanese,unchanged,,POSAS 2019/2025 direct comparison,sum,
078119,San Giovanni in Fiore,078119,San Giovanni in Fiore,unchanged,,POSAS 2019/2025 direct comparison,sum,
078120,San Lorenzo Bellizzi,078120,San Lorenzo Bellizzi,unchanged,,POSAS 2019/2025 direct comparison,sum,
078121,San Lorenzo del Vallo,078121,San Lorenzo del Vallo,unchanged,,POSAS 2019/2025 direct comparison,sum,
078122,San Lucido,078122,San Lucido,unchanged,,POSAS 2019/2025 direct comparison,sum,
078123,San Marco Argentano,078123,San Marco Argentano,unchanged,,POSAS 2019/2025 direct comparison,sum,
078124,San Martino di Finita,078124,San Martino di Finita,unchanged,,POSAS 2019/2025 direct comparison,sum,
078125,San Nicola Arcella,078125,San Nicola Arcella,unchanged,,POSAS 2019/2025 direct comparison,sum,
078126,San Pietro in Amantea,078126,San Pietro in Amantea,unchanged,,POSAS 2019/2025 direct comparison,sum,
078127,San Pietro in Guarano,078127,San Pietro in Guarano,unchanged,,POSAS 2019/2025 direct comparison,sum,
078128,San Sosti,078128,San Sosti,unchanged,,POSAS 2019/2025 direct comparison,sum,
078129,Santa Caterina Albanese,078129,Santa Caterina Albanese,unchanged,,POSAS 2019/2025 direct comparison,sum,
078130,Santa Domenica Talao,078130,Santa Domenica Talao,unchanged,,POSAS 2019/2025 direct comparison,sum,
078131,Sant'Agata di Esaro,078131,Sant'Agata di Esaro,unchanged,,POSAS 2019/2025 direct comparison,sum,
078132,Santa Maria del Cedro,078132,Santa Maria del Cedro,unchanged,,POSAS 2019/2025 direct comparison,sum,
078133,Santa Sofia d'Epiro,078133,Santa Sofia d'Epiro,unchanged,,POSAS 2019/2025 direct comparison,sum,
078134,Santo Stefano di Rogliano,078134,Santo Stefano di Rogliano,unchanged,,POSAS 2019/2025 direct comparison,sum,
078135,San Vincenzo La Costa,078135,San Vincenzo la Costa,name_string_change_same_code,,POSAS 2019/2025 direct comparison; official administrative-change classification only where separately documented.,sum,Denominazione 2019: San Vincenzo la Costa; denominazione 2025: San Vincenzo La Costa.
078136,Saracena,078136,Saracena,unchanged,,POSAS 2019/2025 direct comparison,sum,
078137,Scala Coeli,078137,Scala Coeli,unchanged,,POSAS 2019/2025 direct comparison,sum,
078138,Scalea,078138,Scalea,unchanged,,POSAS 2019/2025 direct comparison,sum,
078139,Scigliano,078139,Scigliano,unchanged,,POSAS 2019/2025 direct comparison,sum,
078140,Serra d'Aiello,078140,Serra d'Aiello,unchanged,,POSAS 2019/2025 direct comparison,sum,
078142,Spezzano Albanese,078142,Spezzano Albanese,unchanged,,POSAS 2019/2025 direct comparison,sum,
078143,Spezzano della Sila,078143,Spezzano della Sila,unchanged,,POSAS 2019/2025 direct comparison,sum,
078145,Tarsia,078145,Tarsia,unchanged,,POSAS 2019/2025 direct comparison,sum,
078146,Terranova da Sibari,078146,Terranova da Sibari,unchanged,,POSAS 2019/2025 direct comparison,sum,
078147,Terravecchia,078147,Terravecchia,unchanged,,POSAS 2019/2025 direct comparison,sum,
078148,Torano Castello,078148,Torano Castello,unchanged,,POSAS 2019/2025 direct comparison,sum,
078149,Tortora,078149,Tortora,unchanged,,POSAS 2019/2025 direct comparison,sum,
078150,Trebisacce,078150,Trebisacce,unchanged,,POSAS 2019/2025 direct comparison,sum,
078152,Vaccarizzo Albanese,078152,Vaccarizzo Albanese,unchanged,,POSAS 2019/2025 direct comparison,sum,
078153,Verbicaro,078153,Verbicaro,unchanged,,POSAS 2019/2025 direct comparison,sum,
078154,Villapiana,078154,Villapiana,unchanged,,POSAS 2019/2025 direct comparison,sum,
078155,Zumpano,078155,Zumpano,unchanged,,POSAS 2019/2025 direct comparison,sum,
078156,Casali del Manco,078156,Casali del Manco,unchanged,,POSAS 2019/2025 direct comparison,sum,
078157,Corigliano-Rossano,078157,Corigliano-Rossano,unchanged,,POSAS 2019/2025 direct comparison,sum,
079002,Albi,079002,Albi,unchanged,,POSAS 2019/2025 direct comparison,sum,
079003,Amaroni,079003,Amaroni,unchanged,,POSAS 2019/2025 direct comparison,sum,
079004,Amato,079004,Amato,unchanged,,POSAS 2019/2025 direct comparison,sum,
079005,Andali,079005,Andali,unchanged,,POSAS 2019/2025 direct comparison,sum,
079007,Argusto,079007,Argusto,unchanged,,POSAS 2019/2025 direct comparison,sum,
079008,Badolato,079008,Badolato,unchanged,,POSAS 2019/2025 direct comparison,sum,
079009,Belcastro,079009,Belcastro,unchanged,,POSAS 2019/2025 direct comparison,sum,
079011,Borgia,079011,Borgia,unchanged,,POSAS 2019/2025 direct comparison,sum,
079012,Botricello,079012,Botricello,unchanged,,POSAS 2019/2025 direct comparison,sum,
079017,Caraffa di Catanzaro,079017,Caraffa di Catanzaro,unchanged,,POSAS 2019/2025 direct comparison,sum,
079018,Cardinale,079018,Cardinale,unchanged,,POSAS 2019/2025 direct comparison,sum,
079020,Carlopoli,079020,Carlopoli,unchanged,,POSAS 2019/2025 direct comparison,sum,
079023,Catanzaro,079023,Catanzaro,unchanged,,POSAS 2019/2025 direct comparison,sum,
079024,Cenadi,079024,Cenadi,unchanged,,POSAS 2019/2025 direct comparison,sum,
079025,Centrache,079025,Centrache,unchanged,,POSAS 2019/2025 direct comparison,sum,
079027,Cerva,079027,Cerva,unchanged,,POSAS 2019/2025 direct comparison,sum,
079029,Chiaravalle Centrale,079029,Chiaravalle Centrale,unchanged,,POSAS 2019/2025 direct comparison,sum,
079030,Cicala,079030,Cicala,unchanged,,POSAS 2019/2025 direct comparison,sum,
079033,Conflenti,079033,Conflenti,unchanged,,POSAS 2019/2025 direct comparison,sum,
079034,Cortale,079034,Cortale,unchanged,,POSAS 2019/2025 direct comparison,sum,
079036,Cropani,079036,Cropani,unchanged,,POSAS 2019/2025 direct comparison,sum,
079039,Curinga,079039,Curinga,unchanged,,POSAS 2019/2025 direct comparison,sum,
079042,Davoli,079042,Davoli,unchanged,,POSAS 2019/2025 direct comparison,sum,
079043,Decollatura,079043,Decollatura,unchanged,,POSAS 2019/2025 direct comparison,sum,
079047,Falerna,079047,Falerna,unchanged,,POSAS 2019/2025 direct comparison,sum,
079048,Feroleto Antico,079048,Feroleto Antico,unchanged,,POSAS 2019/2025 direct comparison,sum,
079052,Fossato Serralta,079052,Fossato Serralta,unchanged,,POSAS 2019/2025 direct comparison,sum,
079055,Gagliato,079055,Gagliato,unchanged,,POSAS 2019/2025 direct comparison,sum,
079056,Gasperina,079056,Gasperina,unchanged,,POSAS 2019/2025 direct comparison,sum,
079058,Gimigliano,079058,Gimigliano,unchanged,,POSAS 2019/2025 direct comparison,sum,
079059,Girifalco,079059,Girifalco,unchanged,,POSAS 2019/2025 direct comparison,sum,
079060,Gizzeria,079060,Gizzeria,unchanged,,POSAS 2019/2025 direct comparison,sum,
079061,Guardavalle,079061,Guardavalle,unchanged,,POSAS 2019/2025 direct comparison,sum,
079063,Isca sullo Ionio,079063,Isca sullo Ionio,unchanged,,POSAS 2019/2025 direct comparison,sum,
079065,Jacurso,079065,Jacurso,unchanged,,POSAS 2019/2025 direct comparison,sum,
079068,Magisano,079068,Magisano,unchanged,,POSAS 2019/2025 direct comparison,sum,
079069,Maida,079069,Maida,unchanged,,POSAS 2019/2025 direct comparison,sum,
079071,Marcedusa,079071,Marcedusa,unchanged,,POSAS 2019/2025 direct comparison,sum,
079072,Marcellinara,079072,Marcellinara,unchanged,,POSAS 2019/2025 direct comparison,sum,
079073,Martirano,079073,Martirano,unchanged,,POSAS 2019/2025 direct comparison,sum,
079074,Martirano Lombardo,079074,Martirano Lombardo,unchanged,,POSAS 2019/2025 direct comparison,sum,
079077,Miglierina,079077,Miglierina,unchanged,,POSAS 2019/2025 direct comparison,sum,
079080,Montauro,079080,Montauro,unchanged,,POSAS 2019/2025 direct comparison,sum,
079081,Montepaone,079081,Montepaone,unchanged,,POSAS 2019/2025 direct comparison,sum,
079083,Motta Santa Lucia,079083,Motta Santa Lucia,unchanged,,POSAS 2019/2025 direct comparison,sum,
079087,Nocera Terinese,079087,Nocera Terinese,unchanged,,POSAS 2019/2025 direct comparison,sum,
079088,Olivadi,079088,Olivadi,unchanged,,POSAS 2019/2025 direct comparison,sum,
079089,Palermiti,079089,Palermiti,unchanged,,POSAS 2019/2025 direct comparison,sum,
079092,Pentone,079092,Pentone,unchanged,,POSAS 2019/2025 direct comparison,sum,
079094,Petrizzi,079094,Petrizzi,unchanged,,POSAS 2019/2025 direct comparison,sum,
079095,Petronà,079095,Petronà,unchanged,,POSAS 2019/2025 direct comparison,sum,
079096,Pianopoli,079096,Pianopoli,unchanged,,POSAS 2019/2025 direct comparison,sum,
079099,Platania,079099,Platania,unchanged,,POSAS 2019/2025 direct comparison,sum,
079108,San Floro,079108,San Floro,unchanged,,POSAS 2019/2025 direct comparison,sum,
079110,San Mango d'Aquino,079110,San Mango d'Aquino,unchanged,,POSAS 2019/2025 direct comparison,sum,
079114,San Pietro a Maida,079114,San Pietro a Maida,unchanged,,POSAS 2019/2025 direct comparison,sum,
079115,San Pietro Apostolo,079115,San Pietro Apostolo,unchanged,,POSAS 2019/2025 direct comparison,sum,
079116,San Sostene,079116,San Sostene,unchanged,,POSAS 2019/2025 direct comparison,sum,
079117,Santa Caterina dello Ionio,079117,Santa Caterina dello Ionio,unchanged,,POSAS 2019/2025 direct comparison,sum,
079118,Sant'Andrea Apostolo dello Ionio,079118,Sant'Andrea Apostolo dello Ionio,unchanged,,POSAS 2019/2025 direct comparison,sum,
079122,San Vito sullo Ionio,079122,San Vito sullo Ionio,unchanged,,POSAS 2019/2025 direct comparison,sum,
079123,Satriano,079123,Satriano,unchanged,,POSAS 2019/2025 direct comparison,sum,
079126,Sellia,079126,Sellia,unchanged,,POSAS 2019/2025 direct comparison,sum,
079127,Sellia Marina,079127,Sellia Marina,unchanged,,POSAS 2019/2025 direct comparison,sum,
079129,Serrastretta,079129,Serrastretta,unchanged,,POSAS 2019/2025 direct comparison,sum,
079130,Sersale,079130,Sersale,unchanged,,POSAS 2019/2025 direct comparison,sum,
079131,Settingiano,079131,Settingiano,unchanged,,POSAS 2019/2025 direct comparison,sum,
079133,Simeri Crichi,079133,Simeri Crichi,unchanged,,POSAS 2019/2025 direct comparison,sum,
079134,Sorbo San Basile,079134,Sorbo San Basile,unchanged,,POSAS 2019/2025 direct comparison,sum,
079137,Soverato,079137,Soverato,unchanged,,POSAS 2019/2025 direct comparison,sum,
079138,Soveria Mannelli,079138,Soveria Mannelli,unchanged,,POSAS 2019/2025 direct comparison,sum,
079139,Soveria Simeri,079139,Soveria Simeri,unchanged,,POSAS 2019/2025 direct comparison,sum,
079142,Squillace,079142,Squillace,unchanged,,POSAS 2019/2025 direct comparison,sum,
079143,Stalettì,079143,Stalettì,unchanged,,POSAS 2019/2025 direct comparison,sum,
079146,Taverna,079146,Taverna,unchanged,,POSAS 2019/2025 direct comparison,sum,
079147,Tiriolo,079147,Tiriolo,unchanged,,POSAS 2019/2025 direct comparison,sum,
079148,Torre di Ruggiero,079148,Torre di Ruggiero,unchanged,,POSAS 2019/2025 direct comparison,sum,
079151,Vallefiorita,079151,Vallefiorita,unchanged,,POSAS 2019/2025 direct comparison,sum,
079157,Zagarise,079157,Zagarise,unchanged,,POSAS 2019/2025 direct comparison,sum,
079160,Lamezia Terme,079160,Lamezia Terme,unchanged,,POSAS 2019/2025 direct comparison,sum,
080001,Africo,080001,Africo,unchanged,,POSAS 2019/2025 direct comparison,sum,
080002,Agnana Calabra,080002,Agnana Calabra,unchanged,,POSAS 2019/2025 direct comparison,sum,
080003,Anoia,080003,Anoia,unchanged,,POSAS 2019/2025 direct comparison,sum,
080004,Antonimina,080004,Antonimina,unchanged,,POSAS 2019/2025 direct comparison,sum,
080005,Ardore,080005,Ardore,unchanged,,POSAS 2019/2025 direct comparison,sum,
080006,Bagaladi,080006,Bagaladi,unchanged,,POSAS 2019/2025 direct comparison,sum,
080007,Bagnara Calabra,080007,Bagnara Calabra,unchanged,,POSAS 2019/2025 direct comparison,sum,
080008,Benestare,080008,Benestare,unchanged,,POSAS 2019/2025 direct comparison,sum,
080009,Bianco,080009,Bianco,unchanged,,POSAS 2019/2025 direct comparison,sum,
080010,Bivongi,080010,Bivongi,unchanged,,POSAS 2019/2025 direct comparison,sum,
080011,Bova,080011,Bova,unchanged,,POSAS 2019/2025 direct comparison,sum,
080012,Bovalino,080012,Bovalino,unchanged,,POSAS 2019/2025 direct comparison,sum,
080013,Bova Marina,080013,Bova Marina,unchanged,,POSAS 2019/2025 direct comparison,sum,
080014,Brancaleone,080014,Brancaleone,unchanged,,POSAS 2019/2025 direct comparison,sum,
080015,Bruzzano Zeffirio,080015,Bruzzano Zeffirio,unchanged,,POSAS 2019/2025 direct comparison,sum,
080016,Calanna,080016,Calanna,unchanged,,POSAS 2019/2025 direct comparison,sum,
080017,Camini,080017,Camini,unchanged,,POSAS 2019/2025 direct comparison,sum,
080018,Campo Calabro,080018,Campo Calabro,unchanged,,POSAS 2019/2025 direct comparison,sum,
080019,Candidoni,080019,Candidoni,unchanged,,POSAS 2019/2025 direct comparison,sum,
080020,Canolo,080020,Canolo,unchanged,,POSAS 2019/2025 direct comparison,sum,
080021,Caraffa del Bianco,080021,Caraffa del Bianco,unchanged,,POSAS 2019/2025 direct comparison,sum,
080022,Cardeto,080022,Cardeto,unchanged,,POSAS 2019/2025 direct comparison,sum,
080023,Careri,080023,Careri,unchanged,,POSAS 2019/2025 direct comparison,sum,
080024,Casignana,080024,Casignana,unchanged,,POSAS 2019/2025 direct comparison,sum,
080025,Caulonia,080025,Caulonia,unchanged,,POSAS 2019/2025 direct comparison,sum,
080026,Ciminà,080026,Ciminà,unchanged,,POSAS 2019/2025 direct comparison,sum,
080027,Cinquefrondi,080027,Cinquefrondi,unchanged,,POSAS 2019/2025 direct comparison,sum,
080028,Cittanova,080028,Cittanova,unchanged,,POSAS 2019/2025 direct comparison,sum,
080029,Condofuri,080029,Condofuri,unchanged,,POSAS 2019/2025 direct comparison,sum,
080030,Cosoleto,080030,Cosoleto,unchanged,,POSAS 2019/2025 direct comparison,sum,
080031,Delianuova,080031,Delianuova,unchanged,,POSAS 2019/2025 direct comparison,sum,
080032,Feroleto della Chiesa,080032,Feroleto della Chiesa,unchanged,,POSAS 2019/2025 direct comparison,sum,
080033,Ferruzzano,080033,Ferruzzano,unchanged,,POSAS 2019/2025 direct comparison,sum,
080034,Fiumara,080034,Fiumara,unchanged,,POSAS 2019/2025 direct comparison,sum,
080035,Galatro,080035,Galatro,unchanged,,POSAS 2019/2025 direct comparison,sum,
080036,Gerace,080036,Gerace,unchanged,,POSAS 2019/2025 direct comparison,sum,
080037,Giffone,080037,Giffone,unchanged,,POSAS 2019/2025 direct comparison,sum,
080038,Gioia Tauro,080038,Gioia Tauro,unchanged,,POSAS 2019/2025 direct comparison,sum,
080039,Gioiosa Ionica,080039,Gioiosa Ionica,unchanged,,POSAS 2019/2025 direct comparison,sum,
080040,Grotteria,080040,Grotteria,unchanged,,POSAS 2019/2025 direct comparison,sum,
080041,Laganadi,080041,Laganadi,unchanged,,POSAS 2019/2025 direct comparison,sum,
080042,Laureana di Borrello,080042,Laureana di Borrello,unchanged,,POSAS 2019/2025 direct comparison,sum,
080043,Locri,080043,Locri,unchanged,,POSAS 2019/2025 direct comparison,sum,
080044,Mammola,080044,Mammola,unchanged,,POSAS 2019/2025 direct comparison,sum,
080045,Marina di Gioiosa Ionica,080045,Marina di Gioiosa Ionica,unchanged,,POSAS 2019/2025 direct comparison,sum,
080046,Maropati,080046,Maropati,unchanged,,POSAS 2019/2025 direct comparison,sum,
080047,Martone,080047,Martone,unchanged,,POSAS 2019/2025 direct comparison,sum,
080048,Melicuccà,080048,Melicuccà,unchanged,,POSAS 2019/2025 direct comparison,sum,
080049,Melicucco,080049,Melicucco,unchanged,,POSAS 2019/2025 direct comparison,sum,
080050,Melito di Porto Salvo,080050,Melito di Porto Salvo,unchanged,,POSAS 2019/2025 direct comparison,sum,
080051,Molochio,080051,Molochio,unchanged,,POSAS 2019/2025 direct comparison,sum,
080052,Monasterace,080052,Monasterace,unchanged,,POSAS 2019/2025 direct comparison,sum,
080053,Montebello Jonico,080053,Montebello Ionico,name_string_change_same_code,,POSAS 2019/2025 direct comparison; official administrative-change classification only where separately documented.,sum,Denominazione 2019: Montebello Ionico; denominazione 2025: Montebello Jonico.
080054,Motta San Giovanni,080054,Motta San Giovanni,unchanged,,POSAS 2019/2025 direct comparison,sum,
080055,Oppido Mamertina,080055,Oppido Mamertina,unchanged,,POSAS 2019/2025 direct comparison,sum,
080056,Palizzi,080056,Palizzi,unchanged,,POSAS 2019/2025 direct comparison,sum,
080057,Palmi,080057,Palmi,unchanged,,POSAS 2019/2025 direct comparison,sum,
080058,Pazzano,080058,Pazzano,unchanged,,POSAS 2019/2025 direct comparison,sum,
080059,Placanica,080059,Placanica,unchanged,,POSAS 2019/2025 direct comparison,sum,
080060,Platì,080060,Platì,unchanged,,POSAS 2019/2025 direct comparison,sum,
080061,Polistena,080061,Polistena,unchanged,,POSAS 2019/2025 direct comparison,sum,
080062,Portigliola,080062,Portigliola,unchanged,,POSAS 2019/2025 direct comparison,sum,
080063,Reggio di Calabria,080063,Reggio di Calabria,unchanged,,POSAS 2019/2025 direct comparison,sum,
080064,Riace,080064,Riace,unchanged,,POSAS 2019/2025 direct comparison,sum,
080065,Rizziconi,080065,Rizziconi,unchanged,,POSAS 2019/2025 direct comparison,sum,
080066,Roccaforte del Greco,080066,Roccaforte del Greco,unchanged,,POSAS 2019/2025 direct comparison,sum,
080067,Roccella Ionica,080067,Roccella Ionica,unchanged,,POSAS 2019/2025 direct comparison,sum,
080068,Roghudi,080068,Roghudi,unchanged,,POSAS 2019/2025 direct comparison,sum,
080069,Rosarno,080069,Rosarno,unchanged,,POSAS 2019/2025 direct comparison,sum,
080070,Samo,080070,Samo,unchanged,,POSAS 2019/2025 direct comparison,sum,
080071,San Giorgio Morgeto,080071,San Giorgio Morgeto,unchanged,,POSAS 2019/2025 direct comparison,sum,
080072,San Giovanni di Gerace,080072,San Giovanni di Gerace,unchanged,,POSAS 2019/2025 direct comparison,sum,
080073,San Lorenzo,080073,San Lorenzo,unchanged,,POSAS 2019/2025 direct comparison,sum,
080074,San Luca,080074,San Luca,unchanged,,POSAS 2019/2025 direct comparison,sum,
080075,San Pietro di Caridà,080075,San Pietro di Caridà,unchanged,,POSAS 2019/2025 direct comparison,sum,
080076,San Procopio,080076,San Procopio,unchanged,,POSAS 2019/2025 direct comparison,sum,
080077,San Roberto,080077,San Roberto,unchanged,,POSAS 2019/2025 direct comparison,sum,
080078,Santa Cristina d'Aspromonte,080078,Santa Cristina d'Aspromonte,unchanged,,POSAS 2019/2025 direct comparison,sum,
080079,Sant'Agata del Bianco,080079,Sant'Agata del Bianco,unchanged,,POSAS 2019/2025 direct comparison,sum,
080080,Sant'Alessio in Aspromonte,080080,Sant'Alessio in Aspromonte,unchanged,,POSAS 2019/2025 direct comparison,sum,
080081,Sant'Eufemia d'Aspromonte,080081,Sant'Eufemia d'Aspromonte,unchanged,,POSAS 2019/2025 direct comparison,sum,
080082,Sant'Ilario dello Ionio,080082,Sant'Ilario dello Ionio,unchanged,,POSAS 2019/2025 direct comparison,sum,
080083,Santo Stefano in Aspromonte,080083,Santo Stefano in Aspromonte,unchanged,,POSAS 2019/2025 direct comparison,sum,
080084,Scido,080084,Scido,unchanged,,POSAS 2019/2025 direct comparison,sum,
080085,Scilla,080085,Scilla,unchanged,,POSAS 2019/2025 direct comparison,sum,
080086,Seminara,080086,Seminara,unchanged,,POSAS 2019/2025 direct comparison,sum,
080087,Serrata,080087,Serrata,unchanged,,POSAS 2019/2025 direct comparison,sum,
080088,Siderno,080088,Siderno,unchanged,,POSAS 2019/2025 direct comparison,sum,
080089,Sinopoli,080089,Sinopoli,unchanged,,POSAS 2019/2025 direct comparison,sum,
080090,Staiti,080090,Staiti,unchanged,,POSAS 2019/2025 direct comparison,sum,
080091,Stignano,080091,Stignano,unchanged,,POSAS 2019/2025 direct comparison,sum,
080092,Stilo,080092,Stilo,unchanged,,POSAS 2019/2025 direct comparison,sum,
080093,Taurianova,080093,Taurianova,unchanged,,POSAS 2019/2025 direct comparison,sum,
080094,Terranova Sappo Minulio,080094,Terranova Sappo Minulio,unchanged,,POSAS 2019/2025 direct comparison,sum,
080095,Varapodio,080095,Varapodio,unchanged,,POSAS 2019/2025 direct comparison,sum,
080096,Villa San Giovanni,080096,Villa San Giovanni,unchanged,,POSAS 2019/2025 direct comparison,sum,
080097,San Ferdinando,080097,San Ferdinando,unchanged,,POSAS 2019/2025 direct comparison,sum,
081001,Alcamo,081001,Alcamo,unchanged,,POSAS 2019/2025 direct comparison,sum,
081002,Buseto Palizzolo,081002,Buseto Palizzolo,unchanged,,POSAS 2019/2025 direct comparison,sum,
081003,Calatafimi-Segesta,081003,Calatafimi-Segesta,unchanged,,POSAS 2019/2025 direct comparison,sum,
081004,Campobello di Mazara,081004,Campobello di Mazara,unchanged,,POSAS 2019/2025 direct comparison,sum,
081005,Castellammare del Golfo,081005,Castellammare del Golfo,unchanged,,POSAS 2019/2025 direct comparison,sum,
081006,Castelvetrano,081006,Castelvetrano,unchanged,,POSAS 2019/2025 direct comparison,sum,
081007,Custonaci,081007,Custonaci,unchanged,,POSAS 2019/2025 direct comparison,sum,
081008,Erice,081008,Erice,unchanged,,POSAS 2019/2025 direct comparison,sum,
081009,Favignana,081009,Favignana,unchanged,,POSAS 2019/2025 direct comparison,sum,
081010,Gibellina,081010,Gibellina,unchanged,,POSAS 2019/2025 direct comparison,sum,
081011,Marsala,081011,Marsala,unchanged,,POSAS 2019/2025 direct comparison,sum,
081012,Mazara del Vallo,081012,Mazara del Vallo,unchanged,,POSAS 2019/2025 direct comparison,sum,
081013,Paceco,081013,Paceco,unchanged,,POSAS 2019/2025 direct comparison,sum,
081014,Pantelleria,081014,Pantelleria,unchanged,,POSAS 2019/2025 direct comparison,sum,
081015,Partanna,081015,Partanna,unchanged,,POSAS 2019/2025 direct comparison,sum,
081016,Poggioreale,081016,Poggioreale,unchanged,,POSAS 2019/2025 direct comparison,sum,
081017,Salaparuta,081017,Salaparuta,unchanged,,POSAS 2019/2025 direct comparison,sum,
081018,Salemi,081018,Salemi,unchanged,,POSAS 2019/2025 direct comparison,sum,
081019,Santa Ninfa,081019,Santa Ninfa,unchanged,,POSAS 2019/2025 direct comparison,sum,
081020,San Vito Lo Capo,081020,San Vito Lo Capo,unchanged,,POSAS 2019/2025 direct comparison,sum,
081021,Trapani,081021,Trapani,partial_territorial_split_source,2021-02-20,https://www.istat.it/storage/codici-unita-amministrative/Novita-2025-2017.pdf,not_reconstructible,Parte del territorio di Trapani è stata scorporata per istituire Misiliscemi; POSAS 2019 comunale non consente una sottrazione territorialmente corretta.
081022,Valderice,081022,Valderice,unchanged,,POSAS 2019/2025 direct comparison,sum,
081023,Vita,081023,Vita,unchanged,,POSAS 2019/2025 direct comparison,sum,
081024,Petrosino,081024,Petrosino,unchanged,,POSAS 2019/2025 direct comparison,sum,
081025,Misiliscemi,081021,Trapani,partial_territorial_split_new_municipality,2021-02-20,https://www.istat.it/storage/codici-unita-amministrative/Novita-2025-2017.pdf,not_reconstructible,Comune istituito per scorporo di località da Trapani; il 2019 non è ricostruibile correttamente dai soli dati POSAS comunali.
082001,Alia,082001,Alia,unchanged,,POSAS 2019/2025 direct comparison,sum,
082002,Alimena,082002,Alimena,unchanged,,POSAS 2019/2025 direct comparison,sum,
082003,Aliminusa,082003,Aliminusa,unchanged,,POSAS 2019/2025 direct comparison,sum,
082004,Altavilla Milicia,082004,Altavilla Milicia,unchanged,,POSAS 2019/2025 direct comparison,sum,
082005,Altofonte,082005,Altofonte,unchanged,,POSAS 2019/2025 direct comparison,sum,
082006,Bagheria,082006,Bagheria,unchanged,,POSAS 2019/2025 direct comparison,sum,
082007,Balestrate,082007,Balestrate,unchanged,,POSAS 2019/2025 direct comparison,sum,
082008,Baucina,082008,Baucina,unchanged,,POSAS 2019/2025 direct comparison,sum,
082009,Belmonte Mezzagno,082009,Belmonte Mezzagno,unchanged,,POSAS 2019/2025 direct comparison,sum,
082010,Bisacquino,082010,Bisacquino,unchanged,,POSAS 2019/2025 direct comparison,sum,
082011,Bolognetta,082011,Bolognetta,unchanged,,POSAS 2019/2025 direct comparison,sum,
082012,Bompietro,082012,Bompietro,unchanged,,POSAS 2019/2025 direct comparison,sum,
082013,Borgetto,082013,Borgetto,unchanged,,POSAS 2019/2025 direct comparison,sum,
082014,Caccamo,082014,Caccamo,unchanged,,POSAS 2019/2025 direct comparison,sum,
082015,Caltavuturo,082015,Caltavuturo,unchanged,,POSAS 2019/2025 direct comparison,sum,
082016,Campofelice di Fitalia,082016,Campofelice di Fitalia,unchanged,,POSAS 2019/2025 direct comparison,sum,
082017,Campofelice di Roccella,082017,Campofelice di Roccella,unchanged,,POSAS 2019/2025 direct comparison,sum,
082018,Campofiorito,082018,Campofiorito,unchanged,,POSAS 2019/2025 direct comparison,sum,
082019,Camporeale,082019,Camporeale,unchanged,,POSAS 2019/2025 direct comparison,sum,
082020,Capaci,082020,Capaci,unchanged,,POSAS 2019/2025 direct comparison,sum,
082021,Carini,082021,Carini,unchanged,,POSAS 2019/2025 direct comparison,sum,
082022,Castelbuono,082022,Castelbuono,unchanged,,POSAS 2019/2025 direct comparison,sum,
082023,Casteldaccia,082023,Casteldaccia,unchanged,,POSAS 2019/2025 direct comparison,sum,
082024,Castellana Sicula,082024,Castellana Sicula,unchanged,,POSAS 2019/2025 direct comparison,sum,
082025,Castronovo di Sicilia,082025,Castronovo di Sicilia,unchanged,,POSAS 2019/2025 direct comparison,sum,
082026,Cefalà Diana,082026,Cefalà Diana,unchanged,,POSAS 2019/2025 direct comparison,sum,
082027,Cefalù,082027,Cefalù,unchanged,,POSAS 2019/2025 direct comparison,sum,
082028,Cerda,082028,Cerda,unchanged,,POSAS 2019/2025 direct comparison,sum,
082029,Chiusa Sclafani,082029,Chiusa Sclafani,unchanged,,POSAS 2019/2025 direct comparison,sum,
082030,Ciminna,082030,Ciminna,unchanged,,POSAS 2019/2025 direct comparison,sum,
082031,Cinisi,082031,Cinisi,unchanged,,POSAS 2019/2025 direct comparison,sum,
082032,Collesano,082032,Collesano,unchanged,,POSAS 2019/2025 direct comparison,sum,
082033,Contessa Entellina,082033,Contessa Entellina,unchanged,,POSAS 2019/2025 direct comparison,sum,
082034,Corleone,082034,Corleone,unchanged,,POSAS 2019/2025 direct comparison,sum,
082035,Ficarazzi,082035,Ficarazzi,unchanged,,POSAS 2019/2025 direct comparison,sum,
082036,Gangi,082036,Gangi,unchanged,,POSAS 2019/2025 direct comparison,sum,
082037,Geraci Siculo,082037,Geraci Siculo,unchanged,,POSAS 2019/2025 direct comparison,sum,
082038,Giardinello,082038,Giardinello,unchanged,,POSAS 2019/2025 direct comparison,sum,
082039,Giuliana,082039,Giuliana,unchanged,,POSAS 2019/2025 direct comparison,sum,
082040,Godrano,082040,Godrano,unchanged,,POSAS 2019/2025 direct comparison,sum,
082041,Gratteri,082041,Gratteri,unchanged,,POSAS 2019/2025 direct comparison,sum,
082042,Isnello,082042,Isnello,unchanged,,POSAS 2019/2025 direct comparison,sum,
082043,Isola delle Femmine,082043,Isola delle Femmine,unchanged,,POSAS 2019/2025 direct comparison,sum,
082044,Lascari,082044,Lascari,unchanged,,POSAS 2019/2025 direct comparison,sum,
082045,Lercara Friddi,082045,Lercara Friddi,unchanged,,POSAS 2019/2025 direct comparison,sum,
082046,Marineo,082046,Marineo,unchanged,,POSAS 2019/2025 direct comparison,sum,
082047,Mezzojuso,082047,Mezzojuso,unchanged,,POSAS 2019/2025 direct comparison,sum,
082048,Misilmeri,082048,Misilmeri,unchanged,,POSAS 2019/2025 direct comparison,sum,
082049,Monreale,082049,Monreale,unchanged,,POSAS 2019/2025 direct comparison,sum,
082050,Montelepre,082050,Montelepre,unchanged,,POSAS 2019/2025 direct comparison,sum,
082051,Montemaggiore Belsito,082051,Montemaggiore Belsito,unchanged,,POSAS 2019/2025 direct comparison,sum,
082052,Palazzo Adriano,082052,Palazzo Adriano,unchanged,,POSAS 2019/2025 direct comparison,sum,
082053,Palermo,082053,Palermo,unchanged,,POSAS 2019/2025 direct comparison,sum,
082054,Partinico,082054,Partinico,unchanged,,POSAS 2019/2025 direct comparison,sum,
082055,Petralia Soprana,082055,Petralia Soprana,unchanged,,POSAS 2019/2025 direct comparison,sum,
082056,Petralia Sottana,082056,Petralia Sottana,unchanged,,POSAS 2019/2025 direct comparison,sum,
082057,Piana degli Albanesi,082057,Piana degli Albanesi,unchanged,,POSAS 2019/2025 direct comparison,sum,
082058,Polizzi Generosa,082058,Polizzi Generosa,unchanged,,POSAS 2019/2025 direct comparison,sum,
082059,Pollina,082059,Pollina,unchanged,,POSAS 2019/2025 direct comparison,sum,
082060,Prizzi,082060,Prizzi,unchanged,,POSAS 2019/2025 direct comparison,sum,
082061,Roccamena,082061,Roccamena,unchanged,,POSAS 2019/2025 direct comparison,sum,
082062,Roccapalumba,082062,Roccapalumba,unchanged,,POSAS 2019/2025 direct comparison,sum,
082063,San Cipirello,082063,San Cipirello,unchanged,,POSAS 2019/2025 direct comparison,sum,
082064,San Giuseppe Jato,082064,San Giuseppe Jato,unchanged,,POSAS 2019/2025 direct comparison,sum,
082065,San Mauro Castelverde,082065,San Mauro Castelverde,unchanged,,POSAS 2019/2025 direct comparison,sum,
082066,Santa Cristina Gela,082066,Santa Cristina Gela,unchanged,,POSAS 2019/2025 direct comparison,sum,
082067,Santa Flavia,082067,Santa Flavia,unchanged,,POSAS 2019/2025 direct comparison,sum,
082068,Sciara,082068,Sciara,unchanged,,POSAS 2019/2025 direct comparison,sum,
082069,Sclafani Bagni,082069,Sclafani Bagni,unchanged,,POSAS 2019/2025 direct comparison,sum,
082070,Termini Imerese,082070,Termini Imerese,unchanged,,POSAS 2019/2025 direct comparison,sum,
082071,Terrasini,082071,Terrasini,unchanged,,POSAS 2019/2025 direct comparison,sum,
082072,Torretta,082072,Torretta,unchanged,,POSAS 2019/2025 direct comparison,sum,
082073,Trabia,082073,Trabia,unchanged,,POSAS 2019/2025 direct comparison,sum,
082074,Trappeto,082074,Trappeto,unchanged,,POSAS 2019/2025 direct comparison,sum,
082075,Ustica,082075,Ustica,unchanged,,POSAS 2019/2025 direct comparison,sum,
082076,Valledolmo,082076,Valledolmo,unchanged,,POSAS 2019/2025 direct comparison,sum,
082077,Ventimiglia di Sicilia,082077,Ventimiglia di Sicilia,unchanged,,POSAS 2019/2025 direct comparison,sum,
082078,Vicari,082078,Vicari,unchanged,,POSAS 2019/2025 direct comparison,sum,
082079,Villabate,082079,Villabate,unchanged,,POSAS 2019/2025 direct comparison,sum,
082080,Villafrati,082080,Villafrati,unchanged,,POSAS 2019/2025 direct comparison,sum,
082081,Scillato,082081,Scillato,unchanged,,POSAS 2019/2025 direct comparison,sum,
082082,Blufi,082082,Blufi,unchanged,,POSAS 2019/2025 direct comparison,sum,
083001,Alcara li Fusi,083001,Alcara li Fusi,unchanged,,POSAS 2019/2025 direct comparison,sum,
083002,Alì,083002,Alì,unchanged,,POSAS 2019/2025 direct comparison,sum,
083003,Alì Terme,083003,Alì Terme,unchanged,,POSAS 2019/2025 direct comparison,sum,
083004,Antillo,083004,Antillo,unchanged,,POSAS 2019/2025 direct comparison,sum,
083005,Barcellona Pozzo di Gotto,083005,Barcellona Pozzo di Gotto,unchanged,,POSAS 2019/2025 direct comparison,sum,
083006,Basicò,083006,Basicò,unchanged,,POSAS 2019/2025 direct comparison,sum,
083007,Brolo,083007,Brolo,unchanged,,POSAS 2019/2025 direct comparison,sum,
083008,Capizzi,083008,Capizzi,unchanged,,POSAS 2019/2025 direct comparison,sum,
083009,Capo d'Orlando,083009,Capo d'Orlando,unchanged,,POSAS 2019/2025 direct comparison,sum,
083010,Capri Leone,083010,Capri Leone,unchanged,,POSAS 2019/2025 direct comparison,sum,
083011,Caronia,083011,Caronia,unchanged,,POSAS 2019/2025 direct comparison,sum,
083012,Casalvecchio Siculo,083012,Casalvecchio Siculo,unchanged,,POSAS 2019/2025 direct comparison,sum,
083013,Castel di Lucio,083013,Castel di Lucio,unchanged,,POSAS 2019/2025 direct comparison,sum,
083014,Castell'Umberto,083014,Castell'Umberto,unchanged,,POSAS 2019/2025 direct comparison,sum,
083015,Castelmola,083015,Castelmola,unchanged,,POSAS 2019/2025 direct comparison,sum,
083016,Castroreale,083016,Castroreale,unchanged,,POSAS 2019/2025 direct comparison,sum,
083017,Cesarò,083017,Cesarò,unchanged,,POSAS 2019/2025 direct comparison,sum,
083018,Condrò,083018,Condrò,unchanged,,POSAS 2019/2025 direct comparison,sum,
083019,Falcone,083019,Falcone,unchanged,,POSAS 2019/2025 direct comparison,sum,
083020,Ficarra,083020,Ficarra,unchanged,,POSAS 2019/2025 direct comparison,sum,
083021,Fiumedinisi,083021,Fiumedinisi,unchanged,,POSAS 2019/2025 direct comparison,sum,
083022,Floresta,083022,Floresta,unchanged,,POSAS 2019/2025 direct comparison,sum,
083023,Fondachelli-Fantina,083023,Fondachelli-Fantina,unchanged,,POSAS 2019/2025 direct comparison,sum,
083024,Forza d'Agrò,083024,Forza d'Agrò,unchanged,,POSAS 2019/2025 direct comparison,sum,
083025,Francavilla di Sicilia,083025,Francavilla di Sicilia,unchanged,,POSAS 2019/2025 direct comparison,sum,
083026,Frazzanò,083026,Frazzanò,unchanged,,POSAS 2019/2025 direct comparison,sum,
083027,Furci Siculo,083027,Furci Siculo,unchanged,,POSAS 2019/2025 direct comparison,sum,
083028,Furnari,083028,Furnari,unchanged,,POSAS 2019/2025 direct comparison,sum,
083029,Gaggi,083029,Gaggi,unchanged,,POSAS 2019/2025 direct comparison,sum,
083030,Galati Mamertino,083030,Galati Mamertino,unchanged,,POSAS 2019/2025 direct comparison,sum,
083031,Gallodoro,083031,Gallodoro,unchanged,,POSAS 2019/2025 direct comparison,sum,
083032,Giardini-Naxos,083032,Giardini-Naxos,unchanged,,POSAS 2019/2025 direct comparison,sum,
083033,Gioiosa Marea,083033,Gioiosa Marea,unchanged,,POSAS 2019/2025 direct comparison,sum,
083034,Graniti,083034,Graniti,unchanged,,POSAS 2019/2025 direct comparison,sum,
083035,Gualtieri Sicaminò,083035,Gualtieri Sicaminò,unchanged,,POSAS 2019/2025 direct comparison,sum,
083036,Itala,083036,Itala,unchanged,,POSAS 2019/2025 direct comparison,sum,
083037,Leni,083037,Leni,unchanged,,POSAS 2019/2025 direct comparison,sum,
083038,Letojanni,083038,Letojanni,unchanged,,POSAS 2019/2025 direct comparison,sum,
083039,Librizzi,083039,Librizzi,unchanged,,POSAS 2019/2025 direct comparison,sum,
083040,Limina,083040,Limina,unchanged,,POSAS 2019/2025 direct comparison,sum,
083041,Lipari,083041,Lipari,unchanged,,POSAS 2019/2025 direct comparison,sum,
083042,Longi,083042,Longi,unchanged,,POSAS 2019/2025 direct comparison,sum,
083043,Malfa,083043,Malfa,unchanged,,POSAS 2019/2025 direct comparison,sum,
083044,Malvagna,083044,Malvagna,unchanged,,POSAS 2019/2025 direct comparison,sum,
083045,Mandanici,083045,Mandanici,unchanged,,POSAS 2019/2025 direct comparison,sum,
083046,Mazzarrà Sant'Andrea,083046,Mazzarrà Sant'Andrea,unchanged,,POSAS 2019/2025 direct comparison,sum,
083047,Merì,083047,Merì,unchanged,,POSAS 2019/2025 direct comparison,sum,
083048,Messina,083048,Messina,unchanged,,POSAS 2019/2025 direct comparison,sum,
083049,Milazzo,083049,Milazzo,unchanged,,POSAS 2019/2025 direct comparison,sum,
083050,Militello Rosmarino,083050,Militello Rosmarino,unchanged,,POSAS 2019/2025 direct comparison,sum,
083051,Mirto,083051,Mirto,unchanged,,POSAS 2019/2025 direct comparison,sum,
083052,Mistretta,083052,Mistretta,unchanged,,POSAS 2019/2025 direct comparison,sum,
083053,Moio Alcantara,083053,Moio Alcantara,unchanged,,POSAS 2019/2025 direct comparison,sum,
083054,Monforte San Giorgio,083054,Monforte San Giorgio,unchanged,,POSAS 2019/2025 direct comparison,sum,
083055,Mongiuffi Melia,083055,Mongiuffi Melia,unchanged,,POSAS 2019/2025 direct comparison,sum,
083056,Montagnareale,083056,Montagnareale,unchanged,,POSAS 2019/2025 direct comparison,sum,
083057,Montalbano Elicona,083057,Montalbano Elicona,unchanged,,POSAS 2019/2025 direct comparison,sum,
083058,Motta Camastra,083058,Motta Camastra,unchanged,,POSAS 2019/2025 direct comparison,sum,
083059,Motta d'Affermo,083059,Motta d'Affermo,unchanged,,POSAS 2019/2025 direct comparison,sum,
083060,Naso,083060,Naso,unchanged,,POSAS 2019/2025 direct comparison,sum,
083061,Nizza di Sicilia,083061,Nizza di Sicilia,unchanged,,POSAS 2019/2025 direct comparison,sum,
083062,Novara di Sicilia,083062,Novara di Sicilia,unchanged,,POSAS 2019/2025 direct comparison,sum,
083063,Oliveri,083063,Oliveri,unchanged,,POSAS 2019/2025 direct comparison,sum,
083064,Pace del Mela,083064,Pace del Mela,unchanged,,POSAS 2019/2025 direct comparison,sum,
083065,Pagliara,083065,Pagliara,unchanged,,POSAS 2019/2025 direct comparison,sum,
083066,Patti,083066,Patti,unchanged,,POSAS 2019/2025 direct comparison,sum,
083067,Pettineo,083067,Pettineo,unchanged,,POSAS 2019/2025 direct comparison,sum,
083068,Piraino,083068,Piraino,unchanged,,POSAS 2019/2025 direct comparison,sum,
083069,Raccuja,083069,Raccuja,unchanged,,POSAS 2019/2025 direct comparison,sum,
083070,Reitano,083070,Reitano,unchanged,,POSAS 2019/2025 direct comparison,sum,
083071,Roccafiorita,083071,Roccafiorita,unchanged,,POSAS 2019/2025 direct comparison,sum,
083072,Roccalumera,083072,Roccalumera,unchanged,,POSAS 2019/2025 direct comparison,sum,
083073,Roccavaldina,083073,Roccavaldina,unchanged,,POSAS 2019/2025 direct comparison,sum,
083074,Roccella Valdemone,083074,Roccella Valdemone,unchanged,,POSAS 2019/2025 direct comparison,sum,
083075,Rodì Milici,083075,Rodì Milici,unchanged,,POSAS 2019/2025 direct comparison,sum,
083076,Rometta,083076,Rometta,unchanged,,POSAS 2019/2025 direct comparison,sum,
083077,San Filippo del Mela,083077,San Filippo del Mela,unchanged,,POSAS 2019/2025 direct comparison,sum,
083078,San Fratello,083078,San Fratello,unchanged,,POSAS 2019/2025 direct comparison,sum,
083079,San Marco d'Alunzio,083079,San Marco d'Alunzio,unchanged,,POSAS 2019/2025 direct comparison,sum,
083080,San Pier Niceto,083080,San Pier Niceto,unchanged,,POSAS 2019/2025 direct comparison,sum,
083081,San Piero Patti,083081,San Piero Patti,unchanged,,POSAS 2019/2025 direct comparison,sum,
083082,San Salvatore di Fitalia,083082,San Salvatore di Fitalia,unchanged,,POSAS 2019/2025 direct comparison,sum,
083083,Santa Domenica Vittoria,083083,Santa Domenica Vittoria,unchanged,,POSAS 2019/2025 direct comparison,sum,
083084,Sant'Agata di Militello,083084,Sant'Agata di Militello,unchanged,,POSAS 2019/2025 direct comparison,sum,
083085,Sant'Alessio Siculo,083085,Sant'Alessio Siculo,unchanged,,POSAS 2019/2025 direct comparison,sum,
083086,Santa Lucia del Mela,083086,Santa Lucia del Mela,unchanged,,POSAS 2019/2025 direct comparison,sum,
083087,Santa Marina Salina,083087,Santa Marina Salina,unchanged,,POSAS 2019/2025 direct comparison,sum,
083088,Sant'Angelo di Brolo,083088,Sant'Angelo di Brolo,unchanged,,POSAS 2019/2025 direct comparison,sum,
083089,Santa Teresa di Riva,083089,Santa Teresa di Riva,unchanged,,POSAS 2019/2025 direct comparison,sum,
083090,San Teodoro,083090,San Teodoro,unchanged,,POSAS 2019/2025 direct comparison,sum,
083091,Santo Stefano di Camastra,083091,Santo Stefano di Camastra,unchanged,,POSAS 2019/2025 direct comparison,sum,
083092,Saponara,083092,Saponara,unchanged,,POSAS 2019/2025 direct comparison,sum,
083093,Savoca,083093,Savoca,unchanged,,POSAS 2019/2025 direct comparison,sum,
083094,Scaletta Zanclea,083094,Scaletta Zanclea,unchanged,,POSAS 2019/2025 direct comparison,sum,
083095,Sinagra,083095,Sinagra,unchanged,,POSAS 2019/2025 direct comparison,sum,
083096,Spadafora,083096,Spadafora,unchanged,,POSAS 2019/2025 direct comparison,sum,
083097,Taormina,083097,Taormina,unchanged,,POSAS 2019/2025 direct comparison,sum,
083098,Torregrotta,083098,Torregrotta,unchanged,,POSAS 2019/2025 direct comparison,sum,
083099,Tortorici,083099,Tortorici,unchanged,,POSAS 2019/2025 direct comparison,sum,
083100,Tripi,083100,Tripi,unchanged,,POSAS 2019/2025 direct comparison,sum,
083101,Tusa,083101,Tusa,unchanged,,POSAS 2019/2025 direct comparison,sum,
083102,Ucria,083102,Ucria,unchanged,,POSAS 2019/2025 direct comparison,sum,
083103,Valdina,083103,Valdina,unchanged,,POSAS 2019/2025 direct comparison,sum,
083104,Venetico,083104,Venetico,unchanged,,POSAS 2019/2025 direct comparison,sum,
083105,Villafranca Tirrena,083105,Villafranca Tirrena,unchanged,,POSAS 2019/2025 direct comparison,sum,
083106,Terme Vigliatore,083106,Terme Vigliatore,unchanged,,POSAS 2019/2025 direct comparison,sum,
083107,Acquedolci,083107,Acquedolci,unchanged,,POSAS 2019/2025 direct comparison,sum,
083108,Torrenova,083108,Torrenova,unchanged,,POSAS 2019/2025 direct comparison,sum,
084001,Agrigento,084001,Agrigento,unchanged,,POSAS 2019/2025 direct comparison,sum,
084002,Alessandria della Rocca,084002,Alessandria della Rocca,unchanged,,POSAS 2019/2025 direct comparison,sum,
084003,Aragona,084003,Aragona,unchanged,,POSAS 2019/2025 direct comparison,sum,
084004,Bivona,084004,Bivona,unchanged,,POSAS 2019/2025 direct comparison,sum,
084005,Burgio,084005,Burgio,unchanged,,POSAS 2019/2025 direct comparison,sum,
084006,Calamonaci,084006,Calamonaci,unchanged,,POSAS 2019/2025 direct comparison,sum,
084007,Caltabellotta,084007,Caltabellotta,unchanged,,POSAS 2019/2025 direct comparison,sum,
084008,Camastra,084008,Camastra,unchanged,,POSAS 2019/2025 direct comparison,sum,
084009,Cammarata,084009,Cammarata,unchanged,,POSAS 2019/2025 direct comparison,sum,
084010,Campobello di Licata,084010,Campobello di Licata,unchanged,,POSAS 2019/2025 direct comparison,sum,
084011,Canicattì,084011,Canicattì,unchanged,,POSAS 2019/2025 direct comparison,sum,
084012,Casteltermini,084012,Casteltermini,unchanged,,POSAS 2019/2025 direct comparison,sum,
084013,Castrofilippo,084013,Castrofilippo,unchanged,,POSAS 2019/2025 direct comparison,sum,
084014,Cattolica Eraclea,084014,Cattolica Eraclea,unchanged,,POSAS 2019/2025 direct comparison,sum,
084015,Cianciana,084015,Cianciana,unchanged,,POSAS 2019/2025 direct comparison,sum,
084016,Comitini,084016,Comitini,unchanged,,POSAS 2019/2025 direct comparison,sum,
084017,Favara,084017,Favara,unchanged,,POSAS 2019/2025 direct comparison,sum,
084018,Grotte,084018,Grotte,unchanged,,POSAS 2019/2025 direct comparison,sum,
084019,Joppolo Giancaxio,084019,Joppolo Giancaxio,unchanged,,POSAS 2019/2025 direct comparison,sum,
084020,Lampedusa e Linosa,084020,Lampedusa e Linosa,unchanged,,POSAS 2019/2025 direct comparison,sum,
084021,Licata,084021,Licata,unchanged,,POSAS 2019/2025 direct comparison,sum,
084022,Lucca Sicula,084022,Lucca Sicula,unchanged,,POSAS 2019/2025 direct comparison,sum,
084023,Menfi,084023,Menfi,unchanged,,POSAS 2019/2025 direct comparison,sum,
084024,Montallegro,084024,Montallegro,unchanged,,POSAS 2019/2025 direct comparison,sum,
084025,Montevago,084025,Montevago,unchanged,,POSAS 2019/2025 direct comparison,sum,
084026,Naro,084026,Naro,unchanged,,POSAS 2019/2025 direct comparison,sum,
084027,Palma di Montechiaro,084027,Palma di Montechiaro,unchanged,,POSAS 2019/2025 direct comparison,sum,
084028,Porto Empedocle,084028,Porto Empedocle,unchanged,,POSAS 2019/2025 direct comparison,sum,
084029,Racalmuto,084029,Racalmuto,unchanged,,POSAS 2019/2025 direct comparison,sum,
084030,Raffadali,084030,Raffadali,unchanged,,POSAS 2019/2025 direct comparison,sum,
084031,Ravanusa,084031,Ravanusa,unchanged,,POSAS 2019/2025 direct comparison,sum,
084032,Realmonte,084032,Realmonte,unchanged,,POSAS 2019/2025 direct comparison,sum,
084033,Ribera,084033,Ribera,unchanged,,POSAS 2019/2025 direct comparison,sum,
084034,Sambuca di Sicilia,084034,Sambuca di Sicilia,unchanged,,POSAS 2019/2025 direct comparison,sum,
084035,San Biagio Platani,084035,San Biagio Platani,unchanged,,POSAS 2019/2025 direct comparison,sum,
084036,San Giovanni Gemini,084036,San Giovanni Gemini,unchanged,,POSAS 2019/2025 direct comparison,sum,
084037,Santa Elisabetta,084037,Santa Elisabetta,unchanged,,POSAS 2019/2025 direct comparison,sum,
084038,Santa Margherita di Belice,084038,Santa Margherita di Belice,unchanged,,POSAS 2019/2025 direct comparison,sum,
084039,Sant'Angelo Muxaro,084039,Sant'Angelo Muxaro,unchanged,,POSAS 2019/2025 direct comparison,sum,
084040,Santo Stefano Quisquina,084040,Santo Stefano Quisquina,unchanged,,POSAS 2019/2025 direct comparison,sum,
084041,Sciacca,084041,Sciacca,unchanged,,POSAS 2019/2025 direct comparison,sum,
084042,Siculiana,084042,Siculiana,unchanged,,POSAS 2019/2025 direct comparison,sum,
084043,Villafranca Sicula,084043,Villafranca Sicula,unchanged,,POSAS 2019/2025 direct comparison,sum,
085001,Acquaviva Platani,085001,Acquaviva Platani,unchanged,,POSAS 2019/2025 direct comparison,sum,
085002,Bompensiere,085002,Bompensiere,unchanged,,POSAS 2019/2025 direct comparison,sum,
085003,Butera,085003,Butera,unchanged,,POSAS 2019/2025 direct comparison,sum,
085004,Caltanissetta,085004,Caltanissetta,unchanged,,POSAS 2019/2025 direct comparison,sum,
085005,Campofranco,085005,Campofranco,unchanged,,POSAS 2019/2025 direct comparison,sum,
085006,Delia,085006,Delia,unchanged,,POSAS 2019/2025 direct comparison,sum,
085007,Gela,085007,Gela,unchanged,,POSAS 2019/2025 direct comparison,sum,
085008,Marianopoli,085008,Marianopoli,unchanged,,POSAS 2019/2025 direct comparison,sum,
085009,Mazzarino,085009,Mazzarino,unchanged,,POSAS 2019/2025 direct comparison,sum,
085010,Milena,085010,Milena,unchanged,,POSAS 2019/2025 direct comparison,sum,
085011,Montedoro,085011,Montedoro,unchanged,,POSAS 2019/2025 direct comparison,sum,
085012,Mussomeli,085012,Mussomeli,unchanged,,POSAS 2019/2025 direct comparison,sum,
085013,Niscemi,085013,Niscemi,unchanged,,POSAS 2019/2025 direct comparison,sum,
085014,Resuttano,085014,Resuttano,unchanged,,POSAS 2019/2025 direct comparison,sum,
085015,Riesi,085015,Riesi,unchanged,,POSAS 2019/2025 direct comparison,sum,
085016,San Cataldo,085016,San Cataldo,unchanged,,POSAS 2019/2025 direct comparison,sum,
085017,Santa Caterina Villarmosa,085017,Santa Caterina Villarmosa,unchanged,,POSAS 2019/2025 direct comparison,sum,
085018,Serradifalco,085018,Serradifalco,unchanged,,POSAS 2019/2025 direct comparison,sum,
085019,Sommatino,085019,Sommatino,unchanged,,POSAS 2019/2025 direct comparison,sum,
085020,Sutera,085020,Sutera,unchanged,,POSAS 2019/2025 direct comparison,sum,
085021,Vallelunga Pratameno,085021,Vallelunga Pratameno,unchanged,,POSAS 2019/2025 direct comparison,sum,
085022,Villalba,085022,Villalba,unchanged,,POSAS 2019/2025 direct comparison,sum,
086001,Agira,086001,Agira,unchanged,,POSAS 2019/2025 direct comparison,sum,
086002,Aidone,086002,Aidone,unchanged,,POSAS 2019/2025 direct comparison,sum,
086003,Assoro,086003,Assoro,unchanged,,POSAS 2019/2025 direct comparison,sum,
086004,Barrafranca,086004,Barrafranca,unchanged,,POSAS 2019/2025 direct comparison,sum,
086005,Calascibetta,086005,Calascibetta,unchanged,,POSAS 2019/2025 direct comparison,sum,
086006,Catenanuova,086006,Catenanuova,unchanged,,POSAS 2019/2025 direct comparison,sum,
086007,Centuripe,086007,Centuripe,unchanged,,POSAS 2019/2025 direct comparison,sum,
086008,Cerami,086008,Cerami,unchanged,,POSAS 2019/2025 direct comparison,sum,
086009,Enna,086009,Enna,unchanged,,POSAS 2019/2025 direct comparison,sum,
086010,Gagliano Castelferrato,086010,Gagliano Castelferrato,unchanged,,POSAS 2019/2025 direct comparison,sum,
086011,Leonforte,086011,Leonforte,unchanged,,POSAS 2019/2025 direct comparison,sum,
086012,Nicosia,086012,Nicosia,unchanged,,POSAS 2019/2025 direct comparison,sum,
086013,Nissoria,086013,Nissoria,unchanged,,POSAS 2019/2025 direct comparison,sum,
086014,Piazza Armerina,086014,Piazza Armerina,unchanged,,POSAS 2019/2025 direct comparison,sum,
086015,Pietraperzia,086015,Pietraperzia,unchanged,,POSAS 2019/2025 direct comparison,sum,
086016,Regalbuto,086016,Regalbuto,unchanged,,POSAS 2019/2025 direct comparison,sum,
086017,Sperlinga,086017,Sperlinga,unchanged,,POSAS 2019/2025 direct comparison,sum,
086018,Troina,086018,Troina,unchanged,,POSAS 2019/2025 direct comparison,sum,
086019,Valguarnera Caropepe,086019,Valguarnera Caropepe,unchanged,,POSAS 2019/2025 direct comparison,sum,
086020,Villarosa,086020,Villarosa,unchanged,,POSAS 2019/2025 direct comparison,sum,
087001,Aci Bonaccorsi,087001,Aci Bonaccorsi,unchanged,,POSAS 2019/2025 direct comparison,sum,
087002,Aci Castello,087002,Aci Castello,unchanged,,POSAS 2019/2025 direct comparison,sum,
087003,Aci Catena,087003,Aci Catena,unchanged,,POSAS 2019/2025 direct comparison,sum,
087004,Acireale,087004,Acireale,unchanged,,POSAS 2019/2025 direct comparison,sum,
087005,Aci Sant'Antonio,087005,Aci Sant'Antonio,unchanged,,POSAS 2019/2025 direct comparison,sum,
087006,Adrano,087006,Adrano,unchanged,,POSAS 2019/2025 direct comparison,sum,
087007,Belpasso,087007,Belpasso,unchanged,,POSAS 2019/2025 direct comparison,sum,
087008,Biancavilla,087008,Biancavilla,unchanged,,POSAS 2019/2025 direct comparison,sum,
087009,Bronte,087009,Bronte,unchanged,,POSAS 2019/2025 direct comparison,sum,
087010,Calatabiano,087010,Calatabiano,unchanged,,POSAS 2019/2025 direct comparison,sum,
087011,Caltagirone,087011,Caltagirone,unchanged,,POSAS 2019/2025 direct comparison,sum,
087012,Camporotondo Etneo,087012,Camporotondo Etneo,unchanged,,POSAS 2019/2025 direct comparison,sum,
087013,Castel di Iudica,087013,Castel di Iudica,unchanged,,POSAS 2019/2025 direct comparison,sum,
087014,Castiglione di Sicilia,087014,Castiglione di Sicilia,unchanged,,POSAS 2019/2025 direct comparison,sum,
087015,Catania,087015,Catania,unchanged,,POSAS 2019/2025 direct comparison,sum,
087016,Fiumefreddo di Sicilia,087016,Fiumefreddo di Sicilia,unchanged,,POSAS 2019/2025 direct comparison,sum,
087017,Giarre,087017,Giarre,unchanged,,POSAS 2019/2025 direct comparison,sum,
087018,Grammichele,087018,Grammichele,unchanged,,POSAS 2019/2025 direct comparison,sum,
087019,Gravina di Catania,087019,Gravina di Catania,unchanged,,POSAS 2019/2025 direct comparison,sum,
087020,Licodia Eubea,087020,Licodia Eubea,unchanged,,POSAS 2019/2025 direct comparison,sum,
087021,Linguaglossa,087021,Linguaglossa,unchanged,,POSAS 2019/2025 direct comparison,sum,
087022,Maletto,087022,Maletto,unchanged,,POSAS 2019/2025 direct comparison,sum,
087023,Mascali,087023,Mascali,unchanged,,POSAS 2019/2025 direct comparison,sum,
087024,Mascalucia,087024,Mascalucia,unchanged,,POSAS 2019/2025 direct comparison,sum,
087025,Militello in Val di Catania,087025,Militello in Val di Catania,unchanged,,POSAS 2019/2025 direct comparison,sum,
087026,Milo,087026,Milo,unchanged,,POSAS 2019/2025 direct comparison,sum,
087027,Mineo,087027,Mineo,unchanged,,POSAS 2019/2025 direct comparison,sum,
087028,Mirabella Imbaccari,087028,Mirabella Imbaccari,unchanged,,POSAS 2019/2025 direct comparison,sum,
087029,Misterbianco,087029,Misterbianco,unchanged,,POSAS 2019/2025 direct comparison,sum,
087030,Motta Sant'Anastasia,087030,Motta Sant'Anastasia,unchanged,,POSAS 2019/2025 direct comparison,sum,
087031,Nicolosi,087031,Nicolosi,unchanged,,POSAS 2019/2025 direct comparison,sum,
087032,Palagonia,087032,Palagonia,unchanged,,POSAS 2019/2025 direct comparison,sum,
087033,Paternò,087033,Paternò,unchanged,,POSAS 2019/2025 direct comparison,sum,
087034,Pedara,087034,Pedara,unchanged,,POSAS 2019/2025 direct comparison,sum,
087035,Piedimonte Etneo,087035,Piedimonte Etneo,unchanged,,POSAS 2019/2025 direct comparison,sum,
087036,Raddusa,087036,Raddusa,unchanged,,POSAS 2019/2025 direct comparison,sum,
087037,Ramacca,087037,Ramacca,unchanged,,POSAS 2019/2025 direct comparison,sum,
087038,Randazzo,087038,Randazzo,unchanged,,POSAS 2019/2025 direct comparison,sum,
087039,Riposto,087039,Riposto,unchanged,,POSAS 2019/2025 direct comparison,sum,
087040,San Cono,087040,San Cono,unchanged,,POSAS 2019/2025 direct comparison,sum,
087041,San Giovanni la Punta,087041,San Giovanni la Punta,unchanged,,POSAS 2019/2025 direct comparison,sum,
087042,San Gregorio di Catania,087042,San Gregorio di Catania,unchanged,,POSAS 2019/2025 direct comparison,sum,
087043,San Michele di Ganzaria,087043,San Michele di Ganzaria,unchanged,,POSAS 2019/2025 direct comparison,sum,
087044,San Pietro Clarenza,087044,San Pietro Clarenza,unchanged,,POSAS 2019/2025 direct comparison,sum,
087045,Sant'Agata li Battiati,087045,Sant'Agata li Battiati,unchanged,,POSAS 2019/2025 direct comparison,sum,
087046,Sant'Alfio,087046,Sant'Alfio,unchanged,,POSAS 2019/2025 direct comparison,sum,
087047,Santa Maria di Licodia,087047,Santa Maria di Licodia,unchanged,,POSAS 2019/2025 direct comparison,sum,
087048,Santa Venerina,087048,Santa Venerina,unchanged,,POSAS 2019/2025 direct comparison,sum,
087049,Scordia,087049,Scordia,unchanged,,POSAS 2019/2025 direct comparison,sum,
087050,Trecastagni,087050,Trecastagni,unchanged,,POSAS 2019/2025 direct comparison,sum,
087051,Tremestieri Etneo,087051,Tremestieri Etneo,unchanged,,POSAS 2019/2025 direct comparison,sum,
087052,Valverde,087052,Valverde,unchanged,,POSAS 2019/2025 direct comparison,sum,
087053,Viagrande,087053,Viagrande,unchanged,,POSAS 2019/2025 direct comparison,sum,
087054,Vizzini,087054,Vizzini,unchanged,,POSAS 2019/2025 direct comparison,sum,
087055,Zafferana Etnea,087055,Zafferana Etnea,unchanged,,POSAS 2019/2025 direct comparison,sum,
087056,Mazzarrone,087056,Mazzarrone,unchanged,,POSAS 2019/2025 direct comparison,sum,
087057,Maniace,087057,Maniace,unchanged,,POSAS 2019/2025 direct comparison,sum,
087058,Ragalna,087058,Ragalna,unchanged,,POSAS 2019/2025 direct comparison,sum,
088001,Acate,088001,Acate,unchanged,,POSAS 2019/2025 direct comparison,sum,
088002,Chiaramonte Gulfi,088002,Chiaramonte Gulfi,unchanged,,POSAS 2019/2025 direct comparison,sum,
088003,Comiso,088003,Comiso,unchanged,,POSAS 2019/2025 direct comparison,sum,
088004,Giarratana,088004,Giarratana,unchanged,,POSAS 2019/2025 direct comparison,sum,
088005,Ispica,088005,Ispica,unchanged,,POSAS 2019/2025 direct comparison,sum,
088006,Modica,088006,Modica,unchanged,,POSAS 2019/2025 direct comparison,sum,
088007,Monterosso Almo,088007,Monterosso Almo,unchanged,,POSAS 2019/2025 direct comparison,sum,
088008,Pozzallo,088008,Pozzallo,unchanged,,POSAS 2019/2025 direct comparison,sum,
088009,Ragusa,088009,Ragusa,unchanged,,POSAS 2019/2025 direct comparison,sum,
088010,Santa Croce Camerina,088010,Santa Croce Camerina,unchanged,,POSAS 2019/2025 direct comparison,sum,
088011,Scicli,088011,Scicli,unchanged,,POSAS 2019/2025 direct comparison,sum,
088012,Vittoria,088012,Vittoria,unchanged,,POSAS 2019/2025 direct comparison,sum,
089001,Augusta,089001,Augusta,unchanged,,POSAS 2019/2025 direct comparison,sum,
089002,Avola,089002,Avola,unchanged,,POSAS 2019/2025 direct comparison,sum,
089003,Buccheri,089003,Buccheri,unchanged,,POSAS 2019/2025 direct comparison,sum,
089004,Buscemi,089004,Buscemi,unchanged,,POSAS 2019/2025 direct comparison,sum,
089005,Canicattini Bagni,089005,Canicattini Bagni,unchanged,,POSAS 2019/2025 direct comparison,sum,
089006,Carlentini,089006,Carlentini,unchanged,,POSAS 2019/2025 direct comparison,sum,
089007,Cassaro,089007,Cassaro,unchanged,,POSAS 2019/2025 direct comparison,sum,
089008,Ferla,089008,Ferla,unchanged,,POSAS 2019/2025 direct comparison,sum,
089009,Floridia,089009,Floridia,unchanged,,POSAS 2019/2025 direct comparison,sum,
089010,Francofonte,089010,Francofonte,unchanged,,POSAS 2019/2025 direct comparison,sum,
089011,Lentini,089011,Lentini,unchanged,,POSAS 2019/2025 direct comparison,sum,
089012,Melilli,089012,Melilli,unchanged,,POSAS 2019/2025 direct comparison,sum,
089013,Noto,089013,Noto,unchanged,,POSAS 2019/2025 direct comparison,sum,
089014,Pachino,089014,Pachino,unchanged,,POSAS 2019/2025 direct comparison,sum,
089015,Palazzolo Acreide,089015,Palazzolo Acreide,unchanged,,POSAS 2019/2025 direct comparison,sum,
089016,Rosolini,089016,Rosolini,unchanged,,POSAS 2019/2025 direct comparison,sum,
089017,Siracusa,089017,Siracusa,unchanged,,POSAS 2019/2025 direct comparison,sum,
089018,Solarino,089018,Solarino,unchanged,,POSAS 2019/2025 direct comparison,sum,
089019,Sortino,089019,Sortino,unchanged,,POSAS 2019/2025 direct comparison,sum,
089020,Portopalo di Capo Passero,089020,Portopalo di Capo Passero,unchanged,,POSAS 2019/2025 direct comparison,sum,
089021,Priolo Gargallo,089021,Priolo Gargallo,unchanged,,POSAS 2019/2025 direct comparison,sum,
090001,Aggius,090001,Aggius,unchanged,,POSAS 2019/2025 direct comparison,sum,
090002,Alà dei Sardi,090002,Alà dei Sardi,unchanged,,POSAS 2019/2025 direct comparison,sum,
090003,Alghero,090003,Alghero,unchanged,,POSAS 2019/2025 direct comparison,sum,
090004,Anela,090004,Anela,unchanged,,POSAS 2019/2025 direct comparison,sum,
090005,Ardara,090005,Ardara,unchanged,,POSAS 2019/2025 direct comparison,sum,
090006,Arzachena,090006,Arzachena,unchanged,,POSAS 2019/2025 direct comparison,sum,
090007,Banari,090007,Banari,unchanged,,POSAS 2019/2025 direct comparison,sum,
090008,Benetutti,090008,Benetutti,unchanged,,POSAS 2019/2025 direct comparison,sum,
090009,Berchidda,090009,Berchidda,unchanged,,POSAS 2019/2025 direct comparison,sum,
090010,Bessude,090010,Bessude,unchanged,,POSAS 2019/2025 direct comparison,sum,
090011,Bonnanaro,090011,Bonnanaro,unchanged,,POSAS 2019/2025 direct comparison,sum,
090012,Bono,090012,Bono,unchanged,,POSAS 2019/2025 direct comparison,sum,
090013,Bonorva,090013,Bonorva,unchanged,,POSAS 2019/2025 direct comparison,sum,
090014,Bortigiadas,090014,Bortigiadas,unchanged,,POSAS 2019/2025 direct comparison,sum,
090015,Borutta,090015,Borutta,unchanged,,POSAS 2019/2025 direct comparison,sum,
090016,Bottidda,090016,Bottidda,unchanged,,POSAS 2019/2025 direct comparison,sum,
090017,Buddusò,090017,Buddusò,unchanged,,POSAS 2019/2025 direct comparison,sum,
090018,Bultei,090018,Bultei,unchanged,,POSAS 2019/2025 direct comparison,sum,
090019,Bulzi,090019,Bulzi,unchanged,,POSAS 2019/2025 direct comparison,sum,
090020,Burgos,090020,Burgos,unchanged,,POSAS 2019/2025 direct comparison,sum,
090021,Calangianus,090021,Calangianus,unchanged,,POSAS 2019/2025 direct comparison,sum,
090022,Cargeghe,090022,Cargeghe,unchanged,,POSAS 2019/2025 direct comparison,sum,
090023,Castelsardo,090023,Castelsardo,unchanged,,POSAS 2019/2025 direct comparison,sum,
090024,Cheremule,090024,Cheremule,unchanged,,POSAS 2019/2025 direct comparison,sum,
090025,Chiaramonti,090025,Chiaramonti,unchanged,,POSAS 2019/2025 direct comparison,sum,
090026,Codrongianos,090026,Codrongianos,unchanged,,POSAS 2019/2025 direct comparison,sum,
090027,Cossoine,090027,Cossoine,unchanged,,POSAS 2019/2025 direct comparison,sum,
090028,Esporlatu,090028,Esporlatu,unchanged,,POSAS 2019/2025 direct comparison,sum,
090029,Florinas,090029,Florinas,unchanged,,POSAS 2019/2025 direct comparison,sum,
090030,Giave,090030,Giave,unchanged,,POSAS 2019/2025 direct comparison,sum,
090031,Illorai,090031,Illorai,unchanged,,POSAS 2019/2025 direct comparison,sum,
090032,Ittireddu,090032,Ittireddu,unchanged,,POSAS 2019/2025 direct comparison,sum,
090033,Ittiri,090033,Ittiri,unchanged,,POSAS 2019/2025 direct comparison,sum,
090034,Laerru,090034,Laerru,unchanged,,POSAS 2019/2025 direct comparison,sum,
090035,La Maddalena,090035,La Maddalena,unchanged,,POSAS 2019/2025 direct comparison,sum,
090036,Luogosanto,090036,Luogosanto,unchanged,,POSAS 2019/2025 direct comparison,sum,
090037,Luras,090037,Luras,unchanged,,POSAS 2019/2025 direct comparison,sum,
090038,Mara,090038,Mara,unchanged,,POSAS 2019/2025 direct comparison,sum,
090039,Martis,090039,Martis,unchanged,,POSAS 2019/2025 direct comparison,sum,
090040,Monteleone Rocca Doria,090040,Monteleone Rocca Doria,unchanged,,POSAS 2019/2025 direct comparison,sum,
090041,Monti,090041,Monti,unchanged,,POSAS 2019/2025 direct comparison,sum,
090042,Mores,090042,Mores,unchanged,,POSAS 2019/2025 direct comparison,sum,
090043,Muros,090043,Muros,unchanged,,POSAS 2019/2025 direct comparison,sum,
090044,Nughedu San Nicolò,090044,Nughedu San Nicolò,unchanged,,POSAS 2019/2025 direct comparison,sum,
090045,Nule,090045,Nule,unchanged,,POSAS 2019/2025 direct comparison,sum,
090046,Nulvi,090046,Nulvi,unchanged,,POSAS 2019/2025 direct comparison,sum,
090047,Olbia,090047,Olbia,unchanged,,POSAS 2019/2025 direct comparison,sum,
090048,Olmedo,090048,Olmedo,unchanged,,POSAS 2019/2025 direct comparison,sum,
090049,Oschiri,090049,Oschiri,unchanged,,POSAS 2019/2025 direct comparison,sum,
090050,Osilo,090050,Osilo,unchanged,,POSAS 2019/2025 direct comparison,sum,
090051,Ossi,090051,Ossi,unchanged,,POSAS 2019/2025 direct comparison,sum,
090052,Ozieri,090052,Ozieri,unchanged,,POSAS 2019/2025 direct comparison,sum,
090053,Padria,090053,Padria,unchanged,,POSAS 2019/2025 direct comparison,sum,
090054,Palau,090054,Palau,unchanged,,POSAS 2019/2025 direct comparison,sum,
090055,Pattada,090055,Pattada,unchanged,,POSAS 2019/2025 direct comparison,sum,
090056,Perfugas,090056,Perfugas,unchanged,,POSAS 2019/2025 direct comparison,sum,
090057,Ploaghe,090057,Ploaghe,unchanged,,POSAS 2019/2025 direct comparison,sum,
090058,Porto Torres,090058,Porto Torres,unchanged,,POSAS 2019/2025 direct comparison,sum,
090059,Pozzomaggiore,090059,Pozzomaggiore,unchanged,,POSAS 2019/2025 direct comparison,sum,
090060,Putifigari,090060,Putifigari,unchanged,,POSAS 2019/2025 direct comparison,sum,
090061,Romana,090061,Romana,unchanged,,POSAS 2019/2025 direct comparison,sum,
090062,Aglientu,090062,Aglientu,unchanged,,POSAS 2019/2025 direct comparison,sum,
090063,Santa Teresa Gallura,090063,Santa Teresa Gallura,unchanged,,POSAS 2019/2025 direct comparison,sum,
090064,Sassari,090064,Sassari,unchanged,,POSAS 2019/2025 direct comparison,sum,
090065,Sedini,090065,Sedini,unchanged,,POSAS 2019/2025 direct comparison,sum,
090066,Semestene,090066,Semestene,unchanged,,POSAS 2019/2025 direct comparison,sum,
090067,Sennori,090067,Sennori,unchanged,,POSAS 2019/2025 direct comparison,sum,
090068,Siligo,090068,Siligo,unchanged,,POSAS 2019/2025 direct comparison,sum,
090069,Sorso,090069,Sorso,unchanged,,POSAS 2019/2025 direct comparison,sum,
090070,Tempio Pausania,090070,Tempio Pausania,unchanged,,POSAS 2019/2025 direct comparison,sum,
090071,Thiesi,090071,Thiesi,unchanged,,POSAS 2019/2025 direct comparison,sum,
090072,Tissi,090072,Tissi,unchanged,,POSAS 2019/2025 direct comparison,sum,
090073,Torralba,090073,Torralba,unchanged,,POSAS 2019/2025 direct comparison,sum,
090074,Trinità d'Agultu e Vignola,090074,Trinità d'Agultu e Vignola,unchanged,,POSAS 2019/2025 direct comparison,sum,
090075,Tula,090075,Tula,unchanged,,POSAS 2019/2025 direct comparison,sum,
090076,Uri,090076,Uri,unchanged,,POSAS 2019/2025 direct comparison,sum,
090077,Usini,090077,Usini,unchanged,,POSAS 2019/2025 direct comparison,sum,
090078,Villanova Monteleone,090078,Villanova Monteleone,unchanged,,POSAS 2019/2025 direct comparison,sum,
090079,Valledoria,090079,Valledoria,unchanged,,POSAS 2019/2025 direct comparison,sum,
090080,Telti,090080,Telti,unchanged,,POSAS 2019/2025 direct comparison,sum,
090081,Badesi,090081,Badesi,unchanged,,POSAS 2019/2025 direct comparison,sum,
090082,Viddalba,090082,Viddalba,unchanged,,POSAS 2019/2025 direct comparison,sum,
090083,Golfo Aranci,090083,Golfo Aranci,unchanged,,POSAS 2019/2025 direct comparison,sum,
090084,Loiri Porto San Paolo,090084,Loiri Porto San Paolo,unchanged,,POSAS 2019/2025 direct comparison,sum,
090085,Sant'Antonio di Gallura,090085,Sant'Antonio di Gallura,unchanged,,POSAS 2019/2025 direct comparison,sum,
090086,Tergu,090086,Tergu,unchanged,,POSAS 2019/2025 direct comparison,sum,
090087,Santa Maria Coghinas,090087,Santa Maria Coghinas,unchanged,,POSAS 2019/2025 direct comparison,sum,
090088,Erula,090088,Erula,unchanged,,POSAS 2019/2025 direct comparison,sum,
090089,Stintino,090089,Stintino,unchanged,,POSAS 2019/2025 direct comparison,sum,
090090,Padru,090090,Padru,unchanged,,POSAS 2019/2025 direct comparison,sum,
090091,Budoni,090091,Budoni,unchanged,,POSAS 2019/2025 direct comparison,sum,
090092,San Teodoro,090092,San Teodoro,unchanged,,POSAS 2019/2025 direct comparison,sum,
091001,Aritzo,091001,Aritzo,unchanged,,POSAS 2019/2025 direct comparison,sum,
091002,Arzana,091002,Arzana,unchanged,,POSAS 2019/2025 direct comparison,sum,
091003,Atzara,091003,Atzara,unchanged,,POSAS 2019/2025 direct comparison,sum,
091004,Austis,091004,Austis,unchanged,,POSAS 2019/2025 direct comparison,sum,
091005,Bari Sardo,091005,Bari Sardo,unchanged,,POSAS 2019/2025 direct comparison,sum,
091006,Baunei,091006,Baunei,unchanged,,POSAS 2019/2025 direct comparison,sum,
091007,Belvì,091007,Belvì,unchanged,,POSAS 2019/2025 direct comparison,sum,
091008,Birori,091008,Birori,unchanged,,POSAS 2019/2025 direct comparison,sum,
091009,Bitti,091009,Bitti,unchanged,,POSAS 2019/2025 direct comparison,sum,
091010,Bolotana,091010,Bolotana,unchanged,,POSAS 2019/2025 direct comparison,sum,
091011,Borore,091011,Borore,unchanged,,POSAS 2019/2025 direct comparison,sum,
091012,Bortigali,091012,Bortigali,unchanged,,POSAS 2019/2025 direct comparison,sum,
091016,Desulo,091016,Desulo,unchanged,,POSAS 2019/2025 direct comparison,sum,
091017,Dorgali,091017,Dorgali,unchanged,,POSAS 2019/2025 direct comparison,sum,
091018,Dualchi,091018,Dualchi,unchanged,,POSAS 2019/2025 direct comparison,sum,
091019,Elini,091019,Elini,unchanged,,POSAS 2019/2025 direct comparison,sum,
091024,Fonni,091024,Fonni,unchanged,,POSAS 2019/2025 direct comparison,sum,
091025,Gadoni,091025,Gadoni,unchanged,,POSAS 2019/2025 direct comparison,sum,
091026,Gairo,091026,Gairo,unchanged,,POSAS 2019/2025 direct comparison,sum,
091027,Galtellì,091027,Galtellì,unchanged,,POSAS 2019/2025 direct comparison,sum,
091028,Gavoi,091028,Gavoi,unchanged,,POSAS 2019/2025 direct comparison,sum,
091031,Girasole,091031,Girasole,unchanged,,POSAS 2019/2025 direct comparison,sum,
091032,Ilbono,091032,Ilbono,unchanged,,POSAS 2019/2025 direct comparison,sum,
091033,Irgoli,091033,Irgoli,unchanged,,POSAS 2019/2025 direct comparison,sum,
091035,Jerzu,091035,Jerzu,unchanged,,POSAS 2019/2025 direct comparison,sum,
091037,Lanusei,091037,Lanusei,unchanged,,POSAS 2019/2025 direct comparison,sum,
091038,Lei,091038,Lei,unchanged,,POSAS 2019/2025 direct comparison,sum,
091039,Loceri,091039,Loceri,unchanged,,POSAS 2019/2025 direct comparison,sum,
091040,Loculi,091040,Loculi,unchanged,,POSAS 2019/2025 direct comparison,sum,
091041,Lodè,091041,Lodè,unchanged,,POSAS 2019/2025 direct comparison,sum,
091042,Lotzorai,091042,Lotzorai,unchanged,,POSAS 2019/2025 direct comparison,sum,
091043,Lula,091043,Lula,unchanged,,POSAS 2019/2025 direct comparison,sum,
091044,Macomer,091044,Macomer,unchanged,,POSAS 2019/2025 direct comparison,sum,
091046,Mamoiada,091046,Mamoiada,unchanged,,POSAS 2019/2025 direct comparison,sum,
091047,Meana Sardo,091047,Meana Sardo,unchanged,,POSAS 2019/2025 direct comparison,sum,
091050,Noragugume,091050,Noragugume,unchanged,,POSAS 2019/2025 direct comparison,sum,
091051,Nuoro,091051,Nuoro,unchanged,,POSAS 2019/2025 direct comparison,sum,
091055,Oliena,091055,Oliena,unchanged,,POSAS 2019/2025 direct comparison,sum,
091056,Ollolai,091056,Ollolai,unchanged,,POSAS 2019/2025 direct comparison,sum,
091057,Olzai,091057,Olzai,unchanged,,POSAS 2019/2025 direct comparison,sum,
091058,Onanì,091058,Onanì,unchanged,,POSAS 2019/2025 direct comparison,sum,
091059,Onifai,091059,Onifai,unchanged,,POSAS 2019/2025 direct comparison,sum,
091060,Oniferi,091060,Oniferi,unchanged,,POSAS 2019/2025 direct comparison,sum,
091061,Orani,091061,Orani,unchanged,,POSAS 2019/2025 direct comparison,sum,
091062,Orgosolo,091062,Orgosolo,unchanged,,POSAS 2019/2025 direct comparison,sum,
091063,Orosei,091063,Orosei,unchanged,,POSAS 2019/2025 direct comparison,sum,
091064,Orotelli,091064,Orotelli,unchanged,,POSAS 2019/2025 direct comparison,sum,
091066,Ortueri,091066,Ortueri,unchanged,,POSAS 2019/2025 direct comparison,sum,
091067,Orune,091067,Orune,unchanged,,POSAS 2019/2025 direct comparison,sum,
091068,Osidda,091068,Osidda,unchanged,,POSAS 2019/2025 direct comparison,sum,
091069,Osini,091069,Osini,unchanged,,POSAS 2019/2025 direct comparison,sum,
091070,Ottana,091070,Ottana,unchanged,,POSAS 2019/2025 direct comparison,sum,
091071,Ovodda,091071,Ovodda,unchanged,,POSAS 2019/2025 direct comparison,sum,
091072,Perdasdefogu,091072,Perdasdefogu,unchanged,,POSAS 2019/2025 direct comparison,sum,
091073,Posada,091073,Posada,unchanged,,POSAS 2019/2025 direct comparison,sum,
091077,Sarule,091077,Sarule,unchanged,,POSAS 2019/2025 direct comparison,sum,
091083,Silanus,091083,Silanus,unchanged,,POSAS 2019/2025 direct comparison,sum,
091084,Sindia,091084,Sindia,unchanged,,POSAS 2019/2025 direct comparison,sum,
091085,Siniscola,091085,Siniscola,unchanged,,POSAS 2019/2025 direct comparison,sum,
091086,Sorgono,091086,Sorgono,unchanged,,POSAS 2019/2025 direct comparison,sum,
091088,Talana,091088,Talana,unchanged,,POSAS 2019/2025 direct comparison,sum,
091089,Tertenia,091089,Tertenia,unchanged,,POSAS 2019/2025 direct comparison,sum,
091090,Teti,091090,Teti,unchanged,,POSAS 2019/2025 direct comparison,sum,
091091,Tiana,091091,Tiana,unchanged,,POSAS 2019/2025 direct comparison,sum,
091093,Tonara,091093,Tonara,unchanged,,POSAS 2019/2025 direct comparison,sum,
091094,Torpè,091094,Torpè,unchanged,,POSAS 2019/2025 direct comparison,sum,
091095,Tortolì,091095,Tortolì,unchanged,,POSAS 2019/2025 direct comparison,sum,
091097,Triei,091097,Triei,unchanged,,POSAS 2019/2025 direct comparison,sum,
091098,Ulassai,091098,Ulassai,unchanged,,POSAS 2019/2025 direct comparison,sum,
091099,Urzulei,091099,Urzulei,unchanged,,POSAS 2019/2025 direct comparison,sum,
091100,Ussassai,091100,Ussassai,unchanged,,POSAS 2019/2025 direct comparison,sum,
091101,Villagrande Strisaili,091101,Villagrande Strisaili,unchanged,,POSAS 2019/2025 direct comparison,sum,
091103,Cardedu,091103,Cardedu,unchanged,,POSAS 2019/2025 direct comparison,sum,
091104,Lodine,091104,Lodine,unchanged,,POSAS 2019/2025 direct comparison,sum,
092003,Assemini,092003,Assemini,unchanged,,POSAS 2019/2025 direct comparison,sum,
092009,Cagliari,092009,Cagliari,unchanged,,POSAS 2019/2025 direct comparison,sum,
092011,Capoterra,092011,Capoterra,unchanged,,POSAS 2019/2025 direct comparison,sum,
092015,Decimomannu,092015,Decimomannu,unchanged,,POSAS 2019/2025 direct comparison,sum,
092037,Maracalagonis,092037,Maracalagonis,unchanged,,POSAS 2019/2025 direct comparison,sum,
092050,Pula,092050,Pula,unchanged,,POSAS 2019/2025 direct comparison,sum,
092051,Quartu Sant'Elena,092051,Quartu Sant'Elena,unchanged,,POSAS 2019/2025 direct comparison,sum,
092066,Sarroch,092066,Sarroch,unchanged,,POSAS 2019/2025 direct comparison,sum,
092068,Selargius,092068,Selargius,unchanged,,POSAS 2019/2025 direct comparison,sum,
092074,Sestu,092074,Sestu,unchanged,,POSAS 2019/2025 direct comparison,sum,
092075,Settimo San Pietro,092075,Settimo San Pietro,unchanged,,POSAS 2019/2025 direct comparison,sum,
092080,Sinnai,092080,Sinnai,unchanged,,POSAS 2019/2025 direct comparison,sum,
092090,Uta,092090,Uta,unchanged,,POSAS 2019/2025 direct comparison,sum,
092099,Villa San Pietro,092099,Villa San Pietro,unchanged,,POSAS 2019/2025 direct comparison,sum,
092105,Quartucciu,092105,Quartucciu,unchanged,,POSAS 2019/2025 direct comparison,sum,
092108,Elmas,092108,Elmas,unchanged,,POSAS 2019/2025 direct comparison,sum,
092109,Monserrato,092109,Monserrato,unchanged,,POSAS 2019/2025 direct comparison,sum,
093001,Andreis,093001,Andreis,unchanged,,POSAS 2019/2025 direct comparison,sum,
093002,Arba,093002,Arba,unchanged,,POSAS 2019/2025 direct comparison,sum,
093004,Aviano,093004,Aviano,unchanged,,POSAS 2019/2025 direct comparison,sum,
093005,Azzano Decimo,093005,Azzano Decimo,unchanged,,POSAS 2019/2025 direct comparison,sum,
093006,Barcis,093006,Barcis,unchanged,,POSAS 2019/2025 direct comparison,sum,
093007,Brugnera,093007,Brugnera,unchanged,,POSAS 2019/2025 direct comparison,sum,
093008,Budoia,093008,Budoia,unchanged,,POSAS 2019/2025 direct comparison,sum,
093009,Caneva,093009,Caneva,unchanged,,POSAS 2019/2025 direct comparison,sum,
093010,Casarsa della Delizia,093010,Casarsa della Delizia,unchanged,,POSAS 2019/2025 direct comparison,sum,
093011,Castelnovo del Friuli,093011,Castelnovo del Friuli,unchanged,,POSAS 2019/2025 direct comparison,sum,
093012,Cavasso Nuovo,093012,Cavasso Nuovo,unchanged,,POSAS 2019/2025 direct comparison,sum,
093013,Chions,093013,Chions,unchanged,,POSAS 2019/2025 direct comparison,sum,
093014,Cimolais,093014,Cimolais,unchanged,,POSAS 2019/2025 direct comparison,sum,
093015,Claut,093015,Claut,unchanged,,POSAS 2019/2025 direct comparison,sum,
093016,Clauzetto,093016,Clauzetto,unchanged,,POSAS 2019/2025 direct comparison,sum,
093017,Cordenons,093017,Cordenons,unchanged,,POSAS 2019/2025 direct comparison,sum,
093018,Cordovado,093018,Cordovado,unchanged,,POSAS 2019/2025 direct comparison,sum,
093019,Erto e Casso,093019,Erto e Casso,unchanged,,POSAS 2019/2025 direct comparison,sum,
093020,Fanna,093020,Fanna,unchanged,,POSAS 2019/2025 direct comparison,sum,
093021,Fiume Veneto,093021,Fiume Veneto,unchanged,,POSAS 2019/2025 direct comparison,sum,
093022,Fontanafredda,093022,Fontanafredda,unchanged,,POSAS 2019/2025 direct comparison,sum,
093024,Frisanco,093024,Frisanco,unchanged,,POSAS 2019/2025 direct comparison,sum,
093025,Maniago,093025,Maniago,unchanged,,POSAS 2019/2025 direct comparison,sum,
093026,Meduno,093026,Meduno,unchanged,,POSAS 2019/2025 direct comparison,sum,
093027,Montereale Valcellina,093027,Montereale Valcellina,unchanged,,POSAS 2019/2025 direct comparison,sum,
093028,Morsano al Tagliamento,093028,Morsano al Tagliamento,unchanged,,POSAS 2019/2025 direct comparison,sum,
093029,Pasiano di Pordenone,093029,Pasiano di Pordenone,unchanged,,POSAS 2019/2025 direct comparison,sum,
093030,Pinzano al Tagliamento,093030,Pinzano al Tagliamento,unchanged,,POSAS 2019/2025 direct comparison,sum,
093031,Polcenigo,093031,Polcenigo,unchanged,,POSAS 2019/2025 direct comparison,sum,
093032,Porcia,093032,Porcia,unchanged,,POSAS 2019/2025 direct comparison,sum,
093033,Pordenone,093033,Pordenone,unchanged,,POSAS 2019/2025 direct comparison,sum,
093034,Prata di Pordenone,093034,Prata di Pordenone,unchanged,,POSAS 2019/2025 direct comparison,sum,
093035,Pravisdomini,093035,Pravisdomini,unchanged,,POSAS 2019/2025 direct comparison,sum,
093036,Roveredo in Piano,093036,Roveredo in Piano,unchanged,,POSAS 2019/2025 direct comparison,sum,
093037,Sacile,093037,Sacile,unchanged,,POSAS 2019/2025 direct comparison,sum,
093038,San Giorgio della Richinvelda,093038,San Giorgio della Richinvelda,unchanged,,POSAS 2019/2025 direct comparison,sum,
093039,San Martino al Tagliamento,093039,San Martino al Tagliamento,unchanged,,POSAS 2019/2025 direct comparison,sum,
093040,San Quirino,093040,San Quirino,unchanged,,POSAS 2019/2025 direct comparison,sum,
093041,San Vito al Tagliamento,093041,San Vito al Tagliamento,unchanged,,POSAS 2019/2025 direct comparison,sum,
093042,Sequals,093042,Sequals,unchanged,,POSAS 2019/2025 direct comparison,sum,
093043,Sesto al Reghena,093043,Sesto al Reghena,unchanged,,POSAS 2019/2025 direct comparison,sum,
093044,Spilimbergo,093044,Spilimbergo,unchanged,,POSAS 2019/2025 direct comparison,sum,
093045,Tramonti di Sopra,093045,Tramonti di Sopra,unchanged,,POSAS 2019/2025 direct comparison,sum,
093046,Tramonti di Sotto,093046,Tramonti di Sotto,unchanged,,POSAS 2019/2025 direct comparison,sum,
093047,Travesio,093047,Travesio,unchanged,,POSAS 2019/2025 direct comparison,sum,
093049,Vito d'Asio,093049,Vito d'Asio,unchanged,,POSAS 2019/2025 direct comparison,sum,
093050,Vivaro,093050,Vivaro,unchanged,,POSAS 2019/2025 direct comparison,sum,
093051,Zoppola,093051,Zoppola,unchanged,,POSAS 2019/2025 direct comparison,sum,
093052,Vajont,093052,Vajont,unchanged,,POSAS 2019/2025 direct comparison,sum,
093053,Valvasone Arzene,093053,Valvasone Arzene,unchanged,,POSAS 2019/2025 direct comparison,sum,
094001,Acquaviva d'Isernia,094001,Acquaviva d'Isernia,unchanged,,POSAS 2019/2025 direct comparison,sum,
094002,Agnone,094002,Agnone,unchanged,,POSAS 2019/2025 direct comparison,sum,
094003,Bagnoli del Trigno,094003,Bagnoli del Trigno,unchanged,,POSAS 2019/2025 direct comparison,sum,
094004,Belmonte del Sannio,094004,Belmonte del Sannio,unchanged,,POSAS 2019/2025 direct comparison,sum,
094005,Cantalupo nel Sannio,094005,Cantalupo nel Sannio,unchanged,,POSAS 2019/2025 direct comparison,sum,
094006,Capracotta,094006,Capracotta,unchanged,,POSAS 2019/2025 direct comparison,sum,
094007,Carovilli,094007,Carovilli,unchanged,,POSAS 2019/2025 direct comparison,sum,
094008,Carpinone,094008,Carpinone,unchanged,,POSAS 2019/2025 direct comparison,sum,
094009,Castel del Giudice,094009,Castel del Giudice,unchanged,,POSAS 2019/2025 direct comparison,sum,
094010,Castelpetroso,094010,Castelpetroso,unchanged,,POSAS 2019/2025 direct comparison,sum,
094011,Castelpizzuto,094011,Castelpizzuto,unchanged,,POSAS 2019/2025 direct comparison,sum,
094012,Castel San Vincenzo,094012,Castel San Vincenzo,unchanged,,POSAS 2019/2025 direct comparison,sum,
094013,Castelverrino,094013,Castelverrino,unchanged,,POSAS 2019/2025 direct comparison,sum,
094014,Cerro al Volturno,094014,Cerro al Volturno,unchanged,,POSAS 2019/2025 direct comparison,sum,
094015,Chiauci,094015,Chiauci,unchanged,,POSAS 2019/2025 direct comparison,sum,
094016,Civitanova del Sannio,094016,Civitanova del Sannio,unchanged,,POSAS 2019/2025 direct comparison,sum,
094017,Colli a Volturno,094017,Colli a Volturno,unchanged,,POSAS 2019/2025 direct comparison,sum,
094018,Conca Casale,094018,Conca Casale,unchanged,,POSAS 2019/2025 direct comparison,sum,
094019,Filignano,094019,Filignano,unchanged,,POSAS 2019/2025 direct comparison,sum,
094020,Forlì del Sannio,094020,Forlì del Sannio,unchanged,,POSAS 2019/2025 direct comparison,sum,
094021,Fornelli,094021,Fornelli,unchanged,,POSAS 2019/2025 direct comparison,sum,
094022,Frosolone,094022,Frosolone,unchanged,,POSAS 2019/2025 direct comparison,sum,
094023,Isernia,094023,Isernia,unchanged,,POSAS 2019/2025 direct comparison,sum,
094024,Longano,094024,Longano,unchanged,,POSAS 2019/2025 direct comparison,sum,
094025,Macchia d'Isernia,094025,Macchia d'Isernia,unchanged,,POSAS 2019/2025 direct comparison,sum,
094026,Macchiagodena,094026,Macchiagodena,unchanged,,POSAS 2019/2025 direct comparison,sum,
094027,Miranda,094027,Miranda,unchanged,,POSAS 2019/2025 direct comparison,sum,
094028,Montaquila,094028,Montaquila,unchanged,,POSAS 2019/2025 direct comparison,sum,
094029,Montenero Val Cocchiara,094029,Montenero Val Cocchiara,unchanged,,POSAS 2019/2025 direct comparison,sum,
094030,Monteroduni,094030,Monteroduni,unchanged,,POSAS 2019/2025 direct comparison,sum,
094031,Pesche,094031,Pesche,unchanged,,POSAS 2019/2025 direct comparison,sum,
094032,Pescolanciano,094032,Pescolanciano,unchanged,,POSAS 2019/2025 direct comparison,sum,
094033,Pescopennataro,094033,Pescopennataro,unchanged,,POSAS 2019/2025 direct comparison,sum,
094034,Pettoranello del Molise,094034,Pettoranello del Molise,unchanged,,POSAS 2019/2025 direct comparison,sum,
094035,Pietrabbondante,094035,Pietrabbondante,unchanged,,POSAS 2019/2025 direct comparison,sum,
094036,Pizzone,094036,Pizzone,unchanged,,POSAS 2019/2025 direct comparison,sum,
094037,Poggio Sannita,094037,Poggio Sannita,unchanged,,POSAS 2019/2025 direct comparison,sum,
094038,Pozzilli,094038,Pozzilli,unchanged,,POSAS 2019/2025 direct comparison,sum,
094039,Rionero Sannitico,094039,Rionero Sannitico,unchanged,,POSAS 2019/2025 direct comparison,sum,
094040,Roccamandolfi,094040,Roccamandolfi,unchanged,,POSAS 2019/2025 direct comparison,sum,
094041,Roccasicura,094041,Roccasicura,unchanged,,POSAS 2019/2025 direct comparison,sum,
094042,Rocchetta a Volturno,094042,Rocchetta a Volturno,unchanged,,POSAS 2019/2025 direct comparison,sum,
094043,San Pietro Avellana,094043,San Pietro Avellana,unchanged,,POSAS 2019/2025 direct comparison,sum,
094044,Sant'Agapito,094044,Sant'Agapito,unchanged,,POSAS 2019/2025 direct comparison,sum,
094045,Santa Maria del Molise,094045,Santa Maria del Molise,unchanged,,POSAS 2019/2025 direct comparison,sum,
094046,Sant'Angelo del Pesco,094046,Sant'Angelo del Pesco,unchanged,,POSAS 2019/2025 direct comparison,sum,
094047,Sant'Elena Sannita,094047,Sant'Elena Sannita,unchanged,,POSAS 2019/2025 direct comparison,sum,
094048,Scapoli,094048,Scapoli,unchanged,,POSAS 2019/2025 direct comparison,sum,
094049,Sessano del Molise,094049,Sessano del Molise,unchanged,,POSAS 2019/2025 direct comparison,sum,
094050,Sesto Campano,094050,Sesto Campano,unchanged,,POSAS 2019/2025 direct comparison,sum,
094051,Vastogirardi,094051,Vastogirardi,unchanged,,POSAS 2019/2025 direct comparison,sum,
094052,Venafro,094052,Venafro,unchanged,,POSAS 2019/2025 direct comparison,sum,
095001,Abbasanta,095001,Abbasanta,unchanged,,POSAS 2019/2025 direct comparison,sum,
095002,Aidomaggiore,095002,Aidomaggiore,unchanged,,POSAS 2019/2025 direct comparison,sum,
095003,Albagiara,095003,Albagiara,unchanged,,POSAS 2019/2025 direct comparison,sum,
095004,Ales,095004,Ales,unchanged,,POSAS 2019/2025 direct comparison,sum,
095005,Allai,095005,Allai,unchanged,,POSAS 2019/2025 direct comparison,sum,
095006,Arborea,095006,Arborea,unchanged,,POSAS 2019/2025 direct comparison,sum,
095007,Ardauli,095007,Ardauli,unchanged,,POSAS 2019/2025 direct comparison,sum,
095008,Assolo,095008,Assolo,unchanged,,POSAS 2019/2025 direct comparison,sum,
095009,Asuni,095009,Asuni,unchanged,,POSAS 2019/2025 direct comparison,sum,
095010,Baradili,095010,Baradili,unchanged,,POSAS 2019/2025 direct comparison,sum,
095011,Baratili San Pietro,095011,Baratili San Pietro,unchanged,,POSAS 2019/2025 direct comparison,sum,
095012,Baressa,095012,Baressa,unchanged,,POSAS 2019/2025 direct comparison,sum,
095013,Bauladu,095013,Bauladu,unchanged,,POSAS 2019/2025 direct comparison,sum,
095014,Bidonì,095014,Bidonì,unchanged,,POSAS 2019/2025 direct comparison,sum,
095015,Bonarcado,095015,Bonarcado,unchanged,,POSAS 2019/2025 direct comparison,sum,
095016,Boroneddu,095016,Boroneddu,unchanged,,POSAS 2019/2025 direct comparison,sum,
095017,Busachi,095017,Busachi,unchanged,,POSAS 2019/2025 direct comparison,sum,
095018,Cabras,095018,Cabras,unchanged,,POSAS 2019/2025 direct comparison,sum,
095019,Cuglieri,095019,Cuglieri,unchanged,,POSAS 2019/2025 direct comparison,sum,
095020,Fordongianus,095020,Fordongianus,unchanged,,POSAS 2019/2025 direct comparison,sum,
095021,Ghilarza,095021,Ghilarza,unchanged,,POSAS 2019/2025 direct comparison,sum,
095022,Gonnoscodina,095022,Gonnoscodina,unchanged,,POSAS 2019/2025 direct comparison,sum,
095023,Gonnosnò,095023,Gonnosnò,unchanged,,POSAS 2019/2025 direct comparison,sum,
095024,Gonnostramatza,095024,Gonnostramatza,unchanged,,POSAS 2019/2025 direct comparison,sum,
095025,Marrubiu,095025,Marrubiu,unchanged,,POSAS 2019/2025 direct comparison,sum,
095026,Masullas,095026,Masullas,unchanged,,POSAS 2019/2025 direct comparison,sum,
095027,Milis,095027,Milis,unchanged,,POSAS 2019/2025 direct comparison,sum,
095028,Mogorella,095028,Mogorella,unchanged,,POSAS 2019/2025 direct comparison,sum,
095029,Mogoro,095029,Mogoro,unchanged,,POSAS 2019/2025 direct comparison,sum,
095030,Morgongiori,095030,Morgongiori,unchanged,,POSAS 2019/2025 direct comparison,sum,
095031,Narbolia,095031,Narbolia,unchanged,,POSAS 2019/2025 direct comparison,sum,
095032,Neoneli,095032,Neoneli,unchanged,,POSAS 2019/2025 direct comparison,sum,
095033,Norbello,095033,Norbello,unchanged,,POSAS 2019/2025 direct comparison,sum,
095034,Nughedu Santa Vittoria,095034,Nughedu Santa Vittoria,unchanged,,POSAS 2019/2025 direct comparison,sum,
095035,Nurachi,095035,Nurachi,unchanged,,POSAS 2019/2025 direct comparison,sum,
095036,Nureci,095036,Nureci,unchanged,,POSAS 2019/2025 direct comparison,sum,
095037,Ollastra,095037,Ollastra,unchanged,,POSAS 2019/2025 direct comparison,sum,
095038,Oristano,095038,Oristano,unchanged,,POSAS 2019/2025 direct comparison,sum,
095039,Palmas Arborea,095039,Palmas Arborea,unchanged,,POSAS 2019/2025 direct comparison,sum,
095040,Pau,095040,Pau,unchanged,,POSAS 2019/2025 direct comparison,sum,
095041,Paulilatino,095041,Paulilatino,unchanged,,POSAS 2019/2025 direct comparison,sum,
095042,Pompu,095042,Pompu,unchanged,,POSAS 2019/2025 direct comparison,sum,
095043,Riola Sardo,095043,Riola Sardo,unchanged,,POSAS 2019/2025 direct comparison,sum,
095044,Ruinas,095044,Ruinas,unchanged,,POSAS 2019/2025 direct comparison,sum,
095045,Samugheo,095045,Samugheo,unchanged,,POSAS 2019/2025 direct comparison,sum,
095046,San Nicolò d'Arcidano,095046,San Nicolò d'Arcidano,unchanged,,POSAS 2019/2025 direct comparison,sum,
095047,Santa Giusta,095047,Santa Giusta,unchanged,,POSAS 2019/2025 direct comparison,sum,
095048,Villa Sant'Antonio,095048,Villa Sant'Antonio,unchanged,,POSAS 2019/2025 direct comparison,sum,
095049,Santu Lussurgiu,095049,Santu Lussurgiu,unchanged,,POSAS 2019/2025 direct comparison,sum,
095050,San Vero Milis,095050,San Vero Milis,unchanged,,POSAS 2019/2025 direct comparison,sum,
095051,Scano di Montiferro,095051,Scano di Montiferro,unchanged,,POSAS 2019/2025 direct comparison,sum,
095052,Sedilo,095052,Sedilo,unchanged,,POSAS 2019/2025 direct comparison,sum,
095053,Seneghe,095053,Seneghe,unchanged,,POSAS 2019/2025 direct comparison,sum,
095054,Senis,095054,Senis,unchanged,,POSAS 2019/2025 direct comparison,sum,
095055,Sennariolo,095055,Sennariolo,unchanged,,POSAS 2019/2025 direct comparison,sum,
095056,Siamaggiore,095056,Siamaggiore,unchanged,,POSAS 2019/2025 direct comparison,sum,
095057,Siamanna,095057,Siamanna,unchanged,,POSAS 2019/2025 direct comparison,sum,
095058,Simala,095058,Simala,unchanged,,POSAS 2019/2025 direct comparison,sum,
095059,Simaxis,095059,Simaxis,unchanged,,POSAS 2019/2025 direct comparison,sum,
095060,Sini,095060,Sini,unchanged,,POSAS 2019/2025 direct comparison,sum,
095061,Siris,095061,Siris,unchanged,,POSAS 2019/2025 direct comparison,sum,
095062,Solarussa,095062,Solarussa,unchanged,,POSAS 2019/2025 direct comparison,sum,
095063,Sorradile,095063,Sorradile,unchanged,,POSAS 2019/2025 direct comparison,sum,
095064,Tadasuni,095064,Tadasuni,unchanged,,POSAS 2019/2025 direct comparison,sum,
095065,Terralba,095065,Terralba,unchanged,,POSAS 2019/2025 direct comparison,sum,
095066,Tramatza,095066,Tramatza,unchanged,,POSAS 2019/2025 direct comparison,sum,
095067,Tresnuraghes,095067,Tresnuraghes,unchanged,,POSAS 2019/2025 direct comparison,sum,
095068,Ulà Tirso,095068,Ulà Tirso,unchanged,,POSAS 2019/2025 direct comparison,sum,
095069,Uras,095069,Uras,unchanged,,POSAS 2019/2025 direct comparison,sum,
095070,Usellus,095070,Usellus,unchanged,,POSAS 2019/2025 direct comparison,sum,
095071,Villanova Truschedu,095071,Villanova Truschedu,unchanged,,POSAS 2019/2025 direct comparison,sum,
095072,Villaurbana,095072,Villaurbana,unchanged,,POSAS 2019/2025 direct comparison,sum,
095073,Villa Verde,095073,Villa Verde,unchanged,,POSAS 2019/2025 direct comparison,sum,
095074,Zeddiani,095074,Zeddiani,unchanged,,POSAS 2019/2025 direct comparison,sum,
095075,Zerfaliu,095075,Zerfaliu,unchanged,,POSAS 2019/2025 direct comparison,sum,
095076,Siapiccia,095076,Siapiccia,unchanged,,POSAS 2019/2025 direct comparison,sum,
095077,Curcuris,095077,Curcuris,unchanged,,POSAS 2019/2025 direct comparison,sum,
095078,Soddì,095078,Soddì,unchanged,,POSAS 2019/2025 direct comparison,sum,
095079,Bosa,095079,Bosa,unchanged,,POSAS 2019/2025 direct comparison,sum,
095080,Flussio,095080,Flussio,unchanged,,POSAS 2019/2025 direct comparison,sum,
095082,Laconi,095082,Laconi,unchanged,,POSAS 2019/2025 direct comparison,sum,
095083,Magomadas,095083,Magomadas,unchanged,,POSAS 2019/2025 direct comparison,sum,
095084,Modolo,095084,Modolo,unchanged,,POSAS 2019/2025 direct comparison,sum,
095085,Montresta,095085,Montresta,unchanged,,POSAS 2019/2025 direct comparison,sum,
095086,Sagama,095086,Sagama,unchanged,,POSAS 2019/2025 direct comparison,sum,
095087,Suni,095087,Suni,unchanged,,POSAS 2019/2025 direct comparison,sum,
095088,Tinnura,095088,Tinnura,unchanged,,POSAS 2019/2025 direct comparison,sum,
096001,Ailoche,096001,Ailoche,unchanged,,POSAS 2019/2025 direct comparison,sum,
096002,Andorno Micca,096002,Andorno Micca,unchanged,,POSAS 2019/2025 direct comparison,sum,
096003,Benna,096003,Benna,unchanged,,POSAS 2019/2025 direct comparison,sum,
096004,Biella,096004,Biella,unchanged,,POSAS 2019/2025 direct comparison,sum,
096005,Bioglio,096005,Bioglio,unchanged,,POSAS 2019/2025 direct comparison,sum,
096006,Borriana,096006,Borriana,unchanged,,POSAS 2019/2025 direct comparison,sum,
096007,Brusnengo,096007,Brusnengo,unchanged,,POSAS 2019/2025 direct comparison,sum,
096008,Callabiana,096008,Callabiana,unchanged,,POSAS 2019/2025 direct comparison,sum,
096009,Camandona,096009,Camandona,unchanged,,POSAS 2019/2025 direct comparison,sum,
096010,Camburzano,096010,Camburzano,unchanged,,POSAS 2019/2025 direct comparison,sum,
096012,Candelo,096012,Candelo,unchanged,,POSAS 2019/2025 direct comparison,sum,
096013,Caprile,096013,Caprile,unchanged,,POSAS 2019/2025 direct comparison,sum,
096014,Casapinta,096014,Casapinta,unchanged,,POSAS 2019/2025 direct comparison,sum,
096015,Castelletto Cervo,096015,Castelletto Cervo,unchanged,,POSAS 2019/2025 direct comparison,sum,
096016,Cavaglià,096016,Cavaglià,unchanged,,POSAS 2019/2025 direct comparison,sum,
096018,Cerrione,096018,Cerrione,unchanged,,POSAS 2019/2025 direct comparison,sum,
096019,Coggiola,096019,Coggiola,unchanged,,POSAS 2019/2025 direct comparison,sum,
096020,Cossato,096020,Cossato,unchanged,,POSAS 2019/2025 direct comparison,sum,
096021,Crevacuore,096021,Crevacuore,unchanged,,POSAS 2019/2025 direct comparison,sum,
096023,Curino,096023,Curino,unchanged,,POSAS 2019/2025 direct comparison,sum,
096024,Donato,096024,Donato,unchanged,,POSAS 2019/2025 direct comparison,sum,
096025,Dorzano,096025,Dorzano,unchanged,,POSAS 2019/2025 direct comparison,sum,
096026,Gaglianico,096026,Gaglianico,unchanged,,POSAS 2019/2025 direct comparison,sum,
096027,Gifflenga,096027,Gifflenga,unchanged,,POSAS 2019/2025 direct comparison,sum,
096028,Graglia,096028,Graglia,unchanged,,POSAS 2019/2025 direct comparison,sum,
096030,Magnano,096030,Magnano,unchanged,,POSAS 2019/2025 direct comparison,sum,
096031,Massazza,096031,Massazza,unchanged,,POSAS 2019/2025 direct comparison,sum,
096032,Masserano,096032,Masserano,unchanged,,POSAS 2019/2025 direct comparison,sum,
096033,Mezzana Mortigliengo,096033,Mezzana Mortigliengo,unchanged,,POSAS 2019/2025 direct comparison,sum,
096034,Miagliano,096034,Miagliano,unchanged,,POSAS 2019/2025 direct comparison,sum,
096035,Mongrando,096035,Mongrando,unchanged,,POSAS 2019/2025 direct comparison,sum,
096037,Mottalciata,096037,Mottalciata,unchanged,,POSAS 2019/2025 direct comparison,sum,
096038,Muzzano,096038,Muzzano,unchanged,,POSAS 2019/2025 direct comparison,sum,
096039,Netro,096039,Netro,unchanged,,POSAS 2019/2025 direct comparison,sum,
096040,Occhieppo Inferiore,096040,Occhieppo Inferiore,unchanged,,POSAS 2019/2025 direct comparison,sum,
096041,Occhieppo Superiore,096041,Occhieppo Superiore,unchanged,,POSAS 2019/2025 direct comparison,sum,
096042,Pettinengo,096042,Pettinengo,unchanged,,POSAS 2019/2025 direct comparison,sum,
096043,Piatto,096043,Piatto,unchanged,,POSAS 2019/2025 direct comparison,sum,
096044,Piedicavallo,096044,Piedicavallo,unchanged,,POSAS 2019/2025 direct comparison,sum,
096046,Pollone,096046,Pollone,unchanged,,POSAS 2019/2025 direct comparison,sum,
096047,Ponderano,096047,Ponderano,unchanged,,POSAS 2019/2025 direct comparison,sum,
096048,Portula,096048,Portula,unchanged,,POSAS 2019/2025 direct comparison,sum,
096049,Pralungo,096049,Pralungo,unchanged,,POSAS 2019/2025 direct comparison,sum,
096050,Pray,096050,Pray,unchanged,,POSAS 2019/2025 direct comparison,sum,
096053,Ronco Biellese,096053,Ronco Biellese,unchanged,,POSAS 2019/2025 direct comparison,sum,
096054,Roppolo,096054,Roppolo,unchanged,,POSAS 2019/2025 direct comparison,sum,
096055,Rosazza,096055,Rosazza,unchanged,,POSAS 2019/2025 direct comparison,sum,
096056,Sagliano Micca,096056,Sagliano Micca,unchanged,,POSAS 2019/2025 direct comparison,sum,
096057,Sala Biellese,096057,Sala Biellese,unchanged,,POSAS 2019/2025 direct comparison,sum,
096058,Salussola,096058,Salussola,unchanged,,POSAS 2019/2025 direct comparison,sum,
096059,Sandigliano,096059,Sandigliano,unchanged,,POSAS 2019/2025 direct comparison,sum,
096063,Sordevolo,096063,Sordevolo,unchanged,,POSAS 2019/2025 direct comparison,sum,
096064,Sostegno,096064,Sostegno,unchanged,,POSAS 2019/2025 direct comparison,sum,
096065,Strona,096065,Strona,unchanged,,POSAS 2019/2025 direct comparison,sum,
096066,Tavigliano,096066,Tavigliano,unchanged,,POSAS 2019/2025 direct comparison,sum,
096067,Ternengo,096067,Ternengo,unchanged,,POSAS 2019/2025 direct comparison,sum,
096068,Tollegno,096068,Tollegno,unchanged,,POSAS 2019/2025 direct comparison,sum,
096069,Torrazzo,096069,Torrazzo,unchanged,,POSAS 2019/2025 direct comparison,sum,
096071,Valdengo,096071,Valdengo,unchanged,,POSAS 2019/2025 direct comparison,sum,
096072,Vallanzengo,096072,Vallanzengo,unchanged,,POSAS 2019/2025 direct comparison,sum,
096074,Valle San Nicolao,096074,Valle San Nicolao,unchanged,,POSAS 2019/2025 direct comparison,sum,
096075,Veglio,096075,Veglio,unchanged,,POSAS 2019/2025 direct comparison,sum,
096076,Verrone,096076,Verrone,unchanged,,POSAS 2019/2025 direct comparison,sum,
096077,Vigliano Biellese,096077,Vigliano Biellese,unchanged,,POSAS 2019/2025 direct comparison,sum,
096078,Villa del Bosco,096078,Villa del Bosco,unchanged,,POSAS 2019/2025 direct comparison,sum,
096079,Villanova Biellese,096079,Villanova Biellese,unchanged,,POSAS 2019/2025 direct comparison,sum,
096080,Viverone,096080,Viverone,unchanged,,POSAS 2019/2025 direct comparison,sum,
096081,Zimone,096081,Zimone,unchanged,,POSAS 2019/2025 direct comparison,sum,
096082,Zubiena,096082,Zubiena,unchanged,,POSAS 2019/2025 direct comparison,sum,
096083,Zumaglia,096083,Zumaglia,unchanged,,POSAS 2019/2025 direct comparison,sum,
096085,Lessona,096085,Lessona,unchanged,,POSAS 2019/2025 direct comparison,sum,
096086,Campiglia Cervo,096086,Campiglia Cervo,unchanged,,POSAS 2019/2025 direct comparison,sum,
096087,Quaregna Cerreto,096017,Cerreto Castello,fusion,2019-01-01,https://www.istat.it/storage/codici-unita-amministrative/Novita-2025-2017.pdf,sum,
096087,Quaregna Cerreto,096051,Quaregna,fusion,2019-01-01,https://www.istat.it/storage/codici-unita-amministrative/Novita-2025-2017.pdf,sum,
096088,Valdilana,096062,Soprana,fusion,2019-01-01,https://www.istat.it/storage/codici-unita-amministrative/Novita-2025-2017.pdf,sum,
096088,Valdilana,096070,Trivero,fusion,2019-01-01,https://www.istat.it/storage/codici-unita-amministrative/Novita-2025-2017.pdf,sum,
096088,Valdilana,096073,Valle Mosso,fusion,2019-01-01,https://www.istat.it/storage/codici-unita-amministrative/Novita-2025-2017.pdf,sum,
096088,Valdilana,096084,Mosso,fusion,2019-01-01,https://www.istat.it/storage/codici-unita-amministrative/Novita-2025-2017.pdf,sum,
097001,Abbadia Lariana,097001,Abbadia Lariana,unchanged,,POSAS 2019/2025 direct comparison,sum,
097002,Airuno,097002,Airuno,unchanged,,POSAS 2019/2025 direct comparison,sum,
097003,Annone di Brianza,097003,Annone di Brianza,unchanged,,POSAS 2019/2025 direct comparison,sum,
097004,Ballabio,097004,Ballabio,unchanged,,POSAS 2019/2025 direct comparison,sum,
097005,Barzago,097005,Barzago,unchanged,,POSAS 2019/2025 direct comparison,sum,
097006,Barzanò,097006,Barzanò,unchanged,,POSAS 2019/2025 direct comparison,sum,
097007,Barzio,097007,Barzio,unchanged,,POSAS 2019/2025 direct comparison,sum,
097008,Bellano,097008,Bellano,incorporation,2020-01-01,https://www.istat.it/storage/codici-unita-amministrative/Novita-2025-2017.pdf,sum,
097008,Bellano,097085,Vendrogno,incorporation,2020-01-01,https://www.istat.it/storage/codici-unita-amministrative/Novita-2025-2017.pdf,sum,
097009,Bosisio Parini,097009,Bosisio Parini,unchanged,,POSAS 2019/2025 direct comparison,sum,
097010,Brivio,097010,Brivio,unchanged,,POSAS 2019/2025 direct comparison,sum,
097011,Bulciago,097011,Bulciago,unchanged,,POSAS 2019/2025 direct comparison,sum,
097012,Calco,097012,Calco,unchanged,,POSAS 2019/2025 direct comparison,sum,
097013,Calolziocorte,097013,Calolziocorte,unchanged,,POSAS 2019/2025 direct comparison,sum,
097014,Carenno,097014,Carenno,unchanged,,POSAS 2019/2025 direct comparison,sum,
097015,Casargo,097015,Casargo,unchanged,,POSAS 2019/2025 direct comparison,sum,
097016,Casatenovo,097016,Casatenovo,unchanged,,POSAS 2019/2025 direct comparison,sum,
097017,Cassago Brianza,097017,Cassago Brianza,unchanged,,POSAS 2019/2025 direct comparison,sum,
097018,Cassina Valsassina,097018,Cassina Valsassina,unchanged,,POSAS 2019/2025 direct comparison,sum,
097019,Castello di Brianza,097019,Castello di Brianza,unchanged,,POSAS 2019/2025 direct comparison,sum,
097020,Cernusco Lombardone,097020,Cernusco Lombardone,unchanged,,POSAS 2019/2025 direct comparison,sum,
097021,Cesana Brianza,097021,Cesana Brianza,unchanged,,POSAS 2019/2025 direct comparison,sum,
097022,Civate,097022,Civate,unchanged,,POSAS 2019/2025 direct comparison,sum,
097023,Colico,097023,Colico,unchanged,,POSAS 2019/2025 direct comparison,sum,
097024,Colle Brianza,097024,Colle Brianza,unchanged,,POSAS 2019/2025 direct comparison,sum,
097025,Cortenova,097025,Cortenova,unchanged,,POSAS 2019/2025 direct comparison,sum,
097026,Costa Masnaga,097026,Costa Masnaga,unchanged,,POSAS 2019/2025 direct comparison,sum,
097027,Crandola Valsassina,097027,Crandola Valsassina,unchanged,,POSAS 2019/2025 direct comparison,sum,
097028,Cremella,097028,Cremella,unchanged,,POSAS 2019/2025 direct comparison,sum,
097029,Cremeno,097029,Cremeno,unchanged,,POSAS 2019/2025 direct comparison,sum,
097030,Dervio,097030,Dervio,unchanged,,POSAS 2019/2025 direct comparison,sum,
097031,Dolzago,097031,Dolzago,unchanged,,POSAS 2019/2025 direct comparison,sum,
097032,Dorio,097032,Dorio,unchanged,,POSAS 2019/2025 direct comparison,sum,
097033,Ello,097033,Ello,unchanged,,POSAS 2019/2025 direct comparison,sum,
097034,Erve,097034,Erve,unchanged,,POSAS 2019/2025 direct comparison,sum,
097035,Esino Lario,097035,Esino Lario,unchanged,,POSAS 2019/2025 direct comparison,sum,
097036,Galbiate,097036,Galbiate,unchanged,,POSAS 2019/2025 direct comparison,sum,
097037,Garbagnate Monastero,097037,Garbagnate Monastero,unchanged,,POSAS 2019/2025 direct comparison,sum,
097038,Garlate,097038,Garlate,unchanged,,POSAS 2019/2025 direct comparison,sum,
097039,Imbersago,097039,Imbersago,unchanged,,POSAS 2019/2025 direct comparison,sum,
097040,Introbio,097040,Introbio,unchanged,,POSAS 2019/2025 direct comparison,sum,
097042,Lecco,097042,Lecco,unchanged,,POSAS 2019/2025 direct comparison,sum,
097043,Lierna,097043,Lierna,unchanged,,POSAS 2019/2025 direct comparison,sum,
097044,Lomagna,097044,Lomagna,unchanged,,POSAS 2019/2025 direct comparison,sum,
097045,Malgrate,097045,Malgrate,unchanged,,POSAS 2019/2025 direct comparison,sum,
097046,Mandello del Lario,097046,Mandello del Lario,unchanged,,POSAS 2019/2025 direct comparison,sum,
097047,Margno,097047,Margno,unchanged,,POSAS 2019/2025 direct comparison,sum,
097048,Merate,097048,Merate,unchanged,,POSAS 2019/2025 direct comparison,sum,
097049,Missaglia,097049,Missaglia,unchanged,,POSAS 2019/2025 direct comparison,sum,
097050,Moggio,097050,Moggio,unchanged,,POSAS 2019/2025 direct comparison,sum,
097051,Molteno,097051,Molteno,unchanged,,POSAS 2019/2025 direct comparison,sum,
097052,Monte Marenzo,097052,Monte Marenzo,unchanged,,POSAS 2019/2025 direct comparison,sum,
097053,Montevecchia,097053,Montevecchia,unchanged,,POSAS 2019/2025 direct comparison,sum,
097054,Monticello Brianza,097054,Monticello Brianza,unchanged,,POSAS 2019/2025 direct comparison,sum,
097055,Morterone,097055,Morterone,unchanged,,POSAS 2019/2025 direct comparison,sum,
097056,Nibionno,097056,Nibionno,unchanged,,POSAS 2019/2025 direct comparison,sum,
097057,Oggiono,097057,Oggiono,unchanged,,POSAS 2019/2025 direct comparison,sum,
097058,Olgiate Molgora,097058,Olgiate Molgora,unchanged,,POSAS 2019/2025 direct comparison,sum,
097059,Olginate,097059,Olginate,unchanged,,POSAS 2019/2025 direct comparison,sum,
097060,Oliveto Lario,097060,Oliveto Lario,unchanged,,POSAS 2019/2025 direct comparison,sum,
097061,Osnago,097061,Osnago,unchanged,,POSAS 2019/2025 direct comparison,sum,
097062,Paderno d'Adda,097062,Paderno d'Adda,unchanged,,POSAS 2019/2025 direct comparison,sum,
097063,Pagnona,097063,Pagnona,unchanged,,POSAS 2019/2025 direct comparison,sum,
097064,Parlasco,097064,Parlasco,unchanged,,POSAS 2019/2025 direct comparison,sum,
097065,Pasturo,097065,Pasturo,unchanged,,POSAS 2019/2025 direct comparison,sum,
097067,Perledo,097067,Perledo,unchanged,,POSAS 2019/2025 direct comparison,sum,
097068,Pescate,097068,Pescate,unchanged,,POSAS 2019/2025 direct comparison,sum,
097069,Premana,097069,Premana,unchanged,,POSAS 2019/2025 direct comparison,sum,
097070,Primaluna,097070,Primaluna,unchanged,,POSAS 2019/2025 direct comparison,sum,
097071,Robbiate,097071,Robbiate,unchanged,,POSAS 2019/2025 direct comparison,sum,
097072,Rogeno,097072,Rogeno,unchanged,,POSAS 2019/2025 direct comparison,sum,
097074,Santa Maria Hoè,097074,Santa Maria Hoè,unchanged,,POSAS 2019/2025 direct comparison,sum,
097075,Sirone,097075,Sirone,unchanged,,POSAS 2019/2025 direct comparison,sum,
097076,Sirtori,097076,Sirtori,unchanged,,POSAS 2019/2025 direct comparison,sum,
097077,Sueglio,097077,Sueglio,unchanged,,POSAS 2019/2025 direct comparison,sum,
097078,Suello,097078,Suello,unchanged,,POSAS 2019/2025 direct comparison,sum,
097079,Taceno,097079,Taceno,unchanged,,POSAS 2019/2025 direct comparison,sum,
097082,Valgreghentino,097082,Valgreghentino,unchanged,,POSAS 2019/2025 direct comparison,sum,
097083,Valmadrera,097083,Valmadrera,unchanged,,POSAS 2019/2025 direct comparison,sum,
097084,Varenna,097084,Varenna,unchanged,,POSAS 2019/2025 direct comparison,sum,
097086,Vercurago,097086,Vercurago,unchanged,,POSAS 2019/2025 direct comparison,sum,
097090,Viganò,097090,Viganò,unchanged,,POSAS 2019/2025 direct comparison,sum,
097091,Verderio,097091,Verderio,unchanged,,POSAS 2019/2025 direct comparison,sum,
097092,La Valletta Brianza,097092,La Valletta Brianza,unchanged,,POSAS 2019/2025 direct comparison,sum,
097093,Valvarrone,097093,Valvarrone,unchanged,,POSAS 2019/2025 direct comparison,sum,
098001,Abbadia Cerreto,098001,Abbadia Cerreto,unchanged,,POSAS 2019/2025 direct comparison,sum,
098002,Bertonico,098002,Bertonico,unchanged,,POSAS 2019/2025 direct comparison,sum,
098003,Boffalora d'Adda,098003,Boffalora d'Adda,unchanged,,POSAS 2019/2025 direct comparison,sum,
098004,Borghetto Lodigiano,098004,Borghetto Lodigiano,unchanged,,POSAS 2019/2025 direct comparison,sum,
098005,Borgo San Giovanni,098005,Borgo San Giovanni,unchanged,,POSAS 2019/2025 direct comparison,sum,
098006,Brembio,098006,Brembio,unchanged,,POSAS 2019/2025 direct comparison,sum,
098008,Casaletto Lodigiano,098008,Casaletto Lodigiano,unchanged,,POSAS 2019/2025 direct comparison,sum,
098009,Casalmaiocco,098009,Casalmaiocco,unchanged,,POSAS 2019/2025 direct comparison,sum,
098010,Casalpusterlengo,098010,Casalpusterlengo,unchanged,,POSAS 2019/2025 direct comparison,sum,
098011,Caselle Landi,098011,Caselle Landi,unchanged,,POSAS 2019/2025 direct comparison,sum,
098012,Caselle Lurani,098012,Caselle Lurani,unchanged,,POSAS 2019/2025 direct comparison,sum,
098013,Castelnuovo Bocca d'Adda,098013,Castelnuovo Bocca d'Adda,unchanged,,POSAS 2019/2025 direct comparison,sum,
098014,Castiglione d'Adda,098014,Castiglione d'Adda,unchanged,,POSAS 2019/2025 direct comparison,sum,
098015,Castiraga Vidardo,098015,Castiraga Vidardo,unchanged,,POSAS 2019/2025 direct comparison,sum,
098017,Cavenago d'Adda,098017,Cavenago d'Adda,unchanged,,POSAS 2019/2025 direct comparison,sum,
098018,Cervignano d'Adda,098018,Cervignano d'Adda,unchanged,,POSAS 2019/2025 direct comparison,sum,
098019,Codogno,098019,Codogno,unchanged,,POSAS 2019/2025 direct comparison,sum,
098020,Comazzo,098020,Comazzo,unchanged,,POSAS 2019/2025 direct comparison,sum,
098021,Cornegliano Laudense,098021,Cornegliano Laudense,unchanged,,POSAS 2019/2025 direct comparison,sum,
098022,Corno Giovine,098022,Corno Giovine,unchanged,,POSAS 2019/2025 direct comparison,sum,
098023,Cornovecchio,098023,Cornovecchio,unchanged,,POSAS 2019/2025 direct comparison,sum,
098024,Corte Palasio,098024,Corte Palasio,unchanged,,POSAS 2019/2025 direct comparison,sum,
098025,Crespiatica,098025,Crespiatica,unchanged,,POSAS 2019/2025 direct comparison,sum,
098026,Fombio,098026,Fombio,unchanged,,POSAS 2019/2025 direct comparison,sum,
098027,Galgagnano,098027,Galgagnano,unchanged,,POSAS 2019/2025 direct comparison,sum,
098028,Graffignana,098028,Graffignana,unchanged,,POSAS 2019/2025 direct comparison,sum,
098029,Guardamiglio,098029,Guardamiglio,unchanged,,POSAS 2019/2025 direct comparison,sum,
098030,Livraga,098030,Livraga,unchanged,,POSAS 2019/2025 direct comparison,sum,
098031,Lodi,098031,Lodi,unchanged,,POSAS 2019/2025 direct comparison,sum,
098032,Lodi Vecchio,098032,Lodi Vecchio,unchanged,,POSAS 2019/2025 direct comparison,sum,
098033,Maccastorna,098033,Maccastorna,unchanged,,POSAS 2019/2025 direct comparison,sum,
098034,Mairago,098034,Mairago,unchanged,,POSAS 2019/2025 direct comparison,sum,
098035,Maleo,098035,Maleo,unchanged,,POSAS 2019/2025 direct comparison,sum,
098036,Marudo,098036,Marudo,unchanged,,POSAS 2019/2025 direct comparison,sum,
098037,Massalengo,098037,Massalengo,unchanged,,POSAS 2019/2025 direct comparison,sum,
098038,Meleti,098038,Meleti,unchanged,,POSAS 2019/2025 direct comparison,sum,
098039,Merlino,098039,Merlino,unchanged,,POSAS 2019/2025 direct comparison,sum,
098040,Montanaso Lombardo,098040,Montanaso Lombardo,unchanged,,POSAS 2019/2025 direct comparison,sum,
098041,Mulazzano,098041,Mulazzano,unchanged,,POSAS 2019/2025 direct comparison,sum,
098042,Orio Litta,098042,Orio Litta,unchanged,,POSAS 2019/2025 direct comparison,sum,
098043,Ospedaletto Lodigiano,098043,Ospedaletto Lodigiano,unchanged,,POSAS 2019/2025 direct comparison,sum,
098044,Ossago Lodigiano,098044,Ossago Lodigiano,unchanged,,POSAS 2019/2025 direct comparison,sum,
098045,Pieve Fissiraga,098045,Pieve Fissiraga,unchanged,,POSAS 2019/2025 direct comparison,sum,
098046,Salerano sul Lambro,098046,Salerano sul Lambro,unchanged,,POSAS 2019/2025 direct comparison,sum,
098047,San Fiorano,098047,San Fiorano,unchanged,,POSAS 2019/2025 direct comparison,sum,
098048,San Martino in Strada,098048,San Martino in Strada,unchanged,,POSAS 2019/2025 direct comparison,sum,
098049,San Rocco al Porto,098049,San Rocco al Porto,unchanged,,POSAS 2019/2025 direct comparison,sum,
098050,Sant'Angelo Lodigiano,098050,Sant'Angelo Lodigiano,unchanged,,POSAS 2019/2025 direct comparison,sum,
098051,Santo Stefano Lodigiano,098051,Santo Stefano Lodigiano,unchanged,,POSAS 2019/2025 direct comparison,sum,
098052,Secugnago,098052,Secugnago,unchanged,,POSAS 2019/2025 direct comparison,sum,
098053,Senna Lodigiana,098053,Senna Lodigiana,unchanged,,POSAS 2019/2025 direct comparison,sum,
098054,Somaglia,098054,Somaglia,unchanged,,POSAS 2019/2025 direct comparison,sum,
098055,Sordio,098055,Sordio,unchanged,,POSAS 2019/2025 direct comparison,sum,
098056,Tavazzano con Villavesco,098056,Tavazzano con Villavesco,unchanged,,POSAS 2019/2025 direct comparison,sum,
098057,Terranova dei Passerini,098057,Terranova dei Passerini,unchanged,,POSAS 2019/2025 direct comparison,sum,
098058,Turano Lodigiano,098058,Turano Lodigiano,unchanged,,POSAS 2019/2025 direct comparison,sum,
098059,Valera Fratta,098059,Valera Fratta,unchanged,,POSAS 2019/2025 direct comparison,sum,
098060,Villanova del Sillaro,098060,Villanova del Sillaro,unchanged,,POSAS 2019/2025 direct comparison,sum,
098061,Zelo Buon Persico,098061,Zelo Buon Persico,unchanged,,POSAS 2019/2025 direct comparison,sum,
098062,Castelgerundo,098062,Castelgerundo,unchanged,,POSAS 2019/2025 direct comparison,sum,
099001,Bellaria-Igea Marina,099001,Bellaria-Igea Marina,unchanged,,POSAS 2019/2025 direct comparison,sum,
099002,Cattolica,099002,Cattolica,unchanged,,POSAS 2019/2025 direct comparison,sum,
099003,Coriano,099003,Coriano,unchanged,,POSAS 2019/2025 direct comparison,sum,
099004,Gemmano,099004,Gemmano,unchanged,,POSAS 2019/2025 direct comparison,sum,
099005,Misano Adriatico,099005,Misano Adriatico,unchanged,,POSAS 2019/2025 direct comparison,sum,
099006,Mondaino,099006,Mondaino,unchanged,,POSAS 2019/2025 direct comparison,sum,
099008,Montefiore Conca,099008,Montefiore Conca,unchanged,,POSAS 2019/2025 direct comparison,sum,
099009,Montegridolfo,099009,Montegridolfo,unchanged,,POSAS 2019/2025 direct comparison,sum,
099011,Morciano di Romagna,099011,Morciano di Romagna,unchanged,,POSAS 2019/2025 direct comparison,sum,
099013,Riccione,099013,Riccione,unchanged,,POSAS 2019/2025 direct comparison,sum,
099014,Rimini,099014,Rimini,unchanged,,POSAS 2019/2025 direct comparison,sum,
099015,Saludecio,099015,Saludecio,unchanged,,POSAS 2019/2025 direct comparison,sum,
099016,San Clemente,099016,San Clemente,unchanged,,POSAS 2019/2025 direct comparison,sum,
099017,San Giovanni in Marignano,099017,San Giovanni in Marignano,unchanged,,POSAS 2019/2025 direct comparison,sum,
099018,Santarcangelo di Romagna,099018,Santarcangelo di Romagna,unchanged,,POSAS 2019/2025 direct comparison,sum,
099020,Verucchio,099020,Verucchio,unchanged,,POSAS 2019/2025 direct comparison,sum,
099021,Casteldelci,099021,Casteldelci,unchanged,,POSAS 2019/2025 direct comparison,sum,
099022,Maiolo,099022,Maiolo,unchanged,,POSAS 2019/2025 direct comparison,sum,
099023,Novafeltria,099023,Novafeltria,unchanged,,POSAS 2019/2025 direct comparison,sum,
099024,Pennabilli,099024,Pennabilli,unchanged,,POSAS 2019/2025 direct comparison,sum,
099025,San Leo,099025,San Leo,unchanged,,POSAS 2019/2025 direct comparison,sum,
099026,Sant'Agata Feltria,099026,Sant'Agata Feltria,unchanged,,POSAS 2019/2025 direct comparison,sum,
099027,Talamello,099027,Talamello,unchanged,,POSAS 2019/2025 direct comparison,sum,
099028,Poggio Torriana,099028,Poggio Torriana,unchanged,,POSAS 2019/2025 direct comparison,sum,
099029,Montescudo-Monte Colombo,099029,Montescudo-Montecolombo,name_string_change_same_code,,POSAS 2019/2025 direct comparison; official administrative-change classification only where separately documented.,sum,Denominazione 2019: Montescudo-Montecolombo; denominazione 2025: Montescudo-Monte Colombo.
099030,Montecopiolo,041033,Montecopiolo,province_transfer_code_change,2021-06-17,https://www.istat.it/storage/codici-unita-amministrative/Novita-2025-2017.pdf,sum,
099031,Sassofeltrio,041060,Sassofeltrio,province_transfer_code_change,2021-06-17,https://www.istat.it/storage/codici-unita-amministrative/Novita-2025-2017.pdf,sum,
100001,Cantagallo,100001,Cantagallo,unchanged,,POSAS 2019/2025 direct comparison,sum,
100002,Carmignano,100002,Carmignano,unchanged,,POSAS 2019/2025 direct comparison,sum,
100003,Montemurlo,100003,Montemurlo,unchanged,,POSAS 2019/2025 direct comparison,sum,
100004,Poggio a Caiano,100004,Poggio a Caiano,unchanged,,POSAS 2019/2025 direct comparison,sum,
100005,Prato,100005,Prato,unchanged,,POSAS 2019/2025 direct comparison,sum,
100006,Vaiano,100006,Vaiano,unchanged,,POSAS 2019/2025 direct comparison,sum,
100007,Vernio,100007,Vernio,unchanged,,POSAS 2019/2025 direct comparison,sum,
101001,Belvedere di Spinello,101001,Belvedere di Spinello,unchanged,,POSAS 2019/2025 direct comparison,sum,
101002,Caccuri,101002,Caccuri,unchanged,,POSAS 2019/2025 direct comparison,sum,
101003,Carfizzi,101003,Carfizzi,unchanged,,POSAS 2019/2025 direct comparison,sum,
101004,Casabona,101004,Casabona,unchanged,,POSAS 2019/2025 direct comparison,sum,
101005,Castelsilano,101005,Castelsilano,unchanged,,POSAS 2019/2025 direct comparison,sum,
101006,Cerenzia,101006,Cerenzia,unchanged,,POSAS 2019/2025 direct comparison,sum,
101007,Cirò,101007,Cirò,unchanged,,POSAS 2019/2025 direct comparison,sum,
101008,Cirò Marina,101008,Cirò Marina,unchanged,,POSAS 2019/2025 direct comparison,sum,
101009,Cotronei,101009,Cotronei,unchanged,,POSAS 2019/2025 direct comparison,sum,
101010,Crotone,101010,Crotone,unchanged,,POSAS 2019/2025 direct comparison,sum,
101011,Crucoli,101011,Crucoli,unchanged,,POSAS 2019/2025 direct comparison,sum,
101012,Cutro,101012,Cutro,unchanged,,POSAS 2019/2025 direct comparison,sum,
101013,Isola di Capo Rizzuto,101013,Isola di Capo Rizzuto,unchanged,,POSAS 2019/2025 direct comparison,sum,
101014,Melissa,101014,Melissa,unchanged,,POSAS 2019/2025 direct comparison,sum,
101015,Mesoraca,101015,Mesoraca,unchanged,,POSAS 2019/2025 direct comparison,sum,
101016,Pallagorio,101016,Pallagorio,unchanged,,POSAS 2019/2025 direct comparison,sum,
101017,Petilia Policastro,101017,Petilia Policastro,unchanged,,POSAS 2019/2025 direct comparison,sum,
101018,Roccabernarda,101018,Roccabernarda,unchanged,,POSAS 2019/2025 direct comparison,sum,
101019,Rocca di Neto,101019,Rocca di Neto,unchanged,,POSAS 2019/2025 direct comparison,sum,
101020,San Mauro Marchesato,101020,San Mauro Marchesato,unchanged,,POSAS 2019/2025 direct comparison,sum,
101021,San Nicola dell'Alto,101021,San Nicola dell'Alto,unchanged,,POSAS 2019/2025 direct comparison,sum,
101022,Santa Severina,101022,Santa Severina,unchanged,,POSAS 2019/2025 direct comparison,sum,
101023,Savelli,101023,Savelli,unchanged,,POSAS 2019/2025 direct comparison,sum,
101024,Scandale,101024,Scandale,unchanged,,POSAS 2019/2025 direct comparison,sum,
101025,Strongoli,101025,Strongoli,unchanged,,POSAS 2019/2025 direct comparison,sum,
101026,Umbriatico,101026,Umbriatico,unchanged,,POSAS 2019/2025 direct comparison,sum,
101027,Verzino,101027,Verzino,unchanged,,POSAS 2019/2025 direct comparison,sum,
102001,Acquaro,102001,Acquaro,unchanged,,POSAS 2019/2025 direct comparison,sum,
102002,Arena,102002,Arena,unchanged,,POSAS 2019/2025 direct comparison,sum,
102003,Briatico,102003,Briatico,unchanged,,POSAS 2019/2025 direct comparison,sum,
102004,Brognaturo,102004,Brognaturo,unchanged,,POSAS 2019/2025 direct comparison,sum,
102005,Capistrano,102005,Capistrano,unchanged,,POSAS 2019/2025 direct comparison,sum,
102006,Cessaniti,102006,Cessaniti,unchanged,,POSAS 2019/2025 direct comparison,sum,
102007,Dasà,102007,Dasà,unchanged,,POSAS 2019/2025 direct comparison,sum,
102008,Dinami,102008,Dinami,unchanged,,POSAS 2019/2025 direct comparison,sum,
102009,Drapia,102009,Drapia,unchanged,,POSAS 2019/2025 direct comparison,sum,
102010,Fabrizia,102010,Fabrizia,unchanged,,POSAS 2019/2025 direct comparison,sum,
102011,Filadelfia,102011,Filadelfia,unchanged,,POSAS 2019/2025 direct comparison,sum,
102012,Filandari,102012,Filandari,unchanged,,POSAS 2019/2025 direct comparison,sum,
102013,Filogaso,102013,Filogaso,unchanged,,POSAS 2019/2025 direct comparison,sum,
102014,Francavilla Angitola,102014,Francavilla Angitola,unchanged,,POSAS 2019/2025 direct comparison,sum,
102015,Francica,102015,Francica,unchanged,,POSAS 2019/2025 direct comparison,sum,
102016,Gerocarne,102016,Gerocarne,unchanged,,POSAS 2019/2025 direct comparison,sum,
102017,Ionadi,102017,Ionadi,unchanged,,POSAS 2019/2025 direct comparison,sum,
102018,Joppolo,102018,Joppolo,unchanged,,POSAS 2019/2025 direct comparison,sum,
102019,Limbadi,102019,Limbadi,unchanged,,POSAS 2019/2025 direct comparison,sum,
102020,Maierato,102020,Maierato,unchanged,,POSAS 2019/2025 direct comparison,sum,
102021,Mileto,102021,Mileto,unchanged,,POSAS 2019/2025 direct comparison,sum,
102022,Mongiana,102022,Mongiana,unchanged,,POSAS 2019/2025 direct comparison,sum,
102023,Monterosso Calabro,102023,Monterosso Calabro,unchanged,,POSAS 2019/2025 direct comparison,sum,
102024,Nardodipace,102024,Nardodipace,unchanged,,POSAS 2019/2025 direct comparison,sum,
102025,Nicotera,102025,Nicotera,unchanged,,POSAS 2019/2025 direct comparison,sum,
102026,Parghelia,102026,Parghelia,unchanged,,POSAS 2019/2025 direct comparison,sum,
102027,Pizzo,102027,Pizzo,unchanged,,POSAS 2019/2025 direct comparison,sum,
102028,Pizzoni,102028,Pizzoni,unchanged,,POSAS 2019/2025 direct comparison,sum,
102029,Polia,102029,Polia,unchanged,,POSAS 2019/2025 direct comparison,sum,
102030,Ricadi,102030,Ricadi,unchanged,,POSAS 2019/2025 direct comparison,sum,
102031,Rombiolo,102031,Rombiolo,unchanged,,POSAS 2019/2025 direct comparison,sum,
102032,San Calogero,102032,San Calogero,unchanged,,POSAS 2019/2025 direct comparison,sum,
102033,San Costantino Calabro,102033,San Costantino Calabro,unchanged,,POSAS 2019/2025 direct comparison,sum,
102034,San Gregorio d'Ippona,102034,San Gregorio d'Ippona,unchanged,,POSAS 2019/2025 direct comparison,sum,
102035,San Nicola da Crissa,102035,San Nicola da Crissa,unchanged,,POSAS 2019/2025 direct comparison,sum,
102036,Sant'Onofrio,102036,Sant'Onofrio,unchanged,,POSAS 2019/2025 direct comparison,sum,
102037,Serra San Bruno,102037,Serra San Bruno,unchanged,,POSAS 2019/2025 direct comparison,sum,
102038,Simbario,102038,Simbario,unchanged,,POSAS 2019/2025 direct comparison,sum,
102039,Sorianello,102039,Sorianello,unchanged,,POSAS 2019/2025 direct comparison,sum,
102040,Soriano Calabro,102040,Soriano Calabro,unchanged,,POSAS 2019/2025 direct comparison,sum,
102041,Spadola,102041,Spadola,unchanged,,POSAS 2019/2025 direct comparison,sum,
102042,Spilinga,102042,Spilinga,unchanged,,POSAS 2019/2025 direct comparison,sum,
102043,Stefanaconi,102043,Stefanaconi,unchanged,,POSAS 2019/2025 direct comparison,sum,
102044,Tropea,102044,Tropea,unchanged,,POSAS 2019/2025 direct comparison,sum,
102045,Vallelonga,102045,Vallelonga,unchanged,,POSAS 2019/2025 direct comparison,sum,
102046,Vazzano,102046,Vazzano,unchanged,,POSAS 2019/2025 direct comparison,sum,
102047,Vibo Valentia,102047,Vibo Valentia,unchanged,,POSAS 2019/2025 direct comparison,sum,
102048,Zaccanopoli,102048,Zaccanopoli,unchanged,,POSAS 2019/2025 direct comparison,sum,
102049,Zambrone,102049,Zambrone,unchanged,,POSAS 2019/2025 direct comparison,sum,
102050,Zungri,102050,Zungri,unchanged,,POSAS 2019/2025 direct comparison,sum,
103001,Antrona Schieranco,103001,Antrona Schieranco,unchanged,,POSAS 2019/2025 direct comparison,sum,
103002,Anzola d'Ossola,103002,Anzola d'Ossola,unchanged,,POSAS 2019/2025 direct comparison,sum,
103003,Arizzano,103003,Arizzano,unchanged,,POSAS 2019/2025 direct comparison,sum,
103004,Arola,103004,Arola,unchanged,,POSAS 2019/2025 direct comparison,sum,
103005,Aurano,103005,Aurano,unchanged,,POSAS 2019/2025 direct comparison,sum,
103006,Baceno,103006,Baceno,unchanged,,POSAS 2019/2025 direct comparison,sum,
103007,Bannio Anzino,103007,Bannio Anzino,unchanged,,POSAS 2019/2025 direct comparison,sum,
103008,Baveno,103008,Baveno,unchanged,,POSAS 2019/2025 direct comparison,sum,
103009,Bee,103009,Bee,unchanged,,POSAS 2019/2025 direct comparison,sum,
103010,Belgirate,103010,Belgirate,unchanged,,POSAS 2019/2025 direct comparison,sum,
103011,Beura-Cardezza,103011,Beura-Cardezza,unchanged,,POSAS 2019/2025 direct comparison,sum,
103012,Bognanco,103012,Bognanco,unchanged,,POSAS 2019/2025 direct comparison,sum,
103013,Brovello-Carpugnino,103013,Brovello-Carpugnino,unchanged,,POSAS 2019/2025 direct comparison,sum,
103014,Calasca-Castiglione,103014,Calasca-Castiglione,unchanged,,POSAS 2019/2025 direct comparison,sum,
103015,Cambiasca,103015,Cambiasca,unchanged,,POSAS 2019/2025 direct comparison,sum,
103016,Cannero Riviera,103016,Cannero Riviera,unchanged,,POSAS 2019/2025 direct comparison,sum,
103017,Cannobio,103017,Cannobio,unchanged,,POSAS 2019/2025 direct comparison,sum,
103018,Caprezzo,103018,Caprezzo,unchanged,,POSAS 2019/2025 direct comparison,sum,
103019,Casale Corte Cerro,103019,Casale Corte Cerro,unchanged,,POSAS 2019/2025 direct comparison,sum,
103021,Ceppo Morelli,103021,Ceppo Morelli,unchanged,,POSAS 2019/2025 direct comparison,sum,
103022,Cesara,103022,Cesara,unchanged,,POSAS 2019/2025 direct comparison,sum,
103023,Cossogno,103023,Cossogno,unchanged,,POSAS 2019/2025 direct comparison,sum,
103024,Craveggia,103024,Craveggia,unchanged,,POSAS 2019/2025 direct comparison,sum,
103025,Crevoladossola,103025,Crevoladossola,unchanged,,POSAS 2019/2025 direct comparison,sum,
103026,Crodo,103026,Crodo,unchanged,,POSAS 2019/2025 direct comparison,sum,
103028,Domodossola,103028,Domodossola,unchanged,,POSAS 2019/2025 direct comparison,sum,
103029,Druogno,103029,Druogno,unchanged,,POSAS 2019/2025 direct comparison,sum,
103031,Formazza,103031,Formazza,unchanged,,POSAS 2019/2025 direct comparison,sum,
103032,Germagno,103032,Germagno,unchanged,,POSAS 2019/2025 direct comparison,sum,
103033,Ghiffa,103033,Ghiffa,unchanged,,POSAS 2019/2025 direct comparison,sum,
103034,Gignese,103034,Gignese,unchanged,,POSAS 2019/2025 direct comparison,sum,
103035,Gravellona Toce,103035,Gravellona Toce,unchanged,,POSAS 2019/2025 direct comparison,sum,
103036,Gurro,103036,Gurro,unchanged,,POSAS 2019/2025 direct comparison,sum,
103037,Intragna,103037,Intragna,unchanged,,POSAS 2019/2025 direct comparison,sum,
103038,Loreglia,103038,Loreglia,unchanged,,POSAS 2019/2025 direct comparison,sum,
103039,Macugnaga,103039,Macugnaga,unchanged,,POSAS 2019/2025 direct comparison,sum,
103040,Madonna del Sasso,103040,Madonna del Sasso,unchanged,,POSAS 2019/2025 direct comparison,sum,
103041,Malesco,103041,Malesco,unchanged,,POSAS 2019/2025 direct comparison,sum,
103042,Masera,103042,Masera,unchanged,,POSAS 2019/2025 direct comparison,sum,
103043,Massiola,103043,Massiola,unchanged,,POSAS 2019/2025 direct comparison,sum,
103044,Mergozzo,103044,Mergozzo,unchanged,,POSAS 2019/2025 direct comparison,sum,
103045,Miazzina,103045,Miazzina,unchanged,,POSAS 2019/2025 direct comparison,sum,
103046,Montecrestese,103046,Montecrestese,unchanged,,POSAS 2019/2025 direct comparison,sum,
103047,Montescheno,103047,Montescheno,unchanged,,POSAS 2019/2025 direct comparison,sum,
103048,Nonio,103048,Nonio,unchanged,,POSAS 2019/2025 direct comparison,sum,
103049,Oggebbio,103049,Oggebbio,unchanged,,POSAS 2019/2025 direct comparison,sum,
103050,Omegna,103050,Omegna,unchanged,,POSAS 2019/2025 direct comparison,sum,
103051,Ornavasso,103051,Ornavasso,unchanged,,POSAS 2019/2025 direct comparison,sum,
103052,Pallanzeno,103052,Pallanzeno,unchanged,,POSAS 2019/2025 direct comparison,sum,
103053,Piedimulera,103053,Piedimulera,unchanged,,POSAS 2019/2025 direct comparison,sum,
103054,Pieve Vergonte,103054,Pieve Vergonte,unchanged,,POSAS 2019/2025 direct comparison,sum,
103055,Premeno,103055,Premeno,unchanged,,POSAS 2019/2025 direct comparison,sum,
103056,Premia,103056,Premia,unchanged,,POSAS 2019/2025 direct comparison,sum,
103057,Premosello-Chiovenda,103057,Premosello-Chiovenda,unchanged,,POSAS 2019/2025 direct comparison,sum,
103058,Quarna Sopra,103058,Quarna Sopra,unchanged,,POSAS 2019/2025 direct comparison,sum,
103059,Quarna Sotto,103059,Quarna Sotto,unchanged,,POSAS 2019/2025 direct comparison,sum,
103060,Re,103060,Re,unchanged,,POSAS 2019/2025 direct comparison,sum,
103061,San Bernardino Verbano,103061,San Bernardino Verbano,unchanged,,POSAS 2019/2025 direct comparison,sum,
103062,Santa Maria Maggiore,103062,Santa Maria Maggiore,unchanged,,POSAS 2019/2025 direct comparison,sum,
103064,Stresa,103064,Stresa,unchanged,,POSAS 2019/2025 direct comparison,sum,
103065,Toceno,103065,Toceno,unchanged,,POSAS 2019/2025 direct comparison,sum,
103066,Trarego Viggiona,103066,Trarego Viggiona,unchanged,,POSAS 2019/2025 direct comparison,sum,
103067,Trasquera,103067,Trasquera,unchanged,,POSAS 2019/2025 direct comparison,sum,
103068,Trontano,103068,Trontano,unchanged,,POSAS 2019/2025 direct comparison,sum,
103069,Valstrona,103069,Valstrona,unchanged,,POSAS 2019/2025 direct comparison,sum,
103070,Vanzone con San Carlo,103070,Vanzone con San Carlo,unchanged,,POSAS 2019/2025 direct comparison,sum,
103071,Varzo,103071,Varzo,unchanged,,POSAS 2019/2025 direct comparison,sum,
103072,Verbania,103072,Verbania,unchanged,,POSAS 2019/2025 direct comparison,sum,
103074,Vignone,103074,Vignone,unchanged,,POSAS 2019/2025 direct comparison,sum,
103075,Villadossola,103075,Villadossola,unchanged,,POSAS 2019/2025 direct comparison,sum,
103076,Villette,103076,Villette,unchanged,,POSAS 2019/2025 direct comparison,sum,
103077,Vogogna,103077,Vogogna,unchanged,,POSAS 2019/2025 direct comparison,sum,
103078,Borgomezzavalle,103078,Borgomezzavalle,unchanged,,POSAS 2019/2025 direct comparison,sum,
103079,Valle Cannobina,103020,Cavaglio-Spoccia,fusion,2019-01-01,https://www.istat.it/storage/codici-unita-amministrative/Novita-2025-2017.pdf,sum,
103079,Valle Cannobina,103027,Cursolo-Orasso,fusion,2019-01-01,https://www.istat.it/storage/codici-unita-amministrative/Novita-2025-2017.pdf,sum,
103079,Valle Cannobina,103030,Falmenta,fusion,2019-01-01,https://www.istat.it/storage/codici-unita-amministrative/Novita-2025-2017.pdf,sum,
108001,Agrate Brianza,108001,Agrate Brianza,unchanged,,POSAS 2019/2025 direct comparison,sum,
108002,Aicurzio,108002,Aicurzio,unchanged,,POSAS 2019/2025 direct comparison,sum,
108003,Albiate,108003,Albiate,unchanged,,POSAS 2019/2025 direct comparison,sum,
108004,Arcore,108004,Arcore,unchanged,,POSAS 2019/2025 direct comparison,sum,
108005,Barlassina,108005,Barlassina,unchanged,,POSAS 2019/2025 direct comparison,sum,
108006,Bellusco,108006,Bellusco,unchanged,,POSAS 2019/2025 direct comparison,sum,
108007,Bernareggio,108007,Bernareggio,unchanged,,POSAS 2019/2025 direct comparison,sum,
108008,Besana in Brianza,108008,Besana in Brianza,unchanged,,POSAS 2019/2025 direct comparison,sum,
108009,Biassono,108009,Biassono,unchanged,,POSAS 2019/2025 direct comparison,sum,
108010,Bovisio-Masciago,108010,Bovisio-Masciago,unchanged,,POSAS 2019/2025 direct comparison,sum,
108011,Briosco,108011,Briosco,unchanged,,POSAS 2019/2025 direct comparison,sum,
108012,Brugherio,108012,Brugherio,unchanged,,POSAS 2019/2025 direct comparison,sum,
108013,Burago di Molgora,108013,Burago di Molgora,unchanged,,POSAS 2019/2025 direct comparison,sum,
108014,Camparada,108014,Camparada,unchanged,,POSAS 2019/2025 direct comparison,sum,
108015,Carate Brianza,108015,Carate Brianza,unchanged,,POSAS 2019/2025 direct comparison,sum,
108016,Carnate,108016,Carnate,unchanged,,POSAS 2019/2025 direct comparison,sum,
108017,Cavenago di Brianza,108017,Cavenago di Brianza,unchanged,,POSAS 2019/2025 direct comparison,sum,
108018,Ceriano Laghetto,108018,Ceriano Laghetto,unchanged,,POSAS 2019/2025 direct comparison,sum,
108019,Cesano Maderno,108019,Cesano Maderno,unchanged,,POSAS 2019/2025 direct comparison,sum,
108020,Cogliate,108020,Cogliate,unchanged,,POSAS 2019/2025 direct comparison,sum,
108021,Concorezzo,108021,Concorezzo,unchanged,,POSAS 2019/2025 direct comparison,sum,
108022,Correzzana,108022,Correzzana,unchanged,,POSAS 2019/2025 direct comparison,sum,
108023,Desio,108023,Desio,unchanged,,POSAS 2019/2025 direct comparison,sum,
108024,Giussano,108024,Giussano,unchanged,,POSAS 2019/2025 direct comparison,sum,
108025,Lazzate,108025,Lazzate,unchanged,,POSAS 2019/2025 direct comparison,sum,
108026,Lesmo,108026,Lesmo,unchanged,,POSAS 2019/2025 direct comparison,sum,
108027,Limbiate,108027,Limbiate,unchanged,,POSAS 2019/2025 direct comparison,sum,
108028,Lissone,108028,Lissone,unchanged,,POSAS 2019/2025 direct comparison,sum,
108029,Macherio,108029,Macherio,unchanged,,POSAS 2019/2025 direct comparison,sum,
108030,Meda,108030,Meda,unchanged,,POSAS 2019/2025 direct comparison,sum,
108031,Mezzago,108031,Mezzago,unchanged,,POSAS 2019/2025 direct comparison,sum,
108032,Misinto,108032,Misinto,unchanged,,POSAS 2019/2025 direct comparison,sum,
108033,Monza,108033,Monza,unchanged,,POSAS 2019/2025 direct comparison,sum,
108034,Muggiò,108034,Muggiò,unchanged,,POSAS 2019/2025 direct comparison,sum,
108035,Nova Milanese,108035,Nova Milanese,unchanged,,POSAS 2019/2025 direct comparison,sum,
108036,Ornago,108036,Ornago,unchanged,,POSAS 2019/2025 direct comparison,sum,
108037,Renate,108037,Renate,unchanged,,POSAS 2019/2025 direct comparison,sum,
108038,Ronco Briantino,108038,Ronco Briantino,unchanged,,POSAS 2019/2025 direct comparison,sum,
108039,Seregno,108039,Seregno,unchanged,,POSAS 2019/2025 direct comparison,sum,
108040,Seveso,108040,Seveso,unchanged,,POSAS 2019/2025 direct comparison,sum,
108041,Sovico,108041,Sovico,unchanged,,POSAS 2019/2025 direct comparison,sum,
108042,Sulbiate,108042,Sulbiate,unchanged,,POSAS 2019/2025 direct comparison,sum,
108043,Triuggio,108043,Triuggio,unchanged,,POSAS 2019/2025 direct comparison,sum,
108044,Usmate Velate,108044,Usmate Velate,unchanged,,POSAS 2019/2025 direct comparison,sum,
108045,Varedo,108045,Varedo,unchanged,,POSAS 2019/2025 direct comparison,sum,
108046,Vedano al Lambro,108046,Vedano al Lambro,unchanged,,POSAS 2019/2025 direct comparison,sum,
108047,Veduggio con Colzano,108047,Veduggio con Colzano,unchanged,,POSAS 2019/2025 direct comparison,sum,
108048,Verano Brianza,108048,Verano Brianza,unchanged,,POSAS 2019/2025 direct comparison,sum,
108049,Villasanta,108049,Villasanta,unchanged,,POSAS 2019/2025 direct comparison,sum,
108050,Vimercate,108050,Vimercate,unchanged,,POSAS 2019/2025 direct comparison,sum,
108051,Busnago,108051,Busnago,unchanged,,POSAS 2019/2025 direct comparison,sum,
108052,Caponago,108052,Caponago,unchanged,,POSAS 2019/2025 direct comparison,sum,
108053,Cornate d'Adda,108053,Cornate d'Adda,unchanged,,POSAS 2019/2025 direct comparison,sum,
108054,Lentate sul Seveso,108054,Lentate sul Seveso,unchanged,,POSAS 2019/2025 direct comparison,sum,
108055,Roncello,108055,Roncello,unchanged,,POSAS 2019/2025 direct comparison,sum,
109001,Altidona,109001,Altidona,unchanged,,POSAS 2019/2025 direct comparison,sum,
109002,Amandola,109002,Amandola,unchanged,,POSAS 2019/2025 direct comparison,sum,
109003,Belmonte Piceno,109003,Belmonte Piceno,unchanged,,POSAS 2019/2025 direct comparison,sum,
109004,Campofilone,109004,Campofilone,unchanged,,POSAS 2019/2025 direct comparison,sum,
109005,Falerone,109005,Falerone,unchanged,,POSAS 2019/2025 direct comparison,sum,
109006,Fermo,109006,Fermo,unchanged,,POSAS 2019/2025 direct comparison,sum,
109007,Francavilla d'Ete,109007,Francavilla d'Ete,unchanged,,POSAS 2019/2025 direct comparison,sum,
109008,Grottazzolina,109008,Grottazzolina,unchanged,,POSAS 2019/2025 direct comparison,sum,
109009,Lapedona,109009,Lapedona,unchanged,,POSAS 2019/2025 direct comparison,sum,
109010,Magliano di Tenna,109010,Magliano di Tenna,unchanged,,POSAS 2019/2025 direct comparison,sum,
109011,Massa Fermana,109011,Massa Fermana,unchanged,,POSAS 2019/2025 direct comparison,sum,
109012,Monsampietro Morico,109012,Monsampietro Morico,unchanged,,POSAS 2019/2025 direct comparison,sum,
109013,Montappone,109013,Montappone,unchanged,,POSAS 2019/2025 direct comparison,sum,
109014,Montefalcone Appennino,109014,Montefalcone Appennino,unchanged,,POSAS 2019/2025 direct comparison,sum,
109015,Montefortino,109015,Montefortino,unchanged,,POSAS 2019/2025 direct comparison,sum,
109016,Monte Giberto,109016,Monte Giberto,unchanged,,POSAS 2019/2025 direct comparison,sum,
109017,Montegiorgio,109017,Montegiorgio,unchanged,,POSAS 2019/2025 direct comparison,sum,
109018,Montegranaro,109018,Montegranaro,unchanged,,POSAS 2019/2025 direct comparison,sum,
109019,Monteleone di Fermo,109019,Monteleone di Fermo,unchanged,,POSAS 2019/2025 direct comparison,sum,
109020,Montelparo,109020,Montelparo,unchanged,,POSAS 2019/2025 direct comparison,sum,
109021,Monte Rinaldo,109021,Monte Rinaldo,unchanged,,POSAS 2019/2025 direct comparison,sum,
109022,Monterubbiano,109022,Monterubbiano,unchanged,,POSAS 2019/2025 direct comparison,sum,
109023,Monte San Pietrangeli,109023,Monte San Pietrangeli,unchanged,,POSAS 2019/2025 direct comparison,sum,
109024,Monte Urano,109024,Monte Urano,unchanged,,POSAS 2019/2025 direct comparison,sum,
109025,Monte Vidon Combatte,109025,Monte Vidon Combatte,unchanged,,POSAS 2019/2025 direct comparison,sum,
109026,Monte Vidon Corrado,109026,Monte Vidon Corrado,unchanged,,POSAS 2019/2025 direct comparison,sum,
109027,Montottone,109027,Montottone,unchanged,,POSAS 2019/2025 direct comparison,sum,
109028,Moresco,109028,Moresco,unchanged,,POSAS 2019/2025 direct comparison,sum,
109029,Ortezzano,109029,Ortezzano,unchanged,,POSAS 2019/2025 direct comparison,sum,
109030,Pedaso,109030,Pedaso,unchanged,,POSAS 2019/2025 direct comparison,sum,
109031,Petritoli,109031,Petritoli,unchanged,,POSAS 2019/2025 direct comparison,sum,
109032,Ponzano di Fermo,109032,Ponzano di Fermo,unchanged,,POSAS 2019/2025 direct comparison,sum,
109033,Porto San Giorgio,109033,Porto San Giorgio,unchanged,,POSAS 2019/2025 direct comparison,sum,
109034,Porto Sant'Elpidio,109034,Porto Sant'Elpidio,unchanged,,POSAS 2019/2025 direct comparison,sum,
109035,Rapagnano,109035,Rapagnano,unchanged,,POSAS 2019/2025 direct comparison,sum,
109036,Santa Vittoria in Matenano,109036,Santa Vittoria in Matenano,unchanged,,POSAS 2019/2025 direct comparison,sum,
109037,Sant'Elpidio a Mare,109037,Sant'Elpidio a Mare,unchanged,,POSAS 2019/2025 direct comparison,sum,
109038,Servigliano,109038,Servigliano,unchanged,,POSAS 2019/2025 direct comparison,sum,
109039,Smerillo,109039,Smerillo,unchanged,,POSAS 2019/2025 direct comparison,sum,
109040,Torre San Patrizio,109040,Torre San Patrizio,unchanged,,POSAS 2019/2025 direct comparison,sum,
110001,Andria,110001,Andria,unchanged,,POSAS 2019/2025 direct comparison,sum,
110002,Barletta,110002,Barletta,unchanged,,POSAS 2019/2025 direct comparison,sum,
110003,Bisceglie,110003,Bisceglie,unchanged,,POSAS 2019/2025 direct comparison,sum,
110004,Canosa di Puglia,110004,Canosa di Puglia,unchanged,,POSAS 2019/2025 direct comparison,sum,
110005,Margherita di Savoia,110005,Margherita di Savoia,unchanged,,POSAS 2019/2025 direct comparison,sum,
110006,Minervino Murge,110006,Minervino Murge,unchanged,,POSAS 2019/2025 direct comparison,sum,
110007,San Ferdinando di Puglia,110007,San Ferdinando di Puglia,unchanged,,POSAS 2019/2025 direct comparison,sum,
110008,Spinazzola,110008,Spinazzola,unchanged,,POSAS 2019/2025 direct comparison,sum,
110009,Trani,110009,Trani,unchanged,,POSAS 2019/2025 direct comparison,sum,
110010,Trinitapoli,110010,Trinitapoli,unchanged,,POSAS 2019/2025 direct comparison,sum,
111001,Arbus,111001,Arbus,unchanged,,POSAS 2019/2025 direct comparison,sum,
111002,Armungia,111002,Armungia,unchanged,,POSAS 2019/2025 direct comparison,sum,
111003,Ballao,111003,Ballao,unchanged,,POSAS 2019/2025 direct comparison,sum,
111004,Barrali,111004,Barrali,unchanged,,POSAS 2019/2025 direct comparison,sum,
111005,Barumini,111005,Barumini,unchanged,,POSAS 2019/2025 direct comparison,sum,
111006,Buggerru,111006,Buggerru,unchanged,,POSAS 2019/2025 direct comparison,sum,
111007,Burcei,111007,Burcei,unchanged,,POSAS 2019/2025 direct comparison,sum,
111008,Calasetta,111008,Calasetta,unchanged,,POSAS 2019/2025 direct comparison,sum,
111009,Carbonia,111009,Carbonia,unchanged,,POSAS 2019/2025 direct comparison,sum,
111010,Carloforte,111010,Carloforte,unchanged,,POSAS 2019/2025 direct comparison,sum,
111011,Castiadas,111011,Castiadas,unchanged,,POSAS 2019/2025 direct comparison,sum,
111012,Collinas,111012,Collinas,unchanged,,POSAS 2019/2025 direct comparison,sum,
111013,Decimoputzu,111013,Decimoputzu,unchanged,,POSAS 2019/2025 direct comparison,sum,
111014,Dolianova,111014,Dolianova,unchanged,,POSAS 2019/2025 direct comparison,sum,
111015,Domus de Maria,111015,Domus de Maria,unchanged,,POSAS 2019/2025 direct comparison,sum,
111016,Domusnovas,111016,Domusnovas,unchanged,,POSAS 2019/2025 direct comparison,sum,
111017,Donori,111017,Donori,unchanged,,POSAS 2019/2025 direct comparison,sum,
111018,Escalaplano,111018,Escalaplano,unchanged,,POSAS 2019/2025 direct comparison,sum,
111019,Escolca,111019,Escolca,unchanged,,POSAS 2019/2025 direct comparison,sum,
111020,Esterzili,111020,Esterzili,unchanged,,POSAS 2019/2025 direct comparison,sum,
111021,Fluminimaggiore,111021,Fluminimaggiore,unchanged,,POSAS 2019/2025 direct comparison,sum,
111022,Furtei,111022,Furtei,unchanged,,POSAS 2019/2025 direct comparison,sum,
111023,Genoni,111023,Genoni,unchanged,,POSAS 2019/2025 direct comparison,sum,
111024,Genuri,111024,Genuri,unchanged,,POSAS 2019/2025 direct comparison,sum,
111025,Gergei,111025,Gergei,unchanged,,POSAS 2019/2025 direct comparison,sum,
111026,Gesico,111026,Gesico,unchanged,,POSAS 2019/2025 direct comparison,sum,
111027,Gesturi,111027,Gesturi,unchanged,,POSAS 2019/2025 direct comparison,sum,
111028,Giba,111028,Giba,unchanged,,POSAS 2019/2025 direct comparison,sum,
111029,Goni,111029,Goni,unchanged,,POSAS 2019/2025 direct comparison,sum,
111030,Gonnesa,111030,Gonnesa,unchanged,,POSAS 2019/2025 direct comparison,sum,
111031,Gonnosfanadiga,111031,Gonnosfanadiga,unchanged,,POSAS 2019/2025 direct comparison,sum,
111032,Guamaggiore,111032,Guamaggiore,unchanged,,POSAS 2019/2025 direct comparison,sum,
111033,Guasila,111033,Guasila,unchanged,,POSAS 2019/2025 direct comparison,sum,
111034,Guspini,111034,Guspini,unchanged,,POSAS 2019/2025 direct comparison,sum,
111035,Iglesias,111035,Iglesias,unchanged,,POSAS 2019/2025 direct comparison,sum,
111036,Isili,111036,Isili,unchanged,,POSAS 2019/2025 direct comparison,sum,
111037,Las Plassas,111037,Las Plassas,unchanged,,POSAS 2019/2025 direct comparison,sum,
111038,Lunamatrona,111038,Lunamatrona,unchanged,,POSAS 2019/2025 direct comparison,sum,
111039,Mandas,111039,Mandas,unchanged,,POSAS 2019/2025 direct comparison,sum,
111040,Masainas,111040,Masainas,unchanged,,POSAS 2019/2025 direct comparison,sum,
111041,Monastir,111041,Monastir,unchanged,,POSAS 2019/2025 direct comparison,sum,
111042,Muravera,111042,Muravera,unchanged,,POSAS 2019/2025 direct comparison,sum,
111043,Musei,111043,Musei,unchanged,,POSAS 2019/2025 direct comparison,sum,
111044,Narcao,111044,Narcao,unchanged,,POSAS 2019/2025 direct comparison,sum,
111045,Nuragus,111045,Nuragus,unchanged,,POSAS 2019/2025 direct comparison,sum,
111046,Nurallao,111046,Nurallao,unchanged,,POSAS 2019/2025 direct comparison,sum,
111047,Nuraminis,111047,Nuraminis,unchanged,,POSAS 2019/2025 direct comparison,sum,
111048,Nurri,111048,Nurri,unchanged,,POSAS 2019/2025 direct comparison,sum,
111049,Nuxis,111049,Nuxis,unchanged,,POSAS 2019/2025 direct comparison,sum,
111050,Orroli,111050,Orroli,unchanged,,POSAS 2019/2025 direct comparison,sum,
111051,Ortacesus,111051,Ortacesus,unchanged,,POSAS 2019/2025 direct comparison,sum,
111052,Pabillonis,111052,Pabillonis,unchanged,,POSAS 2019/2025 direct comparison,sum,
111053,Pauli Arbarei,111053,Pauli Arbarei,unchanged,,POSAS 2019/2025 direct comparison,sum,
111054,Perdaxius,111054,Perdaxius,unchanged,,POSAS 2019/2025 direct comparison,sum,
111055,Pimentel,111055,Pimentel,unchanged,,POSAS 2019/2025 direct comparison,sum,
111056,Piscinas,111056,Piscinas,unchanged,,POSAS 2019/2025 direct comparison,sum,
111057,Portoscuso,111057,Portoscuso,unchanged,,POSAS 2019/2025 direct comparison,sum,
111058,Sadali,111058,Sadali,unchanged,,POSAS 2019/2025 direct comparison,sum,
111059,Samassi,111059,Samassi,unchanged,,POSAS 2019/2025 direct comparison,sum,
111060,Samatzai,111060,Samatzai,unchanged,,POSAS 2019/2025 direct comparison,sum,
111061,San Basilio,111061,San Basilio,unchanged,,POSAS 2019/2025 direct comparison,sum,
111062,San Gavino Monreale,111062,San Gavino Monreale,unchanged,,POSAS 2019/2025 direct comparison,sum,
111063,San Giovanni Suergiu,111063,San Giovanni Suergiu,unchanged,,POSAS 2019/2025 direct comparison,sum,
111064,San Nicolò Gerrei,111064,San Nicolò Gerrei,unchanged,,POSAS 2019/2025 direct comparison,sum,
111065,San Sperate,111065,San Sperate,unchanged,,POSAS 2019/2025 direct comparison,sum,
111066,San Vito,111066,San Vito,unchanged,,POSAS 2019/2025 direct comparison,sum,
111067,Sanluri,111067,Sanluri,unchanged,,POSAS 2019/2025 direct comparison,sum,
111068,Santadi,111068,Santadi,unchanged,,POSAS 2019/2025 direct comparison,sum,
111069,Sant'Andrea Frius,111069,Sant'Andrea Frius,unchanged,,POSAS 2019/2025 direct comparison,sum,
111070,Sant'Anna Arresi,111070,Sant'Anna Arresi,unchanged,,POSAS 2019/2025 direct comparison,sum,
111071,Sant'Antioco,111071,Sant'Antioco,unchanged,,POSAS 2019/2025 direct comparison,sum,
111072,Sardara,111072,Sardara,unchanged,,POSAS 2019/2025 direct comparison,sum,
111073,Segariu,111073,Segariu,unchanged,,POSAS 2019/2025 direct comparison,sum,
111074,Selegas,111074,Selegas,unchanged,,POSAS 2019/2025 direct comparison,sum,
111075,Senorbì,111075,Senorbì,unchanged,,POSAS 2019/2025 direct comparison,sum,
111076,Serdiana,111076,Serdiana,unchanged,,POSAS 2019/2025 direct comparison,sum,
111077,Serramanna,111077,Serramanna,unchanged,,POSAS 2019/2025 direct comparison,sum,
111078,Serrenti,111078,Serrenti,unchanged,,POSAS 2019/2025 direct comparison,sum,
111079,Serri,111079,Serri,unchanged,,POSAS 2019/2025 direct comparison,sum,
111080,Setzu,111080,Setzu,unchanged,,POSAS 2019/2025 direct comparison,sum,
111081,Seui,111081,Seui,unchanged,,POSAS 2019/2025 direct comparison,sum,
111082,Seulo,111082,Seulo,unchanged,,POSAS 2019/2025 direct comparison,sum,
111083,Siddi,111083,Siddi,unchanged,,POSAS 2019/2025 direct comparison,sum,
111084,Siliqua,111084,Siliqua,unchanged,,POSAS 2019/2025 direct comparison,sum,
111085,Silius,111085,Silius,unchanged,,POSAS 2019/2025 direct comparison,sum,
111086,Siurgus Donigala,111086,Siurgus Donigala,unchanged,,POSAS 2019/2025 direct comparison,sum,
111087,Soleminis,111087,Soleminis,unchanged,,POSAS 2019/2025 direct comparison,sum,
111088,Suelli,111088,Suelli,unchanged,,POSAS 2019/2025 direct comparison,sum,
111089,Teulada,111089,Teulada,unchanged,,POSAS 2019/2025 direct comparison,sum,
111090,Tratalias,111090,Tratalias,unchanged,,POSAS 2019/2025 direct comparison,sum,
111091,Tuili,111091,Tuili,unchanged,,POSAS 2019/2025 direct comparison,sum,
111092,Turri,111092,Turri,unchanged,,POSAS 2019/2025 direct comparison,sum,
111093,Ussana,111093,Ussana,unchanged,,POSAS 2019/2025 direct comparison,sum,
111094,Ussaramanna,111094,Ussaramanna,unchanged,,POSAS 2019/2025 direct comparison,sum,
111095,Vallermosa,111095,Vallermosa,unchanged,,POSAS 2019/2025 direct comparison,sum,
111096,Villacidro,111096,Villacidro,unchanged,,POSAS 2019/2025 direct comparison,sum,
111097,Villamar,111097,Villamar,unchanged,,POSAS 2019/2025 direct comparison,sum,
111098,Villamassargia,111098,Villamassargia,unchanged,,POSAS 2019/2025 direct comparison,sum,
111099,Villanova Tulo,111099,Villanova Tulo,unchanged,,POSAS 2019/2025 direct comparison,sum,
111100,Villanovaforru,111100,Villanovaforru,unchanged,,POSAS 2019/2025 direct comparison,sum,
111101,Villanovafranca,111101,Villanovafranca,unchanged,,POSAS 2019/2025 direct comparison,sum,
111102,Villaperuccio,111102,Villaperuccio,unchanged,,POSAS 2019/2025 direct comparison,sum,
111103,Villaputzu,111103,Villaputzu,unchanged,,POSAS 2019/2025 direct comparison,sum,
111104,Villasalto,111104,Villasalto,unchanged,,POSAS 2019/2025 direct comparison,sum,
111105,Villasimius,111105,Villasimius,unchanged,,POSAS 2019/2025 direct comparison,sum,
111106,Villasor,111106,Villasor,unchanged,,POSAS 2019/2025 direct comparison,sum,
111107,Villaspeciosa,111107,Villaspeciosa,unchanged,,POSAS 2019/2025 direct comparison,sum,
