library,isil,libraryName,municipality,municipalityName,region,statusCode,population2019,population2025,changePercent
https://ameliamorsellino.github.io/biblioteche-fantasma/resource/library/IT-CS0120,IT-CS0120,Biblioteca comunale,https://ameliamorsellino.github.io/biblioteche-fantasma/resource/municipality/078147,Terravecchia,CALABRIA,TEMPORANEAMENTE_CHIUSA,695,564,-18.848920863309353
https://ameliamorsellino.github.io/biblioteche-fantasma/resource/library/IT-CB0071,IT-CB0071,Biblioteca del Centro di lettura,https://ameliamorsellino.github.io/biblioteche-fantasma/resource/municipality/070045,Montemitro,MOLISE,TEMPORANEAMENTE_CHIUSA,337,274,-18.694362017804153
https://ameliamorsellino.github.io/biblioteche-fantasma/resource/library/IT-IS0055,IT-IS0055,Biblioteca del Centro sociale di educazione permanente,https://ameliamorsellino.github.io/biblioteche-fantasma/resource/municipality/094035,Pietrabbondante,MOLISE,TEMPORANEAMENTE_CHIUSA,706,579,-17.988668555240793
https://ameliamorsellino.github.io/biblioteche-fantasma/resource/library/IT-CS0113,IT-CS0113,Biblioteca comunale,https://ameliamorsellino.github.io/biblioteche-fantasma/resource/municipality/078137,Scala Coeli,CALABRIA,TEMPORANEAMENTE_CHIUSA,920,756,-17.82608695652174
https://ameliamorsellino.github.io/biblioteche-fantasma/resource/library/IT-CB0073,IT-CB0073,Biblioteca del Centro sociale di educazione permanente,https://ameliamorsellino.github.io/biblioteche-fantasma/resource/municipality/070077,Tavenna,MOLISE,TEMPORANEAMENTE_CHIUSA,679,559,-17.673048600883654
https://ameliamorsellino.github.io/biblioteche-fantasma/resource/library/IT-VV0043,IT-VV0043,Biblioteca comunale,https://ameliamorsellino.github.io/biblioteche-fantasma/resource/municipality/102024,Nardodipace,CALABRIA,TEMPORANEAMENTE_CHIUSA,1243,1029,-17.216411906677394
https://ameliamorsellino.github.io/biblioteche-fantasma/resource/library/IT-AQ0020,IT-AQ0020,Biblioteca comunale,https://ameliamorsellino.github.io/biblioteche-fantasma/resource/municipality/066024,Carapelle Calvisio,ABRUZZO,TEMPORANEAMENTE_CHIUSA,84,70,-16.666666666666664
https://ameliamorsellino.github.io/biblioteche-fantasma/resource/library/IT-CS0060,IT-CS0060,Biblioteca comunale Bruno da Longobucco,https://ameliamorsellino.github.io/biblioteche-fantasma/resource/municipality/078068,Longobucco,CALABRIA,TEMPORANEAMENTE_CHIUSA,2935,2490,-15.1618398637138
https://ameliamorsellino.github.io/biblioteche-fantasma/resource/library/IT-AP0081,IT-AP0081,Biblioteca comunale di Arquata del Tronto,https://ameliamorsellino.github.io/biblioteche-fantasma/resource/municipality/044006,Arquata del Tronto,MARCHE,SERVIZI_SOSPESI_CAUSA_SISMA,1091,926,-15.123739688359302
https://ameliamorsellino.github.io/biblioteche-fantasma/resource/library/IT-ME0003,IT-ME0003,Biblioteca comunale,https://ameliamorsellino.github.io/biblioteche-fantasma/resource/municipality/083002,Alì,SICILIA,TEMPORANEAMENTE_CHIUSA,724,615,-15.05524861878453
https://ameliamorsellino.github.io/biblioteche-fantasma/resource/library/IT-CB0035,IT-CB0035,Biblioteca comunale,https://ameliamorsellino.github.io/biblioteche-fantasma/resource/municipality/070035,Macchia Valfortore,MOLISE,TEMPORANEAMENTE_CHIUSA,536,456,-14.925373134328357
https://ameliamorsellino.github.io/biblioteche-fantasma/resource/library/IT-CN0253,IT-CN0253,Biblioteca civica di Sale S. Giovanni,https://ameliamorsellino.github.io/biblioteche-fantasma/resource/municipality/004200,Sale San Giovanni,PIEMONTE,TEMPORANEAMENTE_CHIUSA,169,144,-14.792899408284024
https://ameliamorsellino.github.io/biblioteche-fantasma/resource/library/IT-CB0105,IT-CB0105,Biblioteca comunale,https://ameliamorsellino.github.io/biblioteche-fantasma/resource/municipality/070058,Ripabottoni,MOLISE,TEMPORANEAMENTE_CHIUSA,490,419,-14.489795918367346
https://ameliamorsellino.github.io/biblioteche-fantasma/resource/library/IT-MT0052,IT-MT0052,Biblioteca comunale Rocco Scotellaro,https://ameliamorsellino.github.io/biblioteche-fantasma/resource/municipality/077026,San Mauro Forte,BASILICATA,TEMPORANEAMENTE_CHIUSA,1410,1208,-14.326241134751774
https://ameliamorsellino.github.io/biblioteche-fantasma/resource/library/IT-AL0205,IT-AL0205,Biblioteca civica,https://ameliamorsellino.github.io/biblioteche-fantasma/resource/municipality/006048,Castelletto d'Erro,PIEMONTE,TEMPORANEAMENTE_CHIUSA,148,127,-14.18918918918919
https://ameliamorsellino.github.io/biblioteche-fantasma/resource/library/IT-CB0022,IT-CB0022,Biblioteca comunale,https://ameliamorsellino.github.io/biblioteche-fantasma/resource/municipality/070019,Civitacampomarano,MOLISE,TEMPORANEAMENTE_CHIUSA,346,298,-13.872832369942195
https://ameliamorsellino.github.io/biblioteche-fantasma/resource/library/IT-IS0069,IT-IS0069,Biblioteca comunale,https://ameliamorsellino.github.io/biblioteche-fantasma/resource/municipality/094004,Belmonte del Sannio,MOLISE,TEMPORANEAMENTE_CHIUSA,707,610,-13.719943422913719
https://ameliamorsellino.github.io/biblioteche-fantasma/resource/library/IT-IS0037,IT-IS0037,Biblioteca comunale,https://ameliamorsellino.github.io/biblioteche-fantasma/resource/municipality/094046,Sant'Angelo del Pesco,MOLISE,TEMPORANEAMENTE_CHIUSA,358,310,-13.40782122905028
https://ameliamorsellino.github.io/biblioteche-fantasma/resource/library/IT-SP0029,IT-SP0029,Biblioteca comunale,https://ameliamorsellino.github.io/biblioteche-fantasma/resource/municipality/011014,Framura,LIGURIA,TEMPORANEAMENTE_CHIUSA,636,553,-13.050314465408805
https://ameliamorsellino.github.io/biblioteche-fantasma/resource/library/IT-CZ0130,IT-CZ0130,Biblioteca comunale,https://ameliamorsellino.github.io/biblioteche-fantasma/resource/municipality/079157,Zagarise,CALABRIA,TEMPORANEAMENTE_CHIUSA,1571,1366,-13.049013367281987
https://ameliamorsellino.github.io/biblioteche-fantasma/resource/library/IT-CL0014,IT-CL0014,Biblioteca comunale,https://ameliamorsellino.github.io/biblioteche-fantasma/resource/municipality/085008,Marianopoli,SICILIA,TEMPORANEAMENTE_CHIUSA,1767,1539,-12.903225806451612
https://ameliamorsellino.github.io/biblioteche-fantasma/resource/library/IT-SP0065,IT-SP0065,Biblioteca comunale Pia Parlanti,https://ameliamorsellino.github.io/biblioteche-fantasma/resource/municipality/011030,Vernazza,LIGURIA,TEMPORANEAMENTE_CHIUSA,800,697,-12.875
https://ameliamorsellino.github.io/biblioteche-fantasma/resource/library/IT-SP0091,IT-SP0091,Biblioteca civica (Punto di prestito Vernazza frazazione Corniglia),https://ameliamorsellino.github.io/biblioteche-fantasma/resource/municipality/011030,Vernazza,LIGURIA,TEMPORANEAMENTE_CHIUSA,800,697,-12.875
https://ameliamorsellino.github.io/biblioteche-fantasma/resource/library/IT-MC0192,IT-MC0192,Biblioteca dell'Archivio di Stato di Macerata. Sezione di Camerino,https://ameliamorsellino.github.io/biblioteche-fantasma/resource/municipality/043007,Camerino,MARCHE,SERVIZI_SOSPESI_CAUSA_SISMA,6857,5984,-12.731515239900832
https://ameliamorsellino.github.io/biblioteche-fantasma/resource/library/IT-CB0046,IT-CB0046,Biblioteca comunale,https://ameliamorsellino.github.io/biblioteche-fantasma/resource/municipality/070047,Montorio nei Frentani,MOLISE,TEMPORANEAMENTE_CHIUSA,397,347,-12.594458438287154
https://ameliamorsellino.github.io/biblioteche-fantasma/resource/library/IT-IS0040,IT-IS0040,Biblioteca comunale Luigi Mancini,https://ameliamorsellino.github.io/biblioteche-fantasma/resource/municipality/094048,Scapoli,MOLISE,TEMPORANEAMENTE_CHIUSA,656,576,-12.195121951219512
https://ameliamorsellino.github.io/biblioteche-fantasma/resource/library/IT-BI0020,IT-BI0020,Biblioteca civica Arnaldo Bertola,https://ameliamorsellino.github.io/biblioteche-fantasma/resource/municipality/096074,Valle San Nicolao,PIEMONTE,TEMPORANEAMENTE_CHIUSA,949,834,-12.118018967334036
https://ameliamorsellino.github.io/biblioteche-fantasma/resource/library/IT-MC0089,IT-MC0089,Biblioteca comunale,https://ameliamorsellino.github.io/biblioteche-fantasma/resource/municipality/043057,Visso,MARCHE,TEMPORANEAMENTE_CHIUSA,1053,926,-12.060778727445394
https://ameliamorsellino.github.io/biblioteche-fantasma/resource/library/IT-PA0012,IT-PA0012,Biblioteca comunale,https://ameliamorsellino.github.io/biblioteche-fantasma/resource/municipality/082012,Bompietro,SICILIA,TEMPORANEAMENTE_CHIUSA,1299,1143,-12.009237875288683
https://ameliamorsellino.github.io/biblioteche-fantasma/resource/library/IT-CH0094,IT-CH0094,Biblioteca comunale,https://ameliamorsellino.github.io/biblioteche-fantasma/resource/municipality/069075,Roccascalegna,ABRUZZO,TEMPORANEAMENTE_CHIUSA,1166,1027,-11.921097770154374
https://ameliamorsellino.github.io/biblioteche-fantasma/resource/library/IT-VV0014,IT-VV0014,Biblioteca comunale,https://ameliamorsellino.github.io/biblioteche-fantasma/resource/municipality/102023,Monterosso Calabro,CALABRIA,TEMPORANEAMENTE_CHIUSA,1639,1448,-11.653447223917022
https://ameliamorsellino.github.io/biblioteche-fantasma/resource/library/IT-UD0410,IT-UD0410,Biblioteca Comunale,https://ameliamorsellino.github.io/biblioteche-fantasma/resource/municipality/030094,Rigolato,FRIULI-VENEZIA GIULIA,TEMPORANEAMENTE_CHIUSA,414,367,-11.352657004830919
https://ameliamorsellino.github.io/biblioteche-fantasma/resource/library/IT-CB0025,IT-CB0025,Biblioteca comunale F. Berardinelli,https://ameliamorsellino.github.io/biblioteche-fantasma/resource/municipality/070025,Gambatesa,MOLISE,TEMPORANEAMENTE_CHIUSA,1402,1244,-11.269614835948644
https://ameliamorsellino.github.io/biblioteche-fantasma/resource/library/IT-CL0022,IT-CL0022,Biblioteca comunale,https://ameliamorsellino.github.io/biblioteche-fantasma/resource/municipality/085017,Santa Caterina Villarmosa,SICILIA,TEMPORANEAMENTE_CHIUSA,5074,4516,-10.997240835632637
https://ameliamorsellino.github.io/biblioteche-fantasma/resource/library/IT-CB0028,IT-CB0028,Biblioteca comunale,https://ameliamorsellino.github.io/biblioteche-fantasma/resource/municipality/070030,Jelsi,MOLISE,TEMPORANEAMENTE_CHIUSA,1748,1556,-10.983981693363845
https://ameliamorsellino.github.io/biblioteche-fantasma/resource/library/IT-CB0120,IT-CB0120,Biblioteca del Centro di lettura,https://ameliamorsellino.github.io/biblioteche-fantasma/resource/municipality/070024,Fossalto,MOLISE,TEMPORANEAMENTE_CHIUSA,1260,1123,-10.873015873015873
https://ameliamorsellino.github.io/biblioteche-fantasma/resource/library/IT-RC0100,IT-RC0100,Biblioteca comunale,https://ameliamorsellino.github.io/biblioteche-fantasma/resource/municipality/080062,Portigliola,CALABRIA,TEMPORANEAMENTE_CHIUSA,1148,1026,-10.627177700348431
https://ameliamorsellino.github.io/biblioteche-fantasma/resource/library/IT-SS0033,IT-SS0033,Biblioteca comunale G. Rodari ,https://ameliamorsellino.github.io/biblioteche-fantasma/resource/municipality/090042,Mores,SARDEGNA,TEMPORANEAMENTE_CHIUSA,1912,1710,-10.564853556485355
https://ameliamorsellino.github.io/biblioteche-fantasma/resource/library/IT-AV0038,IT-AV0038,Biblioteca comunale Giandonato Giordano Sindaco di Guardia Lombardi 1992-2001,https://ameliamorsellino.github.io/biblioteche-fantasma/resource/municipality/064040,Guardia Lombardi,CAMPANIA,TEMPORANEAMENTE_CHIUSA,1625,1455,-10.461538461538462
https://ameliamorsellino.github.io/biblioteche-fantasma/resource/library/IT-AG0036,IT-AG0036,Biblioteca comunale,https://ameliamorsellino.github.io/biblioteche-fantasma/resource/municipality/084035,San Biagio Platani,SICILIA,TEMPORANEAMENTE_CHIUSA,3102,2778,-10.444874274661508
https://ameliamorsellino.github.io/biblioteche-fantasma/resource/library/IT-EN0013,IT-EN0013,Biblioteca comunale,https://ameliamorsellino.github.io/biblioteche-fantasma/resource/municipality/086010,Gagliano Castelferrato,SICILIA,TEMPORANEAMENTE_CHIUSA,3509,3148,-10.287831290966087
https://ameliamorsellino.github.io/biblioteche-fantasma/resource/library/IT-FG0005,IT-FG0005,Biblioteca comunale,https://ameliamorsellino.github.io/biblioteche-fantasma/resource/municipality/071003,Anzano di Puglia,PUGLIA,TEMPORANEAMENTE_CHIUSA,1196,1075,-10.117056856187292
https://ameliamorsellino.github.io/biblioteche-fantasma/resource/library/IT-CL0020,IT-CL0020,Biblioteca comunale Leonardo Sciascia,https://ameliamorsellino.github.io/biblioteche-fantasma/resource/municipality/085014,Resuttano,SICILIA,TEMPORANEAMENTE_CHIUSA,1900,1709,-10.052631578947368
https://ameliamorsellino.github.io/biblioteche-fantasma/resource/library/IT-RI0069,IT-RI0069,Biblioteca comunale. Sezione Convento dei padri cappuccini,https://ameliamorsellino.github.io/biblioteche-fantasma/resource/municipality/057033,Leonessa,LAZIO,SERVIZI_SOSPESI_CAUSA_SISMA,2277,2051,-9.92534036012297
https://ameliamorsellino.github.io/biblioteche-fantasma/resource/library/IT-ME0012,IT-ME0012,Biblioteca comunale,https://ameliamorsellino.github.io/biblioteche-fantasma/resource/municipality/083012,Casalvecchio Siculo,SICILIA,TEMPORANEAMENTE_CHIUSA,776,699,-9.922680412371134
https://ameliamorsellino.github.io/biblioteche-fantasma/resource/library/IT-CB0063,IT-CB0063,Biblioteca comunale,https://ameliamorsellino.github.io/biblioteche-fantasma/resource/municipality/070072,Santa Croce di Magliano,MOLISE,TEMPORANEAMENTE_CHIUSA,4302,3876,-9.902370990237099
https://ameliamorsellino.github.io/biblioteche-fantasma/resource/library/IT-IS0032,IT-IS0032,Biblioteca comunale,https://ameliamorsellino.github.io/biblioteche-fantasma/resource/municipality/094041,Roccasicura,MOLISE,TEMPORANEAMENTE_CHIUSA,521,470,-9.788867562380037
https://ameliamorsellino.github.io/biblioteche-fantasma/resource/library/IT-AT0131,IT-AT0131,Biblioteca civica di Cinaglio,https://ameliamorsellino.github.io/biblioteche-fantasma/resource/municipality/005039,Cinaglio,PIEMONTE,TEMPORANEAMENTE_CHIUSA,441,398,-9.750566893424036
https://ameliamorsellino.github.io/biblioteche-fantasma/resource/library/IT-PV0509,IT-PV0509,Biblioteca pubblica comunale,https://ameliamorsellino.github.io/biblioteche-fantasma/resource/municipality/018058,Costa de' Nobili,LOMBARDIA,TEMPORANEAMENTE_CHIUSA,391,353,-9.718670076726342
https://ameliamorsellino.github.io/biblioteche-fantasma/resource/library/IT-CS0032,IT-CS0032,Biblioteca comunale,https://ameliamorsellino.github.io/biblioteche-fantasma/resource/municipality/078041,Civita,CALABRIA,TEMPORANEAMENTE_CHIUSA,887,801,-9.695603156708005
https://ameliamorsellino.github.io/biblioteche-fantasma/resource/library/IT-RC0142,IT-RC0142,Biblioteca comunale Cesare Pavese,https://ameliamorsellino.github.io/biblioteche-fantasma/resource/municipality/080014,Brancaleone,CALABRIA,TEMPORANEAMENTE_CHIUSA,3478,3142,-9.660724554341575
https://ameliamorsellino.github.io/biblioteche-fantasma/resource/library/IT-CR0181,IT-CR0181,Biblioteca comunale,https://ameliamorsellino.github.io/biblioteche-fantasma/resource/municipality/019106,Tornata,LOMBARDIA,TEMPORANEAMENTE_CHIUSA,456,413,-9.429824561403509
https://ameliamorsellino.github.io/biblioteche-fantasma/resource/library/IT-PT0038,IT-PT0038,Biblioteca comunale Giuseppe Lipparini,https://ameliamorsellino.github.io/biblioteche-fantasma/resource/municipality/047023,Abetone Cutigliano,TOSCANA,TEMPORANEAMENTE_CHIUSA,2019,1829,-9.41059930658742
https://ameliamorsellino.github.io/biblioteche-fantasma/resource/library/IT-CZ0024,IT-CZ0024,Biblioteca comunale,https://ameliamorsellino.github.io/biblioteche-fantasma/resource/municipality/079027,Cerva,CALABRIA,TEMPORANEAMENTE_CHIUSA,1140,1034,-9.298245614035087
https://ameliamorsellino.github.io/biblioteche-fantasma/resource/library/IT-FG0097,IT-FG0097,Biblioteca comunale Alfredo Petrucci,https://ameliamorsellino.github.io/biblioteche-fantasma/resource/municipality/071049,San Nicandro Garganico,PUGLIA,TEMPORANEAMENTE_CHIUSA,14859,13485,-9.24692105794468
https://ameliamorsellino.github.io/biblioteche-fantasma/resource/library/IT-PE0050,IT-PE0050,Biblioteca regionale - Penne,https://ameliamorsellino.github.io/biblioteche-fantasma/resource/municipality/068027,Penne,ABRUZZO,TEMPORANEAMENTE_CHIUSA,12111,11005,-9.132193873338288
https://ameliamorsellino.github.io/biblioteche-fantasma/resource/library/IT-BN0073,IT-BN0073,Biblioteca comunale Luigi Ventura,https://ameliamorsellino.github.io/biblioteche-fantasma/resource/municipality/062011,Buonalbergo,CAMPANIA,SERVIZI_SOSPESI_CAUSA_SISMA,1656,1506,-9.057971014492754
https://ameliamorsellino.github.io/biblioteche-fantasma/resource/library/IT-IS0053,IT-IS0053,Biblioteca del Centro di lettura,https://ameliamorsellino.github.io/biblioteche-fantasma/resource/municipality/094031,Pesche,MOLISE,TEMPORANEAMENTE_CHIUSA,1624,1477,-9.051724137931034
https://ameliamorsellino.github.io/biblioteche-fantasma/resource/library/IT-ME0363,IT-ME0363,Biblioteca comunale,https://ameliamorsellino.github.io/biblioteche-fantasma/resource/municipality/083090,San Teodoro,SICILIA,TEMPORANEAMENTE_CHIUSA,1329,1209,-9.029345372460497
https://ameliamorsellino.github.io/biblioteche-fantasma/resource/library/IT-CB0074,IT-CB0074,Biblioteca del Centro sociale di educazione permanente,https://ameliamorsellino.github.io/biblioteche-fantasma/resource/municipality/070042,Montecilfone,MOLISE,TEMPORANEAMENTE_CHIUSA,1320,1201,-9.015151515151516
https://ameliamorsellino.github.io/biblioteche-fantasma/resource/library/IT-SV0048,IT-SV0048,Biblioteca civica,https://ameliamorsellino.github.io/biblioteche-fantasma/resource/municipality/009063,Urbe,LIGURIA,TEMPORANEAMENTE_CHIUSA,707,644,-8.91089108910891
https://ameliamorsellino.github.io/biblioteche-fantasma/resource/library/IT-SP0063,IT-SP0063,Biblioteca civica,https://ameliamorsellino.github.io/biblioteche-fantasma/resource/municipality/011029,Varese Ligure,LIGURIA,TEMPORANEAMENTE_CHIUSA,1916,1746,-8.872651356993737
https://ameliamorsellino.github.io/biblioteche-fantasma/resource/library/IT-CR0068,IT-CR0068,Biblioteca comunale,https://ameliamorsellino.github.io/biblioteche-fantasma/resource/municipality/019040,Derovere,LOMBARDIA,TEMPORANEAMENTE_CHIUSA,306,279,-8.823529411764707
https://ameliamorsellino.github.io/biblioteche-fantasma/resource/library/IT-PT0065,IT-PT0065,BIBLIOTECA COMUNALE FRANCESCO MARTINI,https://ameliamorsellino.github.io/biblioteche-fantasma/resource/municipality/047018,Sambuca Pistoiese,TOSCANA,TEMPORANEAMENTE_CHIUSA,1539,1404,-8.771929824561402
https://ameliamorsellino.github.io/biblioteche-fantasma/resource/library/IT-MS0009,IT-MS0009,Biblioteca civica Ubaldo Formentini,https://ameliamorsellino.github.io/biblioteche-fantasma/resource/municipality/045004,Casola in Lunigiana,TOSCANA,SERVIZI_SOSPESI_CAUSA_SISMA,999,912,-8.708708708708707
https://ameliamorsellino.github.io/biblioteche-fantasma/resource/library/IT-SS0178,IT-SS0178,Biblioteca comunale,https://ameliamorsellino.github.io/biblioteche-fantasma/resource/municipality/090020,Burgos,SARDEGNA,TEMPORANEAMENTE_CHIUSA,899,821,-8.676307007786429
https://ameliamorsellino.github.io/biblioteche-fantasma/resource/library/IT-ME0388,IT-ME0388,Biblioteca Giuseppe Verdi,https://ameliamorsellino.github.io/biblioteche-fantasma/resource/municipality/083020,Ficarra,SICILIA,TEMPORANEAMENTE_CHIUSA,1393,1273,-8.614501076812635
https://ameliamorsellino.github.io/biblioteche-fantasma/resource/library/IT-AV0090,IT-AV0090,Biblioteca comunale,https://ameliamorsellino.github.io/biblioteche-fantasma/resource/municipality/064118,Villanova del Battista,CAMPANIA,TEMPORANEAMENTE_CHIUSA,1591,1454,-8.610936517913261
https://ameliamorsellino.github.io/biblioteche-fantasma/resource/library/IT-PV0005,IT-PV0005,Biblioteca A. Frank,https://ameliamorsellino.github.io/biblioteche-fantasma/resource/municipality/018011,Bastida Pancarana,LOMBARDIA,TEMPORANEAMENTE_CHIUSA,993,908,-8.559919436052366
https://ameliamorsellino.github.io/biblioteche-fantasma/resource/library/IT-CS0095,IT-CS0095,Biblioteca comunale,https://ameliamorsellino.github.io/biblioteche-fantasma/resource/municipality/078113,San Cosmo Albanese,CALABRIA,TEMPORANEAMENTE_CHIUSA,601,550,-8.48585690515807
https://ameliamorsellino.github.io/biblioteche-fantasma/resource/library/IT-FG0154,IT-FG0154,Biblioteca della Comunità montana del Gargano,https://ameliamorsellino.github.io/biblioteche-fantasma/resource/municipality/071033,Monte Sant'Angelo,PUGLIA,TEMPORANEAMENTE_CHIUSA,12024,11006,-8.466400532268796
https://ameliamorsellino.github.io/biblioteche-fantasma/resource/library/IT-BI0019,IT-BI0019,Biblioteca comunale Valle Mosso,https://ameliamorsellino.github.io/biblioteche-fantasma/resource/municipality/096088,Valdilana,PIEMONTE,TEMPORANEAMENTE_CHIUSA,10825,9911,-8.443418013856812
https://ameliamorsellino.github.io/biblioteche-fantasma/resource/library/IT-RO0083,IT-RO0083,Biblioteca comunale di Pettorazza Grimani,https://ameliamorsellino.github.io/biblioteche-fantasma/resource/municipality/029035,Pettorazza Grimani,VENETO,TEMPORANEAMENTE_CHIUSA,1540,1410,-8.441558441558442
https://ameliamorsellino.github.io/biblioteche-fantasma/resource/library/IT-SS0179,IT-SS0179,Biblioteca comunale Ardara,https://ameliamorsellino.github.io/biblioteche-fantasma/resource/municipality/090005,Ardara,SARDEGNA,TEMPORANEAMENTE_CHIUSA,766,702,-8.355091383812011
https://ameliamorsellino.github.io/biblioteche-fantasma/resource/library/IT-IS0026,IT-IS0026,Biblioteca comunale,https://ameliamorsellino.github.io/biblioteche-fantasma/resource/municipality/094033,Pescopennataro,MOLISE,TEMPORANEAMENTE_CHIUSA,252,231,-8.333333333333332
https://ameliamorsellino.github.io/biblioteche-fantasma/resource/library/IT-SS0122,IT-SS0122,Biblioteca comunale Gen. G. Casula,https://ameliamorsellino.github.io/biblioteche-fantasma/resource/municipality/090078,Villanova Monteleone,SARDEGNA,TEMPORANEAMENTE_CHIUSA,2245,2058,-8.329621380846325
https://ameliamorsellino.github.io/biblioteche-fantasma/resource/library/IT-MC0145,IT-MC0145,Biblioteca del Monastero S. Maria della Rosa,https://ameliamorsellino.github.io/biblioteche-fantasma/resource/municipality/043048,Sant'Angelo in Pontano,MARCHE,SERVIZI_SOSPESI_CAUSA_SISMA,1348,1236,-8.30860534124629
https://ameliamorsellino.github.io/biblioteche-fantasma/resource/library/IT-CL0004,IT-CL0004,Biblioteca comunale,https://ameliamorsellino.github.io/biblioteche-fantasma/resource/municipality/085003,Butera,SICILIA,TEMPORANEAMENTE_CHIUSA,4447,4079,-8.2752417360018
https://ameliamorsellino.github.io/biblioteche-fantasma/resource/library/IT-PZ0090,IT-PZ0090,Biblioteca comunale,https://ameliamorsellino.github.io/biblioteche-fantasma/resource/municipality/076067,Ripacandida,BASILICATA,TEMPORANEAMENTE_CHIUSA,1680,1541,-8.273809523809524
https://ameliamorsellino.github.io/biblioteche-fantasma/resource/library/IT-PZ0113,IT-PZ0113,Biblioteca comunale,https://ameliamorsellino.github.io/biblioteche-fantasma/resource/municipality/076086,Spinoso,BASILICATA,TEMPORANEAMENTE_CHIUSA,1406,1290,-8.250355618776672
https://ameliamorsellino.github.io/biblioteche-fantasma/resource/library/IT-RC0021,IT-RC0021,Biblioteca comunale,https://ameliamorsellino.github.io/biblioteche-fantasma/resource/municipality/080026,Ciminà,CALABRIA,TEMPORANEAMENTE_CHIUSA,558,512,-8.24372759856631
https://ameliamorsellino.github.io/biblioteche-fantasma/resource/library/IT-MT0017,IT-MT0017,Biblioteca comunale Vincenzo Lorusso,https://ameliamorsellino.github.io/biblioteche-fantasma/resource/municipality/077011,Grassano,BASILICATA,TEMPORANEAMENTE_CHIUSA,4987,4578,-8.20132344094646
https://ameliamorsellino.github.io/biblioteche-fantasma/resource/library/IT-AV0048,IT-AV0048,Biblioteca comunale,https://ameliamorsellino.github.io/biblioteche-fantasma/resource/municipality/064052,Montecalvo Irpino,CAMPANIA,TEMPORANEAMENTE_CHIUSA,3551,3262,-8.138552520416784
https://ameliamorsellino.github.io/biblioteche-fantasma/resource/library/IT-CT0021,IT-CT0021,Biblioteca Villadicanense,https://ameliamorsellino.github.io/biblioteche-fantasma/resource/municipality/087014,Castiglione di Sicilia,SICILIA,TEMPORANEAMENTE_CHIUSA,3112,2859,-8.129820051413882
https://ameliamorsellino.github.io/biblioteche-fantasma/resource/library/IT-CE0194,IT-CE0194,Biblioteca Comunale Safina,https://ameliamorsellino.github.io/biblioteche-fantasma/resource/municipality/061041,Gioia Sannitica,CAMPANIA,TEMPORANEAMENTE_CHIUSA,3507,3222,-8.126603934987168
https://ameliamorsellino.github.io/biblioteche-fantasma/resource/library/IT-PZ0130,IT-PZ0130,Biblioteca Vescovile di Muro Lucano,https://ameliamorsellino.github.io/biblioteche-fantasma/resource/municipality/076053,Muro Lucano,BASILICATA,TEMPORANEAMENTE_CHIUSA,5275,4847,-8.113744075829384
https://ameliamorsellino.github.io/biblioteche-fantasma/resource/library/IT-PZ0168,IT-PZ0168,Biblioteca comunale,https://ameliamorsellino.github.io/biblioteche-fantasma/resource/municipality/076053,Muro Lucano,BASILICATA,TEMPORANEAMENTE_CHIUSA,5275,4847,-8.113744075829384
https://ameliamorsellino.github.io/biblioteche-fantasma/resource/library/IT-IS0012,IT-IS0012,Biblioteca comunale,https://ameliamorsellino.github.io/biblioteche-fantasma/resource/municipality/094015,Chiauci,MOLISE,SERVIZI_SOSPESI_CAUSA_SISMA,210,193,-8.095238095238095
https://ameliamorsellino.github.io/biblioteche-fantasma/resource/library/IT-AP0027,IT-AP0027,Biblioteca comunale Francesco Vecchioli,https://ameliamorsellino.github.io/biblioteche-fantasma/resource/municipality/109020,Montelparo,MARCHE,TEMPORANEAMENTE_CHIUSA,745,685,-8.053691275167784
https://ameliamorsellino.github.io/biblioteche-fantasma/resource/library/IT-VV0025,IT-VV0025,Biblioteca comunale,https://ameliamorsellino.github.io/biblioteche-fantasma/resource/municipality/102036,Sant'Onofrio,CALABRIA,TEMPORANEAMENTE_CHIUSA,2981,2742,-8.017443810801744
https://ameliamorsellino.github.io/biblioteche-fantasma/resource/library/IT-MC0082,IT-MC0082,Biblioteca comunale Filelfica,https://ameliamorsellino.github.io/biblioteche-fantasma/resource/municipality/043053,Tolentino,MARCHE,SERVIZI_SOSPESI_CAUSA_SISMA,19045,17557,-7.813074297715936
https://ameliamorsellino.github.io/biblioteche-fantasma/resource/library/IT-IS0067,IT-IS0067,Biblioteca comunale,https://ameliamorsellino.github.io/biblioteche-fantasma/resource/municipality/094026,Macchiagodena,MOLISE,TEMPORANEAMENTE_CHIUSA,1800,1660,-7.777777777777778
https://ameliamorsellino.github.io/biblioteche-fantasma/resource/library/IT-AQ0109,IT-AQ0109,Biblioteca comunale Publio Ovidio Nasone,https://ameliamorsellino.github.io/biblioteche-fantasma/resource/municipality/066098,Sulmona,ABRUZZO,TEMPORANEAMENTE_CHIUSA,23588,21759,-7.7539426827200275
https://ameliamorsellino.github.io/biblioteche-fantasma/resource/library/IT-BN0093,IT-BN0093,Biblioteca comunale,https://ameliamorsellino.github.io/biblioteche-fantasma/resource/municipality/062057,San Bartolomeo in Galdo,CAMPANIA,TEMPORANEAMENTE_CHIUSA,4607,4254,-7.662253093119166
https://ameliamorsellino.github.io/biblioteche-fantasma/resource/library/IT-BG0167,IT-BG0167,Biblioteca comunale,https://ameliamorsellino.github.io/biblioteche-fantasma/resource/municipality/016145,Olmo al Brembo,LOMBARDIA,TEMPORANEAMENTE_CHIUSA,496,458,-7.661290322580645
https://ameliamorsellino.github.io/biblioteche-fantasma/resource/library/IT-RC0073,IT-RC0073,Biblioteca comunale Giuseppe Dieni,https://ameliamorsellino.github.io/biblioteche-fantasma/resource/municipality/080079,Sant'Agata del Bianco,CALABRIA,TEMPORANEAMENTE_CHIUSA,591,546,-7.614213197969544
https://ameliamorsellino.github.io/biblioteche-fantasma/resource/library/IT-CA0293,IT-CA0293,Biblioteca del gruppo archeologico NEAPOLIS,https://ameliamorsellino.github.io/biblioteche-fantasma/resource/municipality/111034,Guspini,SARDEGNA,TEMPORANEAMENTE_CHIUSA,11589,10709,-7.593407541634309
https://ameliamorsellino.github.io/biblioteche-fantasma/resource/library/IT-PU0016,IT-PU0016,Biblioteca comunale,https://ameliamorsellino.github.io/biblioteche-fantasma/resource/municipality/099021,Casteldelci,EMILIA-ROMAGNA,TEMPORANEAMENTE_CHIUSA,383,354,-7.5718015665796345
https://ameliamorsellino.github.io/biblioteche-fantasma/resource/library/IT-VC0112,IT-VC0112,Biblioteca civica,https://ameliamorsellino.github.io/biblioteche-fantasma/resource/municipality/002065,Greggio,PIEMONTE,TEMPORANEAMENTE_CHIUSA,347,321,-7.492795389048991
https://ameliamorsellino.github.io/biblioteche-fantasma/resource/library/IT-CS0064,IT-CS0064,Biblioteca comunale,https://ameliamorsellino.github.io/biblioteche-fantasma/resource/municipality/078073,Malvito,CALABRIA,TEMPORANEAMENTE_CHIUSA,1737,1608,-7.4265975820379975
https://ameliamorsellino.github.io/biblioteche-fantasma/resource/library/IT-CB0066,IT-CB0066,Biblioteca Trotta,https://ameliamorsellino.github.io/biblioteche-fantasma/resource/municipality/070080,Toro,MOLISE,TEMPORANEAMENTE_CHIUSA,1327,1229,-7.385079125847777
https://ameliamorsellino.github.io/biblioteche-fantasma/resource/library/IT-PV0324,IT-PV0324,Biblioteca comunale,https://ameliamorsellino.github.io/biblioteche-fantasma/resource/municipality/018094,Montalto Pavese,LOMBARDIA,TEMPORANEAMENTE_CHIUSA,886,821,-7.336343115124154
https://ameliamorsellino.github.io/biblioteche-fantasma/resource/library/IT-UD0424,IT-UD0424,Biblioteca comunale,https://ameliamorsellino.github.io/biblioteche-fantasma/resource/municipality/030085,Prepotto,FRIULI-VENEZIA GIULIA,TEMPORANEAMENTE_CHIUSA,753,698,-7.3041168658698545
https://ameliamorsellino.github.io/biblioteche-fantasma/resource/library/IT-AQ0037,IT-AQ0037,Biblioteca comunale,https://ameliamorsellino.github.io/biblioteche-fantasma/resource/municipality/066041,Corfinio,ABRUZZO,TEMPORANEAMENTE_CHIUSA,1023,949,-7.233626588465299
https://ameliamorsellino.github.io/biblioteche-fantasma/resource/library/IT-ME0011,IT-ME0011,Biblioteca comunale,https://ameliamorsellino.github.io/biblioteche-fantasma/resource/municipality/083011,Caronia,SICILIA,TEMPORANEAMENTE_CHIUSA,3184,2954,-7.223618090452261
https://ameliamorsellino.github.io/biblioteche-fantasma/resource/library/IT-CN0215,IT-CN0215,Biblioteca civica,https://ameliamorsellino.github.io/biblioteche-fantasma/resource/municipality/004136,Montanera,PIEMONTE,TEMPORANEAMENTE_CHIUSA,748,694,-7.219251336898395
https://ameliamorsellino.github.io/biblioteche-fantasma/resource/library/IT-AP0071,IT-AP0071,Biblioteca del Convento dei cappuccini,https://ameliamorsellino.github.io/biblioteche-fantasma/resource/municipality/044054,Offida,MARCHE,TEMPORANEAMENTE_CHIUSA,4932,4581,-7.116788321167883
https://ameliamorsellino.github.io/biblioteche-fantasma/resource/library/IT-AL0048,IT-AL0048,Biblioteca civica,https://ameliamorsellino.github.io/biblioteche-fantasma/resource/municipality/006094,Mirabello Monferrato,PIEMONTE,TEMPORANEAMENTE_CHIUSA,1293,1201,-7.11523588553751
https://ameliamorsellino.github.io/biblioteche-fantasma/resource/library/IT-AQ0019,IT-AQ0019,Biblioteca comunale,https://ameliamorsellino.github.io/biblioteche-fantasma/resource/municipality/066021,Capitignano,ABRUZZO,TEMPORANEAMENTE_CHIUSA,649,603,-7.0878274268104775
https://ameliamorsellino.github.io/biblioteche-fantasma/resource/library/IT-AL0187,IT-AL0187,Biblioteca civica,https://ameliamorsellino.github.io/biblioteche-fantasma/resource/municipality/006072,Frassinello Monferrato,PIEMONTE,TEMPORANEAMENTE_CHIUSA,499,464,-7.014028056112225
https://ameliamorsellino.github.io/biblioteche-fantasma/resource/library/IT-CH0006,IT-CH0006,Biblioteca comunale,https://ameliamorsellino.github.io/biblioteche-fantasma/resource/municipality/069010,Canosa Sannita,ABRUZZO,TEMPORANEAMENTE_CHIUSA,1312,1220,-7.01219512195122
https://ameliamorsellino.github.io/biblioteche-fantasma/resource/library/IT-VV0044,IT-VV0044,Biblioteca comunale,https://ameliamorsellino.github.io/biblioteche-fantasma/resource/municipality/102039,Sorianello,CALABRIA,TEMPORANEAMENTE_CHIUSA,1157,1076,-7.000864304235091
https://ameliamorsellino.github.io/biblioteche-fantasma/resource/library/IT-IS0025,IT-IS0025,Biblioteca comunale,https://ameliamorsellino.github.io/biblioteche-fantasma/resource/municipality/094032,Pescolanciano,MOLISE,TEMPORANEAMENTE_CHIUSA,845,786,-6.982248520710059
https://ameliamorsellino.github.io/biblioteche-fantasma/resource/library/IT-CB0077,IT-CB0077,Biblioteca comunale Servizio Informatico Sportello Turistico,https://ameliamorsellino.github.io/biblioteche-fantasma/resource/municipality/070016,Castropignano,MOLISE,TEMPORANEAMENTE_CHIUSA,916,853,-6.877729257641921
https://ameliamorsellino.github.io/biblioteche-fantasma/resource/library/IT-PG0070,IT-PG0070,Biblioteca comunale San Benedetto ,https://ameliamorsellino.github.io/biblioteche-fantasma/resource/municipality/054035,Norcia,UMBRIA,SERVIZI_SOSPESI_CAUSA_SISMA,4781,4457,-6.776824932022589
https://ameliamorsellino.github.io/biblioteche-fantasma/resource/library/IT-AL0063,IT-AL0063,Biblioteca civica,https://ameliamorsellino.github.io/biblioteche-fantasma/resource/municipality/006116,Odalengo Grande,PIEMONTE,TEMPORANEAMENTE_CHIUSA,432,403,-6.712962962962964
https://ameliamorsellino.github.io/biblioteche-fantasma/resource/library/IT-FR0147,IT-FR0147,Biblioteca comunale,https://ameliamorsellino.github.io/biblioteche-fantasma/resource/municipality/060057,Posta Fibreno,LAZIO,TEMPORANEAMENTE_CHIUSA,1102,1029,-6.624319419237749
https://ameliamorsellino.github.io/biblioteche-fantasma/resource/library/IT-NU0128,IT-NU0128,Biblioteca medica dell'Ospedale San Francesco,https://ameliamorsellino.github.io/biblioteche-fantasma/resource/municipality/091051,Nuoro,SARDEGNA,TEMPORANEAMENTE_CHIUSA,35398,33054,-6.621843041979774
https://ameliamorsellino.github.io/biblioteche-fantasma/resource/library/IT-CE0186,IT-CE0186,Biblioteca Nastro Rosa,https://ameliamorsellino.github.io/biblioteche-fantasma/resource/municipality/061061,Pontelatone,CAMPANIA,TEMPORANEAMENTE_CHIUSA,1632,1525,-6.556372549019608
https://ameliamorsellino.github.io/biblioteche-fantasma/resource/library/IT-SV0029,IT-SV0029,Biblioteca civica Angiola Minella,https://ameliamorsellino.github.io/biblioteche-fantasma/resource/municipality/009042,Noli,LIGURIA,TEMPORANEAMENTE_CHIUSA,2595,2425,-6.551059730250482
https://ameliamorsellino.github.io/biblioteche-fantasma/resource/library/IT-ME0018,IT-ME0018,Biblioteca comunale,https://ameliamorsellino.github.io/biblioteche-fantasma/resource/municipality/083017,Cesarò,SICILIA,TEMPORANEAMENTE_CHIUSA,2230,2084,-6.547085201793721
https://ameliamorsellino.github.io/biblioteche-fantasma/resource/library/IT-CS0106,IT-CS0106,Biblioteca comunale,https://ameliamorsellino.github.io/biblioteche-fantasma/resource/municipality/078127,San Pietro in Guarano,CALABRIA,TEMPORANEAMENTE_CHIUSA,3560,3328,-6.51685393258427
https://ameliamorsellino.github.io/biblioteche-fantasma/resource/library/IT-CH0002,IT-CH0002,Biblioteca comunale,https://ameliamorsellino.github.io/biblioteche-fantasma/resource/municipality/069004,Arielli,ABRUZZO,TEMPORANEAMENTE_CHIUSA,1111,1039,-6.480648064806481
https://ameliamorsellino.github.io/biblioteche-fantasma/resource/library/IT-CT0086,IT-CT0086,Biblioteca comunale,https://ameliamorsellino.github.io/biblioteche-fantasma/resource/municipality/087028,Mirabella Imbaccari,SICILIA,TEMPORANEAMENTE_CHIUSA,4455,4170,-6.397306397306397
https://ameliamorsellino.github.io/biblioteche-fantasma/resource/library/IT-PC0139,IT-PC0139,Biblioteca comunale Rio Canto,https://ameliamorsellino.github.io/biblioteche-fantasma/resource/municipality/033034,Piozzano,EMILIA-ROMAGNA,TEMPORANEAMENTE_CHIUSA,611,572,-6.382978723404255
https://ameliamorsellino.github.io/biblioteche-fantasma/resource/library/IT-LE0205,IT-LE0205,Biblioteca comunale,https://ameliamorsellino.github.io/biblioteche-fantasma/resource/municipality/075093,Vernole,PUGLIA,TEMPORANEAMENTE_CHIUSA,7005,6559,-6.36688079942898
https://ameliamorsellino.github.io/biblioteche-fantasma/resource/library/IT-LE0206,IT-LE0206,Biblioteca comunale degli Scacchi,https://ameliamorsellino.github.io/biblioteche-fantasma/resource/municipality/075093,Vernole,PUGLIA,TEMPORANEAMENTE_CHIUSA,7005,6559,-6.36688079942898
https://ameliamorsellino.github.io/biblioteche-fantasma/resource/library/IT-AL0228,IT-AL0228,Biblioteca civica,https://ameliamorsellino.github.io/biblioteche-fantasma/resource/municipality/006069,Fraconalto,PIEMONTE,TEMPORANEAMENTE_CHIUSA,319,299,-6.269592476489027
https://ameliamorsellino.github.io/biblioteche-fantasma/resource/library/IT-SP0100,IT-SP0100,Biblioteca del Centro Ricerche Ambiente Marino (ENEA),https://ameliamorsellino.github.io/biblioteche-fantasma/resource/municipality/011016,Lerici,LIGURIA,TEMPORANEAMENTE_CHIUSA,9861,9245,-6.24683095020789
https://ameliamorsellino.github.io/biblioteche-fantasma/resource/library/IT-TO0987,IT-TO0987,Biblioteca comunale,https://ameliamorsellino.github.io/biblioteche-fantasma/resource/municipality/001227,Roure,PIEMONTE,TEMPORANEAMENTE_CHIUSA,802,752,-6.234413965087282
https://ameliamorsellino.github.io/biblioteche-fantasma/resource/library/IT-LE0134,IT-LE0134,Biblioteca comunale,https://ameliamorsellino.github.io/biblioteche-fantasma/resource/municipality/075053,Neviano,PUGLIA,TEMPORANEAMENTE_CHIUSA,5158,4837,-6.22334238076774
https://ameliamorsellino.github.io/biblioteche-fantasma/resource/library/IT-FG0153,IT-FG0153,Biblioteca dell'Archivio di Stato di Foggia. Sezione di Lucera,https://ameliamorsellino.github.io/biblioteche-fantasma/resource/municipality/071028,Lucera,PUGLIA,TEMPORANEAMENTE_CHIUSA,32596,30591,-6.151061479936189
https://ameliamorsellino.github.io/biblioteche-fantasma/resource/library/IT-NA0669,IT-NA0669,Biblioteca Comunale Don Vincenzo Pica,https://ameliamorsellino.github.io/biblioteche-fantasma/resource/municipality/063020,Casandrino,CAMPANIA,TEMPORANEAMENTE_CHIUSA,13813,12964,-6.146383841308912
https://ameliamorsellino.github.io/biblioteche-fantasma/resource/library/IT-IS0008,IT-IS0008,Biblioteca comunale,https://ameliamorsellino.github.io/biblioteche-fantasma/resource/municipality/094007,Carovilli,MOLISE,TEMPORANEAMENTE_CHIUSA,1305,1225,-6.130268199233716
https://ameliamorsellino.github.io/biblioteche-fantasma/resource/library/IT-AQ0092,IT-AQ0092,Biblioteca comunale,https://ameliamorsellino.github.io/biblioteche-fantasma/resource/municipality/066075,Pratola Peligna,ABRUZZO,SERVIZI_SOSPESI_CAUSA_SISMA,7385,6936,-6.079891672308734
https://ameliamorsellino.github.io/biblioteche-fantasma/resource/library/IT-BL0015,IT-BL0015,BIBLIOTECA COMUNALE DI COLLE SANTA LUCIA,https://ameliamorsellino.github.io/biblioteche-fantasma/resource/municipality/025014,Colle Santa Lucia,VENETO,TEMPORANEAMENTE_CHIUSA,362,340,-6.077348066298343
https://ameliamorsellino.github.io/biblioteche-fantasma/resource/library/IT-BN0106,IT-BN0106,Biblioteca Comunale De. Di. Del.,https://ameliamorsellino.github.io/biblioteche-fantasma/resource/municipality/062026,Cusano Mutri,CAMPANIA,TEMPORANEAMENTE_CHIUSA,3985,3743,-6.072772898368884
https://ameliamorsellino.github.io/biblioteche-fantasma/resource/library/IT-CA0142,IT-CA0142,Biblioteca comunale,https://ameliamorsellino.github.io/biblioteche-fantasma/resource/municipality/111088,Suelli,SARDEGNA,TEMPORANEAMENTE_CHIUSA,1122,1054,-6.0606060606060606
https://ameliamorsellino.github.io/biblioteche-fantasma/resource/library/IT-FG0111,IT-FG0111,Biblioteca comunale,https://ameliamorsellino.github.io/biblioteche-fantasma/resource/municipality/071058,Troia,PUGLIA,TEMPORANEAMENTE_CHIUSA,6998,6574,-6.058873963989711
https://ameliamorsellino.github.io/biblioteche-fantasma/resource/library/IT-TA0058,IT-TA0058,Biblioteca comunale Licia Cavallo,https://ameliamorsellino.github.io/biblioteche-fantasma/resource/municipality/073002,Carosino,PUGLIA,TEMPORANEAMENTE_CHIUSA,6885,6468,-6.056644880174292
https://ameliamorsellino.github.io/biblioteche-fantasma/resource/library/IT-FR0016,IT-FR0016,Biblioteca comunale,https://ameliamorsellino.github.io/biblioteche-fantasma/resource/municipality/060018,Casalvieri,LAZIO,TEMPORANEAMENTE_CHIUSA,2580,2424,-6.046511627906977
https://ameliamorsellino.github.io/biblioteche-fantasma/resource/library/IT-CN0035,IT-CN0035,Biblioteca civica,https://ameliamorsellino.github.io/biblioteche-fantasma/resource/municipality/004076,Cravanzana,PIEMONTE,TEMPORANEAMENTE_CHIUSA,365,343,-6.027397260273973
https://ameliamorsellino.github.io/biblioteche-fantasma/resource/library/IT-PU0037,IT-PU0037,Biblioteca comunale storica,https://ameliamorsellino.github.io/biblioteche-fantasma/resource/municipality/041028,Mondavio,MARCHE,TEMPORANEAMENTE_CHIUSA,3855,3625,-5.966277561608301
https://ameliamorsellino.github.io/biblioteche-fantasma/resource/library/IT-CS0298,IT-CS0298,Biblioteca dell'Istituto Omnicomprensivo Bianchi Scigliano,https://ameliamorsellino.github.io/biblioteche-fantasma/resource/municipality/078139,Scigliano,CALABRIA,TEMPORANEAMENTE_CHIUSA,1191,1120,-5.961376994122586
https://ameliamorsellino.github.io/biblioteche-fantasma/resource/library/IT-AV0156,IT-AV0156,Biblioteca comunale padre Angelo Romano,https://ameliamorsellino.github.io/biblioteche-fantasma/resource/municipality/064106,Taurano,CAMPANIA,TEMPORANEAMENTE_CHIUSA,1507,1419,-5.839416058394161
https://ameliamorsellino.github.io/biblioteche-fantasma/resource/library/IT-GE0370,IT-GE0370,Biblioteca “Hugo Plomteux”,https://ameliamorsellino.github.io/biblioteche-fantasma/resource/municipality/010040,Ne,LIGURIA,TEMPORANEAMENTE_CHIUSA,2243,2113,-5.7958091841284
https://ameliamorsellino.github.io/biblioteche-fantasma/resource/library/IT-PT0061,IT-PT0061,Biblioteca Pistoria,https://ameliamorsellino.github.io/biblioteche-fantasma/resource/municipality/047024,San Marcello Piteglio,TOSCANA,TEMPORANEAMENTE_CHIUSA,7951,7493,-5.7602817255691106
https://ameliamorsellino.github.io/biblioteche-fantasma/resource/library/IT-AP0059,IT-AP0059,Biblioteca comunale Giulio Gabrielli. Posto di prestito di Monticelli,https://ameliamorsellino.github.io/biblioteche-fantasma/resource/municipality/044007,Ascoli Piceno,MARCHE,TEMPORANEAMENTE_CHIUSA,48041,45277,-5.753418954642909
https://ameliamorsellino.github.io/biblioteche-fantasma/resource/library/IT-AL0191,IT-AL0191,Biblioteca civica,https://ameliamorsellino.github.io/biblioteche-fantasma/resource/municipality/006092,Melazzo,PIEMONTE,TEMPORANEAMENTE_CHIUSA,1290,1216,-5.736434108527131
https://ameliamorsellino.github.io/biblioteche-fantasma/resource/library/IT-AQ0007,IT-AQ0007,Biblioteca comunale A. De Gasperis,https://ameliamorsellino.github.io/biblioteche-fantasma/resource/municipality/066012,Bugnara,ABRUZZO,TEMPORANEAMENTE_CHIUSA,1082,1020,-5.730129390018484
https://ameliamorsellino.github.io/biblioteche-fantasma/resource/library/IT-TR0026,IT-TR0026,Biblioteca comunale,https://ameliamorsellino.github.io/biblioteche-fantasma/resource/municipality/055024,Otricoli,UMBRIA,TEMPORANEAMENTE_CHIUSA,1800,1697,-5.722222222222222
https://ameliamorsellino.github.io/biblioteche-fantasma/resource/library/IT-TR0081,IT-TR0081,Santa Maria Assunta in Otricoli,https://ameliamorsellino.github.io/biblioteche-fantasma/resource/municipality/055024,Otricoli,UMBRIA,TEMPORANEAMENTE_CHIUSA,1800,1697,-5.722222222222222
https://ameliamorsellino.github.io/biblioteche-fantasma/resource/library/IT-AQ0172,IT-AQ0172,Biblioteca comunale,https://ameliamorsellino.github.io/biblioteche-fantasma/resource/municipality/066093,Scanno,ABRUZZO,TEMPORANEAMENTE_CHIUSA,1783,1681,-5.720695457094784
https://ameliamorsellino.github.io/biblioteche-fantasma/resource/library/IT-CB0027,IT-CB0027,"Biblioteca comunale ""Corrado Gizzi""",https://ameliamorsellino.github.io/biblioteche-fantasma/resource/municipality/070029,Guglionesi,MOLISE,TEMPORANEAMENTE_CHIUSA,5182,4891,-5.615592435353146
https://ameliamorsellino.github.io/biblioteche-fantasma/resource/library/IT-SV0025,IT-SV0025,Biblioteca civica,https://ameliamorsellino.github.io/biblioteche-fantasma/resource/municipality/009036,Mallare,LIGURIA,TEMPORANEAMENTE_CHIUSA,1091,1030,-5.5912007332722276
https://ameliamorsellino.github.io/biblioteche-fantasma/resource/library/IT-ME0144,IT-ME0144,Biblioteca comunale,https://ameliamorsellino.github.io/biblioteche-fantasma/resource/municipality/083096,Spadafora,SICILIA,INAGIBILE,4925,4652,-5.543147208121827
https://ameliamorsellino.github.io/biblioteche-fantasma/resource/library/IT-NA0685,IT-NA0685,Biblioteca del Vulcano Solfatara,https://ameliamorsellino.github.io/biblioteche-fantasma/resource/municipality/063060,Pozzuoli,CAMPANIA,TEMPORANEAMENTE_CHIUSA,79752,75375,-5.488263617213361
https://ameliamorsellino.github.io/biblioteche-fantasma/resource/library/IT-CZ0106,IT-CZ0106,Biblioteca S. Bonaventura,https://ameliamorsellino.github.io/biblioteche-fantasma/resource/municipality/079023,Catanzaro,CALABRIA,TEMPORANEAMENTE_CHIUSA,88085,83313,-5.417494465573026
https://ameliamorsellino.github.io/biblioteche-fantasma/resource/library/IT-CZ0447,IT-CZ0447,Biblioteca del Centro di Informazione Statistica - Cis Istat - Sede della Calabria,https://ameliamorsellino.github.io/biblioteche-fantasma/resource/municipality/079023,Catanzaro,CALABRIA,TEMPORANEAMENTE_CHIUSA,88085,83313,-5.417494465573026
https://ameliamorsellino.github.io/biblioteche-fantasma/resource/library/IT-IS0060,IT-IS0060,Biblioteca comunale,https://ameliamorsellino.github.io/biblioteche-fantasma/resource/municipality/094028,Montaquila,MOLISE,TEMPORANEAMENTE_CHIUSA,2388,2259,-5.402010050251256
https://ameliamorsellino.github.io/biblioteche-fantasma/resource/library/IT-GE0369,IT-GE0369,Biblioteca del Centro di studi storici per l'Alta Valle Scrivia,https://ameliamorsellino.github.io/biblioteche-fantasma/resource/municipality/010006,Busalla,LIGURIA,TEMPORANEAMENTE_CHIUSA,5406,5115,-5.382907880133185
https://ameliamorsellino.github.io/biblioteche-fantasma/resource/library/IT-FG0066,IT-FG0066,Biblioteca comunale,https://ameliamorsellino.github.io/biblioteche-fantasma/resource/municipality/071035,Orsara di Puglia,PUGLIA,TEMPORANEAMENTE_CHIUSA,2617,2477,-5.349636988918609
https://ameliamorsellino.github.io/biblioteche-fantasma/resource/library/IT-IS0014,IT-IS0014,Biblioteca del Centro sociale di educazione permanente,https://ameliamorsellino.github.io/biblioteche-fantasma/resource/municipality/094017,Colli a Volturno,MOLISE,TEMPORANEAMENTE_CHIUSA,1340,1269,-5.298507462686567
https://ameliamorsellino.github.io/biblioteche-fantasma/resource/library/IT-LE0038,IT-LE0038,"Biblioteca comunale ""Fabrizio De Andre'""",https://ameliamorsellino.github.io/biblioteche-fantasma/resource/municipality/075018,Castrignano de' Greci,PUGLIA,TEMPORANEAMENTE_CHIUSA,3834,3631,-5.294731351069379
https://ameliamorsellino.github.io/biblioteche-fantasma/resource/library/IT-TE0022,IT-TE0022,Biblioteca dell'Osservatorio astronomico d'Abruzzo,https://ameliamorsellino.github.io/biblioteche-fantasma/resource/municipality/067041,Teramo,ABRUZZO,TEMPORANEAMENTE_CHIUSA,54443,51600,-5.221975276895101
https://ameliamorsellino.github.io/biblioteche-fantasma/resource/library/IT-TE0064,IT-TE0064,Biblioteca storica medico-scientifica Marco Levi Bianchini,https://ameliamorsellino.github.io/biblioteche-fantasma/resource/municipality/067041,Teramo,ABRUZZO,TEMPORANEAMENTE_CHIUSA,54443,51600,-5.221975276895101
https://ameliamorsellino.github.io/biblioteche-fantasma/resource/library/IT-NA0626,IT-NA0626,Biblioteca comunale,https://ameliamorsellino.github.io/biblioteche-fantasma/resource/municipality/063013,Camposano,CAMPANIA,TEMPORANEAMENTE_CHIUSA,5278,5003,-5.210306934444866
https://ameliamorsellino.github.io/biblioteche-fantasma/resource/library/IT-NU0069,IT-NU0069,Biblioteca comunale di Seulo,https://ameliamorsellino.github.io/biblioteche-fantasma/resource/municipality/111082,Seulo,SARDEGNA,TEMPORANEAMENTE_CHIUSA,807,765,-5.204460966542751
https://ameliamorsellino.github.io/biblioteche-fantasma/resource/library/IT-AV0049,IT-AV0049,Biblioteca comunale Michelangelo Petruzziello,https://ameliamorsellino.github.io/biblioteche-fantasma/resource/municipality/064053,Montefalcione,CAMPANIA,TEMPORANEAMENTE_CHIUSA,3234,3066,-5.194805194805195
https://ameliamorsellino.github.io/biblioteche-fantasma/resource/library/IT-ME0131,IT-ME0131,Biblioteca comunale,https://ameliamorsellino.github.io/biblioteche-fantasma/resource/municipality/083080,San Pier Niceto,SICILIA,TEMPORANEAMENTE_CHIUSA,2690,2551,-5.16728624535316
https://ameliamorsellino.github.io/biblioteche-fantasma/resource/library/IT-BN0038,IT-BN0038,Biblioteca comunale,https://ameliamorsellino.github.io/biblioteche-fantasma/resource/municipality/062053,Ponte,CAMPANIA,TEMPORANEAMENTE_CHIUSA,2520,2391,-5.119047619047619
https://ameliamorsellino.github.io/biblioteche-fantasma/resource/library/IT-AG0044,IT-AG0044,Biblioteca comunale Santo Spirito. Sezione esterna di Montaperto,https://ameliamorsellino.github.io/biblioteche-fantasma/resource/municipality/084001,Agrigento,SICILIA,TEMPORANEAMENTE_CHIUSA,58174,55252,-5.022862447141335
https://ameliamorsellino.github.io/biblioteche-fantasma/resource/library/IT-BN0072,IT-BN0072,Biblioteca comunale,https://ameliamorsellino.github.io/biblioteche-fantasma/resource/municipality/062006,Arpaise,CAMPANIA,TEMPORANEAMENTE_CHIUSA,758,720,-5.013192612137203
https://ameliamorsellino.github.io/biblioteche-fantasma/resource/library/IT-CL0056,IT-CL0056,Biblioteca della Soprintendenza per i Beni Culturali ed Ambientali di Caltanissetta,https://ameliamorsellino.github.io/biblioteche-fantasma/resource/municipality/085004,Caltanissetta,SICILIA,TEMPORANEAMENTE_CHIUSA,61252,58182,-5.012081238163652
https://ameliamorsellino.github.io/biblioteche-fantasma/resource/library/IT-SA0070,IT-SA0070,Biblioteca comunale Sebastiano D'Amato,https://ameliamorsellino.github.io/biblioteche-fantasma/resource/municipality/065129,Sant'Arsenio,CAMPANIA,TEMPORANEAMENTE_CHIUSA,2780,2641,-5
https://ameliamorsellino.github.io/biblioteche-fantasma/resource/library/IT-UD0136,IT-UD0136,Biblioteca del Centro antichità alto adriatiche,https://ameliamorsellino.github.io/biblioteche-fantasma/resource/municipality/030004,Aquileia,FRIULI-VENEZIA GIULIA,TEMPORANEAMENTE_CHIUSA,3287,3124,-4.95892911469425
https://ameliamorsellino.github.io/biblioteche-fantasma/resource/library/IT-PE0044,IT-PE0044,Ufficio Attività Culturali e Biblioteca Torre De' Passeri,https://ameliamorsellino.github.io/biblioteche-fantasma/resource/municipality/068043,Torre de' Passeri,ABRUZZO,TEMPORANEAMENTE_CHIUSA,2990,2842,-4.949832775919733
https://ameliamorsellino.github.io/biblioteche-fantasma/resource/library/IT-SV0020,IT-SV0020,Biblioteca civica,https://ameliamorsellino.github.io/biblioteche-fantasma/resource/municipality/009026,Cosseria,LIGURIA,TEMPORANEAMENTE_CHIUSA,1072,1019,-4.9440298507462686
https://ameliamorsellino.github.io/biblioteche-fantasma/resource/library/IT-AQ0123,IT-AQ0123,Biblioteca comunale,https://ameliamorsellino.github.io/biblioteche-fantasma/resource/municipality/066108,Vittorito,ABRUZZO,TEMPORANEAMENTE_CHIUSA,850,808,-4.941176470588235
https://ameliamorsellino.github.io/biblioteche-fantasma/resource/library/IT-CS0107,IT-CS0107,Biblioteca comunale,https://ameliamorsellino.github.io/biblioteche-fantasma/resource/municipality/078117,Sangineto,CALABRIA,TEMPORANEAMENTE_CHIUSA,1261,1200,-4.8374306106264875
https://ameliamorsellino.github.io/biblioteche-fantasma/resource/library/IT-SV0116,IT-SV0116,Biblioteca del Liceo Calasanzio,https://ameliamorsellino.github.io/biblioteche-fantasma/resource/municipality/009018,Carcare,LIGURIA,TEMPORANEAMENTE_CHIUSA,5496,5232,-4.8034934497816595
https://ameliamorsellino.github.io/biblioteche-fantasma/resource/library/IT-TO0023,IT-TO0023,Biblioteca civica,https://ameliamorsellino.github.io/biblioteche-fantasma/resource/municipality/001030,Borgofranco d'Ivrea,PIEMONTE,TEMPORANEAMENTE_CHIUSA,3631,3457,-4.792068300743597
https://ameliamorsellino.github.io/biblioteche-fantasma/resource/library/IT-PG0071,IT-PG0071,Biblioteca comunale,https://ameliamorsellino.github.io/biblioteche-fantasma/resource/municipality/054036,Paciano,UMBRIA,TEMPORANEAMENTE_CHIUSA,984,937,-4.776422764227642
https://ameliamorsellino.github.io/biblioteche-fantasma/resource/library/IT-RC0085,IT-RC0085,Biblioteca comunale,https://ameliamorsellino.github.io/biblioteche-fantasma/resource/municipality/080096,Villa San Giovanni,CALABRIA,TEMPORANEAMENTE_CHIUSA,13336,12700,-4.7690461907618475
https://ameliamorsellino.github.io/biblioteche-fantasma/resource/library/IT-NA0033,IT-NA0033,Biblioteca pubblica comunale Benedetto Croce,https://ameliamorsellino.github.io/biblioteche-fantasma/resource/municipality/063049,Napoli,CAMPANIA,TEMPORANEAMENTE_CHIUSA,954318,909013,-4.747369325528807
https://ameliamorsellino.github.io/biblioteche-fantasma/resource/library/IT-NA0036,IT-NA0036,Biblioteca del Dipartimento di Ingegneria Industriale Sezione di Ingegneria aerospaziale (Spazio),https://ameliamorsellino.github.io/biblioteche-fantasma/resource/municipality/063049,Napoli,CAMPANIA,TEMPORANEAMENTE_CHIUSA,954318,909013,-4.747369325528807
https://ameliamorsellino.github.io/biblioteche-fantasma/resource/library/IT-NA0073,IT-NA0073,Biblioteca comunale Renato Caccioppoli,https://ameliamorsellino.github.io/biblioteche-fantasma/resource/municipality/063049,Napoli,CAMPANIA,TEMPORANEAMENTE_CHIUSA,954318,909013,-4.747369325528807
https://ameliamorsellino.github.io/biblioteche-fantasma/resource/library/IT-NA0281,IT-NA0281,Biblioteca del Dipartimento di ingegneria dei trasporti Luigi Tocchetti dell'Università degli studi di Napoli Federico II,https://ameliamorsellino.github.io/biblioteche-fantasma/resource/municipality/063049,Napoli,CAMPANIA,TEMPORANEAMENTE_CHIUSA,954318,909013,-4.747369325528807
https://ameliamorsellino.github.io/biblioteche-fantasma/resource/library/IT-NA0287,IT-NA0287,"Biblioteca del Dipartimento di Ingegneria Industriale dell'Università degli studi di Napoli Federico II. Sezione di Energetica, Termofluidodinamica Applicata e Condizionamenti Ambientali",https://ameliamorsellino.github.io/biblioteche-fantasma/resource/municipality/063049,Napoli,CAMPANIA,TEMPORANEAMENTE_CHIUSA,954318,909013,-4.747369325528807
https://ameliamorsellino.github.io/biblioteche-fantasma/resource/library/IT-NA0337,IT-NA0337,Biblioteca del Dipartimento di biologia evolutiva e comparata dell'Università degli studi di Napoli Federico II,https://ameliamorsellino.github.io/biblioteche-fantasma/resource/municipality/063049,Napoli,CAMPANIA,TEMPORANEAMENTE_CHIUSA,954318,909013,-4.747369325528807
https://ameliamorsellino.github.io/biblioteche-fantasma/resource/library/IT-NA0351,IT-NA0351,Dipartimento di Biologia dell'Università degli studi di Napoli Federico II. Biblioteca dell'ex Dipartimento delle Scienze biologiche. Sezione di Genetica e biologia molecolare,https://ameliamorsellino.github.io/biblioteche-fantasma/resource/municipality/063049,Napoli,CAMPANIA,TEMPORANEAMENTE_CHIUSA,954318,909013,-4.747369325528807
https://ameliamorsellino.github.io/biblioteche-fantasma/resource/library/IT-NA0359,IT-NA0359,Biblioteca del Dipartimento di Ingegneria Industriale Sezione di Ingegneria aerospaziale dell'Università degli studi di Napoli Federico II,https://ameliamorsellino.github.io/biblioteche-fantasma/resource/municipality/063049,Napoli,CAMPANIA,TEMPORANEAMENTE_CHIUSA,954318,909013,-4.747369325528807
https://ameliamorsellino.github.io/biblioteche-fantasma/resource/library/IT-NA0360,IT-NA0360,Biblioteca del Dipartimento di Ingegneria Industriale  dell'Università degli studi di Napoli Federico II - Sezione di Ingegneria aerospaziale (Spazio),https://ameliamorsellino.github.io/biblioteche-fantasma/resource/municipality/063049,Napoli,CAMPANIA,TEMPORANEAMENTE_CHIUSA,954318,909013,-4.747369325528807
https://ameliamorsellino.github.io/biblioteche-fantasma/resource/library/IT-NA0414,IT-NA0414,Biblioteca del Dipartimento di configurazione e attuazione dell'architettura dell'Università degli studi di Napoli Federico II,https://ameliamorsellino.github.io/biblioteche-fantasma/resource/municipality/063049,Napoli,CAMPANIA,TEMPORANEAMENTE_CHIUSA,954318,909013,-4.747369325528807
https://ameliamorsellino.github.io/biblioteche-fantasma/resource/library/IT-NA0420,IT-NA0420,Nucleo bibliotecario di geografia dell'Università degli studi di Napoli Federico II,https://ameliamorsellino.github.io/biblioteche-fantasma/resource/municipality/063049,Napoli,CAMPANIA,TEMPORANEAMENTE_CHIUSA,954318,909013,-4.747369325528807
https://ameliamorsellino.github.io/biblioteche-fantasma/resource/library/IT-NA0431,IT-NA0431,Biblioteca Rafael Alberti del Instituto Cervantes,https://ameliamorsellino.github.io/biblioteche-fantasma/resource/municipality/063049,Napoli,CAMPANIA,TEMPORANEAMENTE_CHIUSA,954318,909013,-4.747369325528807
https://ameliamorsellino.github.io/biblioteche-fantasma/resource/library/IT-NA0531,IT-NA0531,Biblioteca comunale di Pianura,https://ameliamorsellino.github.io/biblioteche-fantasma/resource/municipality/063049,Napoli,CAMPANIA,TEMPORANEAMENTE_CHIUSA,954318,909013,-4.747369325528807
https://ameliamorsellino.github.io/biblioteche-fantasma/resource/library/IT-NA0590,IT-NA0590,Biblioteca comunale Pasquale Cozzolino,https://ameliamorsellino.github.io/biblioteche-fantasma/resource/municipality/063049,Napoli,CAMPANIA,TEMPORANEAMENTE_CHIUSA,954318,909013,-4.747369325528807
https://ameliamorsellino.github.io/biblioteche-fantasma/resource/library/IT-NA0767,IT-NA0767,Biblioteca Giovanni Bovio,https://ameliamorsellino.github.io/biblioteche-fantasma/resource/municipality/063049,Napoli,CAMPANIA,TEMPORANEAMENTE_CHIUSA,954318,909013,-4.747369325528807
https://ameliamorsellino.github.io/biblioteche-fantasma/resource/library/IT-NA0789,IT-NA0789,Biblioteca della Fondazione Ezio De Felice. Sezione distaccata,https://ameliamorsellino.github.io/biblioteche-fantasma/resource/municipality/063049,Napoli,CAMPANIA,TEMPORANEAMENTE_CHIUSA,954318,909013,-4.747369325528807
https://ameliamorsellino.github.io/biblioteche-fantasma/resource/library/IT-NA0847,IT-NA0847,Biblioteca Gallerie d'Italia,https://ameliamorsellino.github.io/biblioteche-fantasma/resource/municipality/063049,Napoli,CAMPANIA,TEMPORANEAMENTE_CHIUSA,954318,909013,-4.747369325528807
https://ameliamorsellino.github.io/biblioteche-fantasma/resource/library/IT-NU0114,IT-NU0114,Biblioteca comunale,https://ameliamorsellino.github.io/biblioteche-fantasma/resource/municipality/095083,Magomadas,SARDEGNA,TEMPORANEAMENTE_CHIUSA,633,603,-4.739336492890995
https://ameliamorsellino.github.io/biblioteche-fantasma/resource/library/IT-NA0241,IT-NA0241,Biblioteca comunale,https://ameliamorsellino.github.io/biblioteche-fantasma/resource/municipality/063059,Portici,CAMPANIA,TEMPORANEAMENTE_CHIUSA,53979,51429,-4.724059356416384
https://ameliamorsellino.github.io/biblioteche-fantasma/resource/library/IT-AP0020,IT-AP0020,Biblioteca tomistica S. Alessio,https://ameliamorsellino.github.io/biblioteche-fantasma/resource/municipality/044031,Monsampolo del Tronto,MARCHE,TEMPORANEAMENTE_CHIUSA,4605,4388,-4.712269272529858
https://ameliamorsellino.github.io/biblioteche-fantasma/resource/library/IT-RC0003,IT-RC0003,Biblioteca comunale,https://ameliamorsellino.github.io/biblioteche-fantasma/resource/municipality/080006,Bagaladi,CALABRIA,TEMPORANEAMENTE_CHIUSA,977,931,-4.7082906857727735
https://ameliamorsellino.github.io/biblioteche-fantasma/resource/library/IT-SP0056,IT-SP0056,Biblioteca civica,https://ameliamorsellino.github.io/biblioteche-fantasma/resource/municipality/011025,Rocchetta di Vara,LIGURIA,TEMPORANEAMENTE_CHIUSA,681,649,-4.698972099853157
https://ameliamorsellino.github.io/biblioteche-fantasma/resource/library/IT-CE0037,IT-CE0037,Biblioteca comunale,https://ameliamorsellino.github.io/biblioteche-fantasma/resource/municipality/061068,Riardo,CAMPANIA,TEMPORANEAMENTE_CHIUSA,2300,2192,-4.695652173913043
https://ameliamorsellino.github.io/biblioteche-fantasma/resource/library/IT-CH0254,IT-CH0254,Biblioteca Sancti Martini,https://ameliamorsellino.github.io/biblioteche-fantasma/resource/municipality/069082,San Martino sulla Marrucina,ABRUZZO,TEMPORANEAMENTE_CHIUSA,899,857,-4.671857619577309
https://ameliamorsellino.github.io/biblioteche-fantasma/resource/library/IT-BL0034,IT-BL0034,BIBLIOTECA CIVICA E LADINA DI LIVINALLONGO DEL COL DI LANA,https://ameliamorsellino.github.io/biblioteche-fantasma/resource/municipality/025030,Livinallongo del Col di Lana,VENETO,TEMPORANEAMENTE_CHIUSA,1308,1247,-4.663608562691132
https://ameliamorsellino.github.io/biblioteche-fantasma/resource/library/IT-PG0406,IT-PG0406,Biblioteca comunale di Montone,https://ameliamorsellino.github.io/biblioteche-fantasma/resource/municipality/054033,Montone,UMBRIA,TEMPORANEAMENTE_CHIUSA,1612,1537,-4.652605459057072
https://ameliamorsellino.github.io/biblioteche-fantasma/resource/library/IT-FR0130,IT-FR0130,"BIBLIOTECA ANTONIO VALENTE DELL'ORDINE DEGLI ARCHITETTI, PIANIFICATORI, PAESAGGISTI E CONSERVATORI D",https://ameliamorsellino.github.io/biblioteche-fantasma/resource/municipality/060038,Frosinone,LAZIO,TEMPORANEAMENTE_CHIUSA,45073,43015,-4.565926386084796
https://ameliamorsellino.github.io/biblioteche-fantasma/resource/library/IT-BI0004,IT-BI0004,Biblioteca civica,https://ameliamorsellino.github.io/biblioteche-fantasma/resource/municipality/096018,Cerrione,PIEMONTE,INAGIBILE,2875,2744,-4.556521739130435
https://ameliamorsellino.github.io/biblioteche-fantasma/resource/library/IT-PG0206,IT-PG0206,Biblioteca del Centro della gioventù,https://ameliamorsellino.github.io/biblioteche-fantasma/resource/municipality/054024,Gubbio,UMBRIA,TEMPORANEAMENTE_CHIUSA,31747,30308,-4.532711752291555
https://ameliamorsellino.github.io/biblioteche-fantasma/resource/library/IT-AQ0006,IT-AQ0006,Biblioteca comunale,https://ameliamorsellino.github.io/biblioteche-fantasma/resource/municipality/066008,Barete,ABRUZZO,TEMPORANEAMENTE_CHIUSA,668,638,-4.491017964071856
https://ameliamorsellino.github.io/biblioteche-fantasma/resource/library/IT-MS0048,IT-MS0048,Biblioteca del Centro Studi Giuridici e Sociali,https://ameliamorsellino.github.io/biblioteche-fantasma/resource/municipality/045014,Pontremoli,TOSCANA,TEMPORANEAMENTE_CHIUSA,7184,6865,-4.440423162583519
https://ameliamorsellino.github.io/biblioteche-fantasma/resource/library/IT-RO0008,IT-RO0008,Biblioteca comunale,https://ameliamorsellino.github.io/biblioteche-fantasma/resource/municipality/029007,Bosaro,VENETO,TEMPORANEAMENTE_CHIUSA,1465,1400,-4.436860068259386
https://ameliamorsellino.github.io/biblioteche-fantasma/resource/library/IT-CB0005,IT-CB0005,Biblioteca comunale,https://ameliamorsellino.github.io/biblioteche-fantasma/resource/municipality/070005,Busso,MOLISE,TEMPORANEAMENTE_CHIUSA,1210,1157,-4.380165289256198
https://ameliamorsellino.github.io/biblioteche-fantasma/resource/library/IT-PG0169,IT-PG0169,Biblioteca dell'Accademia degli Ottusi,https://ameliamorsellino.github.io/biblioteche-fantasma/resource/municipality/054051,Spoleto,UMBRIA,TEMPORANEAMENTE_CHIUSA,37630,35983,-4.376826999734255
https://ameliamorsellino.github.io/biblioteche-fantasma/resource/library/IT-KR0022,IT-KR0022,Biblioteca comunale,https://ameliamorsellino.github.io/biblioteche-fantasma/resource/municipality/101025,Strongoli,CALABRIA,TEMPORANEAMENTE_CHIUSA,6426,6145,-4.3728602552131965
https://ameliamorsellino.github.io/biblioteche-fantasma/resource/library/IT-SS0135,IT-SS0135,Biblioteca del Gruppo speleologico sassarese,https://ameliamorsellino.github.io/biblioteche-fantasma/resource/municipality/090064,Sassari,SARDEGNA,INAGIBILE,125998,120510,-4.355624692455436
https://ameliamorsellino.github.io/biblioteche-fantasma/resource/library/IT-SS0136,IT-SS0136,"Biblioteca della Soprintendenza Archeologia, Belle Arti e Paesaggio per Le Province di Sassari e Nuoro",https://ameliamorsellino.github.io/biblioteche-fantasma/resource/municipality/090064,Sassari,SARDEGNA,TEMPORANEAMENTE_CHIUSA,125998,120510,-4.355624692455436
https://ameliamorsellino.github.io/biblioteche-fantasma/resource/library/IT-CS0044,IT-CS0044,Biblioteca civica di Cosenza,https://ameliamorsellino.github.io/biblioteche-fantasma/resource/municipality/078045,Cosenza,CALABRIA,TEMPORANEAMENTE_CHIUSA,66102,63240,-4.329672324589271
https://ameliamorsellino.github.io/biblioteche-fantasma/resource/library/IT-CS0824,IT-CS0824,Biblioteca dell'Accademia Cosentina,https://ameliamorsellino.github.io/biblioteche-fantasma/resource/municipality/078045,Cosenza,CALABRIA,TEMPORANEAMENTE_CHIUSA,66102,63240,-4.329672324589271
https://ameliamorsellino.github.io/biblioteche-fantasma/resource/library/IT-TO0093,IT-TO0093,Biblioteca civica,https://ameliamorsellino.github.io/biblioteche-fantasma/resource/municipality/001102,Feletto,PIEMONTE,TEMPORANEAMENTE_CHIUSA,2242,2145,-4.326494201605709
https://ameliamorsellino.github.io/biblioteche-fantasma/resource/library/IT-BR0043,IT-BR0043,Biblioteca forense avv. Carlo Monticelli - Brindisi,https://ameliamorsellino.github.io/biblioteche-fantasma/resource/municipality/074001,Brindisi,PUGLIA,TEMPORANEAMENTE_CHIUSA,85397,81723,-4.302258861552514
https://ameliamorsellino.github.io/biblioteche-fantasma/resource/library/IT-RC0121,IT-RC0121,Centro di documentazione Lilliput,https://ameliamorsellino.github.io/biblioteche-fantasma/resource/municipality/080063,Reggio di Calabria,CALABRIA,TEMPORANEAMENTE_CHIUSA,176299,168779,-4.265480802500298
https://ameliamorsellino.github.io/biblioteche-fantasma/resource/library/IT-LC0004,IT-LC0004,"Biblioteca civica ""Fortunata Valsecchi""",https://ameliamorsellino.github.io/biblioteche-fantasma/resource/municipality/097034,Erve,LOMBARDIA,TEMPORANEAMENTE_CHIUSA,705,675,-4.25531914893617
https://ameliamorsellino.github.io/biblioteche-fantasma/resource/library/IT-TO0435,IT-TO0435,Biblioteca civica,https://ameliamorsellino.github.io/biblioteche-fantasma/resource/municipality/001311,Vische,PIEMONTE,TEMPORANEAMENTE_CHIUSA,1248,1195,-4.246794871794872
https://ameliamorsellino.github.io/biblioteche-fantasma/resource/library/IT-SA0172,IT-SA0172,Biblioteca Comunale,https://ameliamorsellino.github.io/biblioteche-fantasma/resource/municipality/065105,Ricigliano,CAMPANIA,TEMPORANEAMENTE_CHIUSA,1111,1064,-4.23042304230423
https://ameliamorsellino.github.io/biblioteche-fantasma/resource/library/IT-LT0006,IT-LT0006,Biblioteca comunale,https://ameliamorsellino.github.io/biblioteche-fantasma/resource/municipality/059003,Campodimele,LAZIO,TEMPORANEAMENTE_CHIUSA,581,557,-4.130808950086059
https://ameliamorsellino.github.io/biblioteche-fantasma/resource/library/IT-BI0011,IT-BI0011,Biblioteca civica,https://ameliamorsellino.github.io/biblioteche-fantasma/resource/municipality/096047,Ponderano,PIEMONTE,TEMPORANEAMENTE_CHIUSA,3784,3629,-4.0961945031712474
https://ameliamorsellino.github.io/biblioteche-fantasma/resource/library/IT-AL0309,IT-AL0309,Biblioteca dell'Istituto di istruzione superiore Cesare Balbo,https://ameliamorsellino.github.io/biblioteche-fantasma/resource/municipality/006039,Casale Monferrato,PIEMONTE,TEMPORANEAMENTE_CHIUSA,33806,32428,-4.076199491214577
https://ameliamorsellino.github.io/biblioteche-fantasma/resource/library/IT-IS0057,IT-IS0057,Biblioteca comunale,https://ameliamorsellino.github.io/biblioteche-fantasma/resource/municipality/094023,Isernia,MOLISE,TEMPORANEAMENTE_CHIUSA,21400,20529,-4.070093457943925
https://ameliamorsellino.github.io/biblioteche-fantasma/resource/library/IT-AV0014,IT-AV0014,Biblioteca Comunale Salvatore Pescatori,https://ameliamorsellino.github.io/biblioteche-fantasma/resource/municipality/064009,Bagnoli Irpino,CAMPANIA,TEMPORANEAMENTE_CHIUSA,3121,2994,-4.0692085869913495
https://ameliamorsellino.github.io/biblioteche-fantasma/resource/library/IT-SV0009,IT-SV0009,"Biblioteca civica ""Maria Ferrua Testore""",https://ameliamorsellino.github.io/biblioteche-fantasma/resource/municipality/009008,Balestrino,LIGURIA,TEMPORANEAMENTE_CHIUSA,542,520,-4.059040590405904
https://ameliamorsellino.github.io/biblioteche-fantasma/resource/library/IT-VE0163,IT-VE0163,Biblioteca della Fondazione Giuseppe Corazzin,https://ameliamorsellino.github.io/biblioteche-fantasma/resource/municipality/027042,Venezia,VENETO,TEMPORANEAMENTE_CHIUSA,259961,249490,-4.027911879089556
https://ameliamorsellino.github.io/biblioteche-fantasma/resource/library/IT-VE0237,IT-VE0237,"Biblioteca dell'Istituto veneto di scienze, lettere ed arti",https://ameliamorsellino.github.io/biblioteche-fantasma/resource/municipality/027042,Venezia,VENETO,TEMPORANEAMENTE_CHIUSA,259961,249490,-4.027911879089556
https://ameliamorsellino.github.io/biblioteche-fantasma/resource/library/IT-VE0275,IT-VE0275,Biblioteca del Comitato veneziano della Società Dante Alighieri,https://ameliamorsellino.github.io/biblioteche-fantasma/resource/municipality/027042,Venezia,VENETO,TEMPORANEAMENTE_CHIUSA,259961,249490,-4.027911879089556
https://ameliamorsellino.github.io/biblioteche-fantasma/resource/library/IT-VE0312,IT-VE0312,Biblioteca di Cultura Veneta Paola di Rosa Settembrini di Mestre,https://ameliamorsellino.github.io/biblioteche-fantasma/resource/municipality/027042,Venezia,VENETO,TEMPORANEAMENTE_CHIUSA,259961,249490,-4.027911879089556
https://ameliamorsellino.github.io/biblioteche-fantasma/resource/library/IT-CB0081,IT-CB0081,Biblioteca del Centro di lettura,https://ameliamorsellino.github.io/biblioteche-fantasma/resource/municipality/070059,Ripalimosani,MOLISE,TEMPORANEAMENTE_CHIUSA,3110,2985,-4.019292604501608
https://ameliamorsellino.github.io/biblioteche-fantasma/resource/library/IT-FC0069,IT-FC0069,Biblioteca comunale,https://ameliamorsellino.github.io/biblioteche-fantasma/resource/municipality/040049,Tredozio,EMILIA-ROMAGNA,TEMPORANEAMENTE_CHIUSA,1145,1099,-4.017467248908297
https://ameliamorsellino.github.io/biblioteche-fantasma/resource/library/IT-TO0136,IT-TO0136,Biblioteca civica,https://ameliamorsellino.github.io/biblioteche-fantasma/resource/municipality/001159,Montalenghe,PIEMONTE,TEMPORANEAMENTE_CHIUSA,998,958,-4.008016032064128
https://ameliamorsellino.github.io/biblioteche-fantasma/resource/library/IT-TE0012,IT-TE0012,Biblioteca comunale,https://ameliamorsellino.github.io/biblioteche-fantasma/resource/municipality/067026,Isola del Gran Sasso d'Italia,ABRUZZO,TEMPORANEAMENTE_CHIUSA,4623,4438,-4.00173047804456
https://ameliamorsellino.github.io/biblioteche-fantasma/resource/library/IT-SA0225,IT-SA0225,Biblioteca scolastica del Liceo scientifico statale di Scafati,https://ameliamorsellino.github.io/biblioteche-fantasma/resource/municipality/065137,Scafati,CAMPANIA,TEMPORANEAMENTE_CHIUSA,49627,47667,-3.949462993934753
https://ameliamorsellino.github.io/biblioteche-fantasma/resource/library/IT-ME0394,IT-ME0394,"Biblioteca comunale ""Salvatore Pugliatti""",https://ameliamorsellino.github.io/biblioteche-fantasma/resource/municipality/083064,Pace del Mela,SICILIA,TEMPORANEAMENTE_CHIUSA,6219,5974,-3.939540118990191
https://ameliamorsellino.github.io/biblioteche-fantasma/resource/library/IT-FG0076,IT-FG0076,Biblioteca comunale,https://ameliamorsellino.github.io/biblioteche-fantasma/resource/municipality/071040,Poggio Imperiale,PUGLIA,TEMPORANEAMENTE_CHIUSA,2618,2516,-3.896103896103896
https://ameliamorsellino.github.io/biblioteche-fantasma/resource/library/IT-GR0038,IT-GR0038,Biblioteca comunale,https://ameliamorsellino.github.io/biblioteche-fantasma/resource/municipality/053028,Semproniano,TOSCANA,TEMPORANEAMENTE_CHIUSA,1061,1020,-3.8642789820923658
https://ameliamorsellino.github.io/biblioteche-fantasma/resource/library/IT-CB0004,IT-CB0004,Biblioteca pubblica comunale,https://ameliamorsellino.github.io/biblioteche-fantasma/resource/municipality/070003,Bojano,MOLISE,TEMPORANEAMENTE_CHIUSA,7856,7554,-3.844195519348269
https://ameliamorsellino.github.io/biblioteche-fantasma/resource/library/IT-TR0082,IT-TR0082,Biblioteca Arpa Umbria - Agenzia regionale per la protezione ambientale,https://ameliamorsellino.github.io/biblioteche-fantasma/resource/municipality/055032,Terni,UMBRIA,TEMPORANEAMENTE_CHIUSA,110554,106310,-3.8388479837907266
https://ameliamorsellino.github.io/biblioteche-fantasma/resource/library/IT-TV0187,IT-TV0187,Biblioteca della Fondazione Francesco Fabbri,https://ameliamorsellino.github.io/biblioteche-fantasma/resource/municipality/026057,Pieve di Soligo,VENETO,TEMPORANEAMENTE_CHIUSA,11953,11500,-3.789843553919518
https://ameliamorsellino.github.io/biblioteche-fantasma/resource/library/IT-AV0209,IT-AV0209,Biblioteca Mons Militum,https://ameliamorsellino.github.io/biblioteche-fantasma/resource/municipality/064059,Montemiletto,CAMPANIA,TEMPORANEAMENTE_CHIUSA,5249,5052,-3.7530958277767192
https://ameliamorsellino.github.io/biblioteche-fantasma/resource/library/IT-SS0032,IT-SS0032,Biblioteca comunale,https://ameliamorsellino.github.io/biblioteche-fantasma/resource/municipality/090040,Monteleone Rocca Doria,SARDEGNA,TEMPORANEAMENTE_CHIUSA,107,103,-3.7383177570093453
https://ameliamorsellino.github.io/biblioteche-fantasma/resource/library/IT-AQ0077,IT-AQ0077,Biblioteca comunale,https://ameliamorsellino.github.io/biblioteche-fantasma/resource/municipality/066060,Ofena,ABRUZZO,TEMPORANEAMENTE_CHIUSA,457,440,-3.7199124726477026
https://ameliamorsellino.github.io/biblioteche-fantasma/resource/library/IT-PA0160,IT-PA0160,"Biblioteca di ingegneria civile, ambientale, aerospaziale, dei materiali. Ingegneria idraulica. Università degli studi di Palermo",https://ameliamorsellino.github.io/biblioteche-fantasma/resource/municipality/082053,Palermo,SICILIA,TEMPORANEAMENTE_CHIUSA,652720,628693,-3.681057727662704
https://ameliamorsellino.github.io/biblioteche-fantasma/resource/library/IT-PA0162,IT-PA0162,Biblioteca policentrica di medicina e chirurgia. Fisiologia umana. Università degli studi di Palermo,https://ameliamorsellino.github.io/biblioteche-fantasma/resource/municipality/082053,Palermo,SICILIA,TEMPORANEAMENTE_CHIUSA,652720,628693,-3.681057727662704
https://ameliamorsellino.github.io/biblioteche-fantasma/resource/library/IT-PA0237,IT-PA0237,Biblioteca dell'Associazione Università della terza età,https://ameliamorsellino.github.io/biblioteche-fantasma/resource/municipality/082053,Palermo,SICILIA,TEMPORANEAMENTE_CHIUSA,652720,628693,-3.681057727662704
https://ameliamorsellino.github.io/biblioteche-fantasma/resource/library/IT-PA0472,IT-PA0472,Biblioteca biomedica della USL 61,https://ameliamorsellino.github.io/biblioteche-fantasma/resource/municipality/082053,Palermo,SICILIA,TEMPORANEAMENTE_CHIUSA,652720,628693,-3.681057727662704
https://ameliamorsellino.github.io/biblioteche-fantasma/resource/library/IT-PA0474,IT-PA0474,Biblioteca dell'Istituto tecnico femminile S. Vincenzo,https://ameliamorsellino.github.io/biblioteche-fantasma/resource/municipality/082053,Palermo,SICILIA,TEMPORANEAMENTE_CHIUSA,652720,628693,-3.681057727662704
https://ameliamorsellino.github.io/biblioteche-fantasma/resource/library/IT-PA0475,IT-PA0475,Biblioteca dell'Istituto regionale ricerca educativa - IRRE,https://ameliamorsellino.github.io/biblioteche-fantasma/resource/municipality/082053,Palermo,SICILIA,TEMPORANEAMENTE_CHIUSA,652720,628693,-3.681057727662704
https://ameliamorsellino.github.io/biblioteche-fantasma/resource/library/IT-CZ0448,IT-CZ0448,Biblioteca Comunale,https://ameliamorsellino.github.io/biblioteche-fantasma/resource/municipality/079008,Badolato,CALABRIA,TEMPORANEAMENTE_CHIUSA,2920,2813,-3.664383561643836
https://ameliamorsellino.github.io/biblioteche-fantasma/resource/library/IT-NO0153,IT-NO0153,Biblioteca civica,https://ameliamorsellino.github.io/biblioteche-fantasma/resource/municipality/003047,Cavallirio,PIEMONTE,TEMPORANEAMENTE_CHIUSA,1340,1291,-3.656716417910448
https://ameliamorsellino.github.io/biblioteche-fantasma/resource/library/IT-PV0016,IT-PV0016,Biblioteca comunale,https://ameliamorsellino.github.io/biblioteche-fantasma/resource/municipality/018032,Casatisma,LOMBARDIA,TEMPORANEAMENTE_CHIUSA,879,847,-3.6405005688282137
https://ameliamorsellino.github.io/biblioteche-fantasma/resource/library/IT-AQ0162,IT-AQ0162,"Biblioteca comunale ""Eugenio Maria Beranger""",https://ameliamorsellino.github.io/biblioteche-fantasma/resource/municipality/066036,Civitella Roveto,ABRUZZO,SERVIZI_SOSPESI_CAUSA_SISMA,3140,3026,-3.6305732484076434
https://ameliamorsellino.github.io/biblioteche-fantasma/resource/library/IT-FG0127,IT-FG0127,Biblioteca della Camera di Commercio di Foggia,https://ameliamorsellino.github.io/biblioteche-fantasma/resource/municipality/071024,Foggia,PUGLIA,TEMPORANEAMENTE_CHIUSA,150652,145198,-3.6202639194965878
https://ameliamorsellino.github.io/biblioteche-fantasma/resource/library/IT-FG0199,IT-FG0199,Biblioteca della Fondazione dei Monti Uniti di Foggia,https://ameliamorsellino.github.io/biblioteche-fantasma/resource/municipality/071024,Foggia,PUGLIA,TEMPORANEAMENTE_CHIUSA,150652,145198,-3.6202639194965878
https://ameliamorsellino.github.io/biblioteche-fantasma/resource/library/IT-CH0103,IT-CH0103,Biblioteca comunale,https://ameliamorsellino.github.io/biblioteche-fantasma/resource/municipality/069085,Sant'Eusanio del Sangro,ABRUZZO,TEMPORANEAMENTE_CHIUSA,2333,2250,-3.557651093013288
https://ameliamorsellino.github.io/biblioteche-fantasma/resource/library/IT-AP0011,IT-AP0011,Biblioteca del Convento dei cappuccini,https://ameliamorsellino.github.io/biblioteche-fantasma/resource/municipality/109006,Fermo,MARCHE,TEMPORANEAMENTE_CHIUSA,37034,35727,-3.5291893935302694
https://ameliamorsellino.github.io/biblioteche-fantasma/resource/library/IT-RC0084,IT-RC0084,Biblioteca comunale Antonio Renda,https://ameliamorsellino.github.io/biblioteche-fantasma/resource/municipality/080093,Taurianova,CALABRIA,TEMPORANEAMENTE_CHIUSA,15253,14722,-3.4812823706811775
https://ameliamorsellino.github.io/biblioteche-fantasma/resource/library/IT-NA0194,IT-NA0194,Biblioteca comunale,https://ameliamorsellino.github.io/biblioteche-fantasma/resource/municipality/063070,San Sebastiano al Vesuvio,CAMPANIA,TEMPORANEAMENTE_CHIUSA,8928,8619,-3.461021505376344
https://ameliamorsellino.github.io/biblioteche-fantasma/resource/library/IT-IM0007,IT-IM0007,Biblioteca civica,https://ameliamorsellino.github.io/biblioteche-fantasma/resource/municipality/008016,Ceriana,LIGURIA,TEMPORANEAMENTE_CHIUSA,1129,1090,-3.454384410983171
https://ameliamorsellino.github.io/biblioteche-fantasma/resource/library/IT-SI0033,IT-SI0033,Biblioteca comunale,https://ameliamorsellino.github.io/biblioteche-fantasma/resource/municipality/052024,Radicofani,TOSCANA,TEMPORANEAMENTE_CHIUSA,1081,1044,-3.4227567067530065
https://ameliamorsellino.github.io/biblioteche-fantasma/resource/library/IT-CS0840,IT-CS0840,Biblioteca Comunale Italo Ferri,https://ameliamorsellino.github.io/biblioteche-fantasma/resource/municipality/078014,Belsito,CALABRIA,TEMPORANEAMENTE_CHIUSA,914,883,-3.391684901531729
https://ameliamorsellino.github.io/biblioteche-fantasma/resource/library/IT-RM2110,IT-RM2110,Biblioteca della bicicletta Lucos Cozza,https://ameliamorsellino.github.io/biblioteche-fantasma/resource/municipality/058013,Bracciano,LAZIO,TEMPORANEAMENTE_CHIUSA,19022,18379,-3.380296498790874
https://ameliamorsellino.github.io/biblioteche-fantasma/resource/library/IT-IS0049,IT-IS0049,Biblioteca comunale Alfonso Perrella,https://ameliamorsellino.github.io/biblioteche-fantasma/resource/municipality/094005,Cantalupo nel Sannio,MOLISE,TEMPORANEAMENTE_CHIUSA,748,723,-3.342245989304813
https://ameliamorsellino.github.io/biblioteche-fantasma/resource/library/IT-FM0047,IT-FM0047,Biblioteca comunale,https://ameliamorsellino.github.io/biblioteche-fantasma/resource/municipality/109005,Falerone,MARCHE,TEMPORANEAMENTE_CHIUSA,3275,3166,-3.3282442748091605
https://ameliamorsellino.github.io/biblioteche-fantasma/resource/library/IT-SA0256,IT-SA0256,Mediateca comunale Marte,https://ameliamorsellino.github.io/biblioteche-fantasma/resource/municipality/065037,Cava de' Tirreni,CAMPANIA,TEMPORANEAMENTE_CHIUSA,51494,49793,-3.303297471550083
https://ameliamorsellino.github.io/biblioteche-fantasma/resource/library/IT-SR0019,IT-SR0019,Biblioteca Historica. Museo di Cavalleria e d'Africa,https://ameliamorsellino.github.io/biblioteche-fantasma/resource/municipality/089017,Siracusa,SICILIA,TEMPORANEAMENTE_CHIUSA,119710,115776,-3.2862751649820403
https://ameliamorsellino.github.io/biblioteche-fantasma/resource/library/IT-SR0090,IT-SR0090,Biblioteca dell'AVIS Comunale di Siracusa ,https://ameliamorsellino.github.io/biblioteche-fantasma/resource/municipality/089017,Siracusa,SICILIA,TEMPORANEAMENTE_CHIUSA,119710,115776,-3.2862751649820403
https://ameliamorsellino.github.io/biblioteche-fantasma/resource/library/IT-RC0035,IT-RC0035,Biblioteca comunale G. Incorpora,https://ameliamorsellino.github.io/biblioteche-fantasma/resource/municipality/080043,Locri,CALABRIA,TEMPORANEAMENTE_CHIUSA,12273,11870,-3.2836307341318345
https://ameliamorsellino.github.io/biblioteche-fantasma/resource/library/IT-FR0121,IT-FR0121,Biblioteca comunale,https://ameliamorsellino.github.io/biblioteche-fantasma/resource/municipality/060008,Arce,LAZIO,TEMPORANEAMENTE_CHIUSA,5570,5388,-3.267504488330341
https://ameliamorsellino.github.io/biblioteche-fantasma/resource/library/IT-RI0028,IT-RI0028,Biblioteca comunale Cherubini,https://ameliamorsellino.github.io/biblioteche-fantasma/resource/municipality/057014,Castelnuovo di Farfa,LAZIO,TEMPORANEAMENTE_CHIUSA,1016,983,-3.2480314960629917
https://ameliamorsellino.github.io/biblioteche-fantasma/resource/library/IT-CR0015,IT-CR0015,Biblioteca comunale,https://ameliamorsellino.github.io/biblioteche-fantasma/resource/municipality/019009,Calvatone,LOMBARDIA,TEMPORANEAMENTE_CHIUSA,1187,1149,-3.201347935973041
https://ameliamorsellino.github.io/biblioteche-fantasma/resource/library/IT-BL0066,IT-BL0066,Biblioteca comunale di Soverzene,https://ameliamorsellino.github.io/biblioteche-fantasma/resource/municipality/025057,Soverzene,VENETO,TEMPORANEAMENTE_CHIUSA,375,363,-3.2
https://ameliamorsellino.github.io/biblioteche-fantasma/resource/library/IT-TR0277,IT-TR0277,Biblioteca comunale,https://ameliamorsellino.github.io/biblioteche-fantasma/resource/municipality/055012,Ferentillo,UMBRIA,TEMPORANEAMENTE_CHIUSA,1847,1788,-3.1943692474282623
https://ameliamorsellino.github.io/biblioteche-fantasma/resource/library/IT-CA0028,IT-CA0028,Biblioteca militare di presidio del Comando Militare Esercito Sardegna,https://ameliamorsellino.github.io/biblioteche-fantasma/resource/municipality/092009,Cagliari,SARDEGNA,TEMPORANEAMENTE_CHIUSA,151504,146692,-3.176153764917098
https://ameliamorsellino.github.io/biblioteche-fantasma/resource/library/IT-CA0039,IT-CA0039,Biblioteca della Deputazione di storia patria per la Sardegna,https://ameliamorsellino.github.io/biblioteche-fantasma/resource/municipality/092009,Cagliari,SARDEGNA,TEMPORANEAMENTE_CHIUSA,151504,146692,-3.176153764917098
https://ameliamorsellino.github.io/biblioteche-fantasma/resource/library/IT-SV0125,IT-SV0125,Biblioteca dell'Istituto Secondario Superiore per i servizi alberghieri e della ristorazione A. Migliorini,https://ameliamorsellino.github.io/biblioteche-fantasma/resource/municipality/009029,Finale Ligure,LIGURIA,TEMPORANEAMENTE_CHIUSA,11371,11012,-3.1571541641016623
https://ameliamorsellino.github.io/biblioteche-fantasma/resource/library/IT-SV0126,IT-SV0126,Biblioteca del Liceo Scientifico Arturo Issel,https://ameliamorsellino.github.io/biblioteche-fantasma/resource/municipality/009029,Finale Ligure,LIGURIA,TEMPORANEAMENTE_CHIUSA,11371,11012,-3.1571541641016623
https://ameliamorsellino.github.io/biblioteche-fantasma/resource/library/IT-PD0212,IT-PD0212,Biblioteca comunale G. Franco Santi di Urbana,https://ameliamorsellino.github.io/biblioteche-fantasma/resource/municipality/028095,Urbana,VENETO,TEMPORANEAMENTE_CHIUSA,2093,2027,-3.1533683707596754
https://ameliamorsellino.github.io/biblioteche-fantasma/resource/library/IT-AO0066,IT-AO0066,Biblioteca del Club Alpino Italiano - CAI,https://ameliamorsellino.github.io/biblioteche-fantasma/resource/municipality/007003,Aosta,VALLE D'AOSTA/VALLÉE D'AOSTE,TEMPORANEAMENTE_CHIUSA,34169,33096,-3.140273347186046
https://ameliamorsellino.github.io/biblioteche-fantasma/resource/library/IT-PZ0136,IT-PZ0136,Biblioteca comunale,https://ameliamorsellino.github.io/biblioteche-fantasma/resource/municipality/076083,Satriano di Lucania,BASILICATA,TEMPORANEAMENTE_CHIUSA,2307,2235,-3.1209362808842656
https://ameliamorsellino.github.io/biblioteche-fantasma/resource/library/IT-PR0134,IT-PR0134,Biblioteca comunale,https://ameliamorsellino.github.io/biblioteche-fantasma/resource/municipality/034038,Terenzo,EMILIA-ROMAGNA,TEMPORANEAMENTE_CHIUSA,1189,1152,-3.1118587047939443
https://ameliamorsellino.github.io/biblioteche-fantasma/resource/library/IT-PV0384,IT-PV0384,Biblioteca comunale,https://ameliamorsellino.github.io/biblioteche-fantasma/resource/municipality/018130,Rosasco,LOMBARDIA,TEMPORANEAMENTE_CHIUSA,570,553,-2.982456140350877
https://ameliamorsellino.github.io/biblioteche-fantasma/resource/library/IT-BL0041,IT-BL0041,BIBLIOTECA COMUNALE DI OSPITALE DI CADORE,https://ameliamorsellino.github.io/biblioteche-fantasma/resource/municipality/025035,Ospitale di Cadore,VENETO,TEMPORANEAMENTE_CHIUSA,269,261,-2.973977695167286
https://ameliamorsellino.github.io/biblioteche-fantasma/resource/library/IT-CA0008,IT-CA0008,Biblioteca comunale,https://ameliamorsellino.github.io/biblioteche-fantasma/resource/municipality/111006,Buggerru,SARDEGNA,TEMPORANEAMENTE_CHIUSA,1045,1014,-2.9665071770334928
https://ameliamorsellino.github.io/biblioteche-fantasma/resource/library/IT-TN0039,IT-TN0039,Biblioteca Gian Pietro Muratori,https://ameliamorsellino.github.io/biblioteche-fantasma/resource/municipality/022050,Cavalese,TRENTINO-ALTO ADIGE/SÜDTIROL,TEMPORANEAMENTE_CHIUSA,4131,4010,-2.9290728637133867
https://ameliamorsellino.github.io/biblioteche-fantasma/resource/library/IT-VT0014,IT-VT0014,"Biblioteca comunale ""Alfredo Signoretti""",https://ameliamorsellino.github.io/biblioteche-fantasma/resource/municipality/056014,Capranica,LAZIO,TEMPORANEAMENTE_CHIUSA,6532,6341,-2.9240661359461115
https://ameliamorsellino.github.io/biblioteche-fantasma/resource/library/IT-FE0099,IT-FE0099,Biblioteca delle Gallerie d'Arte Moderna e Contemporanea,https://ameliamorsellino.github.io/biblioteche-fantasma/resource/municipality/038008,Ferrara,EMILIA-ROMAGNA,TEMPORANEAMENTE_CHIUSA,132931,129081,-2.896239402396732
https://ameliamorsellino.github.io/biblioteche-fantasma/resource/library/IT-FE0112,IT-FE0112,"Videoteca - Biblioteca ""Vigor""",https://ameliamorsellino.github.io/biblioteche-fantasma/resource/municipality/038008,Ferrara,EMILIA-ROMAGNA,TEMPORANEAMENTE_CHIUSA,132931,129081,-2.896239402396732
https://ameliamorsellino.github.io/biblioteche-fantasma/resource/library/IT-FE0116,IT-FE0116,Biblioteca del Centro Studi S. Simone e Giuda,https://ameliamorsellino.github.io/biblioteche-fantasma/resource/municipality/038008,Ferrara,EMILIA-ROMAGNA,TEMPORANEAMENTE_CHIUSA,132931,129081,-2.896239402396732
https://ameliamorsellino.github.io/biblioteche-fantasma/resource/library/IT-FE0162,IT-FE0162,Biblioteca di Medicina dell'Università degli studi di Ferrara,https://ameliamorsellino.github.io/biblioteche-fantasma/resource/municipality/038008,Ferrara,EMILIA-ROMAGNA,TEMPORANEAMENTE_CHIUSA,132931,129081,-2.896239402396732
https://ameliamorsellino.github.io/biblioteche-fantasma/resource/library/IT-FE0177,IT-FE0177,Biblioteca scolastica De Pisis-Bonati,https://ameliamorsellino.github.io/biblioteche-fantasma/resource/municipality/038008,Ferrara,EMILIA-ROMAGNA,SERVIZI_SOSPESI_CAUSA_SISMA,132931,129081,-2.896239402396732
https://ameliamorsellino.github.io/biblioteche-fantasma/resource/library/IT-FE0178,IT-FE0178,Biblioteca scolastica Boiardo,https://ameliamorsellino.github.io/biblioteche-fantasma/resource/municipality/038008,Ferrara,EMILIA-ROMAGNA,TEMPORANEAMENTE_CHIUSA,132931,129081,-2.896239402396732
https://ameliamorsellino.github.io/biblioteche-fantasma/resource/library/IT-FE0333,IT-FE0333,Biblioteca Cardinale Francesco Carafa ,https://ameliamorsellino.github.io/biblioteche-fantasma/resource/municipality/038008,Ferrara,EMILIA-ROMAGNA,TEMPORANEAMENTE_CHIUSA,132931,129081,-2.896239402396732
https://ameliamorsellino.github.io/biblioteche-fantasma/resource/library/IT-AT0057,IT-AT0057,Biblioteca del CEPROS Asti ONLUS Ettore e Teresa De Benedetti,https://ameliamorsellino.github.io/biblioteche-fantasma/resource/municipality/005005,Asti,PIEMONTE,TEMPORANEAMENTE_CHIUSA,75591,73440,-2.845576854387427
https://ameliamorsellino.github.io/biblioteche-fantasma/resource/library/IT-AG0098,IT-AG0098,Biblioteca Comunale,https://ameliamorsellino.github.io/biblioteche-fantasma/resource/municipality/084008,Camastra,SICILIA,TEMPORANEAMENTE_CHIUSA,2012,1955,-2.8330019880715707
https://ameliamorsellino.github.io/biblioteche-fantasma/resource/library/IT-TA0046,IT-TA0046,Biblioteca comunale Antonio Vitti,https://ameliamorsellino.github.io/biblioteche-fantasma/resource/municipality/073026,Sava,PUGLIA,TEMPORANEAMENTE_CHIUSA,15608,15166,-2.831881086622245
https://ameliamorsellino.github.io/biblioteche-fantasma/resource/library/IT-FC0110,IT-FC0110,Biblioteca del Seminario vescovile,https://ameliamorsellino.github.io/biblioteche-fantasma/resource/municipality/040044,Sarsina,EMILIA-ROMAGNA,TEMPORANEAMENTE_CHIUSA,3405,3310,-2.7900146842878124
https://ameliamorsellino.github.io/biblioteche-fantasma/resource/library/IT-LI0084,IT-LI0084,Biblioteca Centro Ascolto Approdo,https://ameliamorsellino.github.io/biblioteche-fantasma/resource/municipality/049009,Livorno,TOSCANA,TEMPORANEAMENTE_CHIUSA,157457,153154,-2.7328095924601636
https://ameliamorsellino.github.io/biblioteche-fantasma/resource/library/IT-LI0087,IT-LI0087,Biblioteca dell'Istituto tecnico navale Cappellini,https://ameliamorsellino.github.io/biblioteche-fantasma/resource/municipality/049009,Livorno,TOSCANA,TEMPORANEAMENTE_CHIUSA,157457,153154,-2.7328095924601636
https://ameliamorsellino.github.io/biblioteche-fantasma/resource/library/IT-CB0082,IT-CB0082,Biblioteca comunale,https://ameliamorsellino.github.io/biblioteche-fantasma/resource/municipality/070075,Sepino,MOLISE,TEMPORANEAMENTE_CHIUSA,1854,1804,-2.696871628910464
https://ameliamorsellino.github.io/biblioteche-fantasma/resource/library/IT-TO0487,IT-TO0487,Biblioteca europea di cultura Victor del Litto di storia della civiltà comparata e cultura del viaggio,https://ameliamorsellino.github.io/biblioteche-fantasma/resource/municipality/001156,Moncalieri,PIEMONTE,TEMPORANEAMENTE_CHIUSA,56964,55439,-2.6771294150691665
https://ameliamorsellino.github.io/biblioteche-fantasma/resource/library/IT-MO0107,IT-MO0107,Biblioteca comunale e Scolastica,https://ameliamorsellino.github.io/biblioteche-fantasma/resource/municipality/036032,Polinago,EMILIA-ROMAGNA,TEMPORANEAMENTE_CHIUSA,1620,1577,-2.6543209876543212
https://ameliamorsellino.github.io/biblioteche-fantasma/resource/library/IT-CE0054,IT-CE0054,"Biblioteca della Camera di commercio, industria, artigianato e agricoltura - CCIAA",https://ameliamorsellino.github.io/biblioteche-fantasma/resource/municipality/061022,Caserta,CAMPANIA,TEMPORANEAMENTE_CHIUSA,74757,72793,-2.627178725738058
https://ameliamorsellino.github.io/biblioteche-fantasma/resource/library/IT-CE0162,IT-CE0162,Biblioteca Provinciale Federico Scialla,https://ameliamorsellino.github.io/biblioteche-fantasma/resource/municipality/061022,Caserta,CAMPANIA,TEMPORANEAMENTE_CHIUSA,74757,72793,-2.627178725738058
https://ameliamorsellino.github.io/biblioteche-fantasma/resource/library/IT-TA0048,IT-TA0048,Biblioteca comunale,https://ameliamorsellino.github.io/biblioteche-fantasma/resource/municipality/073025,San Marzano di San Giuseppe,PUGLIA,TEMPORANEAMENTE_CHIUSA,9063,8826,-2.6150281363786823
https://ameliamorsellino.github.io/biblioteche-fantasma/resource/library/IT-MO0049,IT-MO0049,Biblioteca del Dipartimento del Museo di paleobiologia e dell'Orto botanico. Sezione dell'Orto botanico dell'Università degli studi di Modena e Reggio Emilia,https://ameliamorsellino.github.io/biblioteche-fantasma/resource/municipality/036023,Modena,EMILIA-ROMAGNA,TEMPORANEAMENTE_CHIUSA,189016,184074,-2.6145934735683753
https://ameliamorsellino.github.io/biblioteche-fantasma/resource/library/IT-MO0056,IT-MO0056,Biblioteca del Museo Civico,https://ameliamorsellino.github.io/biblioteche-fantasma/resource/municipality/036023,Modena,EMILIA-ROMAGNA,TEMPORANEAMENTE_CHIUSA,189016,184074,-2.6145934735683753
https://ameliamorsellino.github.io/biblioteche-fantasma/resource/library/IT-MO0231,IT-MO0231,Biblioteca della comunità ebraica di Modena e Reggio,https://ameliamorsellino.github.io/biblioteche-fantasma/resource/municipality/036023,Modena,EMILIA-ROMAGNA,TEMPORANEAMENTE_CHIUSA,189016,184074,-2.6145934735683753
https://ameliamorsellino.github.io/biblioteche-fantasma/resource/library/IT-IS0033,IT-IS0033,Biblioteca comunale,https://ameliamorsellino.github.io/biblioteche-fantasma/resource/municipality/094042,Rocchetta a Volturno,MOLISE,TEMPORANEAMENTE_CHIUSA,1116,1087,-2.5985663082437274
https://ameliamorsellino.github.io/biblioteche-fantasma/resource/library/IT-RM0150,IT-RM0150,Biblioteca tecnico scientifica dell'Istituto storico e di cultura dell'arma del genio,https://ameliamorsellino.github.io/biblioteche-fantasma/resource/municipality/058091,Roma,LAZIO,TEMPORANEAMENTE_CHIUSA,2820219,2747290,-2.5859339292445016
https://ameliamorsellino.github.io/biblioteche-fantasma/resource/library/IT-RM0209,IT-RM0209,Biblioteca della Fondazione Ernesta Besso,https://ameliamorsellino.github.io/biblioteche-fantasma/resource/municipality/058091,Roma,LAZIO,TEMPORANEAMENTE_CHIUSA,2820219,2747290,-2.5859339292445016
https://ameliamorsellino.github.io/biblioteche-fantasma/resource/library/IT-RM0214,IT-RM0214,Biblioteca della Galleria nazionale d'arte moderna e contemporanea - GNAM,https://ameliamorsellino.github.io/biblioteche-fantasma/resource/municipality/058091,Roma,LAZIO,TEMPORANEAMENTE_CHIUSA,2820219,2747290,-2.5859339292445016
https://ameliamorsellino.github.io/biblioteche-fantasma/resource/library/IT-RM0423,IT-RM0423,Biblioteca dell'Abbazia S. Maria nova al Foro romano,https://ameliamorsellino.github.io/biblioteche-fantasma/resource/municipality/058091,Roma,LAZIO,TEMPORANEAMENTE_CHIUSA,2820219,2747290,-2.5859339292445016
https://ameliamorsellino.github.io/biblioteche-fantasma/resource/library/IT-RM0521,IT-RM0521,Biblioteca dell'Istituto della enciclopedia italiana Giovanni Treccani,https://ameliamorsellino.github.io/biblioteche-fantasma/resource/municipality/058091,Roma,LAZIO,TEMPORANEAMENTE_CHIUSA,2820219,2747290,-2.5859339292445016
https://ameliamorsellino.github.io/biblioteche-fantasma/resource/library/IT-RM0527,IT-RM0527,Biblioteca del Museo storico dell'arma dei carabinieri,https://ameliamorsellino.github.io/biblioteche-fantasma/resource/municipality/058091,Roma,LAZIO,TEMPORANEAMENTE_CHIUSA,2820219,2747290,-2.5859339292445016
https://ameliamorsellino.github.io/biblioteche-fantasma/resource/library/IT-RM0562,IT-RM0562,Biblioteca della Facoltà di Medicina e psicologia Ernesto Valentini. Sede servizio sociale - Sapienza Università di Roma,https://ameliamorsellino.github.io/biblioteche-fantasma/resource/municipality/058091,Roma,LAZIO,TEMPORANEAMENTE_CHIUSA,2820219,2747290,-2.5859339292445016
https://ameliamorsellino.github.io/biblioteche-fantasma/resource/library/IT-RM0578,IT-RM0578,Biblioteca del Collegio rabbinico italiano,https://ameliamorsellino.github.io/biblioteche-fantasma/resource/municipality/058091,Roma,LAZIO,TEMPORANEAMENTE_CHIUSA,2820219,2747290,-2.5859339292445016
https://ameliamorsellino.github.io/biblioteche-fantasma/resource/library/IT-RM0704,IT-RM0704,Biblioteca del Pontificio Collegio polacco,https://ameliamorsellino.github.io/biblioteche-fantasma/resource/municipality/058091,Roma,LAZIO,TEMPORANEAMENTE_CHIUSA,2820219,2747290,-2.5859339292445016
https://ameliamorsellino.github.io/biblioteche-fantasma/resource/library/IT-RM0740,IT-RM0740,Biblioteca dell'Accademia di Romania,https://ameliamorsellino.github.io/biblioteche-fantasma/resource/municipality/058091,Roma,LAZIO,TEMPORANEAMENTE_CHIUSA,2820219,2747290,-2.5859339292445016
https://ameliamorsellino.github.io/biblioteche-fantasma/resource/library/IT-RM0967,IT-RM0967,Biblioteca del Dipartimento di Management Antonio Renzi - Sapienza Università di Roma,https://ameliamorsellino.github.io/biblioteche-fantasma/resource/municipality/058091,Roma,LAZIO,TEMPORANEAMENTE_CHIUSA,2820219,2747290,-2.5859339292445016
https://ameliamorsellino.github.io/biblioteche-fantasma/resource/library/IT-RM1039,IT-RM1039,Biblioteca di Ingegneria civile. Sede Architettura - Sapienza Università di Roma,https://ameliamorsellino.github.io/biblioteche-fantasma/resource/municipality/058091,Roma,LAZIO,TEMPORANEAMENTE_CHIUSA,2820219,2747290,-2.5859339292445016
https://ameliamorsellino.github.io/biblioteche-fantasma/resource/library/IT-RM1267,IT-RM1267,Biblioteca del Museo storico della fanteria,https://ameliamorsellino.github.io/biblioteche-fantasma/resource/municipality/058091,Roma,LAZIO,TEMPORANEAMENTE_CHIUSA,2820219,2747290,-2.5859339292445016
https://ameliamorsellino.github.io/biblioteche-fantasma/resource/library/IT-RM1312,IT-RM1312,Biblioteca degli Archivi delle arti applicate italiane del XX secolo,https://ameliamorsellino.github.io/biblioteche-fantasma/resource/municipality/058091,Roma,LAZIO,TEMPORANEAMENTE_CHIUSA,2820219,2747290,-2.5859339292445016
https://ameliamorsellino.github.io/biblioteche-fantasma/resource/library/IT-RM1419,IT-RM1419,Archivio centrale del libro,https://ameliamorsellino.github.io/biblioteche-fantasma/resource/municipality/058091,Roma,LAZIO,TEMPORANEAMENTE_CHIUSA,2820219,2747290,-2.5859339292445016
https://ameliamorsellino.github.io/biblioteche-fantasma/resource/library/IT-RM1427,IT-RM1427,Biblioteca dell'Istituto superiore antincendi - ISA,https://ameliamorsellino.github.io/biblioteche-fantasma/resource/municipality/058091,Roma,LAZIO,TEMPORANEAMENTE_CHIUSA,2820219,2747290,-2.5859339292445016
https://ameliamorsellino.github.io/biblioteche-fantasma/resource/library/IT-RM1438,IT-RM1438,Biblioteca dell'Istituto Statale per Sordi di Roma,https://ameliamorsellino.github.io/biblioteche-fantasma/resource/municipality/058091,Roma,LAZIO,TEMPORANEAMENTE_CHIUSA,2820219,2747290,-2.5859339292445016
https://ameliamorsellino.github.io/biblioteche-fantasma/resource/library/IT-RM1620,IT-RM1620,Biblioteca del Dipartimento di Ingegneria chimica materiali e ambiente - Sapienza Università di Roma,https://ameliamorsellino.github.io/biblioteche-fantasma/resource/municipality/058091,Roma,LAZIO,TEMPORANEAMENTE_CHIUSA,2820219,2747290,-2.5859339292445016
https://ameliamorsellino.github.io/biblioteche-fantasma/resource/library/IT-RM1627,IT-RM1627,Biblioteca Coop Laurentina,https://ameliamorsellino.github.io/biblioteche-fantasma/resource/municipality/058091,Roma,LAZIO,TEMPORANEAMENTE_CHIUSA,2820219,2747290,-2.5859339292445016
https://ameliamorsellino.github.io/biblioteche-fantasma/resource/library/IT-RM1653,IT-RM1653,"Biblioteca interdipartimentale di fisiopatologia cardiocircolatoria, anestesiologia e chirurgia generale Paride Stefanini - Sapienza Università di Roma",https://ameliamorsellino.github.io/biblioteche-fantasma/resource/municipality/058091,Roma,LAZIO,TEMPORANEAMENTE_CHIUSA,2820219,2747290,-2.5859339292445016
https://ameliamorsellino.github.io/biblioteche-fantasma/resource/library/IT-RM1657,IT-RM1657,Biblioteca di ENIT SPA,https://ameliamorsellino.github.io/biblioteche-fantasma/resource/municipality/058091,Roma,LAZIO,TEMPORANEAMENTE_CHIUSA,2820219,2747290,-2.5859339292445016
https://ameliamorsellino.github.io/biblioteche-fantasma/resource/library/IT-RM1686,IT-RM1686,Biblioteca dell'Ente Nazionale per l'Aviazione Civile - ENAC,https://ameliamorsellino.github.io/biblioteche-fantasma/resource/municipality/058091,Roma,LAZIO,TEMPORANEAMENTE_CHIUSA,2820219,2747290,-2.5859339292445016
https://ameliamorsellino.github.io/biblioteche-fantasma/resource/library/IT-RM1696,IT-RM1696,Biblioteca dell'Istituto di ricerca per il Teatro Musicale - IRTEM,https://ameliamorsellino.github.io/biblioteche-fantasma/resource/municipality/058091,Roma,LAZIO,TEMPORANEAMENTE_CHIUSA,2820219,2747290,-2.5859339292445016
https://ameliamorsellino.github.io/biblioteche-fantasma/resource/library/IT-RM2025,IT-RM2025,Biblioteca della Federazione Italiana della Pallacanestro,https://ameliamorsellino.github.io/biblioteche-fantasma/resource/municipality/058091,Roma,LAZIO,TEMPORANEAMENTE_CHIUSA,2820219,2747290,-2.5859339292445016
https://ameliamorsellino.github.io/biblioteche-fantasma/resource/library/IT-RM2051,IT-RM2051,"Biblioteca di Bioetica ""Elio Sgreccia""",https://ameliamorsellino.github.io/biblioteche-fantasma/resource/municipality/058091,Roma,LAZIO,TEMPORANEAMENTE_CHIUSA,2820219,2747290,-2.5859339292445016
https://ameliamorsellino.github.io/biblioteche-fantasma/resource/library/IT-RM2086,IT-RM2086,Biblioteca del Movimento per la Vita Italiano,https://ameliamorsellino.github.io/biblioteche-fantasma/resource/municipality/058091,Roma,LAZIO,TEMPORANEAMENTE_CHIUSA,2820219,2747290,-2.5859339292445016
https://ameliamorsellino.github.io/biblioteche-fantasma/resource/library/IT-TR0285,IT-TR0285,Biblioteca comunale Stefano Millesimi,https://ameliamorsellino.github.io/biblioteche-fantasma/resource/municipality/055030,San Venanzo,UMBRIA,TEMPORANEAMENTE_CHIUSA,2207,2151,-2.5373810602628004
https://ameliamorsellino.github.io/biblioteche-fantasma/resource/library/IT-FG0125,IT-FG0125,Biblioteca civica Michele Lecce,https://ameliamorsellino.github.io/biblioteche-fantasma/resource/municipality/071046,San Giovanni Rotondo,PUGLIA,TEMPORANEAMENTE_CHIUSA,26932,26249,-2.5360166344868555
https://ameliamorsellino.github.io/biblioteche-fantasma/resource/library/IT-PZ0129,IT-PZ0129,Biblioteca Gian Paolo Nitti,https://ameliamorsellino.github.io/biblioteche-fantasma/resource/municipality/076048,Melfi,BASILICATA,TEMPORANEAMENTE_CHIUSA,17395,16961,-2.494969818913481
https://ameliamorsellino.github.io/biblioteche-fantasma/resource/library/IT-PZ0183,IT-PZ0183,Biblioteca comunale Carolina Rispoli,https://ameliamorsellino.github.io/biblioteche-fantasma/resource/municipality/076048,Melfi,BASILICATA,TEMPORANEAMENTE_CHIUSA,17395,16961,-2.494969818913481
https://ameliamorsellino.github.io/biblioteche-fantasma/resource/library/IT-SI0057,IT-SI0057,Biblioteca della Banca Monte dei Paschi,https://ameliamorsellino.github.io/biblioteche-fantasma/resource/municipality/052032,Siena,TOSCANA,TEMPORANEAMENTE_CHIUSA,54339,52990,-2.482563168258525
https://ameliamorsellino.github.io/biblioteche-fantasma/resource/library/IT-AQ0001,IT-AQ0001,Biblioteca comunale,https://ameliamorsellino.github.io/biblioteche-fantasma/resource/municipality/066003,Alfedena,ABRUZZO,TEMPORANEAMENTE_CHIUSA,935,912,-2.4598930481283423
https://ameliamorsellino.github.io/biblioteche-fantasma/resource/library/IT-RM1476,IT-RM1476,Biblioteca - Archivio della Fondazione Adkins Chiti: Donne in musica,https://ameliamorsellino.github.io/biblioteche-fantasma/resource/municipality/060035,Fiuggi,LAZIO,TEMPORANEAMENTE_CHIUSA,10446,10195,-2.4028336205246026
https://ameliamorsellino.github.io/biblioteche-fantasma/resource/library/IT-AN0116,IT-AN0116,Biblioteca comunale,https://ameliamorsellino.github.io/biblioteche-fantasma/resource/municipality/042011,Castelleone di Suasa,MARCHE,TEMPORANEAMENTE_CHIUSA,1584,1546,-2.398989898989899
https://ameliamorsellino.github.io/biblioteche-fantasma/resource/library/IT-SP0007,IT-SP0007,Biblioteca civica,https://ameliamorsellino.github.io/biblioteche-fantasma/resource/municipality/011003,Beverino,LIGURIA,TEMPORANEAMENTE_CHIUSA,2326,2271,-2.3645743766122096
https://ameliamorsellino.github.io/biblioteche-fantasma/resource/library/IT-VA0180,IT-VA0180,Biblioteca rionale di San Fermo,https://ameliamorsellino.github.io/biblioteche-fantasma/resource/municipality/012133,Varese,LOMBARDIA,TEMPORANEAMENTE_CHIUSA,80876,78992,-2.329492061921955
https://ameliamorsellino.github.io/biblioteche-fantasma/resource/library/IT-CB0096,IT-CB0096,Biblioteca del Centro di lettura Santo Stefano,https://ameliamorsellino.github.io/biblioteche-fantasma/resource/municipality/070006,Campobasso,MOLISE,TEMPORANEAMENTE_CHIUSA,48675,47547,-2.317411402157165
https://ameliamorsellino.github.io/biblioteche-fantasma/resource/library/IT-CB0193,IT-CB0193,"Biblioteca dell'Istituto regionale studi storici del Molise ""Vincenzo Cuoco""",https://ameliamorsellino.github.io/biblioteche-fantasma/resource/municipality/070006,Campobasso,MOLISE,TEMPORANEAMENTE_CHIUSA,48675,47547,-2.317411402157165
https://ameliamorsellino.github.io/biblioteche-fantasma/resource/library/IT-SV0063,IT-SV0063,"Biblioteca associazione ""A Campanassa"" Poggio Poggi",https://ameliamorsellino.github.io/biblioteche-fantasma/resource/municipality/009056,Savona,LIGURIA,TEMPORANEAMENTE_CHIUSA,59924,58581,-2.241172151391763
https://ameliamorsellino.github.io/biblioteche-fantasma/resource/library/IT-SV0092,IT-SV0092,Biblioteca Ecclesiastica di Finalmarina,https://ameliamorsellino.github.io/biblioteche-fantasma/resource/municipality/009056,Savona,LIGURIA,TEMPORANEAMENTE_CHIUSA,59924,58581,-2.241172151391763
https://ameliamorsellino.github.io/biblioteche-fantasma/resource/library/IT-SV0123,IT-SV0123,Biblioteca del Liceo Della Rovere,https://ameliamorsellino.github.io/biblioteche-fantasma/resource/municipality/009056,Savona,LIGURIA,TEMPORANEAMENTE_CHIUSA,59924,58581,-2.241172151391763
https://ameliamorsellino.github.io/biblioteche-fantasma/resource/library/IT-FI0349,IT-FI0349,Biblioteca del Centro studi e documentazione Assi Giglio Rosso,https://ameliamorsellino.github.io/biblioteche-fantasma/resource/municipality/048017,Firenze,TOSCANA,TEMPORANEAMENTE_CHIUSA,369885,361705,-2.211498168349622
https://ameliamorsellino.github.io/biblioteche-fantasma/resource/library/IT-FI0350,IT-FI0350,Biblioteca del Comitato regionale toscano del CONI,https://ameliamorsellino.github.io/biblioteche-fantasma/resource/municipality/048017,Firenze,TOSCANA,TEMPORANEAMENTE_CHIUSA,369885,361705,-2.211498168349622
https://ameliamorsellino.github.io/biblioteche-fantasma/resource/library/IT-FI0431,IT-FI0431,Biblioteca degli Uffizi,https://ameliamorsellino.github.io/biblioteche-fantasma/resource/municipality/048017,Firenze,TOSCANA,TEMPORANEAMENTE_CHIUSA,369885,361705,-2.211498168349622
https://ameliamorsellino.github.io/biblioteche-fantasma/resource/library/IT-FI0481,IT-FI0481, Biblioteca dell'Istituto per la storia e la prevenzione oncologica - ISPO,https://ameliamorsellino.github.io/biblioteche-fantasma/resource/municipality/048017,Firenze,TOSCANA,TEMPORANEAMENTE_CHIUSA,369885,361705,-2.211498168349622
https://ameliamorsellino.github.io/biblioteche-fantasma/resource/library/IT-FI0935,IT-FI0935,Biblioteca della Galleria Palatina,https://ameliamorsellino.github.io/biblioteche-fantasma/resource/municipality/048017,Firenze,TOSCANA,TEMPORANEAMENTE_CHIUSA,369885,361705,-2.211498168349622
https://ameliamorsellino.github.io/biblioteche-fantasma/resource/library/IT-IM0032,IT-IM0032,Biblioteca civica F. Pastonchi,https://ameliamorsellino.github.io/biblioteche-fantasma/resource/municipality/008050,Riva Ligure,LIGURIA,TEMPORANEAMENTE_CHIUSA,2815,2753,-2.202486678507993
https://ameliamorsellino.github.io/biblioteche-fantasma/resource/library/IT-MI0276,IT-MI0276,Biblioteca della Corte di appello di Milano,https://ameliamorsellino.github.io/biblioteche-fantasma/resource/municipality/015146,Milano,LOMBARDIA,TEMPORANEAMENTE_CHIUSA,1395980,1365698,-2.1692287855126864
https://ameliamorsellino.github.io/biblioteche-fantasma/resource/library/IT-MI0343,IT-MI0343,Biblioteca dell'ICOM - International Council of Museums. Comitato nazionale italiano,https://ameliamorsellino.github.io/biblioteche-fantasma/resource/municipality/015146,Milano,LOMBARDIA,TEMPORANEAMENTE_CHIUSA,1395980,1365698,-2.1692287855126864
https://ameliamorsellino.github.io/biblioteche-fantasma/resource/library/IT-MI0724,IT-MI0724,Biblioteca dell'Associazione Albe Steiner per la comunicazione visiva,https://ameliamorsellino.github.io/biblioteche-fantasma/resource/municipality/015146,Milano,LOMBARDIA,TEMPORANEAMENTE_CHIUSA,1395980,1365698,-2.1692287855126864
https://ameliamorsellino.github.io/biblioteche-fantasma/resource/library/IT-MI0826,IT-MI0826,Biblioteca di Italia Nostra,https://ameliamorsellino.github.io/biblioteche-fantasma/resource/municipality/015146,Milano,LOMBARDIA,TEMPORANEAMENTE_CHIUSA,1395980,1365698,-2.1692287855126864
https://ameliamorsellino.github.io/biblioteche-fantasma/resource/library/IT-MI1048,IT-MI1048,Biblioteca serica Angelo Menozzi,https://ameliamorsellino.github.io/biblioteche-fantasma/resource/municipality/015146,Milano,LOMBARDIA,TEMPORANEAMENTE_CHIUSA,1395980,1365698,-2.1692287855126864
https://ameliamorsellino.github.io/biblioteche-fantasma/resource/library/IT-MI1288,IT-MI1288,Biblioteca nazionale Braidense. Mediateca di Santa Teresa,https://ameliamorsellino.github.io/biblioteche-fantasma/resource/municipality/015146,Milano,LOMBARDIA,TEMPORANEAMENTE_CHIUSA,1395980,1365698,-2.1692287855126864
https://ameliamorsellino.github.io/biblioteche-fantasma/resource/library/IT-VI0050,IT-VI0050,Biblioteca comunale di Mossano,https://ameliamorsellino.github.io/biblioteche-fantasma/resource/municipality/024124,Barbarano Mossano,VENETO,TEMPORANEAMENTE_CHIUSA,6378,6240,-2.1636876763875823
https://ameliamorsellino.github.io/biblioteche-fantasma/resource/library/IT-PT0057,IT-PT0057,"Biblioteca della Camera di commercio, industria, artigianato e agricoltura - CCIAA",https://ameliamorsellino.github.io/biblioteche-fantasma/resource/municipality/047014,Pistoia,TOSCANA,TEMPORANEAMENTE_CHIUSA,90833,88889,-2.140191340151707
https://ameliamorsellino.github.io/biblioteche-fantasma/resource/library/IT-LC0096,IT-LC0096,Centro Documentazione e Biblioteca Medica dell'Asst di Lecco,https://ameliamorsellino.github.io/biblioteche-fantasma/resource/municipality/097042,Lecco,LOMBARDIA,TEMPORANEAMENTE_CHIUSA,48265,47233,-2.1381953796747126
https://ameliamorsellino.github.io/biblioteche-fantasma/resource/library/IT-ME0023,IT-ME0023,Biblioteca comunale,https://ameliamorsellino.github.io/biblioteche-fantasma/resource/municipality/083022,Floresta,SICILIA,TEMPORANEAMENTE_CHIUSA,469,459,-2.1321961620469083
https://ameliamorsellino.github.io/biblioteche-fantasma/resource/library/IT-AV0161,IT-AV0161,Biblioteca comunale Giuseppe Bonifazi,https://ameliamorsellino.github.io/biblioteche-fantasma/resource/municipality/064108,Teora,CAMPANIA,TEMPORANEAMENTE_CHIUSA,1460,1429,-2.1232876712328768
https://ameliamorsellino.github.io/biblioteche-fantasma/resource/library/IT-ME0402,IT-ME0402,Biblioteca Ettore Maiorana della Corda Fratres,https://ameliamorsellino.github.io/biblioteche-fantasma/resource/municipality/083005,Barcellona Pozzo di Gotto,SICILIA,TEMPORANEAMENTE_CHIUSA,40625,39763,-2.1218461538461537
https://ameliamorsellino.github.io/biblioteche-fantasma/resource/library/IT-CA0196,IT-CA0196,Biblioteca-Mediateca dell'Archivio pubblico arti musica e spettacolo (APAMS),https://ameliamorsellino.github.io/biblioteche-fantasma/resource/municipality/092003,Assemini,SARDEGNA,TEMPORANEAMENTE_CHIUSA,26173,25630,-2.0746570893669047
https://ameliamorsellino.github.io/biblioteche-fantasma/resource/library/IT-SA0013,IT-SA0013,Biblioteca comunale,https://ameliamorsellino.github.io/biblioteche-fantasma/resource/municipality/065029,Caselle in Pittari,CAMPANIA,TEMPORANEAMENTE_CHIUSA,1908,1869,-2.044025157232704
https://ameliamorsellino.github.io/biblioteche-fantasma/resource/library/IT-AR0007,IT-AR0007,Biblioteca Centro di Ricerca Foreste e Legno,https://ameliamorsellino.github.io/biblioteche-fantasma/resource/municipality/051002,Arezzo,TOSCANA,TEMPORANEAMENTE_CHIUSA,98483,96479,-2.034868962155905
https://ameliamorsellino.github.io/biblioteche-fantasma/resource/library/IT-VV0005,IT-VV0005,Biblioteca comunale,https://ameliamorsellino.github.io/biblioteche-fantasma/resource/municipality/102005,Capistrano,CALABRIA,TEMPORANEAMENTE_CHIUSA,955,936,-1.9895287958115182
https://ameliamorsellino.github.io/biblioteche-fantasma/resource/library/IT-TS0103,IT-TS0103,Biblioteca Mario Marzari del Civico Museo del Mare,https://ameliamorsellino.github.io/biblioteche-fantasma/resource/municipality/032006,Trieste,FRIULI-VENEZIA GIULIA,TEMPORANEAMENTE_CHIUSA,202351,198388,-1.9584780900514454
https://ameliamorsellino.github.io/biblioteche-fantasma/resource/library/IT-TS0298,IT-TS0298,Biblioteca dell'IRCI,https://ameliamorsellino.github.io/biblioteche-fantasma/resource/municipality/032006,Trieste,FRIULI-VENEZIA GIULIA,TEMPORANEAMENTE_CHIUSA,202351,198388,-1.9584780900514454
https://ameliamorsellino.github.io/biblioteche-fantasma/resource/library/IT-TN0203,IT-TN0203,Biblioteca pubblica comunale di Nago Torbole,https://ameliamorsellino.github.io/biblioteche-fantasma/resource/municipality/022124,Nago-Torbole,TRENTINO-ALTO ADIGE/SÜDTIROL,TEMPORANEAMENTE_CHIUSA,2815,2760,-1.9538188277087036
https://ameliamorsellino.github.io/biblioteche-fantasma/resource/library/IT-TR0013,IT-TR0013,Biblioteca comunale,https://ameliamorsellino.github.io/biblioteche-fantasma/resource/municipality/055013,Ficulle,UMBRIA,TEMPORANEAMENTE_CHIUSA,1593,1562,-1.94601381042059
https://ameliamorsellino.github.io/biblioteche-fantasma/resource/library/IT-SP0021,IT-SP0021,Biblioteca civica,https://ameliamorsellino.github.io/biblioteche-fantasma/resource/municipality/011010,Carrodano,LIGURIA,TEMPORANEAMENTE_CHIUSA,478,469,-1.882845188284519
https://ameliamorsellino.github.io/biblioteche-fantasma/resource/library/IT-VR0163,IT-VR0163,Biblioteca civica di Cazzano di Tramigna,https://ameliamorsellino.github.io/biblioteche-fantasma/resource/municipality/023024,Cazzano di Tramigna,VENETO,TEMPORANEAMENTE_CHIUSA,1498,1470,-1.8691588785046727
https://ameliamorsellino.github.io/biblioteche-fantasma/resource/library/IT-TO0986,IT-TO0986,"Biblioteca storica ""Cesare Balbo"" del Liceo Augusto Monti ",https://ameliamorsellino.github.io/biblioteche-fantasma/resource/municipality/001078,Chieri,PIEMONTE,TEMPORANEAMENTE_CHIUSA,36487,35819,-1.830789048154137
https://ameliamorsellino.github.io/biblioteche-fantasma/resource/library/IT-RO0071,IT-RO0071,Biblioteca dell'Abbazia S. Maria del Pilastrello,https://ameliamorsellino.github.io/biblioteche-fantasma/resource/municipality/029029,Lendinara,VENETO,TEMPORANEAMENTE_CHIUSA,11641,11428,-1.8297397130830684
https://ameliamorsellino.github.io/biblioteche-fantasma/resource/library/IT-SS0266,IT-SS0266,Biblioteca della Scuola media n. 2,https://ameliamorsellino.github.io/biblioteche-fantasma/resource/municipality/090003,Alghero,SARDEGNA,TEMPORANEAMENTE_CHIUSA,42760,41989,-1.803086997193639
https://ameliamorsellino.github.io/biblioteche-fantasma/resource/library/IT-SS0269,IT-SS0269,Biblioteca del Convento di S. Francesco,https://ameliamorsellino.github.io/biblioteche-fantasma/resource/municipality/090003,Alghero,SARDEGNA,TEMPORANEAMENTE_CHIUSA,42760,41989,-1.803086997193639
https://ameliamorsellino.github.io/biblioteche-fantasma/resource/library/IT-PE0058,IT-PE0058,Biblioteca Beato Tommaso da Celano,https://ameliamorsellino.github.io/biblioteche-fantasma/resource/municipality/068028,Pescara,ABRUZZO,TEMPORANEAMENTE_CHIUSA,120463,118313,-1.7847803889991118
https://ameliamorsellino.github.io/biblioteche-fantasma/resource/library/IT-TO0492,IT-TO0492,Biblioteca del Centro ricerche e studi Alto Canavese,https://ameliamorsellino.github.io/biblioteche-fantasma/resource/municipality/001098,Cuorgnè,PIEMONTE,TEMPORANEAMENTE_CHIUSA,9665,9495,-1.758923952405587
https://ameliamorsellino.github.io/biblioteche-fantasma/resource/library/IT-GE0347,IT-GE0347,Biblioteca civica,https://ameliamorsellino.github.io/biblioteche-fantasma/resource/municipality/010064,Uscio,LIGURIA,TEMPORANEAMENTE_CHIUSA,2168,2130,-1.7527675276752765
https://ameliamorsellino.github.io/biblioteche-fantasma/resource/library/IT-FG0155,IT-FG0155,Biblioteca economico-giuridica Felice Chirò,https://ameliamorsellino.github.io/biblioteche-fantasma/resource/municipality/071051,San Severo,PUGLIA,TEMPORANEAMENTE_CHIUSA,50012,49136,-1.7515796208909862
https://ameliamorsellino.github.io/biblioteche-fantasma/resource/library/IT-FC0078,IT-FC0078,Biblioteca e Fonoteca dell'Istituto musicale Arcangelo Corelli,https://ameliamorsellino.github.io/biblioteche-fantasma/resource/municipality/040007,Cesena,EMILIA-ROMAGNA,TEMPORANEAMENTE_CHIUSA,97421,95730,-1.7357653893924307
https://ameliamorsellino.github.io/biblioteche-fantasma/resource/library/IT-NO0151,IT-NO0151,Biblioteca civica,https://ameliamorsellino.github.io/biblioteche-fantasma/resource/municipality/003121,Pombia,PIEMONTE,TEMPORANEAMENTE_CHIUSA,2154,2117,-1.7177344475394614
https://ameliamorsellino.github.io/biblioteche-fantasma/resource/library/IT-PV0388,IT-PV0388,Biblioteca comunale,https://ameliamorsellino.github.io/biblioteche-fantasma/resource/municipality/018005,Arena Po,LOMBARDIA,TEMPORANEAMENTE_CHIUSA,1538,1512,-1.6905071521456438
https://ameliamorsellino.github.io/biblioteche-fantasma/resource/library/IT-BO0535,IT-BO0535,Patrimonio Bibliografico Aziendale della ex biblioteca medico-scientifica dell'Azienda USL,https://ameliamorsellino.github.io/biblioteche-fantasma/resource/municipality/037032,Imola,EMILIA-ROMAGNA,TEMPORANEAMENTE_CHIUSA,70580,69403,-1.6676112213091527
https://ameliamorsellino.github.io/biblioteche-fantasma/resource/library/IT-PG0144,IT-PG0144,Biblioteca della Congregazione dell'oratorio di S. Filippo Neri,https://ameliamorsellino.github.io/biblioteche-fantasma/resource/municipality/054039,Perugia,UMBRIA,TEMPORANEAMENTE_CHIUSA,164768,162050,-1.649592153816275
https://ameliamorsellino.github.io/biblioteche-fantasma/resource/library/IT-PG0219,IT-PG0219,Biblioteca del Centro di documentazione dello spettacolo,https://ameliamorsellino.github.io/biblioteche-fantasma/resource/municipality/054039,Perugia,UMBRIA,TEMPORANEAMENTE_CHIUSA,164768,162050,-1.649592153816275
https://ameliamorsellino.github.io/biblioteche-fantasma/resource/library/IT-PG0220,IT-PG0220,Biblioteca del Centro umbro per la ricerca e documentazione storico psichiatrica,https://ameliamorsellino.github.io/biblioteche-fantasma/resource/municipality/054039,Perugia,UMBRIA,TEMPORANEAMENTE_CHIUSA,164768,162050,-1.649592153816275
https://ameliamorsellino.github.io/biblioteche-fantasma/resource/library/IT-PG0237,IT-PG0237,Biblioteca specializzata in scienze biblioteconomiche e documentarie,https://ameliamorsellino.github.io/biblioteche-fantasma/resource/municipality/054039,Perugia,UMBRIA,TEMPORANEAMENTE_CHIUSA,164768,162050,-1.649592153816275
https://ameliamorsellino.github.io/biblioteche-fantasma/resource/library/IT-PG0985,IT-PG0985,Biblioteca Giorgio Basili,https://ameliamorsellino.github.io/biblioteche-fantasma/resource/municipality/054039,Perugia,UMBRIA,TEMPORANEAMENTE_CHIUSA,164768,162050,-1.649592153816275
https://ameliamorsellino.github.io/biblioteche-fantasma/resource/library/IT-PG1023,IT-PG1023,Biblioteca dello studio Moretti Caselli,https://ameliamorsellino.github.io/biblioteche-fantasma/resource/municipality/054039,Perugia,UMBRIA,TEMPORANEAMENTE_CHIUSA,164768,162050,-1.649592153816275
https://ameliamorsellino.github.io/biblioteche-fantasma/resource/library/IT-PG0007,IT-PG0007,Biblioteca dell'Accademia properziana del Subasio,https://ameliamorsellino.github.io/biblioteche-fantasma/resource/municipality/054001,Assisi,UMBRIA,TEMPORANEAMENTE_CHIUSA,27928,27468,-1.647092523632197
https://ameliamorsellino.github.io/biblioteche-fantasma/resource/library/IT-PG0210,IT-PG0210,Biblioteca comunale. Sezione decentrata di S. Maria degli Angeli,https://ameliamorsellino.github.io/biblioteche-fantasma/resource/municipality/054001,Assisi,UMBRIA,TEMPORANEAMENTE_CHIUSA,27928,27468,-1.647092523632197
https://ameliamorsellino.github.io/biblioteche-fantasma/resource/library/IT-TO0958,IT-TO0958,Biblioteca del Centro cure palliative,https://ameliamorsellino.github.io/biblioteche-fantasma/resource/municipality/001086,Ciriè,PIEMONTE,TEMPORANEAMENTE_CHIUSA,18366,18065,-1.638897963628444
https://ameliamorsellino.github.io/biblioteche-fantasma/resource/library/IT-CT0127,IT-CT0127,Biblioteca comunale Rosario Contarino di Riposto,https://ameliamorsellino.github.io/biblioteche-fantasma/resource/municipality/087039,Riposto,SICILIA,TEMPORANEAMENTE_CHIUSA,14178,13947,-1.629284807448159
https://ameliamorsellino.github.io/biblioteche-fantasma/resource/library/IT-RA0056,IT-RA0056,Biblioteca Centrale del Campus di Ravenna - sede di Scienze ambientali. Alma Mater Studiorum Università di Bologna,https://ameliamorsellino.github.io/biblioteche-fantasma/resource/municipality/039014,Ravenna,EMILIA-ROMAGNA,TEMPORANEAMENTE_CHIUSA,158923,156340,-1.6253154043152973
https://ameliamorsellino.github.io/biblioteche-fantasma/resource/library/IT-RA0092,IT-RA0092,Biblioteca della Cassa di risparmio di Ravenna,https://ameliamorsellino.github.io/biblioteche-fantasma/resource/municipality/039014,Ravenna,EMILIA-ROMAGNA,TEMPORANEAMENTE_CHIUSA,158923,156340,-1.6253154043152973
https://ameliamorsellino.github.io/biblioteche-fantasma/resource/library/IT-RA0145,IT-RA0145,Centro di Lettura La Ramona,https://ameliamorsellino.github.io/biblioteche-fantasma/resource/municipality/039014,Ravenna,EMILIA-ROMAGNA,TEMPORANEAMENTE_CHIUSA,158923,156340,-1.6253154043152973
https://ameliamorsellino.github.io/biblioteche-fantasma/resource/library/IT-GR0062,IT-GR0062,Biblioteca comunale,https://ameliamorsellino.github.io/biblioteche-fantasma/resource/municipality/053022,Santa Fiora,TOSCANA,TEMPORANEAMENTE_CHIUSA,2531,2490,-1.6199130778348478
https://ameliamorsellino.github.io/biblioteche-fantasma/resource/library/IT-IS0015,IT-IS0015,Biblioteca del Centro di lettura,https://ameliamorsellino.github.io/biblioteche-fantasma/resource/municipality/094021,Fornelli,MOLISE,TEMPORANEAMENTE_CHIUSA,1829,1800,-1.5855658829961725
https://ameliamorsellino.github.io/biblioteche-fantasma/resource/library/IT-GR0064,IT-GR0064,"Biblioteca comunale ""A. Busatti""",https://ameliamorsellino.github.io/biblioteche-fantasma/resource/municipality/053023,Scansano,TOSCANA,TEMPORANEAMENTE_CHIUSA,4353,4286,-1.5391683896163566
https://ameliamorsellino.github.io/biblioteche-fantasma/resource/library/IT-TA0073,IT-TA0073,"Biblioteca comunale ""Palazzo Caniglia""",https://ameliamorsellino.github.io/biblioteche-fantasma/resource/municipality/073014,Maruggio,PUGLIA,TEMPORANEAMENTE_CHIUSA,5238,5158,-1.5273004963726613
https://ameliamorsellino.github.io/biblioteche-fantasma/resource/library/IT-CT0139,IT-CT0139,Biblioteca comunale Giovanni Verga,https://ameliamorsellino.github.io/biblioteche-fantasma/resource/municipality/087045,Sant'Agata li Battiati,SICILIA,TEMPORANEAMENTE_CHIUSA,9328,9190,-1.4794168096054887
https://ameliamorsellino.github.io/biblioteche-fantasma/resource/library/IT-CT0340,IT-CT0340,"Biblioteca ""Nunzia Cutuli"" della Parrocchia Santi Cosma e Damiano",https://ameliamorsellino.github.io/biblioteche-fantasma/resource/municipality/087004,Acireale,SICILIA,TEMPORANEAMENTE_CHIUSA,51361,50611,-1.460251942135083
https://ameliamorsellino.github.io/biblioteche-fantasma/resource/library/IT-GE0672,IT-GE0672,Biblioteca Zavatarelli Edelfina e De Ferrari Maria Rosa,https://ameliamorsellino.github.io/biblioteche-fantasma/resource/municipality/010036,Moconesi,LIGURIA,TEMPORANEAMENTE_CHIUSA,2473,2437,-1.4557217953902144
https://ameliamorsellino.github.io/biblioteche-fantasma/resource/library/IT-PV0383,IT-PV0383,Biblioteca Comunale,https://ameliamorsellino.github.io/biblioteche-fantasma/resource/municipality/018063,Filighera,LOMBARDIA,TEMPORANEAMENTE_CHIUSA,828,816,-1.4492753623188406
https://ameliamorsellino.github.io/biblioteche-fantasma/resource/library/IT-NA0698,IT-NA0698,Biblioteca Girolamo Giusso dell'Istituto SS. Trinità e Paradiso,https://ameliamorsellino.github.io/biblioteche-fantasma/resource/municipality/063086,Vico Equense,CAMPANIA,TEMPORANEAMENTE_CHIUSA,20489,20198,-1.420274293523354
https://ameliamorsellino.github.io/biblioteche-fantasma/resource/library/IT-CS0287,IT-CS0287,Biblioteca dell'Istituto regionale per le antichità classiche e bizantine - IRACEB,https://ameliamorsellino.github.io/biblioteche-fantasma/resource/municipality/078157,Corigliano-Rossano,CALABRIA,TEMPORANEAMENTE_CHIUSA,75385,74332,-1.396829608012204
https://ameliamorsellino.github.io/biblioteche-fantasma/resource/library/IT-PU0170,IT-PU0170,Biblioteca comunale,https://ameliamorsellino.github.io/biblioteche-fantasma/resource/municipality/099025,San Leo,EMILIA-ROMAGNA,TEMPORANEAMENTE_CHIUSA,2884,2844,-1.3869625520110958
https://ameliamorsellino.github.io/biblioteche-fantasma/resource/library/IT-VR0206,IT-VR0206,Biblioteca Teatrale “Beni Montresor” ,https://ameliamorsellino.github.io/biblioteche-fantasma/resource/municipality/023091,Verona,VENETO,TEMPORANEAMENTE_CHIUSA,258584,255039,-1.3709278222937227
https://ameliamorsellino.github.io/biblioteche-fantasma/resource/library/IT-VI0170,IT-VI0170,Biblioteca dei padri Cappuccini,https://ameliamorsellino.github.io/biblioteche-fantasma/resource/municipality/024012,Bassano del Grappa,VENETO,TEMPORANEAMENTE_CHIUSA,42874,42299,-1.3411391519335727
https://ameliamorsellino.github.io/biblioteche-fantasma/resource/library/IT-PU0065,IT-PU0065,Biblioteca dell'Accademia agraria,https://ameliamorsellino.github.io/biblioteche-fantasma/resource/municipality/041044,Pesaro,MARCHE,TEMPORANEAMENTE_CHIUSA,96548,95266,-1.327836930853047
https://ameliamorsellino.github.io/biblioteche-fantasma/resource/library/IT-PU0212,IT-PU0212,Biblioteca della Casa delle donne,https://ameliamorsellino.github.io/biblioteche-fantasma/resource/municipality/041044,Pesaro,MARCHE,TEMPORANEAMENTE_CHIUSA,96548,95266,-1.327836930853047
https://ameliamorsellino.github.io/biblioteche-fantasma/resource/library/IT-PU0232,IT-PU0232,Biblioteca del Centro di Educazione Ambientale,https://ameliamorsellino.github.io/biblioteche-fantasma/resource/municipality/041044,Pesaro,MARCHE,TEMPORANEAMENTE_CHIUSA,96548,95266,-1.327836930853047
https://ameliamorsellino.github.io/biblioteche-fantasma/resource/library/IT-CS0213,IT-CS0213,Biblioteca comunale,https://ameliamorsellino.github.io/biblioteche-fantasma/resource/municipality/078081,Montalto Uffugo,CALABRIA,TEMPORANEAMENTE_CHIUSA,20287,20034,-1.2471040567851333
https://ameliamorsellino.github.io/biblioteche-fantasma/resource/library/IT-NO0070,IT-NO0070,Biblioteca civica Rinolfi Camana,https://ameliamorsellino.github.io/biblioteche-fantasma/resource/municipality/003122,Prato Sesia,PIEMONTE,TEMPORANEAMENTE_CHIUSA,1858,1835,-1.2378902045209903
https://ameliamorsellino.github.io/biblioteche-fantasma/resource/library/IT-AQ0022,IT-AQ0022,Biblioteca comunale Vincenzo Balzano,https://ameliamorsellino.github.io/biblioteche-fantasma/resource/municipality/066028,Castel di Sangro,ABRUZZO,TEMPORANEAMENTE_CHIUSA,6712,6629,-1.2365911799761622
https://ameliamorsellino.github.io/biblioteche-fantasma/resource/library/IT-AQ0170,IT-AQ0170,Biblioteca comunale Vincenzo Balzano. Sezione staccata di Roccacinquemiglia,https://ameliamorsellino.github.io/biblioteche-fantasma/resource/municipality/066028,Castel di Sangro,ABRUZZO,TEMPORANEAMENTE_CHIUSA,6712,6629,-1.2365911799761622
https://ameliamorsellino.github.io/biblioteche-fantasma/resource/library/IT-PD0413,IT-PD0413,Biblioteca dell'Istituto di Neuroscienze,https://ameliamorsellino.github.io/biblioteche-fantasma/resource/municipality/028060,Padova,VENETO,TEMPORANEAMENTE_CHIUSA,209995,207412,-1.2300292864115814
https://ameliamorsellino.github.io/biblioteche-fantasma/resource/library/IT-GR0008,IT-GR0008,Biblioteca comunale,https://ameliamorsellino.github.io/biblioteche-fantasma/resource/municipality/053007,Cinigiano,TOSCANA,TEMPORANEAMENTE_CHIUSA,2454,2424,-1.2224938875305624
https://ameliamorsellino.github.io/biblioteche-fantasma/resource/library/IT-CN0332,IT-CN0332,Biblioteca del Centro Studi Monregalesi,https://ameliamorsellino.github.io/biblioteche-fantasma/resource/municipality/004130,Mondovì,PIEMONTE,TEMPORANEAMENTE_CHIUSA,22373,22114,-1.1576453761230054
https://ameliamorsellino.github.io/biblioteche-fantasma/resource/library/IT-AQ0081,IT-AQ0081,Biblioteca comunale,https://ameliamorsellino.github.io/biblioteche-fantasma/resource/municipality/066065,Ovindoli,ABRUZZO,TEMPORANEAMENTE_CHIUSA,1181,1168,-1.100762066045724
https://ameliamorsellino.github.io/biblioteche-fantasma/resource/library/IT-NO0159,IT-NO0159,Piemonte con gusto - Biblioteca dei Sapori e delle Tradizioni,https://ameliamorsellino.github.io/biblioteche-fantasma/resource/municipality/003066,Fontaneto d'Agogna,PIEMONTE,TEMPORANEAMENTE_CHIUSA,2643,2614,-1.0972379871358307
https://ameliamorsellino.github.io/biblioteche-fantasma/resource/library/IT-NO0059,IT-NO0059,Biblioteca della Scuola autonoma di ostetricia,https://ameliamorsellino.github.io/biblioteche-fantasma/resource/municipality/003106,Novara,PIEMONTE,TEMPORANEAMENTE_CHIUSA,103278,102231,-1.0137686632196596
https://ameliamorsellino.github.io/biblioteche-fantasma/resource/library/IT-PU0018,IT-PU0018,Biblioteca comunale Federiciana,https://ameliamorsellino.github.io/biblioteche-fantasma/resource/municipality/041013,Fano,MARCHE,TEMPORANEAMENTE_CHIUSA,60479,59903,-0.9523966996808809
https://ameliamorsellino.github.io/biblioteche-fantasma/resource/library/IT-VC0096,IT-VC0096,Biblioteca dell'Accademia di danza citta' di Vercelli,https://ameliamorsellino.github.io/biblioteche-fantasma/resource/municipality/002158,Vercelli,PIEMONTE,TEMPORANEAMENTE_CHIUSA,46372,45951,-0.9078754420771156
https://ameliamorsellino.github.io/biblioteche-fantasma/resource/library/IT-GE0026,IT-GE0026,Biblioteca Centro Studi e Documentazione Scout Mario Mazza,https://ameliamorsellino.github.io/biblioteche-fantasma/resource/municipality/010025,Genova,LIGURIA,TEMPORANEAMENTE_CHIUSA,569184,564080,-0.8967223252937538
https://ameliamorsellino.github.io/biblioteche-fantasma/resource/library/IT-GE0042,IT-GE0042,"Biblioteca Medica ""Mario Segale"" Ospedale Galliera",https://ameliamorsellino.github.io/biblioteche-fantasma/resource/municipality/010025,Genova,LIGURIA,TEMPORANEAMENTE_CHIUSA,569184,564080,-0.8967223252937538
https://ameliamorsellino.github.io/biblioteche-fantasma/resource/library/IT-GE0065,IT-GE0065,Biblioteca dell'Istituto idrografico della Marina,https://ameliamorsellino.github.io/biblioteche-fantasma/resource/municipality/010025,Genova,LIGURIA,TEMPORANEAMENTE_CHIUSA,569184,564080,-0.8967223252937538
https://ameliamorsellino.github.io/biblioteche-fantasma/resource/library/IT-GE0100,IT-GE0100,Biblioteca della Scuola di scienze mediche e farmaceutiche. Sezione DIMES. Università degli studi di Genova,https://ameliamorsellino.github.io/biblioteche-fantasma/resource/municipality/010025,Genova,LIGURIA,TEMPORANEAMENTE_CHIUSA,569184,564080,-0.8967223252937538
https://ameliamorsellino.github.io/biblioteche-fantasma/resource/library/IT-GE0200,IT-GE0200,Biblioteca della Casa della Missione,https://ameliamorsellino.github.io/biblioteche-fantasma/resource/municipality/010025,Genova,LIGURIA,TEMPORANEAMENTE_CHIUSA,569184,564080,-0.8967223252937538
https://ameliamorsellino.github.io/biblioteche-fantasma/resource/library/IT-GE0202,IT-GE0202,Biblioteca Carmelitani Scalzi - Convento di S. Anna,https://ameliamorsellino.github.io/biblioteche-fantasma/resource/municipality/010025,Genova,LIGURIA,TEMPORANEAMENTE_CHIUSA,569184,564080,-0.8967223252937538
https://ameliamorsellino.github.io/biblioteche-fantasma/resource/library/IT-GE0220,IT-GE0220,Biblioteca della Fondazione Mario Novaro,https://ameliamorsellino.github.io/biblioteche-fantasma/resource/municipality/010025,Genova,LIGURIA,TEMPORANEAMENTE_CHIUSA,569184,564080,-0.8967223252937538
https://ameliamorsellino.github.io/biblioteche-fantasma/resource/library/IT-GE0278,IT-GE0278,Biblioteca della Scuola di scienze sociali. Sezione DISPI. Università degli studi di Genova,https://ameliamorsellino.github.io/biblioteche-fantasma/resource/municipality/010025,Genova,LIGURIA,TEMPORANEAMENTE_CHIUSA,569184,564080,-0.8967223252937538
https://ameliamorsellino.github.io/biblioteche-fantasma/resource/library/IT-GE0354,IT-GE0354,Biblioteca civica Ferdinando Palasciano,https://ameliamorsellino.github.io/biblioteche-fantasma/resource/municipality/010025,Genova,LIGURIA,TEMPORANEAMENTE_CHIUSA,569184,564080,-0.8967223252937538
https://ameliamorsellino.github.io/biblioteche-fantasma/resource/library/IT-GE0395,IT-GE0395,Biblioteca della Scuola di Scienze sociali. Sezione DISFOR - Antropologia. Università degli studi di Genova,https://ameliamorsellino.github.io/biblioteche-fantasma/resource/municipality/010025,Genova,LIGURIA,TEMPORANEAMENTE_CHIUSA,569184,564080,-0.8967223252937538
https://ameliamorsellino.github.io/biblioteche-fantasma/resource/library/IT-GE0430,IT-GE0430,Biblioteca del Centro regionale per i dialetti e le tradizioni popolari della Liguria,https://ameliamorsellino.github.io/biblioteche-fantasma/resource/municipality/010025,Genova,LIGURIA,TEMPORANEAMENTE_CHIUSA,569184,564080,-0.8967223252937538
https://ameliamorsellino.github.io/biblioteche-fantasma/resource/library/IT-GE0445,IT-GE0445,Biblioteca del Museo Navale Fabio Garelli,https://ameliamorsellino.github.io/biblioteche-fantasma/resource/municipality/010025,Genova,LIGURIA,TEMPORANEAMENTE_CHIUSA,569184,564080,-0.8967223252937538
https://ameliamorsellino.github.io/biblioteche-fantasma/resource/library/IT-GE0446,IT-GE0446,Biblioteca del Servizio Fitosanitario Regionale,https://ameliamorsellino.github.io/biblioteche-fantasma/resource/municipality/010025,Genova,LIGURIA,TEMPORANEAMENTE_CHIUSA,569184,564080,-0.8967223252937538
https://ameliamorsellino.github.io/biblioteche-fantasma/resource/library/IT-GE0660,IT-GE0660,Biblioteca del Centro regionale di orientamento ai consumi COOP,https://ameliamorsellino.github.io/biblioteche-fantasma/resource/municipality/010025,Genova,LIGURIA,TEMPORANEAMENTE_CHIUSA,569184,564080,-0.8967223252937538
https://ameliamorsellino.github.io/biblioteche-fantasma/resource/library/IT-GE0662,IT-GE0662,Biblioteca dell'Associazione Sarda Tellus ,https://ameliamorsellino.github.io/biblioteche-fantasma/resource/municipality/010025,Genova,LIGURIA,TEMPORANEAMENTE_CHIUSA,569184,564080,-0.8967223252937538
https://ameliamorsellino.github.io/biblioteche-fantasma/resource/library/IT-SA0165,IT-SA0165,Biblioteca comunale,https://ameliamorsellino.github.io/biblioteche-fantasma/resource/municipality/065148,Torraca,CAMPANIA,TEMPORANEAMENTE_CHIUSA,1239,1228,-0.8878127522195319
https://ameliamorsellino.github.io/biblioteche-fantasma/resource/library/IT-TO0340,IT-TO0340,Biblioteca della Basilica di Superga,https://ameliamorsellino.github.io/biblioteche-fantasma/resource/municipality/001272,Torino,PIEMONTE,TEMPORANEAMENTE_CHIUSA,860793,853196,-0.8825582921794205
https://ameliamorsellino.github.io/biblioteche-fantasma/resource/library/IT-TO0476,IT-TO0476,Biblioteca del Circolo ricreativo aziendale TELECOM,https://ameliamorsellino.github.io/biblioteche-fantasma/resource/municipality/001272,Torino,PIEMONTE,TEMPORANEAMENTE_CHIUSA,860793,853196,-0.8825582921794205
https://ameliamorsellino.github.io/biblioteche-fantasma/resource/library/IT-TO0665,IT-TO0665,Biblioteca di Geografia del Dipartimento Interateneo Territorio  dell'Università degli Studi di Torino  ,https://ameliamorsellino.github.io/biblioteche-fantasma/resource/municipality/001272,Torino,PIEMONTE,TEMPORANEAMENTE_CHIUSA,860793,853196,-0.8825582921794205
https://ameliamorsellino.github.io/biblioteche-fantasma/resource/library/IT-TO0774,IT-TO0774,Biblioteca orientale Oscar Botto,https://ameliamorsellino.github.io/biblioteche-fantasma/resource/municipality/001272,Torino,PIEMONTE,TEMPORANEAMENTE_CHIUSA,860793,853196,-0.8825582921794205
https://ameliamorsellino.github.io/biblioteche-fantasma/resource/library/IT-TO0792,IT-TO0792,Biblioteca dell'Istituto italo cinese per gli scambi economici e culturali,https://ameliamorsellino.github.io/biblioteche-fantasma/resource/municipality/001272,Torino,PIEMONTE,TEMPORANEAMENTE_CHIUSA,860793,853196,-0.8825582921794205
https://ameliamorsellino.github.io/biblioteche-fantasma/resource/library/IT-TO0833,IT-TO0833,"Biblioteca dell'Istituto zooprofilattico sperimentale del Piemonte, Liguria e Valle d'Aosta",https://ameliamorsellino.github.io/biblioteche-fantasma/resource/municipality/001272,Torino,PIEMONTE,TEMPORANEAMENTE_CHIUSA,860793,853196,-0.8825582921794205
https://ameliamorsellino.github.io/biblioteche-fantasma/resource/library/IT-TO0846,IT-TO0846,Biblioteca Anna Maria di Giorgio - SUISM  Centro di Servizi,https://ameliamorsellino.github.io/biblioteche-fantasma/resource/municipality/001272,Torino,PIEMONTE,TEMPORANEAMENTE_CHIUSA,860793,853196,-0.8825582921794205
https://ameliamorsellino.github.io/biblioteche-fantasma/resource/library/IT-TO0848,IT-TO0848,Biblioteca del Centro italiano di collaborazione per lo sviluppo edilizio delle nazioni emergenti,https://ameliamorsellino.github.io/biblioteche-fantasma/resource/municipality/001272,Torino,PIEMONTE,TEMPORANEAMENTE_CHIUSA,860793,853196,-0.8825582921794205
https://ameliamorsellino.github.io/biblioteche-fantasma/resource/library/IT-TO0865,IT-TO0865,Biblioteca del Centro studi e ricerche Mario Pannunzio,https://ameliamorsellino.github.io/biblioteche-fantasma/resource/municipality/001272,Torino,PIEMONTE,TEMPORANEAMENTE_CHIUSA,860793,853196,-0.8825582921794205
https://ameliamorsellino.github.io/biblioteche-fantasma/resource/library/IT-TO0873,IT-TO0873,Biblioteca dell'Istituto salesiano Valsalice,https://ameliamorsellino.github.io/biblioteche-fantasma/resource/municipality/001272,Torino,PIEMONTE,TEMPORANEAMENTE_CHIUSA,860793,853196,-0.8825582921794205
https://ameliamorsellino.github.io/biblioteche-fantasma/resource/library/IT-TO0875,IT-TO0875,Biblioteca di Dermatologia del Dipartimento di Scienze Biomediche e Oncologia umana dell'Università degli Studi di Torino ,https://ameliamorsellino.github.io/biblioteche-fantasma/resource/municipality/001272,Torino,PIEMONTE,TEMPORANEAMENTE_CHIUSA,860793,853196,-0.8825582921794205
https://ameliamorsellino.github.io/biblioteche-fantasma/resource/library/IT-TO0922,IT-TO0922,Biblioteca del Centro regionale etnografico linguistico,https://ameliamorsellino.github.io/biblioteche-fantasma/resource/municipality/001272,Torino,PIEMONTE,TEMPORANEAMENTE_CHIUSA,860793,853196,-0.8825582921794205
https://ameliamorsellino.github.io/biblioteche-fantasma/resource/library/IT-TO0928,IT-TO0928,"Biblioteca del Centro italiano documentazione azione studi ""Bruno Leoni e Sergio Ricossa""",https://ameliamorsellino.github.io/biblioteche-fantasma/resource/municipality/001272,Torino,PIEMONTE,TEMPORANEAMENTE_CHIUSA,860793,853196,-0.8825582921794205
https://ameliamorsellino.github.io/biblioteche-fantasma/resource/library/IT-TO0944,IT-TO0944,Biblioteca Eugenio Reffo della Congregazione di S. Giuseppe,https://ameliamorsellino.github.io/biblioteche-fantasma/resource/municipality/001272,Torino,PIEMONTE,TEMPORANEAMENTE_CHIUSA,860793,853196,-0.8825582921794205
https://ameliamorsellino.github.io/biblioteche-fantasma/resource/library/IT-TO0989,IT-TO0989,Biblioteca del Centro di alti studi sulla Cina contemporanea - CASCC,https://ameliamorsellino.github.io/biblioteche-fantasma/resource/municipality/001272,Torino,PIEMONTE,TEMPORANEAMENTE_CHIUSA,860793,853196,-0.8825582921794205
https://ameliamorsellino.github.io/biblioteche-fantasma/resource/library/IT-TO0993,IT-TO0993,Biblioteca Internazionale degli studenti,https://ameliamorsellino.github.io/biblioteche-fantasma/resource/municipality/001272,Torino,PIEMONTE,TEMPORANEAMENTE_CHIUSA,860793,853196,-0.8825582921794205
https://ameliamorsellino.github.io/biblioteche-fantasma/resource/library/IT-TO1019,IT-TO1019,Biblioteca del Centro di Ricerche sulla Libera Muratoria - CRSL-M  ,https://ameliamorsellino.github.io/biblioteche-fantasma/resource/municipality/001272,Torino,PIEMONTE,TEMPORANEAMENTE_CHIUSA,860793,853196,-0.8825582921794205
https://ameliamorsellino.github.io/biblioteche-fantasma/resource/library/IT-TO1254,IT-TO1254,Biblioteca Fondazione Sandro Penna/Fuori!,https://ameliamorsellino.github.io/biblioteche-fantasma/resource/municipality/001272,Torino,PIEMONTE,TEMPORANEAMENTE_CHIUSA,860793,853196,-0.8825582921794205
https://ameliamorsellino.github.io/biblioteche-fantasma/resource/library/IT-TO1273,IT-TO1273,Biblioteca Claudiana editrice - Giuseppe e Marco Scarpat,https://ameliamorsellino.github.io/biblioteche-fantasma/resource/municipality/001272,Torino,PIEMONTE,TEMPORANEAMENTE_CHIUSA,860793,853196,-0.8825582921794205
https://ameliamorsellino.github.io/biblioteche-fantasma/resource/library/IT-TO1275,IT-TO1275,Biblioteca popolare Lino Anaclerio,https://ameliamorsellino.github.io/biblioteche-fantasma/resource/municipality/001272,Torino,PIEMONTE,TEMPORANEAMENTE_CHIUSA,860793,853196,-0.8825582921794205
https://ameliamorsellino.github.io/biblioteche-fantasma/resource/library/IT-TO1285,IT-TO1285,Biblioteca IN/Arch,https://ameliamorsellino.github.io/biblioteche-fantasma/resource/municipality/001272,Torino,PIEMONTE,TEMPORANEAMENTE_CHIUSA,860793,853196,-0.8825582921794205
https://ameliamorsellino.github.io/biblioteche-fantasma/resource/library/IT-GO0117,IT-GO0117,Biblioteca della Fondazione Cassa di Risparmio di Gorizia,https://ameliamorsellino.github.io/biblioteche-fantasma/resource/municipality/031007,Gorizia,FRIULI-VENEZIA GIULIA,TEMPORANEAMENTE_CHIUSA,33915,33620,-0.8698216128556686
https://ameliamorsellino.github.io/biblioteche-fantasma/resource/library/IT-PU0089,IT-PU0089,Biblioteca comunale,https://ameliamorsellino.github.io/biblioteche-fantasma/resource/municipality/099027,Talamello,EMILIA-ROMAGNA,TEMPORANEAMENTE_CHIUSA,1084,1075,-0.8302583025830259
https://ameliamorsellino.github.io/biblioteche-fantasma/resource/library/IT-TN0172,IT-TN0172,Biblioteca comunale - Trento Sede di Madonna Bianca,https://ameliamorsellino.github.io/biblioteche-fantasma/resource/municipality/022205,Trento,TRENTINO-ALTO ADIGE/SÜDTIROL,TEMPORANEAMENTE_CHIUSA,119616,118640,-0.815944355270198
https://ameliamorsellino.github.io/biblioteche-fantasma/resource/library/IT-TN0196,IT-TN0196,"Biblioteca ""Pia Laviosa Zambotti""",https://ameliamorsellino.github.io/biblioteche-fantasma/resource/municipality/022205,Trento,TRENTINO-ALTO ADIGE/SÜDTIROL,TEMPORANEAMENTE_CHIUSA,119616,118640,-0.815944355270198
https://ameliamorsellino.github.io/biblioteche-fantasma/resource/library/IT-TN0241,IT-TN0241,Punto di Prestito di Martignano,https://ameliamorsellino.github.io/biblioteche-fantasma/resource/municipality/022205,Trento,TRENTINO-ALTO ADIGE/SÜDTIROL,TEMPORANEAMENTE_CHIUSA,119616,118640,-0.815944355270198
https://ameliamorsellino.github.io/biblioteche-fantasma/resource/library/IT-TN0575,IT-TN0575,Punto Di Prestito Di Montevaccino,https://ameliamorsellino.github.io/biblioteche-fantasma/resource/municipality/022205,Trento,TRENTINO-ALTO ADIGE/SÜDTIROL,TEMPORANEAMENTE_CHIUSA,119616,118640,-0.815944355270198
https://ameliamorsellino.github.io/biblioteche-fantasma/resource/library/IT-TN0576,IT-TN0576,Punto di Prestito di Romagnano,https://ameliamorsellino.github.io/biblioteche-fantasma/resource/municipality/022205,Trento,TRENTINO-ALTO ADIGE/SÜDTIROL,TEMPORANEAMENTE_CHIUSA,119616,118640,-0.815944355270198
https://ameliamorsellino.github.io/biblioteche-fantasma/resource/library/IT-TN0577,IT-TN0577,Punto di prestito di Cadine,https://ameliamorsellino.github.io/biblioteche-fantasma/resource/municipality/022205,Trento,TRENTINO-ALTO ADIGE/SÜDTIROL,TEMPORANEAMENTE_CHIUSA,119616,118640,-0.815944355270198
https://ameliamorsellino.github.io/biblioteche-fantasma/resource/library/IT-BR0047,IT-BR0047,Biblioteca del Museo nazionale e parco archeologico di Egnazia,https://ameliamorsellino.github.io/biblioteche-fantasma/resource/municipality/074007,Fasano,PUGLIA,TEMPORANEAMENTE_CHIUSA,39181,38863,-0.811617876011332
https://ameliamorsellino.github.io/biblioteche-fantasma/resource/library/IT-SS0173,IT-SS0173,Biblioteca comunale,https://ameliamorsellino.github.io/biblioteche-fantasma/resource/municipality/090041,Monti,SARDEGNA,TEMPORANEAMENTE_CHIUSA,2402,2383,-0.7910074937552041
https://ameliamorsellino.github.io/biblioteche-fantasma/resource/library/IT-BL0062,IT-BL0062,BIBLIOTECA COMUNALE DI SELVA DI CADORE,https://ameliamorsellino.github.io/biblioteche-fantasma/resource/municipality/025054,Selva di Cadore,VENETO,TEMPORANEAMENTE_CHIUSA,506,502,-0.7905138339920948
https://ameliamorsellino.github.io/biblioteche-fantasma/resource/library/IT-BO0137,IT-BO0137,Biblioteca del Dipartimento di medicina e sanità pubblica. Sezione di medicina legale dell'Università degli studi di Bologna,https://ameliamorsellino.github.io/biblioteche-fantasma/resource/municipality/037006,Bologna,EMILIA-ROMAGNA,TEMPORANEAMENTE_CHIUSA,393248,390151,-0.787543738302547
https://ameliamorsellino.github.io/biblioteche-fantasma/resource/library/IT-BO0320,IT-BO0320,Biblioteca della Deputazione di storia patria per le provincie di Romagna,https://ameliamorsellino.github.io/biblioteche-fantasma/resource/municipality/037006,Bologna,EMILIA-ROMAGNA,TEMPORANEAMENTE_CHIUSA,393248,390151,-0.787543738302547
https://ameliamorsellino.github.io/biblioteche-fantasma/resource/library/IT-BO0360,IT-BO0360,Biblioteca dell'Associazione Paolo Pedrelli - Aps,https://ameliamorsellino.github.io/biblioteche-fantasma/resource/municipality/037006,Bologna,EMILIA-ROMAGNA,TEMPORANEAMENTE_CHIUSA,393248,390151,-0.787543738302547
https://ameliamorsellino.github.io/biblioteche-fantasma/resource/library/IT-BO0408,IT-BO0408,Biblioteca della Società medica chirurgica di Bologna,https://ameliamorsellino.github.io/biblioteche-fantasma/resource/municipality/037006,Bologna,EMILIA-ROMAGNA,TEMPORANEAMENTE_CHIUSA,393248,390151,-0.787543738302547
https://ameliamorsellino.github.io/biblioteche-fantasma/resource/library/IT-BO0412,IT-BO0412,"Biblioteca Archeologia - Soprintendenza Archeologia Belle Arti e Paesaggio per la Città Metropolitana di Bologna e Le Province di Modena, Reggio Emilia e Ferrara",https://ameliamorsellino.github.io/biblioteche-fantasma/resource/municipality/037006,Bologna,EMILIA-ROMAGNA,TEMPORANEAMENTE_CHIUSA,393248,390151,-0.787543738302547
https://ameliamorsellino.github.io/biblioteche-fantasma/resource/library/IT-BO0414,IT-BO0414,"Biblioteca di Architettura della Soprintendenza Archeologia, belle arti e paesaggio per la città metropolitana di Bologna e le province di Modena, Reggio Emilia e Ferrara",https://ameliamorsellino.github.io/biblioteche-fantasma/resource/municipality/037006,Bologna,EMILIA-ROMAGNA,TEMPORANEAMENTE_CHIUSA,393248,390151,-0.787543738302547
https://ameliamorsellino.github.io/biblioteche-fantasma/resource/library/IT-BO0474,IT-BO0474,Biblioteca del Centro interfacoltà di linguistica teorica e applicata - CILTA dell'Università degli studi di Bologna,https://ameliamorsellino.github.io/biblioteche-fantasma/resource/municipality/037006,Bologna,EMILIA-ROMAGNA,TEMPORANEAMENTE_CHIUSA,393248,390151,-0.787543738302547
https://ameliamorsellino.github.io/biblioteche-fantasma/resource/library/IT-BO0525,IT-BO0525,"Biblioteca Giuridica ""Antonio Cicu"" - Sezione di Informatica giuridica e Bioetica (CIRSFID)",https://ameliamorsellino.github.io/biblioteche-fantasma/resource/municipality/037006,Bologna,EMILIA-ROMAGNA,TEMPORANEAMENTE_CHIUSA,393248,390151,-0.787543738302547
https://ameliamorsellino.github.io/biblioteche-fantasma/resource/library/IT-BO0569,IT-BO0569,"Biblioteca del Museo del Tessuto e della Tappezzeria ""Vittorio Zironi""",https://ameliamorsellino.github.io/biblioteche-fantasma/resource/municipality/037006,Bologna,EMILIA-ROMAGNA,TEMPORANEAMENTE_CHIUSA,393248,390151,-0.787543738302547
https://ameliamorsellino.github.io/biblioteche-fantasma/resource/library/IT-BO0754,IT-BO0754,Biblioteca Il mondo incantato,https://ameliamorsellino.github.io/biblioteche-fantasma/resource/municipality/037006,Bologna,EMILIA-ROMAGNA,TEMPORANEAMENTE_CHIUSA,393248,390151,-0.787543738302547
https://ameliamorsellino.github.io/biblioteche-fantasma/resource/library/IT-BO0827,IT-BO0827,Biblioteca Eugenio Busmanti - Palazzo Bentivoglio,https://ameliamorsellino.github.io/biblioteche-fantasma/resource/municipality/037006,Bologna,EMILIA-ROMAGNA,TEMPORANEAMENTE_CHIUSA,393248,390151,-0.787543738302547
https://ameliamorsellino.github.io/biblioteche-fantasma/resource/library/IT-PV0394,IT-PV0394,Biblioteca comunale,https://ameliamorsellino.github.io/biblioteche-fantasma/resource/municipality/018012,Battuda,LOMBARDIA,TEMPORANEAMENTE_CHIUSA,656,651,-0.7621951219512195
https://ameliamorsellino.github.io/biblioteche-fantasma/resource/library/IT-MO0142,IT-MO0142,"Biblioteca Comunale ""Guido Bucciardi""",https://ameliamorsellino.github.io/biblioteche-fantasma/resource/municipality/036025,Montefiorino,EMILIA-ROMAGNA,TEMPORANEAMENTE_CHIUSA,2138,2122,-0.7483629560336763
https://ameliamorsellino.github.io/biblioteche-fantasma/resource/library/IT-PI0367,IT-PI0367,Biblioteca Farmigea,https://ameliamorsellino.github.io/biblioteche-fantasma/resource/municipality/050026,Pisa,TOSCANA,TEMPORANEAMENTE_CHIUSA,90096,89422,-0.7480909252353045
https://ameliamorsellino.github.io/biblioteche-fantasma/resource/library/IT-CN0038,IT-CN0038,Biblioteca dell'Archivio di Stato di Cuneo,https://ameliamorsellino.github.io/biblioteche-fantasma/resource/municipality/004078,Cuneo,PIEMONTE,TEMPORANEAMENTE_CHIUSA,56155,55751,-0.71943727183688
https://ameliamorsellino.github.io/biblioteche-fantasma/resource/library/IT-SP0010,IT-SP0010,Biblioteca civica Popolare,https://ameliamorsellino.github.io/biblioteche-fantasma/resource/municipality/011004,Bolano,LIGURIA,TEMPORANEAMENTE_CHIUSA,7558,7504,-0.7144747287642234
https://ameliamorsellino.github.io/biblioteche-fantasma/resource/library/IT-TV0022,IT-TV0022,Biblioteca comunale di Cimadolmo,https://ameliamorsellino.github.io/biblioteche-fantasma/resource/municipality/026017,Cimadolmo,VENETO,TEMPORANEAMENTE_CHIUSA,3385,3361,-0.7090103397341212
https://ameliamorsellino.github.io/biblioteche-fantasma/resource/library/IT-IM0072,IT-IM0072,Biblioteca del Museo Ferroviario Ligure ONLUS,https://ameliamorsellino.github.io/biblioteche-fantasma/resource/municipality/008059,Taggia,LIGURIA,TEMPORANEAMENTE_CHIUSA,13957,13859,-0.7021566239163144
https://ameliamorsellino.github.io/biblioteche-fantasma/resource/library/IT-CT0128,IT-CT0128,Biblioteca Giovanni Verga - Furrigna di Aci Castello,https://ameliamorsellino.github.io/biblioteche-fantasma/resource/municipality/087002,Aci Castello,SICILIA,TEMPORANEAMENTE_CHIUSA,17825,17713,-0.6283309957924264
https://ameliamorsellino.github.io/biblioteche-fantasma/resource/library/IT-IM0024,IT-IM0024,Biblioteca civica Sandro Pertini,https://ameliamorsellino.github.io/biblioteche-fantasma/resource/municipality/008042,Pieve di Teco,LIGURIA,TEMPORANEAMENTE_CHIUSA,1341,1333,-0.5965697240865026
https://ameliamorsellino.github.io/biblioteche-fantasma/resource/library/IT-RM0004,IT-RM0004,Biblioteca comunale,https://ameliamorsellino.github.io/biblioteche-fantasma/resource/municipality/058006,Anticoli Corrado,LAZIO,TEMPORANEAMENTE_CHIUSA,844,839,-0.5924170616113744
https://ameliamorsellino.github.io/biblioteche-fantasma/resource/library/IT-CA0242,IT-CA0242,Biblioteca comunale,https://ameliamorsellino.github.io/biblioteche-fantasma/resource/municipality/111015,Domus de Maria,SARDEGNA,TEMPORANEAMENTE_CHIUSA,1648,1639,-0.5461165048543689
https://ameliamorsellino.github.io/biblioteche-fantasma/resource/library/IT-RO0046,IT-RO0046,Biblioteca del Centro di ricerca di cerealicoltura e colture industriali. Sede di Rovigo,https://ameliamorsellino.github.io/biblioteche-fantasma/resource/municipality/029041,Rovigo,VENETO,TEMPORANEAMENTE_CHIUSA,50193,49922,-0.5399159245313092
https://ameliamorsellino.github.io/biblioteche-fantasma/resource/library/IT-LT0042,IT-LT0042,Biblioteca comunale,https://ameliamorsellino.github.io/biblioteche-fantasma/resource/municipality/059029,Sonnino,LAZIO,TEMPORANEAMENTE_CHIUSA,7465,7426,-0.522438044206296
https://ameliamorsellino.github.io/biblioteche-fantasma/resource/library/IT-AR0043,IT-AR0043,Biblioteca comunale,https://ameliamorsellino.github.io/biblioteche-fantasma/resource/municipality/051024,Monterchi,TOSCANA,TEMPORANEAMENTE_CHIUSA,1730,1721,-0.5202312138728323
https://ameliamorsellino.github.io/biblioteche-fantasma/resource/library/IT-PC0141,IT-PC0141,Biblioteca del Museo civico di Storia Naturale,https://ameliamorsellino.github.io/biblioteche-fantasma/resource/municipality/033032,Piacenza,EMILIA-ROMAGNA,TEMPORANEAMENTE_CHIUSA,103904,103406,-0.47928857406837083
https://ameliamorsellino.github.io/biblioteche-fantasma/resource/library/IT-PV0300,IT-PV0300,Biblioteca scientifica IRCCS Fondazione Mondino,https://ameliamorsellino.github.io/biblioteche-fantasma/resource/municipality/018110,Pavia,LOMBARDIA,TEMPORANEAMENTE_CHIUSA,71943,71610,-0.46286643592844334
https://ameliamorsellino.github.io/biblioteche-fantasma/resource/library/IT-PV0364,IT-PV0364,Biblioteca dell'Istituto tecnico industriale e Liceo scientifico tecnologico G. Cardano,https://ameliamorsellino.github.io/biblioteche-fantasma/resource/municipality/018110,Pavia,LOMBARDIA,TEMPORANEAMENTE_CHIUSA,71943,71610,-0.46286643592844334
https://ameliamorsellino.github.io/biblioteche-fantasma/resource/library/IT-PV0372,IT-PV0372,Centro Interculturale La mongolfiera,https://ameliamorsellino.github.io/biblioteche-fantasma/resource/municipality/018110,Pavia,LOMBARDIA,TEMPORANEAMENTE_CHIUSA,71943,71610,-0.46286643592844334
https://ameliamorsellino.github.io/biblioteche-fantasma/resource/library/IT-PV0501,IT-PV0501,Biblioteca Anffas,https://ameliamorsellino.github.io/biblioteche-fantasma/resource/municipality/018110,Pavia,LOMBARDIA,TEMPORANEAMENTE_CHIUSA,71943,71610,-0.46286643592844334
https://ameliamorsellino.github.io/biblioteche-fantasma/resource/library/IT-CO0138,IT-CO0138,Biblioteca comunale,https://ameliamorsellino.github.io/biblioteche-fantasma/resource/municipality/013157,Montorfano,LOMBARDIA,TEMPORANEAMENTE_CHIUSA,2532,2521,-0.4344391785150079
https://ameliamorsellino.github.io/biblioteche-fantasma/resource/library/IT-PG0367,IT-PG0367,Biblioteca comunale,https://ameliamorsellino.github.io/biblioteche-fantasma/resource/municipality/054044,San Giustino,UMBRIA,TEMPORANEAMENTE_CHIUSA,11108,11060,-0.4321209938782859
https://ameliamorsellino.github.io/biblioteche-fantasma/resource/library/IT-FI0561,IT-FI0561,Biblioteca BIBLIA. Associazione laica di cultura biblica,https://ameliamorsellino.github.io/biblioteche-fantasma/resource/municipality/048005,Calenzano,TOSCANA,TEMPORANEAMENTE_CHIUSA,18063,17994,-0.38199634612190664
https://ameliamorsellino.github.io/biblioteche-fantasma/resource/library/IT-BL0008,IT-BL0008,Biblioteca Lolliniana,https://ameliamorsellino.github.io/biblioteche-fantasma/resource/municipality/025006,Belluno,VENETO,TEMPORANEAMENTE_CHIUSA,35678,35543,-0.3783844385896071
https://ameliamorsellino.github.io/biblioteche-fantasma/resource/library/IT-BG0209,IT-BG0209,Biblioteca comunale,https://ameliamorsellino.github.io/biblioteche-fantasma/resource/municipality/016186,Rota d'Imagna,LOMBARDIA,TEMPORANEAMENTE_CHIUSA,915,912,-0.32786885245901637
https://ameliamorsellino.github.io/biblioteche-fantasma/resource/library/IT-BN0075,IT-BN0075,Biblioteca comunale,https://ameliamorsellino.github.io/biblioteche-fantasma/resource/municipality/062072,Sassinoro,CAMPANIA,TEMPORANEAMENTE_CHIUSA,617,615,-0.3241491085899514
https://ameliamorsellino.github.io/biblioteche-fantasma/resource/library/IT-RM1294,IT-RM1294,"Biblioteca del Museo civico ""Mario Antonacci""",https://ameliamorsellino.github.io/biblioteche-fantasma/resource/municipality/058003,Albano Laziale,LAZIO,TEMPORANEAMENTE_CHIUSA,39774,39662,-0.2815909890883492
https://ameliamorsellino.github.io/biblioteche-fantasma/resource/library/IT-BA0146,IT-BA0146,Biblioteca comunale Giovanni Bruno,https://ameliamorsellino.github.io/biblioteche-fantasma/resource/municipality/072047,Turi,PUGLIA,TEMPORANEAMENTE_CHIUSA,12999,12968,-0.23847988306792833
https://ameliamorsellino.github.io/biblioteche-fantasma/resource/library/IT-TR0276,IT-TR0276,Biblioteca Roberto Galvano dell'Unione Italiana Libero teatro - U.I.L.T. ,https://ameliamorsellino.github.io/biblioteche-fantasma/resource/municipality/055004,Amelia,UMBRIA,TEMPORANEAMENTE_CHIUSA,11499,11474,-0.21741020958344204
https://ameliamorsellino.github.io/biblioteche-fantasma/resource/library/IT-BA0012,IT-BA0012,Biblioteca civica del museo storico,https://ameliamorsellino.github.io/biblioteche-fantasma/resource/municipality/072006,Bari,PUGLIA,TEMPORANEAMENTE_CHIUSA,316491,315831,-0.2085367356417718
https://ameliamorsellino.github.io/biblioteche-fantasma/resource/library/IT-BA0280,IT-BA0280,Biblioteca-archivio dell'Istituto di bibliografia musicale di Puglia,https://ameliamorsellino.github.io/biblioteche-fantasma/resource/municipality/072006,Bari,PUGLIA,TEMPORANEAMENTE_CHIUSA,316491,315831,-0.2085367356417718
https://ameliamorsellino.github.io/biblioteche-fantasma/resource/library/IT-GE0019,IT-GE0019,Biblioteca civica don Lorenzo Motta,https://ameliamorsellino.github.io/biblioteche-fantasma/resource/municipality/010020,Crocefieschi,LIGURIA,TEMPORANEAMENTE_CHIUSA,531,530,-0.18832391713747645
https://ameliamorsellino.github.io/biblioteche-fantasma/resource/library/IT-BG0292,IT-BG0292,Biblioteca di documentazione beni culturali della Provincia di Bergamo. Settore turismo e cultura,https://ameliamorsellino.github.io/biblioteche-fantasma/resource/municipality/016024,Bergamo,LOMBARDIA,TEMPORANEAMENTE_CHIUSA,120569,120389,-0.1492921065945641
https://ameliamorsellino.github.io/biblioteche-fantasma/resource/library/IT-TN0231,IT-TN0231,Biblioteca del Liceo Maffei,https://ameliamorsellino.github.io/biblioteche-fantasma/resource/municipality/022153,Riva del Garda,TRENTINO-ALTO ADIGE/SÜDTIROL,TEMPORANEAMENTE_CHIUSA,17807,17782,-0.1403942269893862
https://ameliamorsellino.github.io/biblioteche-fantasma/resource/library/IT-VC0182,IT-VC0182,Biblioteca Civica,https://ameliamorsellino.github.io/biblioteche-fantasma/resource/municipality/002104,Prarolo,PIEMONTE,TEMPORANEAMENTE_CHIUSA,725,724,-0.13793103448275862
https://ameliamorsellino.github.io/biblioteche-fantasma/resource/library/IT-NA0597,IT-NA0597,Biblioteca Il pozzo dell'Arte,https://ameliamorsellino.github.io/biblioteche-fantasma/resource/municipality/063050,Nola,CAMPANIA,TEMPORANEAMENTE_CHIUSA,34146,34111,-0.1025010250102501
https://ameliamorsellino.github.io/biblioteche-fantasma/resource/library/IT-VC0115,IT-VC0115,Biblioteca civica,https://ameliamorsellino.github.io/biblioteche-fantasma/resource/municipality/002093,Pezzana,PIEMONTE,TEMPORANEAMENTE_CHIUSA,1283,1282,-0.0779423226812159
https://ameliamorsellino.github.io/biblioteche-fantasma/resource/library/IT-SP0121,IT-SP0121,Biblioteca Fondazione Cassa di Risparmio della Spezia. Carispezia,https://ameliamorsellino.github.io/biblioteche-fantasma/resource/municipality/011015,La Spezia,LIGURIA,TEMPORANEAMENTE_CHIUSA,92737,92706,-0.03342786590034183
