source,sourceISIL,sourceName,target,targetISIL,targetName,selfLoop
https://biblioteche-fantasma.invalid/resource/library/IT-AG0049,IT-AG0049,Biblioteca di cinema e spettacolo Efebo d'Oro,https://biblioteche-fantasma.invalid/resource/library/IT-AG0078,IT-AG0078,Biblioteca della Provincia regionale di Agrigento Gaspare Ambrosini,false
https://biblioteche-fantasma.invalid/resource/library/IT-AG0080,IT-AG0080,Biblioteca comunale Santo Spirito. Sezione esterna di Villaggio Mosè,https://biblioteche-fantasma.invalid/resource/library/IT-AG0007,IT-AG0007,Biblioteca Comunale Franco La Rocca,false
https://biblioteche-fantasma.invalid/resource/library/IT-AL0147,IT-AL0147,Biblioteca diocesana,https://biblioteche-fantasma.invalid/resource/library/IT-AL0024,IT-AL0024,Biblioteca del Seminario vescovile,false
https://biblioteche-fantasma.invalid/resource/library/IT-AL0155,IT-AL0155,Biblioteca del Dipartimento di scienze giuridiche ed economiche dell'Università degli studi del Piemonte orientale Amedeo Avogadro. Sede di Alessandria,https://biblioteche-fantasma.invalid/resource/library/IT-AL0238,IT-AL0238,Biblioteca del Polo universitario di Alessandria (sede Borsalino),false
https://biblioteche-fantasma.invalid/resource/library/IT-AL0156,IT-AL0156,Biblioteca Norberto Bobbio.Università degli studi del Piemonte orientale Amedeo Avogadro,https://biblioteche-fantasma.invalid/resource/library/IT-AL0238,IT-AL0238,Biblioteca del Polo universitario di Alessandria (sede Borsalino),false
https://biblioteche-fantasma.invalid/resource/library/IT-AN0007,IT-AN0007,Biblioteca centrale dei frati cappuccini delle Marche,https://biblioteche-fantasma.invalid/resource/library/IT-FM0049,IT-FM0049,Biblioteca Centrale dei Frati Cappuccini delle Marche,false
https://biblioteche-fantasma.invalid/resource/library/IT-AN0010,IT-AN0010,"Biblioteca della Soprintendenza Archeologia, belle arti e paesaggio delle Marche. Architettura",https://biblioteche-fantasma.invalid/resource/library/IT-AN0012,IT-AN0012,"Biblioteca della Soprintendenza Archeologia, Belle Arti e Paesaggio per le province Ancona Pesaro Urbino",false
https://biblioteche-fantasma.invalid/resource/library/IT-AN0034,IT-AN0034,Biblioteca del Capitolo della cattedrale di S. Venanzo,https://biblioteche-fantasma.invalid/resource/library/IT-AN0035,IT-AN0035,Biblioteca diocesana,false
https://biblioteche-fantasma.invalid/resource/library/IT-AN0048,IT-AN0048,Biblioteca dei padri cappuccini,https://biblioteche-fantasma.invalid/resource/library/IT-FM0049,IT-FM0049,Biblioteca Centrale dei Frati Cappuccini delle Marche,false
https://biblioteche-fantasma.invalid/resource/library/IT-AN0107,IT-AN0107,Biblioteca del Dipartimento di meccanica dell'Università degli studi di Ancona,https://biblioteche-fantasma.invalid/resource/library/IT-AN0126,IT-AN0126,Biblioteca Tecnico Scientifica Biomedica - Centro di Ateneo di Documentazione - Polo Montedago - Università Politecnica delle Marche,false
https://biblioteche-fantasma.invalid/resource/library/IT-AN0132,IT-AN0132,Biblioteca del Centro sociale di educazione permanente,https://biblioteche-fantasma.invalid/resource/library/IT-AN0190,IT-AN0190,Biblioteca comunale di Angeli di Rosora,false
https://biblioteche-fantasma.invalid/resource/library/IT-AP0069,IT-AP0069,Biblioteca dei frati cappuccini,https://biblioteche-fantasma.invalid/resource/library/IT-AN0039,IT-AN0039,Biblioteca storico-francescana e picena,false
https://biblioteche-fantasma.invalid/resource/library/IT-AP0114,IT-AP0114,"Biblioteca di Beni culturali del Dipartimento di Scienze della formazione, dei beni culturali e del turismo dell'Università di Macerata",https://biblioteche-fantasma.invalid/resource/library/IT-MC0263,IT-MC0263,"Biblioteca di  Scienze della formazione, dei Beni Culturali e del Turismo ",false
https://biblioteche-fantasma.invalid/resource/library/IT-AP0115,IT-AP0115,Museo - Biblioteca Francesco Antonio Marcucci,https://biblioteche-fantasma.invalid/resource/library/IT-AP0083,IT-AP0083,Biblioteca Francesco Antonio Marcucci,false
https://biblioteche-fantasma.invalid/resource/library/IT-AV0061,IT-AV0061,Biblioteca S. Amato,https://biblioteche-fantasma.invalid/resource/library/IT-AV0163,IT-AV0163,Biblioteca diocesana,false
https://biblioteche-fantasma.invalid/resource/library/IT-BA0133,IT-BA0133,Biblioteca dell'Istituto superiore di scienze religiose,https://biblioteche-fantasma.invalid/resource/library/IT-BA0354,IT-BA0354,Biblioteca diocesana sezione di Bari,false
https://biblioteche-fantasma.invalid/resource/library/IT-BA0134,IT-BA0134,Biblioteca del Centro pedagogico meridionale,https://biblioteche-fantasma.invalid/resource/library/IT-BA0033,IT-BA0033,"Biblioteca di quartiere ""Don Bosco""",false
https://biblioteche-fantasma.invalid/resource/library/IT-BA0170,IT-BA0170,Biblioteca del Dipartimento di architettura ed urbanistica del Politecnico di Bari,https://biblioteche-fantasma.invalid/resource/library/IT-BA0282,IT-BA0282,Biblioteca PoliLibrary,false
https://biblioteche-fantasma.invalid/resource/library/IT-BA0171,IT-BA0171,Biblioteca dell'Istituto di chimica applicata e per la tutela dell'ambiente della Facoltà di ingegneria del Politecnico di Bari,https://biblioteche-fantasma.invalid/resource/library/IT-BA0282,IT-BA0282,Biblioteca PoliLibrary,false
https://biblioteche-fantasma.invalid/resource/library/IT-BA0172,IT-BA0172,Biblioteca dell'Istituto di idraulica e costruzioni idrauliche della Facoltà di ingegneria del Politecnico di Bari,https://biblioteche-fantasma.invalid/resource/library/IT-BA0282,IT-BA0282,Biblioteca PoliLibrary,false
https://biblioteche-fantasma.invalid/resource/library/IT-BA0183,IT-BA0183,Biblioteca del Dipartimento di elettrotecnica ed elettronica del Politecnico di Bari,https://biblioteche-fantasma.invalid/resource/library/IT-BA0169,IT-BA0169,Biblioteca Michele Brucoli,false
https://biblioteche-fantasma.invalid/resource/library/IT-BA0239,IT-BA0239,Biblioteca dell'Istituto Di Cagno Abbrescia,https://biblioteche-fantasma.invalid/resource/library/IT-BA0354,IT-BA0354,Biblioteca diocesana sezione di Bari,false
https://biblioteche-fantasma.invalid/resource/library/IT-BA0242,IT-BA0242,Biblioteca diocesana del Seminario arcivescovile monsignor Angelo Cavallo,https://biblioteche-fantasma.invalid/resource/library/IT-BA0354,IT-BA0354,Biblioteca diocesana sezione di Bari,false
https://biblioteche-fantasma.invalid/resource/library/IT-BA0281,IT-BA0281,Biblioteca del Dipartimento di vie e trasporti del Politecnico di Bari,https://biblioteche-fantasma.invalid/resource/library/IT-BA0282,IT-BA0282,Biblioteca PoliLibrary,false
https://biblioteche-fantasma.invalid/resource/library/IT-BA0294,IT-BA0294,Biblioteca dell'Istituto di geologia applicata e geotecnica della Facoltà di ingegneria del Politecnico di Bari,https://biblioteche-fantasma.invalid/resource/library/IT-BA0282,IT-BA0282,Biblioteca PoliLibrary,false
https://biblioteche-fantasma.invalid/resource/library/IT-BA0297,IT-BA0297,"Biblioteca del Dipartimento di disegno tecnico, industriale e della rappresentazione del Politecnico di Bari",https://biblioteche-fantasma.invalid/resource/library/IT-BA0169,IT-BA0169,Biblioteca Michele Brucoli,false
https://biblioteche-fantasma.invalid/resource/library/IT-BA0337,IT-BA0337,Biblioteca provinciale S. Teresa dei Maschi. Emeroteca La Macchia Scalera,https://biblioteche-fantasma.invalid/resource/library/IT-BA0136,IT-BA0136,Biblioteca Metropolitana De Gemmis,false
https://biblioteche-fantasma.invalid/resource/library/IT-BA0343,IT-BA0343,Biblioteca del Museo archeologico della Provincia di Bari,https://biblioteche-fantasma.invalid/resource/library/IT-BA0136,IT-BA0136,Biblioteca Metropolitana De Gemmis,false
https://biblioteche-fantasma.invalid/resource/library/IT-BG0025,IT-BG0025,Biblioteca comunale moderna e scientifica Ciro Caversazzi,https://biblioteche-fantasma.invalid/resource/library/IT-BG0290,IT-BG0290,Biblioteca comunale Centrale A. Tiraboschi,false
https://biblioteche-fantasma.invalid/resource/library/IT-BG0385,IT-BG0385,Biblioteca del Museo donizettiano,https://biblioteche-fantasma.invalid/resource/library/IT-BG0044,IT-BG0044,Biblioteca musicale Gaetano Donizetti,false
https://biblioteche-fantasma.invalid/resource/library/IT-BN0084,IT-BN0084,"Biblioteca del Dipartimento di studi giuridici, politici e sociali Persona, Mercato, Istituzioni - PEMEIS dell'Università degli studi del Sannio",https://biblioteche-fantasma.invalid/resource/library/IT-BN0095,IT-BN0095,Biblioteca Centralizzata di Ateneo,false
https://biblioteche-fantasma.invalid/resource/library/IT-BN0085,IT-BN0085,Biblioteca del Dipartimento di Ingegneria,https://biblioteche-fantasma.invalid/resource/library/IT-BN0095,IT-BN0095,Biblioteca Centralizzata di Ateneo,false
https://biblioteche-fantasma.invalid/resource/library/IT-BN0086,IT-BN0086,"Biblioteca della Facoltà di scienze matematiche, fisiche e naturali dell'Università degli studi del Sannio",https://biblioteche-fantasma.invalid/resource/library/IT-BN0095,IT-BN0095,Biblioteca Centralizzata di Ateneo,false
https://biblioteche-fantasma.invalid/resource/library/IT-BN0087,IT-BN0087,Biblioteca Archeoclub d'Italia,https://biblioteche-fantasma.invalid/resource/library/IT-BN0006,IT-BN0006,Biblioteca Comunale Fratelli Carusi,false
https://biblioteche-fantasma.invalid/resource/library/IT-BN0101,IT-BN0101,Biblioteca del Dipartimento di scienze e tecnologie (D.S.T.),https://biblioteche-fantasma.invalid/resource/library/IT-BN0095,IT-BN0095,Biblioteca Centralizzata di Ateneo,false
https://biblioteche-fantasma.invalid/resource/library/IT-BN0102,IT-BN0102,Biblioteca del Dipartimento di scienze biologiche ed ambientali - DSBA dell'Università degli studi del Sannio,https://biblioteche-fantasma.invalid/resource/library/IT-BN0095,IT-BN0095,Biblioteca Centralizzata di Ateneo,false
https://biblioteche-fantasma.invalid/resource/library/IT-BN0112,IT-BN0112,Biblioteca del Museo civico E. Sannia,https://biblioteche-fantasma.invalid/resource/library/IT-BN0034,IT-BN0034,Biblioteca comunale Enrico Sannia,false
https://biblioteche-fantasma.invalid/resource/library/IT-BO0029,IT-BO0029,Biblioteca del Centro di calcolo della Facoltà di ingegneria dell'Università degli studi di Bologna,https://biblioteche-fantasma.invalid/resource/library/IT-BO0012,IT-BO0012,"Biblioteca di Ingegneria e Architettura. Sezione di Ingegneria ""Gian Paolo Dore""",false
https://biblioteche-fantasma.invalid/resource/library/IT-BO0044,IT-BO0044,Biblioteca del Dipartimento di biologia evoluzionistica sperimentale. Sede di Antropologia dell'università degli studi di Bologna,https://biblioteche-fantasma.invalid/resource/library/IT-BO0429,IT-BO0429,"Biblioteca di Scienze Biologiche, Geologiche e Ambientali. Sezione di Biologia",false
https://biblioteche-fantasma.invalid/resource/library/IT-BO0051,IT-BO0051,"Biblioteca di Veterinaria ""G.B. Ercolani"". Fondo di Anatomia dell'Università degli studi di Bologna",https://biblioteche-fantasma.invalid/resource/library/IT-BO0508,IT-BO0508,"Biblioteca di Veterinaria  ""Giovanni Battista Ercolani""",false
https://biblioteche-fantasma.invalid/resource/library/IT-BO0053,IT-BO0053,Biblioteca di agronomia del Dipartimento di scienze e tecnologie agroambientali - DiSTA dell'Università degli studi di Bologna,https://biblioteche-fantasma.invalid/resource/library/IT-BO0421,IT-BO0421,"Biblioteca di Agraria ""Gabriele Goidanich"" dell'Università degli studi di Bologna",false
https://biblioteche-fantasma.invalid/resource/library/IT-BO0108,IT-BO0108,Biblioteca dell'Istituto di Costruzioni Idrauliche. Facolta' di Ingegneria. Universita' degli Studi di Bologna,https://biblioteche-fantasma.invalid/resource/library/IT-BO0540,IT-BO0540,"Biblioteca di Ingegneria e Architettura. Sezione di Ingegneria civile ""Giovanni Michelucci"" ",false
https://biblioteche-fantasma.invalid/resource/library/IT-BO0110,IT-BO0110,"Biblioteca dell'Istituto di topografia, geodesia e geofisica mineraria della Facoltà di ingegneria dell'Università degli studi di Bologna",https://biblioteche-fantasma.invalid/resource/library/IT-BO0540,IT-BO0540,"Biblioteca di Ingegneria e Architettura. Sezione di Ingegneria civile ""Giovanni Michelucci"" ",false
https://biblioteche-fantasma.invalid/resource/library/IT-BO0112,IT-BO0112,Biblioteca dell'Istituto di Trasporti. Facolta' di Ingegneria. Universita' degli Studi di Bologna,https://biblioteche-fantasma.invalid/resource/library/IT-BO0540,IT-BO0540,"Biblioteca di Ingegneria e Architettura. Sezione di Ingegneria civile ""Giovanni Michelucci"" ",false
https://biblioteche-fantasma.invalid/resource/library/IT-BO0113,IT-BO0113,Biblioteca dell'Istituto di Tecnica delle Costruzioni. Facolta' di Ingegneria. Universita' degli Studi di Bologna,https://biblioteche-fantasma.invalid/resource/library/IT-BO0540,IT-BO0540,"Biblioteca di Ingegneria e Architettura. Sezione di Ingegneria civile ""Giovanni Michelucci"" ",false
https://biblioteche-fantasma.invalid/resource/library/IT-BO0115,IT-BO0115,"Biblioteca dell'Istituto di Costruzione di Strade, Ferrovie ed Aeroporti. Facolta' di Ingegneria. Universita' degli Studi di Bologna",https://biblioteche-fantasma.invalid/resource/library/IT-BO0540,IT-BO0540,"Biblioteca di Ingegneria e Architettura. Sezione di Ingegneria civile ""Giovanni Michelucci"" ",false
https://biblioteche-fantasma.invalid/resource/library/IT-BO0121,IT-BO0121,Biblioteca dell'Istituto di scienza delle costruzioni della Facoltà di ingegneria dell'Università degli studi di Bologna,https://biblioteche-fantasma.invalid/resource/library/IT-BO0540,IT-BO0540,"Biblioteca di Ingegneria e Architettura. Sezione di Ingegneria civile ""Giovanni Michelucci"" ",false
https://biblioteche-fantasma.invalid/resource/library/IT-BO0126,IT-BO0126,"Biblioteca di Veterinaria ""G.B. Ercolani"". Fondo di Patologia speciale e Clinica medica veterinaria dell'Università degli studi di Bologna",https://biblioteche-fantasma.invalid/resource/library/IT-BO0508,IT-BO0508,"Biblioteca di Veterinaria  ""Giovanni Battista Ercolani""",false
https://biblioteche-fantasma.invalid/resource/library/IT-BO0129,IT-BO0129,"Biblioteca di Veterinaria ""G.B. Ercolani"". Fondo di Patologia generale e Anatomia patologica veterinaria dell'Università degli studi di Bologna",https://biblioteche-fantasma.invalid/resource/library/IT-BO0508,IT-BO0508,"Biblioteca di Veterinaria  ""Giovanni Battista Ercolani""",false
https://biblioteche-fantasma.invalid/resource/library/IT-BO0131,IT-BO0131,"Biblioteca di Veterinaria ""G.B. Ercolani"". Fondo di Ostetricia veterinaria dell'Università degli studi di Bologna",https://biblioteche-fantasma.invalid/resource/library/IT-BO0508,IT-BO0508,"Biblioteca di Veterinaria  ""Giovanni Battista Ercolani""",false
https://biblioteche-fantasma.invalid/resource/library/IT-BO0138,IT-BO0138,Biblioteca dell'Istituto di macchine della Facoltà di ingegneria dell'Università degli studi di Bologna,https://biblioteche-fantasma.invalid/resource/library/IT-BO0012,IT-BO0012,"Biblioteca di Ingegneria e Architettura. Sezione di Ingegneria ""Gian Paolo Dore""",false
https://biblioteche-fantasma.invalid/resource/library/IT-BO0141,IT-BO0141,"Biblioteca di Veterinaria ""G.B. Ercolani"". Fondo di Malattie infettive dell'Università degli studi di Bologna",https://biblioteche-fantasma.invalid/resource/library/IT-BO0508,IT-BO0508,"Biblioteca di Veterinaria  ""Giovanni Battista Ercolani""",false
https://biblioteche-fantasma.invalid/resource/library/IT-BO0146,IT-BO0146,Biblioteca dell'Istituto di Impianti Meccanici e Macchine Speciali. Facolta'Di Ingegneria. Universita' degli Studi di Bologna,https://biblioteche-fantasma.invalid/resource/library/IT-BO0012,IT-BO0012,"Biblioteca di Ingegneria e Architettura. Sezione di Ingegneria ""Gian Paolo Dore""",false
https://biblioteche-fantasma.invalid/resource/library/IT-BO0149,IT-BO0149,Biblioteca dell'Istituto di Idraulica. Facolta' di Ingegneria. Universita' degli Studi di Bologna,https://biblioteche-fantasma.invalid/resource/library/IT-BO0540,IT-BO0540,"Biblioteca di Ingegneria e Architettura. Sezione di Ingegneria civile ""Giovanni Michelucci"" ",false
https://biblioteche-fantasma.invalid/resource/library/IT-BO0151,IT-BO0151,Biblioteca dell'Istituto di Glottologia - Sezione Orientalistica. Facolta' di Lettere e Filosofia. Universita' degli Studi di Bologna,https://biblioteche-fantasma.invalid/resource/library/IT-BO0212,IT-BO0212,Biblioteca comunale 8 Marzo 1908,false
https://biblioteche-fantasma.invalid/resource/library/IT-BO0160,IT-BO0160,"Biblioteca di Ingegneria e Architettura. Sezione di Ingegneria ""Gian Paolo Dore""(DIN)",https://biblioteche-fantasma.invalid/resource/library/IT-BO0012,IT-BO0012,"Biblioteca di Ingegneria e Architettura. Sezione di Ingegneria ""Gian Paolo Dore""",false
https://biblioteche-fantasma.invalid/resource/library/IT-BO0169,IT-BO0169,Biblioteca del Navile. Fondo di Farmacologia. Università degli studi di Bologna,https://biblioteche-fantasma.invalid/resource/library/IT-BO0422,IT-BO0422,Biblioteca del Navile. Sezione di Chimica Industriale. Università degli studi di Bologna,false
https://biblioteche-fantasma.invalid/resource/library/IT-BO0172,IT-BO0172,Biblioteca dell'Istituto di elettrotecnica della Facoltà di ingegneria dell'Università degli studi di Bologna,https://biblioteche-fantasma.invalid/resource/library/IT-BO0012,IT-BO0012,"Biblioteca di Ingegneria e Architettura. Sezione di Ingegneria ""Gian Paolo Dore""",false
https://biblioteche-fantasma.invalid/resource/library/IT-BO0332,IT-BO0332,Biblioteca provinciale dei Frati minori dell'Emilia. Sezione Padre Benvenuto Bughetti,https://biblioteche-fantasma.invalid/resource/library/IT-BO0330,IT-BO0330,Biblioteca provinciale dei Frati minori dell'Emilia,false
https://biblioteche-fantasma.invalid/resource/library/IT-BO0427,IT-BO0427,Biblioteca del Navile. Sezione di Astronomia. Università degli studi di Bologna,https://biblioteche-fantasma.invalid/resource/library/IT-BO0422,IT-BO0422,Biblioteca del Navile. Sezione di Chimica Industriale. Università degli studi di Bologna,false
https://biblioteche-fantasma.invalid/resource/library/IT-BO0430,IT-BO0430,Biblioteca del Dipartimento di biologia evoluzionistica sperimentale. Sede di botanica dell'Università degli studi di Bologna,https://biblioteche-fantasma.invalid/resource/library/IT-BO0429,IT-BO0429,"Biblioteca di Scienze Biologiche, Geologiche e Ambientali. Sezione di Biologia",false
https://biblioteche-fantasma.invalid/resource/library/IT-BO0431,IT-BO0431,Biblioteca del Dipartimento di biologia evoluzionistica sperimentale. Sede di genetica dell'Università degli studi di Bologna,https://biblioteche-fantasma.invalid/resource/library/IT-BO0429,IT-BO0429,"Biblioteca di Scienze Biologiche, Geologiche e Ambientali. Sezione di Biologia",false
https://biblioteche-fantasma.invalid/resource/library/IT-BO0433,IT-BO0433,"Biblioteca del Navile. Sezione di Chimica ""Giacomo Ciamician"". Università degli studi di Bologna",https://biblioteche-fantasma.invalid/resource/library/IT-BO0422,IT-BO0422,Biblioteca del Navile. Sezione di Chimica Industriale. Università degli studi di Bologna,false
https://biblioteche-fantasma.invalid/resource/library/IT-BO0434,IT-BO0434,"Biblioteca del Dipartimento di Ingegneria Civile, Chimica, Ambientale e dei materiali - DICAM - Sezione Terracini - Alma Mater Studiorum - Università di Bologna                                     ",https://biblioteche-fantasma.invalid/resource/library/IT-BO0449,IT-BO0449,"Biblioteca di Ingegneria e Architettura. Sezione di Ingegneria chimica, ambientale e gestionale ""Franco P. Foraboschi"" ",false
https://biblioteche-fantasma.invalid/resource/library/IT-BO0439,IT-BO0439,Biblioteca Giuseppe Testoni del Dipartimento di scienze aziendali dell'Università degli studi di Bologna,https://biblioteche-fantasma.invalid/resource/library/IT-BO0510,IT-BO0510,"Biblioteca di discipline economico-aziendali ""Walter Bigiavi""",false
https://biblioteche-fantasma.invalid/resource/library/IT-BO0440,IT-BO0440,Biblioteca del Dipartimento di Discipline Economico-Aziendali - Sezione Tecnica. Universita' degli Studi di Bologna,https://biblioteche-fantasma.invalid/resource/library/IT-BO0121,IT-BO0121,Biblioteca dell'Istituto di scienza delle costruzioni della Facoltà di ingegneria dell'Università degli studi di Bologna,false
https://biblioteche-fantasma.invalid/resource/library/IT-BO0443,IT-BO0443,"Biblioteca di Ingegneria e Architettura. Sezione di Ingegneria ""Gian Paolo Dore"" (DEI)",https://biblioteche-fantasma.invalid/resource/library/IT-BO0012,IT-BO0012,"Biblioteca di Ingegneria e Architettura. Sezione di Ingegneria ""Gian Paolo Dore""",false
https://biblioteche-fantasma.invalid/resource/library/IT-BO0448,IT-BO0448,Biblioteca del Dipartimento di scienze della terra e geologico-ambientali. Discipline geografiche e ambientali dell'Università degli studi di Bologna,https://biblioteche-fantasma.invalid/resource/library/IT-BO0518,IT-BO0518,"Biblioteca di Scienze Biologiche, Geologiche e Ambientali. Sezione di Geologia",false
https://biblioteche-fantasma.invalid/resource/library/IT-BO0450,IT-BO0450,"Biblioteca Interdipartimentale di Ingegneria e Architettura. Biblioteca di Ingegneria ""Gian Paolo Dore"" (DIEM - DIN)",https://biblioteche-fantasma.invalid/resource/library/IT-BO0012,IT-BO0012,"Biblioteca di Ingegneria e Architettura. Sezione di Ingegneria ""Gian Paolo Dore""",false
https://biblioteche-fantasma.invalid/resource/library/IT-BO0454,IT-BO0454,Biblioteca del Dipartimento di matematica. Fondo Bortolotti dell'Università degli studi di Bologna,https://biblioteche-fantasma.invalid/resource/library/IT-BO0453,IT-BO0453,"Biblioteca di Matematica, Fisica e Informatica. Sezione di Matematica",false
https://biblioteche-fantasma.invalid/resource/library/IT-BO0456,IT-BO0456,Biblioteca del Dipartimento di Scienza Politica dell'Università degli studi di Bologna,https://biblioteche-fantasma.invalid/resource/library/IT-BO0461,IT-BO0461,"Biblioteca di Scienze Politiche e Sociali ""Nicola Matteucci"" dell'Università degli studi di Bologna",false
https://biblioteche-fantasma.invalid/resource/library/IT-BO0466,IT-BO0466,Biblioteca del Dipartimento di scienze economiche dell'Università degli studi di Bologna,https://biblioteche-fantasma.invalid/resource/library/IT-BO0510,IT-BO0510,"Biblioteca di discipline economico-aziendali ""Walter Bigiavi""",false
https://biblioteche-fantasma.invalid/resource/library/IT-BO0468,IT-BO0468,Biblioteca del Navile. Sezione di Farmacia e Biotecnologie. Università degli studi di Bologna,https://biblioteche-fantasma.invalid/resource/library/IT-BO0422,IT-BO0422,Biblioteca del Navile. Sezione di Chimica Industriale. Università degli studi di Bologna,false
https://biblioteche-fantasma.invalid/resource/library/IT-BO0469,IT-BO0469,Biblioteca del Dipartimento di scienze della terra e geologico-ambientali. Discipline geologiche e paleontologiche dell'Università degli studi di Bologna,https://biblioteche-fantasma.invalid/resource/library/IT-BO0518,IT-BO0518,"Biblioteca di Scienze Biologiche, Geologiche e Ambientali. Sezione di Geologia",false
https://biblioteche-fantasma.invalid/resource/library/IT-BO0470,IT-BO0470,Biblioteca del Dipartimento di scienze della terra e geologico-ambientali. Discipline mineralogiche e petrografiche dell'Università degli studi di Bologna,https://biblioteche-fantasma.invalid/resource/library/IT-BO0518,IT-BO0518,"Biblioteca di Scienze Biologiche, Geologiche e Ambientali. Sezione di Geologia",false
https://biblioteche-fantasma.invalid/resource/library/IT-BO0472,IT-BO0472,Biblioteca di Sociologia e Diritto dell'Economia. Sezione di Sociologia,https://biblioteche-fantasma.invalid/resource/library/IT-BO0441,IT-BO0441,Biblioteca di Sociologia e Diritto dell'Economia,false
https://biblioteche-fantasma.invalid/resource/library/IT-BO0476,IT-BO0476,Biblioteca dell'Istituto di Meccanica Agraria. Facolta' di Agraria. Universita' degli Studi di Bologna,https://biblioteche-fantasma.invalid/resource/library/IT-BO0421,IT-BO0421,"Biblioteca di Agraria ""Gabriele Goidanich"" dell'Università degli studi di Bologna",false
https://biblioteche-fantasma.invalid/resource/library/IT-BO0481,IT-BO0481,Biblioteca dell'Istituto di elettrotecnica industriale della Facoltà di ingegneria dell'Università degli studi di Bologna,https://biblioteche-fantasma.invalid/resource/library/IT-BO0012,IT-BO0012,"Biblioteca di Ingegneria e Architettura. Sezione di Ingegneria ""Gian Paolo Dore""",false
https://biblioteche-fantasma.invalid/resource/library/IT-BO0482,IT-BO0482,Biblioteca del Laboratorio di ingegneria nucleare di Montecuccolino della  Facoltà di ingegneria dell'Università degli studi di Bologna,https://biblioteche-fantasma.invalid/resource/library/IT-BO0012,IT-BO0012,"Biblioteca di Ingegneria e Architettura. Sezione di Ingegneria ""Gian Paolo Dore""",false
https://biblioteche-fantasma.invalid/resource/library/IT-BO0495,IT-BO0495,Biblioteca Carlo Gentili dell'Istituto di psichiatria Paolo Ottonello della Facoltà di medicina e chirurgia dell'Università degli studi di Bologna,https://biblioteche-fantasma.invalid/resource/library/IT-BO0282,IT-BO0282,Biblioteca della salute mentale e delle scienze umane. Servizio bibliotecario integrato Gian Franco Minguzzi - Carlo Gentili,false
https://biblioteche-fantasma.invalid/resource/library/IT-BO0496,IT-BO0496,"Biblioteca di Veterinaria ""G.B. Ercolani"". Fondo di Igiene e tecnologia alimentare dell'Università degli studi di Bologna",https://biblioteche-fantasma.invalid/resource/library/IT-BO0508,IT-BO0508,"Biblioteca di Veterinaria  ""Giovanni Battista Ercolani""",false
https://biblioteche-fantasma.invalid/resource/library/IT-BO0497,IT-BO0497,"Biblioteca di Veterinaria ""G.B. Ercolani"". Fondo di Farmacologia veterinaria dell'Università degli studi di Bologna",https://biblioteche-fantasma.invalid/resource/library/IT-BO0508,IT-BO0508,"Biblioteca di Veterinaria  ""Giovanni Battista Ercolani""",false
https://biblioteche-fantasma.invalid/resource/library/IT-BO0498,IT-BO0498,"Biblioteca di Veterinaria ""G.B. Ercolani"". Fondo di Fisiologia dell'Università degli studi di Bologna",https://biblioteche-fantasma.invalid/resource/library/IT-BO0508,IT-BO0508,"Biblioteca di Veterinaria  ""Giovanni Battista Ercolani""",false
https://biblioteche-fantasma.invalid/resource/library/IT-BO0499,IT-BO0499,"Biblioteca di Veterinaria ""G.B. Ercolani"". Fondo di Patologia aviare dell'Università degli studi di Bologna",https://biblioteche-fantasma.invalid/resource/library/IT-BO0508,IT-BO0508,"Biblioteca di Veterinaria  ""Giovanni Battista Ercolani""",false
https://biblioteche-fantasma.invalid/resource/library/IT-BO0500,IT-BO0500," Biblioteca di Veterinaria ""G.B. Ercolani"". Fondo di Chirurgia dell'Università degli Studi di Bologna",https://biblioteche-fantasma.invalid/resource/library/IT-BO0508,IT-BO0508,"Biblioteca di Veterinaria  ""Giovanni Battista Ercolani""",false
https://biblioteche-fantasma.invalid/resource/library/IT-BO0501,IT-BO0501,"Biblioteca di Veterinaria ""G.B. Ercolani"". Fondo di Zootecnia e Nutrizione animale dell'Università degli studi di Bologna",https://biblioteche-fantasma.invalid/resource/library/IT-BO0508,IT-BO0508,"Biblioteca di Veterinaria  ""Giovanni Battista Ercolani""",false
https://biblioteche-fantasma.invalid/resource/library/IT-BO0509,IT-BO0509,Fondo librario. Scuola di specializzazione in chimica e tecnologie alimentari dell'Università degli studi di Bologna,https://biblioteche-fantasma.invalid/resource/library/IT-BO0422,IT-BO0422,Biblioteca del Navile. Sezione di Chimica Industriale. Università degli studi di Bologna,false
https://biblioteche-fantasma.invalid/resource/library/IT-BO0541,IT-BO0541,"Biblioteca Interdipartimentale di Ingegneria e Architettura. Biblioteca di Ingegneria ""Gian Paolo Dore"" (DIE - DEI)",https://biblioteche-fantasma.invalid/resource/library/IT-BO0012,IT-BO0012,"Biblioteca di Ingegneria e Architettura. Sezione di Ingegneria ""Gian Paolo Dore""",false
https://biblioteche-fantasma.invalid/resource/library/IT-BO0551,IT-BO0551,Biblioteca monastica dei frati minori Cappuccini,https://biblioteche-fantasma.invalid/resource/library/IT-BO0342,IT-BO0342,Biblioteca provinciale dei frati Minori Cappuccini,false
https://biblioteche-fantasma.invalid/resource/library/IT-BO0552,IT-BO0552,Biblioteca Arcivescovile,https://biblioteche-fantasma.invalid/resource/library/IT-BO0639,IT-BO0639,Biblioteca del Seminario arcivescovile,false
https://biblioteche-fantasma.invalid/resource/library/IT-BO0583,IT-BO0583,Biblioteca e Centro di documentazione della Fondazione Istituto per il lavoro,https://biblioteche-fantasma.invalid/resource/library/IT-BO0280,IT-BO0280,Biblioteca dell'Assemblea legislativa della Regione Emilia-Romagna,false
https://biblioteche-fantasma.invalid/resource/library/IT-BO0631,IT-BO0631,Biblioteca della Scuola superiore della pubblica amministrazione. Sede di Bologna,https://biblioteche-fantasma.invalid/resource/library/IT-RM0806,IT-RM0806,Biblioteca della Scuola Nazionale dell'Amministrazione - SNA,false
https://biblioteche-fantasma.invalid/resource/library/IT-BS0199,IT-BS0199,Biblioteca dei Musei civici di storia ed arte,https://biblioteche-fantasma.invalid/resource/library/IT-BS0026,IT-BS0026,Biblioteca Civica Queriniana di Brescia,false
https://biblioteche-fantasma.invalid/resource/library/IT-BS0225,IT-BS0225,Archivio e Biblioteca Capitolare,https://biblioteche-fantasma.invalid/resource/library/IT-BS0360,IT-BS0360,Archivio storico diocesano,false
https://biblioteche-fantasma.invalid/resource/library/IT-BS0349,IT-BS0349,Biblioteca specializzata in scienze sociali e biblioteconomiche. Laboratorio di promozione alla lettura Il tigrotto,https://biblioteche-fantasma.invalid/resource/library/IT-BS0524,IT-BS0524,Centro di documentazione La vetrina,false
https://biblioteche-fantasma.invalid/resource/library/IT-BS0415,IT-BS0415,Biblioteca del Fondo storico della Facoltà di medicina e chirurgia dell'Università degli studi di Brescia,https://biblioteche-fantasma.invalid/resource/library/IT-BS0208,IT-BS0208,Biblioteca di Medicina dell'Università degli Studi di Brescia,false
https://biblioteche-fantasma.invalid/resource/library/IT-CA0019,IT-CA0019,Biblioteca del Convento di Santa Rosalia,https://biblioteche-fantasma.invalid/resource/library/IT-SS0071,IT-SS0071,Biblioteca provinciale francescana San Pietro in Silki,false
https://biblioteche-fantasma.invalid/resource/library/IT-CA0020,IT-CA0020,Biblioteca del Convento di San Mauro,https://biblioteche-fantasma.invalid/resource/library/IT-SS0071,IT-SS0071,Biblioteca provinciale francescana San Pietro in Silki,false
https://biblioteche-fantasma.invalid/resource/library/IT-CA0037,IT-CA0037,Biblioteca dell'Istituto di storia antica delle facoltà di Lettere e filosofia e Magistero dell'Università degli studi di Cagliari,https://biblioteche-fantasma.invalid/resource/library/IT-CA0180,IT-CA0180,Biblioteca del Distretto delle scienze umane - Sezione Giordano Bruno - Punto di servizio di filologia classica  e glottologia - Università degli studi di Cagliari,false
https://biblioteche-fantasma.invalid/resource/library/IT-CA0038,IT-CA0038,Biblioteca del Distretto tecnologico - Sezione ingegneria strutturale - Università degli studi di Cagliari,https://biblioteche-fantasma.invalid/resource/library/IT-CA0011,IT-CA0011,Biblioteca del Distretto tecnologico - Sezione ingegneria - Università degli studi di Cagliari ,false
https://biblioteche-fantasma.invalid/resource/library/IT-CA0041,IT-CA0041,Fondo librario di neurologia della Facoltà di medicina e chirurgia dell'Università degli studi di Cagliari,https://biblioteche-fantasma.invalid/resource/library/IT-CA0298,IT-CA0298,Biblioteca del Distretto biomedico scientifico - Sezione Beniamino Orrù - Università degli studi di Cagliari,false
https://biblioteche-fantasma.invalid/resource/library/IT-CA0042,IT-CA0042,Biblioteca dell'Istituto di ginecologia ostetricia e fisiopatologia della riproduzione umana della Facoltà di medicina e chirurgia dell'Università degli studi di Cagliari,https://biblioteche-fantasma.invalid/resource/library/IT-CA0298,IT-CA0298,Biblioteca del Distretto biomedico scientifico - Sezione Beniamino Orrù - Università degli studi di Cagliari,false
https://biblioteche-fantasma.invalid/resource/library/IT-CA0047,IT-CA0047,Biblioteca del Distretto delle scienze umane - Sezione psicologia - Università degli studi di Cagliari,https://biblioteche-fantasma.invalid/resource/library/IT-CA0033,IT-CA0033,Biblioteca del Distretto delle scienze umane - Sezione Dante Alighieri - Università degli studi di Cagliari,false
https://biblioteche-fantasma.invalid/resource/library/IT-CA0051,IT-CA0051,Biblioteca dell'Istituto di medicina legale ed anatomia ed istologia patologica della Facoltà di medicina e chirurgia dell'Università di Cagliari,https://biblioteche-fantasma.invalid/resource/library/IT-CA0298,IT-CA0298,Biblioteca del Distretto biomedico scientifico - Sezione Beniamino Orrù - Università degli studi di Cagliari,false
https://biblioteche-fantasma.invalid/resource/library/IT-CA0052,IT-CA0052,Fondo librario di medicina del lavoro della Facoltà di medicina e chirurgia dell'Università degli studi di Cagliari,https://biblioteche-fantasma.invalid/resource/library/IT-CA0298,IT-CA0298,Biblioteca del Distretto biomedico scientifico - Sezione Beniamino Orrù - Università degli studi di Cagliari,false
https://biblioteche-fantasma.invalid/resource/library/IT-CA0056,IT-CA0056,Biblioteca del Distretto tecnologico - Sezione ingegneria del territorio - Punto di servizio di idraulica - Università degli studi di Cagliari,https://biblioteche-fantasma.invalid/resource/library/IT-CA0011,IT-CA0011,Biblioteca del Distretto tecnologico - Sezione ingegneria - Università degli studi di Cagliari ,false
https://biblioteche-fantasma.invalid/resource/library/IT-CA0058,IT-CA0058,Biblioteca del Dipartimento di sanità pubblica dell'Università degli studi di Cagliari,https://biblioteche-fantasma.invalid/resource/library/IT-CA0298,IT-CA0298,Biblioteca del Distretto biomedico scientifico - Sezione Beniamino Orrù - Università degli studi di Cagliari,false
https://biblioteche-fantasma.invalid/resource/library/IT-CA0063,IT-CA0063,Biblioteca dell'Istituto di fisiologia umana della Facoltà di medicina e chirurgia dell'Università degli studi di Cagliari,https://biblioteche-fantasma.invalid/resource/library/IT-CA0298,IT-CA0298,Biblioteca del Distretto biomedico scientifico - Sezione Beniamino Orrù - Università degli studi di Cagliari,false
https://biblioteche-fantasma.invalid/resource/library/IT-CA0064,IT-CA0064,"Biblioteca dell'Istituto di fisica superiore ed astronomia della Facoltà di scienze matematiche, fisiche e naturali dell'Università di Cagliari",https://biblioteche-fantasma.invalid/resource/library/IT-CA0298,IT-CA0298,Biblioteca del Distretto biomedico scientifico - Sezione Beniamino Orrù - Università degli studi di Cagliari,false
https://biblioteche-fantasma.invalid/resource/library/IT-CA0065,IT-CA0065,Biblioteca del Dipartimento di filosofia e teoria delle scienze umane dell'Università degli studi di Cagliari,https://biblioteche-fantasma.invalid/resource/library/IT-CA0300,IT-CA0300,Biblioteca del Distretto delle scienze umane - Sezione Giordano Bruno - Università degli studi di Cagliari,false
https://biblioteche-fantasma.invalid/resource/library/IT-CA0068,IT-CA0068,Biblioteca del Distretto tecnologico - Fondo librario di ingegneria elettrica ed elettronica - Università degli studi di Cagliari,https://biblioteche-fantasma.invalid/resource/library/IT-CA0011,IT-CA0011,Biblioteca del Distretto tecnologico - Sezione ingegneria - Università degli studi di Cagliari ,false
https://biblioteche-fantasma.invalid/resource/library/IT-CA0071,IT-CA0071,Biblioteca dell'Istituto di medicina interna della Facoltà di medicina e chirurgia dell'Università degli studi di Cagliari,https://biblioteche-fantasma.invalid/resource/library/IT-CA0298,IT-CA0298,Biblioteca del Distretto biomedico scientifico - Sezione Beniamino Orrù - Università degli studi di Cagliari,false
https://biblioteche-fantasma.invalid/resource/library/IT-CA0073,IT-CA0073,Biblioteca dell'Istituto di chirurgia della Facoltà di medicina e chirurgia dell'Università degli studi di Cagliari,https://biblioteche-fantasma.invalid/resource/library/IT-CA0298,IT-CA0298,Biblioteca del Distretto biomedico scientifico - Sezione Beniamino Orrù - Università degli studi di Cagliari,false
https://biblioteche-fantasma.invalid/resource/library/IT-CA0074,IT-CA0074,Biblioteca dell'Istituto di chimica farmaceutica e tossicologica della Facoltà di farmacia dell'Università degli studi di Cagliari,https://biblioteche-fantasma.invalid/resource/library/IT-CA0298,IT-CA0298,Biblioteca del Distretto biomedico scientifico - Sezione Beniamino Orrù - Università degli studi di Cagliari,false
https://biblioteche-fantasma.invalid/resource/library/IT-CA0161,IT-CA0161,Biblioteca del Dipartimento di filologie e letterature moderne dell'Università degli studi di Cagliari,https://biblioteche-fantasma.invalid/resource/library/IT-CA0300,IT-CA0300,Biblioteca del Distretto delle scienze umane - Sezione Giordano Bruno - Università degli studi di Cagliari,false
https://biblioteche-fantasma.invalid/resource/library/IT-CA0168,IT-CA0168,Biblioteca dell'Istituto di storia medievale della Facoltà di magistero dell'Università degli studi di Cagliari,https://biblioteche-fantasma.invalid/resource/library/IT-CA0180,IT-CA0180,Biblioteca del Distretto delle scienze umane - Sezione Giordano Bruno - Punto di servizio di filologia classica  e glottologia - Università degli studi di Cagliari,false
https://biblioteche-fantasma.invalid/resource/library/IT-CA0169,IT-CA0169,Biblioteca dell'Istituto di storia moderna delle facoltà di Lettere e filosofia e Magistero dell'Università degli studi di Cagliari,https://biblioteche-fantasma.invalid/resource/library/IT-CA0300,IT-CA0300,Biblioteca del Distretto delle scienze umane - Sezione Giordano Bruno - Università degli studi di Cagliari,false
https://biblioteche-fantasma.invalid/resource/library/IT-CA0170,IT-CA0170,Biblioteca dell'Istituto di studi socio-antropologici delle facoltà di Lettere e filosofia e Magistero dell'Università degli studi di Cagliari,https://biblioteche-fantasma.invalid/resource/library/IT-CA0300,IT-CA0300,Biblioteca del Distretto delle scienze umane - Sezione Giordano Bruno - Università degli studi di Cagliari,false
https://biblioteche-fantasma.invalid/resource/library/IT-CA0174,IT-CA0174,"Biblioteca del Seminario scientifico della Facoltà di scienze matematiche, fisiche e naturali dell'Università degli studi di Cagliari",https://biblioteche-fantasma.invalid/resource/library/IT-CA0298,IT-CA0298,Biblioteca del Distretto biomedico scientifico - Sezione Beniamino Orrù - Università degli studi di Cagliari,false
https://biblioteche-fantasma.invalid/resource/library/IT-CA0176,IT-CA0176,Biblioteca del Dipartimento di biologia sperimentale. Sezione di genetica dell'Università degli studi di Cagliari,https://biblioteche-fantasma.invalid/resource/library/IT-CA0298,IT-CA0298,Biblioteca del Distretto biomedico scientifico - Sezione Beniamino Orrù - Università degli studi di Cagliari,false
https://biblioteche-fantasma.invalid/resource/library/IT-CA0180,IT-CA0180,Biblioteca del Distretto delle scienze umane - Sezione Giordano Bruno - Punto di servizio di filologia classica  e glottologia - Università degli studi di Cagliari,https://biblioteche-fantasma.invalid/resource/library/IT-CA0300,IT-CA0300,Biblioteca del Distretto delle scienze umane - Sezione Giordano Bruno - Università degli studi di Cagliari,false
https://biblioteche-fantasma.invalid/resource/library/IT-CA0183,IT-CA0183,Biblioteca del Distretto tecnologico - Sezione ingegneria chimica - Università degli studi di Cagliari,https://biblioteche-fantasma.invalid/resource/library/IT-CA0011,IT-CA0011,Biblioteca del Distretto tecnologico - Sezione ingegneria - Università degli studi di Cagliari ,false
https://biblioteche-fantasma.invalid/resource/library/IT-CA0184,IT-CA0184,Biblioteca del Distretto tecnologico - Sezione ingegneria meccanica - Università degli studi di Cagliari,https://biblioteche-fantasma.invalid/resource/library/IT-CA0011,IT-CA0011,Biblioteca del Distretto tecnologico - Sezione ingegneria - Università degli studi di Cagliari ,false
https://biblioteche-fantasma.invalid/resource/library/IT-CA0188,IT-CA0188,Biblioteca del Distretto biomedico scientifico - Sezione scienze della terra - Università degli studi di Cagliari,https://biblioteche-fantasma.invalid/resource/library/IT-CA0298,IT-CA0298,Biblioteca del Distretto biomedico scientifico - Sezione Beniamino Orrù - Università degli studi di Cagliari,false
https://biblioteche-fantasma.invalid/resource/library/IT-CA0221,IT-CA0221,Biblioteca centrale dell'area biomedica. Fondo di biologia dell'Università degli studi di Cagliari,https://biblioteche-fantasma.invalid/resource/library/IT-CA0298,IT-CA0298,Biblioteca del Distretto biomedico scientifico - Sezione Beniamino Orrù - Università degli studi di Cagliari,false
https://biblioteche-fantasma.invalid/resource/library/IT-CA0222,IT-CA0222,Biblioteca centrale dell'area biomedica. Fondo di citomorfologia dell'Università degli studi di Cagliari,https://biblioteche-fantasma.invalid/resource/library/IT-CA0298,IT-CA0298,Biblioteca del Distretto biomedico scientifico - Sezione Beniamino Orrù - Università degli studi di Cagliari,false
https://biblioteche-fantasma.invalid/resource/library/IT-CA0223,IT-CA0223,Biblioteca interdipartimentale di chimica dell'Università degli studi di Cagliari,https://biblioteche-fantasma.invalid/resource/library/IT-CA0298,IT-CA0298,Biblioteca del Distretto biomedico scientifico - Sezione Beniamino Orrù - Università degli studi di Cagliari,false
https://biblioteche-fantasma.invalid/resource/library/IT-CA0226,IT-CA0226,Biblioteca del Dipartimento di neuroscienze dell'Università degli studi di Cagliari,https://biblioteche-fantasma.invalid/resource/library/IT-CA0298,IT-CA0298,Biblioteca del Distretto biomedico scientifico - Sezione Beniamino Orrù - Università degli studi di Cagliari,false
https://biblioteche-fantasma.invalid/resource/library/IT-CA0233,IT-CA0233,Biblioteca del Dipartimento di fisica dell'Università degli studi di Cagliari,https://biblioteche-fantasma.invalid/resource/library/IT-CA0298,IT-CA0298,Biblioteca del Distretto biomedico scientifico - Sezione Beniamino Orrù - Università degli studi di Cagliari,false
https://biblioteche-fantasma.invalid/resource/library/IT-CA0252,IT-CA0252,"Biblioteca del Dipartimento di studi storici, geografici e artistici dell'Università degli studi di Cagliari",https://biblioteche-fantasma.invalid/resource/library/IT-CA0300,IT-CA0300,Biblioteca del Distretto delle scienze umane - Sezione Giordano Bruno - Università degli studi di Cagliari,false
https://biblioteche-fantasma.invalid/resource/library/IT-CA0254,IT-CA0254,Fondo librario di anestesiologia della Facoltà di medicina e chirurgia dell'Università degli studi di Cagliari,https://biblioteche-fantasma.invalid/resource/library/IT-CA0298,IT-CA0298,Biblioteca del Distretto biomedico scientifico - Sezione Beniamino Orrù - Università degli studi di Cagliari,false
https://biblioteche-fantasma.invalid/resource/library/IT-CA0255,IT-CA0255,Biblioteca del Distretto biomedico scientifico - Sezione farmacia e tossicologia - Università degli studi di Cagliari,https://biblioteche-fantasma.invalid/resource/library/IT-CA0298,IT-CA0298,Biblioteca del Distretto biomedico scientifico - Sezione Beniamino Orrù - Università degli studi di Cagliari,false
https://biblioteche-fantasma.invalid/resource/library/IT-CA0257,IT-CA0257,Biblioteca del Distretto tecnologico - Sezione geoingegneria e tecnologie ambientali - Università degli studi di Cagliari,https://biblioteche-fantasma.invalid/resource/library/IT-CA0011,IT-CA0011,Biblioteca del Distretto tecnologico - Sezione ingegneria - Università degli studi di Cagliari ,false
https://biblioteche-fantasma.invalid/resource/library/IT-CA0258,IT-CA0258,Biblioteca della Scuola di specializzazione in studi sardi dell'Università degli studi di Cagliari,https://biblioteche-fantasma.invalid/resource/library/IT-CA0259,IT-CA0259,Biblioteca del Distretto delle scienze umane - Sezione Cittadella dei musei - Università degli studi di Cagliari,false
https://biblioteche-fantasma.invalid/resource/library/IT-CA0262,IT-CA0262,Biblioteca del Dipartimento di scienze chirurgiche e trapianti d'organo. Sezione di otorinolaringoiatria dell'Università degli studi di Cagliari,https://biblioteche-fantasma.invalid/resource/library/IT-CA0298,IT-CA0298,Biblioteca del Distretto biomedico scientifico - Sezione Beniamino Orrù - Università degli studi di Cagliari,false
https://biblioteche-fantasma.invalid/resource/library/IT-CA0263,IT-CA0263,Biblioteca dell'Istituto sardo per la storia della Resistenza e dell'autonomia,https://biblioteche-fantasma.invalid/resource/library/IT-CA0017,IT-CA0017,Biblioteca dell'Archivio di Stato di Cagliari,false
https://biblioteche-fantasma.invalid/resource/library/IT-CA0267,IT-CA0267,Biblioteca dell'Istituto di ricerche storico-politiche Girolamo Sotgiu,https://biblioteche-fantasma.invalid/resource/library/IT-CA0296,IT-CA0296,Biblioteca Giuseppe Siotto,false
https://biblioteche-fantasma.invalid/resource/library/IT-CA0270,IT-CA0270,Biblioteca del Seminario vescovile,https://biblioteche-fantasma.invalid/resource/library/IT-CA0147,IT-CA0147,Biblioteca dell'Istituto di scienze religiose Monsignor Giuseppe Maria Pilo,false
https://biblioteche-fantasma.invalid/resource/library/IT-CA0273,IT-CA0273,Biblioteca del Dipartimento di scienze chirurgiche e trapianti d'organo. Sezione di chirurgia vascolare dell'Università degli studi di Cagliari,https://biblioteche-fantasma.invalid/resource/library/IT-CA0298,IT-CA0298,Biblioteca del Distretto biomedico scientifico - Sezione Beniamino Orrù - Università degli studi di Cagliari,false
https://biblioteche-fantasma.invalid/resource/library/IT-CA0275,IT-CA0275,Biblioteca del Dipartimento di scienze chirurgiche e trapianti d'organo. Sezione di urologia dell'Università degli studi di Cagliari,https://biblioteche-fantasma.invalid/resource/library/IT-CA0298,IT-CA0298,Biblioteca del Distretto biomedico scientifico - Sezione Beniamino Orrù - Università degli studi di Cagliari,false
https://biblioteche-fantasma.invalid/resource/library/IT-CA0276,IT-CA0276,Biblioteca del Dipartimento di scienze chirurgiche e trapianti d'organo. Sezione di clinica ortopedica e traumatologica dell'Università di Cagliari,https://biblioteche-fantasma.invalid/resource/library/IT-CA0298,IT-CA0298,Biblioteca del Distretto biomedico scientifico - Sezione Beniamino Orrù - Università degli studi di Cagliari,false
https://biblioteche-fantasma.invalid/resource/library/IT-CA0277,IT-CA0277,Biblioteca del Dipartimento di ingegneria del territorio. Sezione di geologia applicata e geofisica applicata dell'Università degli studi di Cagliari,https://biblioteche-fantasma.invalid/resource/library/IT-CA0301,IT-CA0301,Biblioteca del Distretto tecnologico - Sezione ingegneria del territorio - Punto di servizio di geologia applicata e geofisica applicata e trasporti - Università degli studi di Cagliari,false
https://biblioteche-fantasma.invalid/resource/library/IT-CA0278,IT-CA0278,Biblioteca del Dipartimento di ingegneria del territorio. Sezione trasporti dell'Università degli studi di Cagliari,https://biblioteche-fantasma.invalid/resource/library/IT-CA0301,IT-CA0301,Biblioteca del Distretto tecnologico - Sezione ingegneria del territorio - Punto di servizio di geologia applicata e geofisica applicata e trasporti - Università degli studi di Cagliari,false
https://biblioteche-fantasma.invalid/resource/library/IT-CA0279,IT-CA0279,Fondo librario di cardiologia della Facoltà di medicina e chirurgia dell'Università degli studi di Cagliari,https://biblioteche-fantasma.invalid/resource/library/IT-CA0298,IT-CA0298,Biblioteca del Distretto biomedico scientifico - Sezione Beniamino Orrù - Università degli studi di Cagliari,false
https://biblioteche-fantasma.invalid/resource/library/IT-CA0280,IT-CA0280,Fondo librario di oculistica della Facoltà di medicina e chirurgia dell'Università degli studi di Cagliari,https://biblioteche-fantasma.invalid/resource/library/IT-CA0298,IT-CA0298,Biblioteca del Distretto biomedico scientifico - Sezione Beniamino Orrù - Università degli studi di Cagliari,false
https://biblioteche-fantasma.invalid/resource/library/IT-CA0282,IT-CA0282,Fondo librario di psichiatria della Facoltà di medicina e chirurgia dell'Università degli studi di Cagliari,https://biblioteche-fantasma.invalid/resource/library/IT-CA0298,IT-CA0298,Biblioteca del Distretto biomedico scientifico - Sezione Beniamino Orrù - Università degli studi di Cagliari,false
https://biblioteche-fantasma.invalid/resource/library/IT-CA0283,IT-CA0283,Biblioteca dell'Istituto di chimica biologica della Facoltà di medicina e chirurgia dell'Università degli studi di Cagliari,https://biblioteche-fantasma.invalid/resource/library/IT-CA0298,IT-CA0298,Biblioteca del Distretto biomedico scientifico - Sezione Beniamino Orrù - Università degli studi di Cagliari,false
https://biblioteche-fantasma.invalid/resource/library/IT-CA0284,IT-CA0284,Biblioteca dell'Istituto di fisica medica della Facoltà di medicina e chirurgia dell'Università degli studi di Cagliari,https://biblioteche-fantasma.invalid/resource/library/IT-CA0298,IT-CA0298,Biblioteca del Distretto biomedico scientifico - Sezione Beniamino Orrù - Università degli studi di Cagliari,false
https://biblioteche-fantasma.invalid/resource/library/IT-CA0285,IT-CA0285,Biblioteca dell'Istituto di stomatologia della Facoltà di medicina e chirurgia dell'Università degli studi di Cagliari,https://biblioteche-fantasma.invalid/resource/library/IT-CA0298,IT-CA0298,Biblioteca del Distretto biomedico scientifico - Sezione Beniamino Orrù - Università degli studi di Cagliari,false
https://biblioteche-fantasma.invalid/resource/library/IT-CA0286,IT-CA0286,Biblioteca del Dipartimento di scienze chirurgiche e trapianti d'organo. Sezione di patologia speciale e chirurgia dell'Università di Cagliari,https://biblioteche-fantasma.invalid/resource/library/IT-CA0298,IT-CA0298,Biblioteca del Distretto biomedico scientifico - Sezione Beniamino Orrù - Università degli studi di Cagliari,false
https://biblioteche-fantasma.invalid/resource/library/IT-CA0288,IT-CA0288,Biblioteca del Distretto tecnologico - Sezione ingegneria del territorio - Punto di servizio di urbanistica - Università degli studi di Cagliari,https://biblioteche-fantasma.invalid/resource/library/IT-CA0011,IT-CA0011,Biblioteca del Distretto tecnologico - Sezione ingegneria - Università degli studi di Cagliari ,false
https://biblioteche-fantasma.invalid/resource/library/IT-CA0301,IT-CA0301,Biblioteca del Distretto tecnologico - Sezione ingegneria del territorio - Punto di servizio di geologia applicata e geofisica applicata e trasporti - Università degli studi di Cagliari,https://biblioteche-fantasma.invalid/resource/library/IT-CA0011,IT-CA0011,Biblioteca del Distretto tecnologico - Sezione ingegneria - Università degli studi di Cagliari ,false
https://biblioteche-fantasma.invalid/resource/library/IT-CA0302,IT-CA0302,Biblioteca del Dipartimento di scienze mediche infernistiche M. Aresu dell'Università degli studi di Cagliari,https://biblioteche-fantasma.invalid/resource/library/IT-CA0298,IT-CA0298,Biblioteca del Distretto biomedico scientifico - Sezione Beniamino Orrù - Università degli studi di Cagliari,false
https://biblioteche-fantasma.invalid/resource/library/IT-CA0303,IT-CA0303,Biblioteca CRS4 - Centro di ricerca sviluppo e studi superiori in Sardegna,https://biblioteche-fantasma.invalid/resource/library/IT-CA0318,IT-CA0318,Biblioteca Sardegna Ricerche ,false
https://biblioteche-fantasma.invalid/resource/library/IT-CA0305,IT-CA0305,Biblioteca del Dipartimento di scienze chirurgiche e trapianti. Sezione di clinica oculistica dell'Università degli studi di Cagliari,https://biblioteche-fantasma.invalid/resource/library/IT-CA0298,IT-CA0298,Biblioteca del Distretto biomedico scientifico - Sezione Beniamino Orrù - Università degli studi di Cagliari,false
https://biblioteche-fantasma.invalid/resource/library/IT-CB0109,IT-CB0109,Biblioteca archivio storico della curia di Larino,https://biblioteche-fantasma.invalid/resource/library/IT-CB0111,IT-CB0111,Biblioteca diocesana B. D'Agostino,false
https://biblioteche-fantasma.invalid/resource/library/IT-CE0015,IT-CE0015,Biblioteca dell'Istituto sperimentale per la frutticoltura. Sezione di Caserta,https://biblioteche-fantasma.invalid/resource/library/IT-SA0075,IT-SA0075,Biblioteca Leonardo Angeloni,false
https://biblioteche-fantasma.invalid/resource/library/IT-CN0157,IT-CN0157,Biblioteca del Seminario vescovile,https://biblioteche-fantasma.invalid/resource/library/IT-CN0153,IT-CN0153,Biblioteca diocesana di Cuneo-Fossano sede di Fossano,false
https://biblioteche-fantasma.invalid/resource/library/IT-CN0232,IT-CN0232,Biblioteca del Liceo scientifico Vasco Beccaria Govone,https://biblioteche-fantasma.invalid/resource/library/IT-CN0199,IT-CN0199,Biblioteca del Liceo Vasco Beccaria Govone,false
https://biblioteche-fantasma.invalid/resource/library/IT-CN0262,IT-CN0262,Biblioteca del Progetto adolescenti,https://biblioteche-fantasma.invalid/resource/library/IT-CN0266,IT-CN0266,Biblioteca 0-18 di Cuneo,false
https://biblioteche-fantasma.invalid/resource/library/IT-CO0206,IT-CO0206,Biblioteca del Polo territoriale di Como del Politecnico di Milano,https://biblioteche-fantasma.invalid/resource/library/IT-MI1281,IT-MI1281,Biblioteca Bovisa La Masa del Politecnico di Milano,false
https://biblioteche-fantasma.invalid/resource/library/IT-CO0273,IT-CO0273,Biblioteca privata Sormani,https://biblioteche-fantasma.invalid/resource/library/IT-BO0098,IT-BO0098,Biblioteca Universitaria di Bologna,false
https://biblioteche-fantasma.invalid/resource/library/IT-CR0211,IT-CR0211,Biblioteca dell'Associazione centro studi e ricerca sulla condizione giovanile e il disagio sociale,https://biblioteche-fantasma.invalid/resource/library/IT-CR0062,IT-CR0062,Biblioteca statale di Cremona,false
https://biblioteche-fantasma.invalid/resource/library/IT-CR0228,IT-CR0228,Biblioteca di informatica - Sede di Crema dell'Università degli studi di Milano,https://biblioteche-fantasma.invalid/resource/library/IT-MI0657,IT-MI0657,"Biblioteca di biologia, informatica, chimica e fisica dell'Università degli studi di Milano",false
https://biblioteche-fantasma.invalid/resource/library/IT-CR0237,IT-CR0237,Prestito Libri Polo Crema,https://biblioteche-fantasma.invalid/resource/library/IT-CR0228,IT-CR0228,Biblioteca di informatica - Sede di Crema dell'Università degli studi di Milano,false
https://biblioteche-fantasma.invalid/resource/library/IT-CS0115,IT-CS0115,Biblioteca comunale,https://biblioteche-fantasma.invalid/resource/library/IT-CS0083,IT-CS0083,Biblioteca Comunale di Casali del Manco,false
https://biblioteche-fantasma.invalid/resource/library/IT-CS0119,IT-CS0119,Biblioteca comunale,https://biblioteche-fantasma.invalid/resource/library/IT-CS0083,IT-CS0083,Biblioteca Comunale di Casali del Manco,false
https://biblioteche-fantasma.invalid/resource/library/IT-CS0144,IT-CS0144,Biblioteca arcivescovile del Seminario cosentino,https://biblioteche-fantasma.invalid/resource/library/IT-CS0041,IT-CS0041,Biblioteca Diocesana/Biblioteca dell'ISSR-Cs,false
https://biblioteche-fantasma.invalid/resource/library/IT-CS0170,IT-CS0170,Biblioteca del Dipartimento di biologia cellulare dell'Università degli studi della Calabria,https://biblioteche-fantasma.invalid/resource/library/IT-CS0138,IT-CS0138,Biblioteca di Area tecnico-scientifica. BATS dell'Università degli studi della Calabria,false
https://biblioteche-fantasma.invalid/resource/library/IT-CS0178,IT-CS0178,Biblioteca del Dipartimento di scienze della terra dell'Università degli studi della Calabria,https://biblioteche-fantasma.invalid/resource/library/IT-CS0138,IT-CS0138,Biblioteca di Area tecnico-scientifica. BATS dell'Università degli studi della Calabria,false
https://biblioteche-fantasma.invalid/resource/library/IT-CS0179,IT-CS0179,Biblioteca del Dipartimento di matematica Rodolfo Benevento dell'Università degli studi della Calabria,https://biblioteche-fantasma.invalid/resource/library/IT-CS0138,IT-CS0138,Biblioteca di Area tecnico-scientifica. BATS dell'Università degli studi della Calabria,false
https://biblioteche-fantasma.invalid/resource/library/IT-CS0180,IT-CS0180,Biblioteca del Dipartimento di meccanica dell'Università degli studi della Calabria,https://biblioteche-fantasma.invalid/resource/library/IT-CS0138,IT-CS0138,Biblioteca di Area tecnico-scientifica. BATS dell'Università degli studi della Calabria,false
https://biblioteche-fantasma.invalid/resource/library/IT-CS0183,IT-CS0183,Biblioteca del Dipartimento di chimica Mahmoud El-Sawi dell'Università degli studi della Calabria,https://biblioteche-fantasma.invalid/resource/library/IT-CS0138,IT-CS0138,Biblioteca di Area tecnico-scientifica. BATS dell'Università degli studi della Calabria,false
https://biblioteche-fantasma.invalid/resource/library/IT-CS0253,IT-CS0253,"Biblioteca del Dipartimento di elettronica, informatica e sistemistica dell'Università degli studi della Calabria",https://biblioteche-fantasma.invalid/resource/library/IT-CS0138,IT-CS0138,Biblioteca di Area tecnico-scientifica. BATS dell'Università degli studi della Calabria,false
https://biblioteche-fantasma.invalid/resource/library/IT-CS0258,IT-CS0258,Biblioteca del Dipartimento di ecologia dell'Università degli studi della Calabria,https://biblioteche-fantasma.invalid/resource/library/IT-CS0138,IT-CS0138,Biblioteca di Area tecnico-scientifica. BATS dell'Università degli studi della Calabria,false
https://biblioteche-fantasma.invalid/resource/library/IT-CS0260,IT-CS0260,Biblioteca del Dipartimento di pianificazione territoriale dell'Università degli studi della Calabria,https://biblioteche-fantasma.invalid/resource/library/IT-CS0138,IT-CS0138,Biblioteca di Area tecnico-scientifica. BATS dell'Università degli studi della Calabria,false
https://biblioteche-fantasma.invalid/resource/library/IT-CS0274,IT-CS0274,Biblioteca dell'Orto botanico dell'Università degli studi della Calabria,https://biblioteche-fantasma.invalid/resource/library/IT-CS0138,IT-CS0138,Biblioteca di Area tecnico-scientifica. BATS dell'Università degli studi della Calabria,false
https://biblioteche-fantasma.invalid/resource/library/IT-CT0036,IT-CT0036,Biblioteca dell'Istituto di patologia generale della Facoltà di medicina e chirurgia dell'Università degli studi di Catania,https://biblioteche-fantasma.invalid/resource/library/IT-CT0337,IT-CT0337,Biblioteca delle Scienze Mediche dell'Università degli studi di Catania,false
https://biblioteche-fantasma.invalid/resource/library/IT-CT0038,IT-CT0038,"Biblioteca dell'Istituto di geologia e geofisica della Facoltà di scienze matematiche, fisiche e naturali dell'Università degli studi di Catania",https://biblioteche-fantasma.invalid/resource/library/IT-CT0208,IT-CT0208,"Biblioteca delle Scienze Biologiche, Geologiche ed Ambientali dell'Università degli studi di Catania. Punto di servizio Scienze della terra",false
https://biblioteche-fantasma.invalid/resource/library/IT-CT0041,IT-CT0041,Biblioteca dell'Istituto di farmacologia della Facoltà di medicina e chirurgia dell'Università degli studi di Catania,https://biblioteche-fantasma.invalid/resource/library/IT-CT0337,IT-CT0337,Biblioteca delle Scienze Mediche dell'Università degli studi di Catania,false
https://biblioteche-fantasma.invalid/resource/library/IT-CT0046,IT-CT0046,Biblioteca dell'Istituto di agronomia generale e coltivazioni erbacee della Facoltà di agraria dell'Università degli studi di Catania,https://biblioteche-fantasma.invalid/resource/library/IT-CT0214,IT-CT0214,Biblioteca delle Scienze Agrarie dell'Università degli studi di Catania. Punto di servizio Scienze agrarie - Via Valdisavoia,false
https://biblioteche-fantasma.invalid/resource/library/IT-CT0053,IT-CT0053,Biblioteca della Clinica dermatologica della Facoltà di medicina e chirurgia dell'Università degli studi di Catania,https://biblioteche-fantasma.invalid/resource/library/IT-CT0337,IT-CT0337,Biblioteca delle Scienze Mediche dell'Università degli studi di Catania,false
https://biblioteche-fantasma.invalid/resource/library/IT-CT0177,IT-CT0177,Biblioteca dell'Istituto di anatomia e istologia patologica della Facoltà di medicina e chirurgia dell'Università degli studi di Catania,https://biblioteche-fantasma.invalid/resource/library/IT-CT0337,IT-CT0337,Biblioteca delle Scienze Mediche dell'Università degli studi di Catania,false
https://biblioteche-fantasma.invalid/resource/library/IT-CT0178,IT-CT0178,Biblioteca dell'Istituto di anatomia umana della Facoltà di medicina e chirurgia dell'Università degli studi di Catania,https://biblioteche-fantasma.invalid/resource/library/IT-CT0337,IT-CT0337,Biblioteca delle Scienze Mediche dell'Università degli studi di Catania,false
https://biblioteche-fantasma.invalid/resource/library/IT-CT0180,IT-CT0180,Biblioteca dell'Istituto di chimica biologica della Facoltà di medicina e chirurgia dell'Università degli studi di Catania,https://biblioteche-fantasma.invalid/resource/library/IT-CT0337,IT-CT0337,Biblioteca delle Scienze Mediche dell'Università degli studi di Catania,false
https://biblioteche-fantasma.invalid/resource/library/IT-CT0181,IT-CT0181,Biblioteca dell'Istituto di clinica chirurgica generale e terapia chirurgica I della Facoltà di medicina e chirurgia dell'Università di Catania,https://biblioteche-fantasma.invalid/resource/library/IT-CT0337,IT-CT0337,Biblioteca delle Scienze Mediche dell'Università degli studi di Catania,false
https://biblioteche-fantasma.invalid/resource/library/IT-CT0183,IT-CT0183,Biblioteca dell'Istituto di malattie infettive della Facoltà di medicina e chirurgia dell'Università degli studi di Catania,https://biblioteche-fantasma.invalid/resource/library/IT-CT0337,IT-CT0337,Biblioteca delle Scienze Mediche dell'Università degli studi di Catania,false
https://biblioteche-fantasma.invalid/resource/library/IT-CT0185,IT-CT0185,Biblioteca dell'Istituto di clinica neurologica della Facolta' di medicina e chirurgia dell'Universita' degli studi di Catania,https://biblioteche-fantasma.invalid/resource/library/IT-CT0337,IT-CT0337,Biblioteca delle Scienze Mediche dell'Università degli studi di Catania,false
https://biblioteche-fantasma.invalid/resource/library/IT-CT0187,IT-CT0187,Biblioteca dell'Istituto di clinica odontoiatrica I della Facoltà di medicina e chirurgia dell'Università degli studi di Catania,https://biblioteche-fantasma.invalid/resource/library/IT-CT0337,IT-CT0337,Biblioteca delle Scienze Mediche dell'Università degli studi di Catania,false
https://biblioteche-fantasma.invalid/resource/library/IT-CT0188,IT-CT0188,Biblioteca dell'Istituto di clinica odontoiatrica II della Facolta' di medicina e chirurgia dell'Universita' degli studi di Catania,https://biblioteche-fantasma.invalid/resource/library/IT-CT0337,IT-CT0337,Biblioteca delle Scienze Mediche dell'Università degli studi di Catania,false
https://biblioteche-fantasma.invalid/resource/library/IT-CT0189,IT-CT0189,Biblioteca dell'Istituto di clinica ortopedica e traumatologica della Facoltà di medicina e chirurgia dell'Università degli studi di Catania,https://biblioteche-fantasma.invalid/resource/library/IT-CT0337,IT-CT0337,Biblioteca delle Scienze Mediche dell'Università degli studi di Catania,false
https://biblioteche-fantasma.invalid/resource/library/IT-CT0190,IT-CT0190,Biblioteca dell'Istituto di clinica ostetrica e ginecologica I della Facoltà di medicina e chirurgia dell'Università degli studi di Catania,https://biblioteche-fantasma.invalid/resource/library/IT-CT0337,IT-CT0337,Biblioteca delle Scienze Mediche dell'Università degli studi di Catania,false
https://biblioteche-fantasma.invalid/resource/library/IT-CT0191,IT-CT0191,Biblioteca dell'Istituto di clinica ostetrica e ginecologica II della Facoltà di medicina e chirurgia dell'Universita' degli studi di Catania,https://biblioteche-fantasma.invalid/resource/library/IT-CT0337,IT-CT0337,Biblioteca delle Scienze Mediche dell'Università degli studi di Catania,false
https://biblioteche-fantasma.invalid/resource/library/IT-CT0192,IT-CT0192,Biblioteca dell'Istituto di clinica otorinolaringoiatrica della Facoltà di medicina e chirurgia dell'Università degli studi di Catania,https://biblioteche-fantasma.invalid/resource/library/IT-CT0337,IT-CT0337,Biblioteca delle Scienze Mediche dell'Università degli studi di Catania,false
https://biblioteche-fantasma.invalid/resource/library/IT-CT0194,IT-CT0194,Biblioteca dell'Istituto di clinica urologica della Facoltà di medicina e chirurgia dell'Università degli studi di Catania,https://biblioteche-fantasma.invalid/resource/library/IT-CT0337,IT-CT0337,Biblioteca delle Scienze Mediche dell'Università degli studi di Catania,false
https://biblioteche-fantasma.invalid/resource/library/IT-CT0195,IT-CT0195,Biblioteca dell'Istituto di igiene e medicina preventiva della Facoltà di medicina e chirurgia dell'Università degli studi di Catania,https://biblioteche-fantasma.invalid/resource/library/IT-CT0337,IT-CT0337,Biblioteca delle Scienze Mediche dell'Università degli studi di Catania,false
https://biblioteche-fantasma.invalid/resource/library/IT-CT0196,IT-CT0196,Biblioteca dell'Istituto di medicina del lavoro della Facoltà di medicina e chirurgia dell'Universita' degli studi di Catania,https://biblioteche-fantasma.invalid/resource/library/IT-CT0337,IT-CT0337,Biblioteca delle Scienze Mediche dell'Università degli studi di Catania,false
https://biblioteche-fantasma.invalid/resource/library/IT-CT0197,IT-CT0197,Biblioteca dell'Istituto di medicina legale e delle assicurazioni della Facoltà di medicina e chirurgia dell'Università degli studi di Catania,https://biblioteche-fantasma.invalid/resource/library/IT-CT0337,IT-CT0337,Biblioteca delle Scienze Mediche dell'Università degli studi di Catania,false
https://biblioteche-fantasma.invalid/resource/library/IT-CT0198,IT-CT0198,Biblioteca dell'Istituto di microbiologia della Facoltà di medicina e chirurgia dell'Università degli studi di Catania,https://biblioteche-fantasma.invalid/resource/library/IT-CT0337,IT-CT0337,Biblioteca delle Scienze Mediche dell'Università degli studi di Catania,false
https://biblioteche-fantasma.invalid/resource/library/IT-CT0200,IT-CT0200,Biblioteca dell'Istituto di patologia speciale chirurgica III della Facoltà di medicina e chirurgia dell'Università degli studi di Catania,https://biblioteche-fantasma.invalid/resource/library/IT-CT0337,IT-CT0337,Biblioteca delle Scienze Mediche dell'Università degli studi di Catania,false
https://biblioteche-fantasma.invalid/resource/library/IT-CT0202,IT-CT0202,Biblioteca dell'Istituto di patologia speciale medica II della Facoltà di medicina e chirurgia dell'Università degli studi di Catania,https://biblioteche-fantasma.invalid/resource/library/IT-CT0337,IT-CT0337,Biblioteca delle Scienze Mediche dell'Università degli studi di Catania,false
https://biblioteche-fantasma.invalid/resource/library/IT-CT0203,IT-CT0203,Biblioteca dell'Istituto di radiologia medica della Facoltà di medicina e chirurgia dell'Università degli studi di Catania,https://biblioteche-fantasma.invalid/resource/library/IT-CT0337,IT-CT0337,Biblioteca delle Scienze Mediche dell'Università degli studi di Catania,false
https://biblioteche-fantasma.invalid/resource/library/IT-CT0204,IT-CT0204,Biblioteca dell'Istituto di malattie dell'apparato respiratorio della Facoltà di medicina e chirurgia dell'Università degli studi di Catania,https://biblioteche-fantasma.invalid/resource/library/IT-CT0337,IT-CT0337,Biblioteca delle Scienze Mediche dell'Università degli studi di Catania,false
https://biblioteche-fantasma.invalid/resource/library/IT-CT0216,IT-CT0216,Biblioteca dell'Istituto di clinica medica Luigi Condorelli della Facoltà di medicina e chirurgia dell'Università degli studi di Catania,https://biblioteche-fantasma.invalid/resource/library/IT-CT0337,IT-CT0337,Biblioteca delle Scienze Mediche dell'Università degli studi di Catania,false
https://biblioteche-fantasma.invalid/resource/library/IT-CT0218,IT-CT0218,Biblioteca dell'Istituto di gerontologia e geriatria della Facoltà di medicina e chirurgia dell'Università degli studi di Catania,https://biblioteche-fantasma.invalid/resource/library/IT-CT0337,IT-CT0337,Biblioteca delle Scienze Mediche dell'Università degli studi di Catania,false
https://biblioteche-fantasma.invalid/resource/library/IT-CT0219,IT-CT0219,Biblioteca dell'Istituto di clinica psichiatrica della Facoltà di medicina e chirurgia dell'Università degli studi di Catania,https://biblioteche-fantasma.invalid/resource/library/IT-CT0337,IT-CT0337,Biblioteca delle Scienze Mediche dell'Università degli studi di Catania,false
https://biblioteche-fantasma.invalid/resource/library/IT-CT0225,IT-CT0225,Biblioteca dell'Istituto di neurochirurgia della Facoltà di medicina e chirurgia dell'Università degli studi di Catania,https://biblioteche-fantasma.invalid/resource/library/IT-CT0337,IT-CT0337,Biblioteca delle Scienze Mediche dell'Università degli studi di Catania,false
https://biblioteche-fantasma.invalid/resource/library/IT-CT0226,IT-CT0226,Biblioteca dell'Istituto di patologia chirurgica I della Facoltà di medicina e chirurgia dell'Università degli studi di Catania,https://biblioteche-fantasma.invalid/resource/library/IT-CT0337,IT-CT0337,Biblioteca delle Scienze Mediche dell'Università degli studi di Catania,false
https://biblioteche-fantasma.invalid/resource/library/IT-CT0227,IT-CT0227,Biblioteca dell'Istituto di chimica agraria della Facoltà di agraria dell'Università degli studi di Catania,https://biblioteche-fantasma.invalid/resource/library/IT-CT0214,IT-CT0214,Biblioteca delle Scienze Agrarie dell'Università degli studi di Catania. Punto di servizio Scienze agrarie - Via Valdisavoia,false
https://biblioteche-fantasma.invalid/resource/library/IT-CT0228,IT-CT0228,Biblioteca dell'Istituto di coltivazioni arboree della Facoltà di agraria dell'Università degli studi di Catania,https://biblioteche-fantasma.invalid/resource/library/IT-CT0214,IT-CT0214,Biblioteca delle Scienze Agrarie dell'Università degli studi di Catania. Punto di servizio Scienze agrarie - Via Valdisavoia,false
https://biblioteche-fantasma.invalid/resource/library/IT-CT0229,IT-CT0229,Biblioteca dell'Istituto di estimo rurale e contabilità della Facoltà di agraria dell'Università degli studi di Catania,https://biblioteche-fantasma.invalid/resource/library/IT-CT0043,IT-CT0043,Biblioteca delle Scienze Agrarie dell'Università degli studi di Catania. Punto di servizio DiGESA Economia,false
https://biblioteche-fantasma.invalid/resource/library/IT-CT0231,IT-CT0231,Biblioteca dell'Istituto di industrie agrarie della Facoltà di agraria dell'Università degli studi di Catania,https://biblioteche-fantasma.invalid/resource/library/IT-CT0214,IT-CT0214,Biblioteca delle Scienze Agrarie dell'Università degli studi di Catania. Punto di servizio Scienze agrarie - Via Valdisavoia,false
https://biblioteche-fantasma.invalid/resource/library/IT-CT0232,IT-CT0232,Biblioteca dell'Istituto di meccanica agraria della Facoltà di agraria dell'Università degli studi di Catania,https://biblioteche-fantasma.invalid/resource/library/IT-CT0230,IT-CT0230,Biblioteca del Dipartimento delle Scienze Agrarie dell'Università degli studi di Catania - Punto di servizio Ingegneria,false
https://biblioteche-fantasma.invalid/resource/library/IT-CT0233,IT-CT0233,Biblioteca dell'Istituto di orticoltura e floricoltura della Facoltà di agraria dell'Università degli studi di Catania,https://biblioteche-fantasma.invalid/resource/library/IT-CT0214,IT-CT0214,Biblioteca delle Scienze Agrarie dell'Università degli studi di Catania. Punto di servizio Scienze agrarie - Via Valdisavoia,false
https://biblioteche-fantasma.invalid/resource/library/IT-CT0234,IT-CT0234,Biblioteca dell'Istituto di patologia vegetale della Facoltà di agraria dell'Università degli studi di Catania,https://biblioteche-fantasma.invalid/resource/library/IT-CT0042,IT-CT0042,Biblioteca delle Scienze Agrarie dell'Università degli studi di Catania. Punto di servizio DiGESA Difesa,false
https://biblioteche-fantasma.invalid/resource/library/IT-CT0235,IT-CT0235,Biblioteca dell'Istituto di topografia e costruzioni rurali della Facoltà di agraria dell'Università degli studi di Catania,https://biblioteche-fantasma.invalid/resource/library/IT-CT0230,IT-CT0230,Biblioteca del Dipartimento delle Scienze Agrarie dell'Università degli studi di Catania - Punto di servizio Ingegneria,false
https://biblioteche-fantasma.invalid/resource/library/IT-CT0236,IT-CT0236,Biblioteca dell'Istituto di scienze e tecnologie delle produzioni animali della Facoltà di agraria dell'Università degli studi di Catania,https://biblioteche-fantasma.invalid/resource/library/IT-CT0214,IT-CT0214,Biblioteca delle Scienze Agrarie dell'Università degli studi di Catania. Punto di servizio Scienze agrarie - Via Valdisavoia,false
https://biblioteche-fantasma.invalid/resource/library/IT-CT0265,IT-CT0265,Biblioteca dell'Istituto di scienza delle costruzioni della Facoltà di ingegneria dell'Università degli studi di Catania,https://biblioteche-fantasma.invalid/resource/library/IT-CT0213,IT-CT0213,Biblioteca di Ingegneria ed Architettura dell'Università degli studi di Catania. Punto di servizio Dipartimento di Ingegneria Civile e Architettura (DICAR),false
https://biblioteche-fantasma.invalid/resource/library/IT-CT0266,IT-CT0266,"Biblioteca del Dipartimento elettrico, elettronico e sistemistico dell'Università degli studi di Catania",https://biblioteche-fantasma.invalid/resource/library/IT-CT0212,IT-CT0212,Biblioteca di Ingegneria ed Architettura dell'Università degli studi di Catania. Punto di servizio Ingegneria,false
https://biblioteche-fantasma.invalid/resource/library/IT-CT0268,IT-CT0268,Biblioteca dell'Istituto strade ferrovie aeroporti della Facoltà di ingegneria dell'Università degli studi di Catania,https://biblioteche-fantasma.invalid/resource/library/IT-CT0213,IT-CT0213,Biblioteca di Ingegneria ed Architettura dell'Università degli studi di Catania. Punto di servizio Dipartimento di Ingegneria Civile e Architettura (DICAR),false
https://biblioteche-fantasma.invalid/resource/library/IT-CT0269,IT-CT0269,"Biblioteca dell'Istituto di idraulica, idrologia e gestione delle acque della Facoltà di ingegneria dell'Università degli studi di Catania",https://biblioteche-fantasma.invalid/resource/library/IT-CT0213,IT-CT0213,Biblioteca di Ingegneria ed Architettura dell'Università degli studi di Catania. Punto di servizio Dipartimento di Ingegneria Civile e Architettura (DICAR),false
https://biblioteche-fantasma.invalid/resource/library/IT-CT0270,IT-CT0270,"Biblioteca dell'Istituto policattedra di oceanologia e paleoecologia della Facoltà di scienze matematiche, fisiche e naturali dell'Università degli studi di Catania",https://biblioteche-fantasma.invalid/resource/library/IT-CT0208,IT-CT0208,"Biblioteca delle Scienze Biologiche, Geologiche ed Ambientali dell'Università degli studi di Catania. Punto di servizio Scienze della terra",false
https://biblioteche-fantasma.invalid/resource/library/IT-CT0272,IT-CT0272,Biblioteca dell'Istituto di anestesiologia e rianimazione della Facoltà di medicina e chirurgia dell'Università degli studi di Catania,https://biblioteche-fantasma.invalid/resource/library/IT-CT0337,IT-CT0337,Biblioteca delle Scienze Mediche dell'Università degli studi di Catania,false
https://biblioteche-fantasma.invalid/resource/library/IT-CT0273,IT-CT0273,Biblioteca dell'Istituto di cardiologia della Facoltà di medicina e chirurgia dell'Università degli studi di Catania,https://biblioteche-fantasma.invalid/resource/library/IT-CT0337,IT-CT0337,Biblioteca delle Scienze Mediche dell'Università degli studi di Catania,false
https://biblioteche-fantasma.invalid/resource/library/IT-CT0274,IT-CT0274,Biblioteca dell'Istituto di clinica medica generale e terapia medica della Facoltà di medicina e chirurgia dell'Università degli studi di Catania,https://biblioteche-fantasma.invalid/resource/library/IT-CT0337,IT-CT0337,Biblioteca delle Scienze Mediche dell'Università degli studi di Catania,false
https://biblioteche-fantasma.invalid/resource/library/IT-CT0275,IT-CT0275,Biblioteca dell'Istituto di clinica pediatrica I della Facoltà di medicina e chirurgia dell'Università degli studi di Catania,https://biblioteche-fantasma.invalid/resource/library/IT-CT0337,IT-CT0337,Biblioteca delle Scienze Mediche dell'Università degli studi di Catania,false
https://biblioteche-fantasma.invalid/resource/library/IT-CT0276,IT-CT0276,Biblioteca dell'Istituto di oftalmologia della Facoltà di medicina e chirurgia dell'Università degli studi di Catania,https://biblioteche-fantasma.invalid/resource/library/IT-CT0337,IT-CT0337,Biblioteca delle Scienze Mediche dell'Università degli studi di Catania,false
https://biblioteche-fantasma.invalid/resource/library/IT-CT0277,IT-CT0277,Biblioteca dell'Istituto di patologia speciale medica I della Facoltà di medicina e chirurgia dell'Università degli studi di Catania,https://biblioteche-fantasma.invalid/resource/library/IT-CT0337,IT-CT0337,Biblioteca delle Scienze Mediche dell'Università degli studi di Catania,false
https://biblioteche-fantasma.invalid/resource/library/IT-CT0278,IT-CT0278,Biblioteca dell'Istituto di patologia speciale medica III della Facoltà di medicina e chirurgia dell'Università degli studi di Catania,https://biblioteche-fantasma.invalid/resource/library/IT-CT0337,IT-CT0337,Biblioteca delle Scienze Mediche dell'Università degli studi di Catania,false
https://biblioteche-fantasma.invalid/resource/library/IT-CT0279,IT-CT0279,Biblioteca dell'Istituto di clinica chirurgica generale e terapia chirurgica II della Facoltà di medicina e chirurgia dell'Università degli studi di Catania,https://biblioteche-fantasma.invalid/resource/library/IT-CT0337,IT-CT0337,Biblioteca delle Scienze Mediche dell'Università degli studi di Catania,false
https://biblioteche-fantasma.invalid/resource/library/IT-CT0280,IT-CT0280,Biblioteca dell'Istituto di farmacologia e farmacognosia della Facoltà di farmacia dell'Università degli studi di Catania,https://biblioteche-fantasma.invalid/resource/library/IT-CT0211,IT-CT0211,Biblioteca delle Scienze Chimiche e del Farmaco dell'Università degli studi di Catania. Punto di servizio Scienze del farmaco,false
https://biblioteche-fantasma.invalid/resource/library/IT-CT0281,IT-CT0281,Biblioteca dell'Istituto di macchine della Facoltà di ingegneria dell'Università degli studi di Catania,https://biblioteche-fantasma.invalid/resource/library/IT-CT0213,IT-CT0213,Biblioteca di Ingegneria ed Architettura dell'Università degli studi di Catania. Punto di servizio Dipartimento di Ingegneria Civile e Architettura (DICAR),false
https://biblioteche-fantasma.invalid/resource/library/IT-CT0282,IT-CT0282,Biblioteca dell'Istituto di informatica e telecomunicazioni della Facoltà di ingegneria dell'Università degli studi di Catania,https://biblioteche-fantasma.invalid/resource/library/IT-CT0212,IT-CT0212,Biblioteca di Ingegneria ed Architettura dell'Università degli studi di Catania. Punto di servizio Ingegneria,false
https://biblioteche-fantasma.invalid/resource/library/IT-CT0283,IT-CT0283,Biblioteca dell'Istituto di fisica della Facoltà di ingegneria dell'Università degli studi di Catania,https://biblioteche-fantasma.invalid/resource/library/IT-CT0213,IT-CT0213,Biblioteca di Ingegneria ed Architettura dell'Università degli studi di Catania. Punto di servizio Dipartimento di Ingegneria Civile e Architettura (DICAR),false
https://biblioteche-fantasma.invalid/resource/library/IT-CT0284,IT-CT0284,Biblioteca dell'Istituto di chimica della Facoltà di ingegneria dell'Università degli studi di Catania,https://biblioteche-fantasma.invalid/resource/library/IT-CT0213,IT-CT0213,Biblioteca di Ingegneria ed Architettura dell'Università degli studi di Catania. Punto di servizio Dipartimento di Ingegneria Civile e Architettura (DICAR),false
https://biblioteche-fantasma.invalid/resource/library/IT-CT0285,IT-CT0285,Biblioteca dell'Istituto di ematologia della Facoltà di medicina e chirurgia dell'Università degli studi di Catania,https://biblioteche-fantasma.invalid/resource/library/IT-CT0337,IT-CT0337,Biblioteca delle Scienze Mediche dell'Università degli studi di Catania,false
https://biblioteche-fantasma.invalid/resource/library/IT-CT0286,IT-CT0286,Biblioteca dell'Istituto di medicina interna e medicina d'urgenza della Facoltà di medicina e chirurgia dell'Università degli studi di Catania,https://biblioteche-fantasma.invalid/resource/library/IT-CT0337,IT-CT0337,Biblioteca delle Scienze Mediche dell'Università degli studi di Catania,false
https://biblioteche-fantasma.invalid/resource/library/IT-CZ0131,IT-CZ0131,Biblioteca della Facoltà di farmacia dell'Università degli studi di Catanzaro Magna Graecia,https://biblioteche-fantasma.invalid/resource/library/IT-CZ0124,IT-CZ0124,Sistema Bibliotecario di Ateneo: (Biblioteca settore Biomedico Farmacologico) (Biblioteca settore Giuridico Economico),false
https://biblioteche-fantasma.invalid/resource/library/IT-FC0080,IT-FC0080,Biblioteca del Centro cinema città di Cesena,https://biblioteche-fantasma.invalid/resource/library/IT-FC0011,IT-FC0011,Biblioteca Malatestiana,false
https://biblioteche-fantasma.invalid/resource/library/IT-FC0104,IT-FC0104,"Biblioteca Centrale ""Leon Battista Alberti"" del Campus di Cesena. Sezione di Psicologia",https://biblioteche-fantasma.invalid/resource/library/IT-FC0131,IT-FC0131,"Biblioteca Centrale ""Leon Battista Alberti"" del Campus di Cesena. Sezione centrale",false
https://biblioteche-fantasma.invalid/resource/library/IT-FC0111,IT-FC0111,Biblioteca centrale del Campus di Cesena. Sezione di Informatica,https://biblioteche-fantasma.invalid/resource/library/IT-FC0131,IT-FC0131,"Biblioteca Centrale ""Leon Battista Alberti"" del Campus di Cesena. Sezione centrale",false
https://biblioteche-fantasma.invalid/resource/library/IT-FC0149,IT-FC0149,"Biblioteca centrale del Campus di Cesena. Sezione di Ingegneria Biomedica, Elettronica e Telecomunicazioni",https://biblioteche-fantasma.invalid/resource/library/IT-FC0131,IT-FC0131,"Biblioteca Centrale ""Leon Battista Alberti"" del Campus di Cesena. Sezione centrale",false
https://biblioteche-fantasma.invalid/resource/library/IT-FC0152,IT-FC0152,Biblioteca dei Ragazzi,https://biblioteche-fantasma.invalid/resource/library/IT-FC0136,IT-FC0136,"Biblioteca comunale ""Palazzo Vendemini""",false
https://biblioteche-fantasma.invalid/resource/library/IT-FE0024,IT-FE0024,Biblioteca del Dipartimento di biologia. Sezione di botanica dell'Università degli studi di Ferrara,https://biblioteche-fantasma.invalid/resource/library/IT-FE0107,IT-FE0107,Biblioteca centralizzata chimico-biologica S. Maria delle Grazie dell'Università degli studi di Ferrara,false
https://biblioteche-fantasma.invalid/resource/library/IT-FE0025,IT-FE0025,"Deposito librario della Biblioteca dell'Istituto di zoologia della Facoltà di scienze matematiche, fisiche e naturali dell'Università degli studi di Ferrara",https://biblioteche-fantasma.invalid/resource/library/IT-FE0107,IT-FE0107,Biblioteca centralizzata chimico-biologica S. Maria delle Grazie dell'Università degli studi di Ferrara,false
https://biblioteche-fantasma.invalid/resource/library/IT-FE0026,IT-FE0026,Biblioteca del Dipartimento di medicina sperimentale e diagnostica. Sezione di patologia generale dell'Università degli studi di Ferrara,https://biblioteche-fantasma.invalid/resource/library/IT-FE0107,IT-FE0107,Biblioteca centralizzata chimico-biologica S. Maria delle Grazie dell'Università degli studi di Ferrara,false
https://biblioteche-fantasma.invalid/resource/library/IT-FE0028,IT-FE0028,Biblioteca del Dipartimento di scienze della terra. Sezione di mineralogia dell'Università degli studi di Ferrara,https://biblioteche-fantasma.invalid/resource/library/IT-FE0163,IT-FE0163,Biblioteca centralizzata scientifico-tecnologica dell'Università degli studi di Ferrara,false
https://biblioteche-fantasma.invalid/resource/library/IT-FE0029,IT-FE0029,Biblioteca del Dipartimento di biologia. Sezione di fisiologia generale dell'Università degli studi di Ferrara,https://biblioteche-fantasma.invalid/resource/library/IT-FE0107,IT-FE0107,Biblioteca centralizzata chimico-biologica S. Maria delle Grazie dell'Università degli studi di Ferrara,false
https://biblioteche-fantasma.invalid/resource/library/IT-FE0030,IT-FE0030,Biblioteca del Dipartimento di fisica dell'Università degli studi di Ferrara,https://biblioteche-fantasma.invalid/resource/library/IT-FE0163,IT-FE0163,Biblioteca centralizzata scientifico-tecnologica dell'Università degli studi di Ferrara,false
https://biblioteche-fantasma.invalid/resource/library/IT-FE0032,IT-FE0032,Biblioteca del Dipartimento di morfologia ed embriologia. Sezione di anatomia umana dell'Università degli studi di Ferrara,https://biblioteche-fantasma.invalid/resource/library/IT-FE0107,IT-FE0107,Biblioteca centralizzata chimico-biologica S. Maria delle Grazie dell'Università degli studi di Ferrara,false
https://biblioteche-fantasma.invalid/resource/library/IT-FE0033,IT-FE0033,"Deposito librario della Biblioteca del  Dipartimento di medicina sperimentale e diagnostica. Sezione di anatomia, istologia e citologia patologica dell'Università degli studi di Ferrara",https://biblioteche-fantasma.invalid/resource/library/IT-FE0107,IT-FE0107,Biblioteca centralizzata chimico-biologica S. Maria delle Grazie dell'Università degli studi di Ferrara,false
https://biblioteche-fantasma.invalid/resource/library/IT-FE0059,IT-FE0059,Deposito librario della Biblioteca dell'Istituto di semeiotica chirurgica della Facoltà di medicina e chirurgia dell'Università degli studi di Ferrara,https://biblioteche-fantasma.invalid/resource/library/IT-FE0162,IT-FE0162,Biblioteca di Medicina dell'Università degli studi di Ferrara,false
https://biblioteche-fantasma.invalid/resource/library/IT-FE0060,IT-FE0060,Deposito librario della Biblioteca del Dipartimento di discipline medico-chirurgiche della comunicazione e del comportamento. Sezione di otorinolaringoiatria dell'Università degli studi di Ferrara,https://biblioteche-fantasma.invalid/resource/library/IT-FE0162,IT-FE0162,Biblioteca di Medicina dell'Università degli studi di Ferrara,false
https://biblioteche-fantasma.invalid/resource/library/IT-FE0061,IT-FE0061,Biblioteca del Dipartimento di chimica dell'Università degli studi di Ferrara,https://biblioteche-fantasma.invalid/resource/library/IT-FE0107,IT-FE0107,Biblioteca centralizzata chimico-biologica S. Maria delle Grazie dell'Università degli studi di Ferrara,false
https://biblioteche-fantasma.invalid/resource/library/IT-FE0062,IT-FE0062,Biblioteca del Dipartimento di scienze farmaceutiche dell'Università degli studi di Ferrara,https://biblioteche-fantasma.invalid/resource/library/IT-FE0107,IT-FE0107,Biblioteca centralizzata chimico-biologica S. Maria delle Grazie dell'Università degli studi di Ferrara,false
https://biblioteche-fantasma.invalid/resource/library/IT-FE0063,IT-FE0063,Biblioteca dell'Istituto di farmacologia della Facoltà di medicina e chirurgia dell'Università degli studi di Ferrara,https://biblioteche-fantasma.invalid/resource/library/IT-FE0107,IT-FE0107,Biblioteca centralizzata chimico-biologica S. Maria delle Grazie dell'Università degli studi di Ferrara,false
https://biblioteche-fantasma.invalid/resource/library/IT-FE0064,IT-FE0064,Deposito librario della Biblioteca del Dipartimento di medicina clinica e sperimentale. Sezione di malattie infettive dell'Università degli studi di Ferrara,https://biblioteche-fantasma.invalid/resource/library/IT-FE0162,IT-FE0162,Biblioteca di Medicina dell'Università degli studi di Ferrara,false
https://biblioteche-fantasma.invalid/resource/library/IT-FE0066,IT-FE0066,Deposito librario della Biblioteca dell'Istituto di patologia speciale chirurgica e propedeutica clinica della Facoltà di medicina e chirurgia dell'Università degli studi di Ferrara,https://biblioteche-fantasma.invalid/resource/library/IT-FE0162,IT-FE0162,Biblioteca di Medicina dell'Università degli studi di Ferrara,false
https://biblioteche-fantasma.invalid/resource/library/IT-FE0067,IT-FE0067,Deposito librario della Biblioteca dell'Istituto di patologia speciale medica e metodologia clinica della Facoltà di medicina e chirurgia dell'Università degli studi di Ferrara,https://biblioteche-fantasma.invalid/resource/library/IT-FE0162,IT-FE0162,Biblioteca di Medicina dell'Università degli studi di Ferrara,false
https://biblioteche-fantasma.invalid/resource/library/IT-FE0069,IT-FE0069,Deposito librario della Biblioteca dell'Istituto di semeiotica medica della Facoltà di medicina e chirurgia dell'Università degli studi di Ferrara,https://biblioteche-fantasma.invalid/resource/library/IT-FE0162,IT-FE0162,Biblioteca di Medicina dell'Università degli studi di Ferrara,false
https://biblioteche-fantasma.invalid/resource/library/IT-FE0070,IT-FE0070,Biblioteca del Dipartimento di morfologia ed embriologia. Sezione di istologia ed embriologia dell'Università degli studi di Ferrara,https://biblioteche-fantasma.invalid/resource/library/IT-FE0107,IT-FE0107,Biblioteca centralizzata chimico-biologica S. Maria delle Grazie dell'Università degli studi di Ferrara,false
https://biblioteche-fantasma.invalid/resource/library/IT-FE0071,IT-FE0071,Biblioteca del Dipartimento di medicina clinica e sperimentale. Sezione di pediatria dell'Università degli studi di Ferrara,https://biblioteche-fantasma.invalid/resource/library/IT-FE0162,IT-FE0162,Biblioteca di Medicina dell'Università degli studi di Ferrara,false
https://biblioteche-fantasma.invalid/resource/library/IT-FE0072,IT-FE0072,"Deposito librario della Biblioteca del Dipartimento di scienze chirurgiche, anestesiologiche e radiologiche. Sezione di clinica chirurgica dell'Università degli studi di Ferrara",https://biblioteche-fantasma.invalid/resource/library/IT-FE0162,IT-FE0162,Biblioteca di Medicina dell'Università degli studi di Ferrara,false
https://biblioteche-fantasma.invalid/resource/library/IT-FE0073,IT-FE0073,Deposito librario della Biblioteca del Dipartimento di medicina clinica e sperimentale. Sezione di clinica dermatologica dell'Università degli studi di Ferrara,https://biblioteche-fantasma.invalid/resource/library/IT-FE0162,IT-FE0162,Biblioteca di Medicina dell'Università degli studi di Ferrara,false
https://biblioteche-fantasma.invalid/resource/library/IT-FE0074,IT-FE0074,Deposito librario della Biblioteca del Dipartimento di discipline medico-chirurgiche della comunicazione e del comportamento. Sezione di clinica neurologica dell'Università degli studi di Ferrara,https://biblioteche-fantasma.invalid/resource/library/IT-FE0162,IT-FE0162,Biblioteca di Medicina dell'Università degli studi di Ferrara,false
https://biblioteche-fantasma.invalid/resource/library/IT-FE0075,IT-FE0075,Deposito librario della Biblioteca del Dipartimento di medicina clinica e sperimentale. Sezione di medicina interna I dell'Università degli studi di Ferrara,https://biblioteche-fantasma.invalid/resource/library/IT-FE0162,IT-FE0162,Biblioteca di Medicina dell'Università degli studi di Ferrara,false
https://biblioteche-fantasma.invalid/resource/library/IT-FE0076,IT-FE0076,Deposito librario della Biblioteca del Dipartimento di discipline medico-chirurgiche della comunicazione e del comportamento. Sezione di oculistica dell'Università degli studi di Ferrara,https://biblioteche-fantasma.invalid/resource/library/IT-FE0162,IT-FE0162,Biblioteca di Medicina dell'Università degli studi di Ferrara,false
https://biblioteche-fantasma.invalid/resource/library/IT-FE0077,IT-FE0077,Deposito librario della Biblioteca del Dipartimento di discipline medico-chirurgiche della comunicazione e del comportamento. Sezione di clinica odontoiatrica dell'Università degli studi di Ferrara,https://biblioteche-fantasma.invalid/resource/library/IT-FE0162,IT-FE0162,Biblioteca di Medicina dell'Università degli studi di Ferrara,false
https://biblioteche-fantasma.invalid/resource/library/IT-FE0078,IT-FE0078,Biblioteca del Dipartimento di scienze biomediche e terapie avanzate. Sezione di clinica ortopedica dell'Università degli studi di Ferrara,https://biblioteche-fantasma.invalid/resource/library/IT-FE0162,IT-FE0162,Biblioteca di Medicina dell'Università degli studi di Ferrara,false
https://biblioteche-fantasma.invalid/resource/library/IT-FE0079,IT-FE0079,Biblioteca del Dipartimento di scienze biomediche e terapie avanzate. Sezione di clinica ostetrica e ginecologica dell'Università degli studi di Ferrara,https://biblioteche-fantasma.invalid/resource/library/IT-FE0162,IT-FE0162,Biblioteca di Medicina dell'Università degli studi di Ferrara,false
https://biblioteche-fantasma.invalid/resource/library/IT-FE0080,IT-FE0080,"Biblioteca del Dipartimento di scienze chirurgiche, anestesiologiche e radiologiche. Sezione di anestesiologia e rianimazione dell'Università degli studi di Ferrara",https://biblioteche-fantasma.invalid/resource/library/IT-FE0162,IT-FE0162,Biblioteca di Medicina dell'Università degli studi di Ferrara,false
https://biblioteche-fantasma.invalid/resource/library/IT-FE0081,IT-FE0081,Biblioteca del Dipartimento di morfologia ed embriologia. Sezione di anatomia comparata dell'Università degli studi di Ferrara,https://biblioteche-fantasma.invalid/resource/library/IT-FE0107,IT-FE0107,Biblioteca centralizzata chimico-biologica S. Maria delle Grazie dell'Università degli studi di Ferrara,false
https://biblioteche-fantasma.invalid/resource/library/IT-FE0082,IT-FE0082,Biblioteca dell'Istituto di chimica biologica della Facoltà di medicina e chirurgia dell'Università degli studi di Ferrara,https://biblioteche-fantasma.invalid/resource/library/IT-FE0107,IT-FE0107,Biblioteca centralizzata chimico-biologica S. Maria delle Grazie dell'Università degli studi di Ferrara,false
https://biblioteche-fantasma.invalid/resource/library/IT-FE0083,IT-FE0083,Biblioteca dell'Istituto di fisiologia umana della Facoltà di medicina e chirurgia dell'Università degli studi di Ferrara,https://biblioteche-fantasma.invalid/resource/library/IT-FE0107,IT-FE0107,Biblioteca centralizzata chimico-biologica S. Maria delle Grazie dell'Università degli studi di Ferrara,false
https://biblioteche-fantasma.invalid/resource/library/IT-FE0084,IT-FE0084,Deposito librario della Biblioteca del Dipartimento di medicina sperimentale e diagnostica. Sezione di genetica medica dell'Università degli studi di Ferrara,https://biblioteche-fantasma.invalid/resource/library/IT-FE0107,IT-FE0107,Biblioteca centralizzata chimico-biologica S. Maria delle Grazie dell'Università degli studi di Ferrara,false
https://biblioteche-fantasma.invalid/resource/library/IT-FE0085,IT-FE0085,Biblioteca del Dipartimento di medicina clinica e sperimentale. Sezione di igiene e medicina preventiva dell'Università degli studi di Ferrara,https://biblioteche-fantasma.invalid/resource/library/IT-FE0162,IT-FE0162,Biblioteca di Medicina dell'Università degli studi di Ferrara,false
https://biblioteche-fantasma.invalid/resource/library/IT-FE0086,IT-FE0086,Biblioteca del Dipartimento di scienze biomediche e terapie avanzate. Sezione di medicina legale e delle assicurazioni dell'Università degli studi di Ferrara,https://biblioteche-fantasma.invalid/resource/library/IT-FE0162,IT-FE0162,Biblioteca di Medicina dell'Università degli studi di Ferrara,false
https://biblioteche-fantasma.invalid/resource/library/IT-FE0087,IT-FE0087,Biblioteca del Dipartimento di medicina sperimentale e diagnostica. Sezione di microbiologia dell'Università degli studi di Ferrara,https://biblioteche-fantasma.invalid/resource/library/IT-FE0107,IT-FE0107,Biblioteca centralizzata chimico-biologica S. Maria delle Grazie dell'Università degli studi di Ferrara,false
https://biblioteche-fantasma.invalid/resource/library/IT-FE0088,IT-FE0088,"Biblioteca del Dipartimento di scienze chirurgiche, anestesiologiche e radiologiche. Sezione di diagnostica e terapia radiologica dell'Università degli studi di Ferrara",https://biblioteche-fantasma.invalid/resource/library/IT-FE0162,IT-FE0162,Biblioteca di Medicina dell'Università degli studi di Ferrara,false
https://biblioteche-fantasma.invalid/resource/library/IT-FE0089,IT-FE0089,"Deposito librario della Biblioteca dell'Istituto di nutrizione umana della Facoltà di scienze matematiche, fisiche e naturali dell'Università degli studi di Ferrara",https://biblioteche-fantasma.invalid/resource/library/IT-FE0107,IT-FE0107,Biblioteca centralizzata chimico-biologica S. Maria delle Grazie dell'Università degli studi di Ferrara,false
https://biblioteche-fantasma.invalid/resource/library/IT-FE0090,IT-FE0090,Biblioteca del Dipartimento di discipline medico-chirurgiche della comunicazione e del comportamento. Sezione di clinica neurochirurgica dell'Università degli studi di Ferrara,https://biblioteche-fantasma.invalid/resource/library/IT-FE0162,IT-FE0162,Biblioteca di Medicina dell'Università degli studi di Ferrara,false
https://biblioteche-fantasma.invalid/resource/library/IT-FE0102,IT-FE0102,"Biblioteca del Dipartimento di scienze chirurgiche, anestesiologiche e radiologiche. Sezione di patologia speciale chirurgica e propedeutica clinica dell'Università dehli studi di Ferrara",https://biblioteche-fantasma.invalid/resource/library/IT-FE0162,IT-FE0162,Biblioteca di Medicina dell'Università degli studi di Ferrara,false
https://biblioteche-fantasma.invalid/resource/library/IT-FE0103,IT-FE0103,Biblioteca del Dipartimento di medicina clinica e sperimentale. Sezione di medicina interna II dell'Università degli studi di Ferrara,https://biblioteche-fantasma.invalid/resource/library/IT-FE0162,IT-FE0162,Biblioteca di Medicina dell'Università degli studi di Ferrara,false
https://biblioteche-fantasma.invalid/resource/library/IT-FE0105,IT-FE0105,Biblioteca del Dipartimento di ingegneria dell'Università degli studi di Ferrara,https://biblioteche-fantasma.invalid/resource/library/IT-FE0163,IT-FE0163,Biblioteca centralizzata scientifico-tecnologica dell'Università degli studi di Ferrara,false
https://biblioteche-fantasma.invalid/resource/library/IT-FE0106,IT-FE0106,Biblioteca del Dipartimento di biologia. Sezione di biologia evolutiva dell'Università degli studi di Ferrara,https://biblioteche-fantasma.invalid/resource/library/IT-FE0107,IT-FE0107,Biblioteca centralizzata chimico-biologica S. Maria delle Grazie dell'Università degli studi di Ferrara,false
https://biblioteche-fantasma.invalid/resource/library/IT-FE0110,IT-FE0110,Biblioethnica,https://biblioteche-fantasma.invalid/resource/library/IT-FE0164,IT-FE0164,Biblioteca dell'Archivio storico comunale,false
https://biblioteche-fantasma.invalid/resource/library/IT-FE0150,IT-FE0150,Biblioteca del Dipartimento di medicina sperimentale e diagnostica dell'Università degli studi di Ferrara,https://biblioteche-fantasma.invalid/resource/library/IT-FE0107,IT-FE0107,Biblioteca centralizzata chimico-biologica S. Maria delle Grazie dell'Università degli studi di Ferrara,false
https://biblioteche-fantasma.invalid/resource/library/IT-FE0151,IT-FE0151,Biblioteca del Dipartimento di discipline medico-chirurgiche della comunicazione e del comportamento dell'Università degli studi di Ferrara,https://biblioteche-fantasma.invalid/resource/library/IT-FE0162,IT-FE0162,Biblioteca di Medicina dell'Università degli studi di Ferrara,false
https://biblioteche-fantasma.invalid/resource/library/IT-FE0153,IT-FE0153,Biblioteca del Dipartimento di scienze biomediche e terapie avanzate dell'Università degli studi di Ferrara,https://biblioteche-fantasma.invalid/resource/library/IT-FE0162,IT-FE0162,Biblioteca di Medicina dell'Università degli studi di Ferrara,false
https://biblioteche-fantasma.invalid/resource/library/IT-FE0154,IT-FE0154,Biblioteche del Dipartimento di morfologia dell'Università degli studi di Ferrara,https://biblioteche-fantasma.invalid/resource/library/IT-FE0107,IT-FE0107,Biblioteca centralizzata chimico-biologica S. Maria delle Grazie dell'Università degli studi di Ferrara,false
https://biblioteche-fantasma.invalid/resource/library/IT-FE0155,IT-FE0155,Biblioteca del Dipartimento di biochimica e biologia molecolare dell'Università degli studi di Ferrara,https://biblioteche-fantasma.invalid/resource/library/IT-FE0107,IT-FE0107,Biblioteca centralizzata chimico-biologica S. Maria delle Grazie dell'Università degli studi di Ferrara,false
https://biblioteche-fantasma.invalid/resource/library/IT-FE0161,IT-FE0161,Biblioteca del Dipartimento di discipline medico-chirurgiche della comunicazione e del comportamento. Sezione di clinica psichiatrica dell'Università degli studi di Ferrara,https://biblioteche-fantasma.invalid/resource/library/IT-FE0162,IT-FE0162,Biblioteca di Medicina dell'Università degli studi di Ferrara,false
https://biblioteche-fantasma.invalid/resource/library/IT-FI0037,IT-FI0037,Biblioteca del Dipartimento di ortoflorofrutticoltura dell'Università degli studi di Firenze,https://biblioteche-fantasma.invalid/resource/library/IT-FI0233,IT-FI0233,Biblioteca di scienze tecnologiche - Agraria - Università degli studi di Firenze,false
https://biblioteche-fantasma.invalid/resource/library/IT-FI0197,IT-FI0197,Biblioteca Gianni Rodari,https://biblioteche-fantasma.invalid/resource/library/IT-FI0196,IT-FI0196,"Biblioteca comunale ""Tiziano Terzani""",false
https://biblioteche-fantasma.invalid/resource/library/IT-FI0208,IT-FI0208,Biblioteca di Scienze sociali. Giurisprudenza dell'Università degli studi di Firenze,https://biblioteche-fantasma.invalid/resource/library/IT-FI0597,IT-FI0597,Biblioteca di scienze sociali dell'Università degli studi di Firenze,false
https://biblioteche-fantasma.invalid/resource/library/IT-FI0209,IT-FI0209,Biblioteca di scienze sociali. Scienze politiche dell'Università degli studi di Firenze,https://biblioteche-fantasma.invalid/resource/library/IT-FI0597,IT-FI0597,Biblioteca di scienze sociali dell'Università degli studi di Firenze,false
https://biblioteche-fantasma.invalid/resource/library/IT-FI0210,IT-FI0210,Biblioteca di Scienze sociali. Economia dell'Università degli studi di Firenze,https://biblioteche-fantasma.invalid/resource/library/IT-FI0597,IT-FI0597,Biblioteca di scienze sociali dell'Università degli studi di Firenze,false
https://biblioteche-fantasma.invalid/resource/library/IT-FI0212,IT-FI0212,Biblioteca Umanistica - Geografia - Università degli studi di Firenze,https://biblioteche-fantasma.invalid/resource/library/IT-FI0211,IT-FI0211,Biblioteca Umanistica - Lettere  - Università degli studi di Firenze,false
https://biblioteche-fantasma.invalid/resource/library/IT-FI0214,IT-FI0214,Biblioteca Umanistica - Nordamericana - Università degli studi di Firenze,https://biblioteche-fantasma.invalid/resource/library/IT-FI0211,IT-FI0211,Biblioteca Umanistica - Lettere  - Università degli studi di Firenze,false
https://biblioteche-fantasma.invalid/resource/library/IT-FI0216,IT-FI0216,Biblioteca del Dipartimento di scienze biochimiche dell'Università degli studi di Firenze,https://biblioteche-fantasma.invalid/resource/library/IT-FI0215,IT-FI0215,Biblioteca Biomedica - Università degli studi di Firenze,false
https://biblioteche-fantasma.invalid/resource/library/IT-FI0217,IT-FI0217,Biblioteca dell'Istituto di clinica chirurgica generale e discipline chirurgiche della Facoltà di medicina e chirurgia dell'Università di Firenze,https://biblioteche-fantasma.invalid/resource/library/IT-FI0215,IT-FI0215,Biblioteca Biomedica - Università degli studi di Firenze,false
https://biblioteche-fantasma.invalid/resource/library/IT-FI0218,IT-FI0218,Biblioteca del Dipartimento di scienze neurologiche e psichiatriche dell'Università degli studi di Firenze,https://biblioteche-fantasma.invalid/resource/library/IT-FI0215,IT-FI0215,Biblioteca Biomedica - Università degli studi di Firenze,false
https://biblioteche-fantasma.invalid/resource/library/IT-FI0219,IT-FI0219,Biblioteca dell'Istituto di odonto-gnato-stomatologia della Facoltà di medicina e chirurgia dell'Università degli studi di Firenze,https://biblioteche-fantasma.invalid/resource/library/IT-FI0215,IT-FI0215,Biblioteca Biomedica - Università degli studi di Firenze,false
https://biblioteche-fantasma.invalid/resource/library/IT-FI0220,IT-FI0220,Biblioteca dell'Istituto di clinica ortopedica e traumatologica  della Facoltà di medicina e chirurgia dell'Università degli studi di Firenze,https://biblioteche-fantasma.invalid/resource/library/IT-FI0215,IT-FI0215,Biblioteca Biomedica - Università degli studi di Firenze,false
https://biblioteche-fantasma.invalid/resource/library/IT-FI0221,IT-FI0221,Biblioteca dell'Istituto policattedra di ginecologia e ostetricia della Facoltà di medicina e chirurgia dell'Università degli studi di Firenze,https://biblioteche-fantasma.invalid/resource/library/IT-FI0215,IT-FI0215,Biblioteca Biomedica - Università degli studi di Firenze,false
https://biblioteche-fantasma.invalid/resource/library/IT-FI0222,IT-FI0222,Biblioteca dell'Istituto di gerontologia e geriatria e di clinica urologica. Sezione di urologia della Facoltà di medicina e chirurgia dell'Università degli studi di Firenze,https://biblioteche-fantasma.invalid/resource/library/IT-FI0215,IT-FI0215,Biblioteca Biomedica - Università degli studi di Firenze,false
https://biblioteche-fantasma.invalid/resource/library/IT-FI0226,IT-FI0226,Biblioteca di scienze. Polo scientifico. Chimica dell'Università degli studi di Firenze,https://biblioteche-fantasma.invalid/resource/library/IT-FI0598,IT-FI0598,Biblioteca di scienze - Polo scientifico di Sesto Fiorentino - Università degli studi di Firenze ,false
https://biblioteche-fantasma.invalid/resource/library/IT-FI0229,IT-FI0229,Biblioteca Biomedica - Farmacia - Università degli studi di Firenze. ,https://biblioteche-fantasma.invalid/resource/library/IT-FI0215,IT-FI0215,Biblioteca Biomedica - Università degli studi di Firenze,false
https://biblioteche-fantasma.invalid/resource/library/IT-FI0232,IT-FI0232,Biblioteca di scienze tecnologiche - Dipartimento di urbanistica e pianificazione del territorio e Centro di documentazione cartografica dell'Università degli studi di Firenze,https://biblioteche-fantasma.invalid/resource/library/IT-FI0231,IT-FI0231,Biblioteca di scienze tecnologiche - Architettura - Università degli studi di Firenze,false
https://biblioteche-fantasma.invalid/resource/library/IT-FI0235,IT-FI0235,Biblioteca dell'Istituto di assestamento e tecnologia forestale della Facoltà di agraria dell'Università degli studi di Firenze,https://biblioteche-fantasma.invalid/resource/library/IT-FI0233,IT-FI0233,Biblioteca di scienze tecnologiche - Agraria - Università degli studi di Firenze,false
https://biblioteche-fantasma.invalid/resource/library/IT-FI0236,IT-FI0236,Biblioteca del Dipartimento di agronomia e produzioni erbacee dell'Università degli studi di Firenze,https://biblioteche-fantasma.invalid/resource/library/IT-FI0233,IT-FI0233,Biblioteca di scienze tecnologiche - Agraria - Università degli studi di Firenze,false
https://biblioteche-fantasma.invalid/resource/library/IT-FI0238,IT-FI0238,Biblioteca del Dipartimento di scienze e tecnologie alimentari e microbiologiche. Sezione di microbiologia applicata dell'Università degli studi di Firenze,https://biblioteche-fantasma.invalid/resource/library/IT-FI0233,IT-FI0233,Biblioteca di scienze tecnologiche - Agraria - Università degli studi di Firenze,false
https://biblioteche-fantasma.invalid/resource/library/IT-FI0239,IT-FI0239,"Biblioteca del Dipartimento di anatomia umana, istologia e medicina legale. Anatomia umana dell'Università degli studi di Firenze",https://biblioteche-fantasma.invalid/resource/library/IT-FI0215,IT-FI0215,Biblioteca Biomedica - Università degli studi di Firenze,false
https://biblioteche-fantasma.invalid/resource/library/IT-FI0240,IT-FI0240,Biblioteca di scienze - Biologia animale - Università degli studi di Firenze,https://biblioteche-fantasma.invalid/resource/library/IT-FI0598,IT-FI0598,Biblioteca di scienze - Polo scientifico di Sesto Fiorentino - Università degli studi di Firenze ,false
https://biblioteche-fantasma.invalid/resource/library/IT-FI0241,IT-FI0241,Biblioteca di scienze. Polo scientifico. Fisica dell'Università degli studi di Firenze,https://biblioteche-fantasma.invalid/resource/library/IT-FI0598,IT-FI0598,Biblioteca di scienze - Polo scientifico di Sesto Fiorentino - Università degli studi di Firenze ,false
https://biblioteche-fantasma.invalid/resource/library/IT-FI0243,IT-FI0243,Biblioteca del Dipartimento di meccanica e tecnologie industriali dell'Università degli studi di Firenze,https://biblioteche-fantasma.invalid/resource/library/IT-FI0230,IT-FI0230,Biblioteca di scienze tecnologiche - Ingegneria - Università degli studi di Firenze,false
https://biblioteche-fantasma.invalid/resource/library/IT-FI0244,IT-FI0244,Biblioteca del Dipartimento di pediatria Cesare Cocchi dell'Università degli studi di Firenze,https://biblioteche-fantasma.invalid/resource/library/IT-FI0215,IT-FI0215,Biblioteca Biomedica - Università degli studi di Firenze,false
https://biblioteche-fantasma.invalid/resource/library/IT-FI0245,IT-FI0245,Biblioteca del Dipartimento di scienza del suolo e nutrizione della pianta dell'Università degli studi di Firenze,https://biblioteche-fantasma.invalid/resource/library/IT-FI0233,IT-FI0233,Biblioteca di scienze tecnologiche - Agraria - Università degli studi di Firenze,false
https://biblioteche-fantasma.invalid/resource/library/IT-FI0247,IT-FI0247,Biblioteca del Dipartimento di sistemi e informatica dell'Università degli studi di Firenze,https://biblioteche-fantasma.invalid/resource/library/IT-FI0230,IT-FI0230,Biblioteca di scienze tecnologiche - Ingegneria - Università degli studi di Firenze,false
https://biblioteche-fantasma.invalid/resource/library/IT-FI0272,IT-FI0272,Biblioteca dell'Istituto di anatomia e istologia patologica della Facoltà di medicina e chirurgia dell'Università degli studi di Firenze,https://biblioteche-fantasma.invalid/resource/library/IT-FI0215,IT-FI0215,Biblioteca Biomedica - Università degli studi di Firenze,false
https://biblioteche-fantasma.invalid/resource/library/IT-FI0273,IT-FI0273,Biblioteca dell'Istituto di anestesiologia e rianimazione della Facoltà di medicina e chirurgia dell'Università degli studi di Firenze,https://biblioteche-fantasma.invalid/resource/library/IT-FI0215,IT-FI0215,Biblioteca Biomedica - Università degli studi di Firenze,false
https://biblioteche-fantasma.invalid/resource/library/IT-FI0274,IT-FI0274,Biblioteca dell'Istituto di clinica chirurgica generale e terapia chirurgica I della Facoltà di medicina e chirurgia dell'Università di Firenze,https://biblioteche-fantasma.invalid/resource/library/IT-FI0215,IT-FI0215,Biblioteca Biomedica - Università degli studi di Firenze,false
https://biblioteche-fantasma.invalid/resource/library/IT-FI0275,IT-FI0275,Biblioteca dell'Istituto di clinica dermosifilopatica della Facoltà di medicina e chirurgia dell'Università degli studi di Firenze,https://biblioteche-fantasma.invalid/resource/library/IT-FI0215,IT-FI0215,Biblioteca Biomedica - Università degli studi di Firenze,false
https://biblioteche-fantasma.invalid/resource/library/IT-FI0276,IT-FI0276,Biblioteca dell'Istituto di medicina interna ed immuno allergologia della Facoltà di medicina e chirurgia dell'Università degli studi di Firenze,https://biblioteche-fantasma.invalid/resource/library/IT-FI0215,IT-FI0215,Biblioteca Biomedica - Università degli studi di Firenze,false
https://biblioteche-fantasma.invalid/resource/library/IT-FI0277,IT-FI0277,Biblioteca dell'Istituto di clinica medica generale e terapia medica IV della Facoltà di medicina e chirurgia dell'Università degli studi di Firenze,https://biblioteche-fantasma.invalid/resource/library/IT-FI0215,IT-FI0215,Biblioteca Biomedica - Università degli studi di Firenze,false
https://biblioteche-fantasma.invalid/resource/library/IT-FI0278,IT-FI0278,Biblioteca del Dipartimento di scienze chirurgiche oto-neuro-oftalmologiche. Oculistica dell'Università degli studi di Firenze,https://biblioteche-fantasma.invalid/resource/library/IT-FI0215,IT-FI0215,Biblioteca Biomedica - Università degli studi di Firenze,false
https://biblioteche-fantasma.invalid/resource/library/IT-FI0279,IT-FI0279,Biblioteca del Dipartimento di scienze chirurgiche ot-neuro-oftalmologiche. Otorino dell'Università degli studi di Firenze,https://biblioteche-fantasma.invalid/resource/library/IT-FI0215,IT-FI0215,Biblioteca Biomedica - Università degli studi di Firenze,false
https://biblioteche-fantasma.invalid/resource/library/IT-FI0280,IT-FI0280,Biblioteca dell'Istituto di gerontologia e geriatria e di clinica urologica. Sezione di gerontologia e geriatria della Facoltà di medicina e chirurgia dell'Università degli studi di Firenze,https://biblioteche-fantasma.invalid/resource/library/IT-FI0215,IT-FI0215,Biblioteca Biomedica - Università degli studi di Firenze,false
https://biblioteche-fantasma.invalid/resource/library/IT-FI0281,IT-FI0281,Biblioteca di Scienze sociali. Diritto dell'economia dell'Università degli studi di Firenze,https://biblioteche-fantasma.invalid/resource/library/IT-FI0597,IT-FI0597,Biblioteca di scienze sociali dell'Università degli studi di Firenze,false
https://biblioteche-fantasma.invalid/resource/library/IT-FI0282,IT-FI0282,Biblioteca dell'Istituto linguistico della Facoltà di economia e commercio dell'Università degli studi di Firenze,https://biblioteche-fantasma.invalid/resource/library/IT-FI0597,IT-FI0597,Biblioteca di scienze sociali dell'Università degli studi di Firenze,false
https://biblioteche-fantasma.invalid/resource/library/IT-FI0283,IT-FI0283,Biblioteca dell'Istituto di clinica medica generale e cardiologia della Facoltà di medicina e chirurgia dell'Università degli studi di Firenze,https://biblioteche-fantasma.invalid/resource/library/IT-FI0215,IT-FI0215,Biblioteca Biomedica - Università degli studi di Firenze,false
https://biblioteche-fantasma.invalid/resource/library/IT-FI0284,IT-FI0284,Biblioteca di scienze tecnologiche - Dipartimento di progettazione dell'architettura dell'Università degli studi di Firenze,https://biblioteche-fantasma.invalid/resource/library/IT-FI0231,IT-FI0231,Biblioteca di scienze tecnologiche - Architettura - Università degli studi di Firenze,false
https://biblioteche-fantasma.invalid/resource/library/IT-FI0286,IT-FI0286,Biblioteca del Dipartimento di sanità pubblica epidemiologica e chimica analitica ambientale. Sezione di igiene dell'Università degli studi di Firenze,https://biblioteche-fantasma.invalid/resource/library/IT-FI0215,IT-FI0215,Biblioteca Biomedica - Università degli studi di Firenze,false
https://biblioteche-fantasma.invalid/resource/library/IT-FI0287,IT-FI0287,Biblioteca del Dipartimento di scienze aziendali dell'Università degli studi di Firenze,https://biblioteche-fantasma.invalid/resource/library/IT-FI0597,IT-FI0597,Biblioteca di scienze sociali dell'Università degli studi di Firenze,false
https://biblioteche-fantasma.invalid/resource/library/IT-FI0288,IT-FI0288,Biblioteca del Dipartimento di scienze economiche dell'Università degli studi di Firenze,https://biblioteche-fantasma.invalid/resource/library/IT-FI0597,IT-FI0597,Biblioteca di scienze sociali dell'Università degli studi di Firenze,false
https://biblioteche-fantasma.invalid/resource/library/IT-FI0289,IT-FI0289,Biblioteca del Dipartimento di scienze fisiologiche dell'Università degli studi di Firenze,https://biblioteche-fantasma.invalid/resource/library/IT-FI0215,IT-FI0215,Biblioteca Biomedica - Università degli studi di Firenze,false
https://biblioteche-fantasma.invalid/resource/library/IT-FI0290,IT-FI0290,Biblioteca del Dipartimento di scienze zootecniche dell'Università degli studi di Firenze,https://biblioteche-fantasma.invalid/resource/library/IT-FI0233,IT-FI0233,Biblioteca di scienze tecnologiche - Agraria - Università degli studi di Firenze,false
https://biblioteche-fantasma.invalid/resource/library/IT-FI0291,IT-FI0291,Biblioteca del Dipartimento di storia dell'architettura e restauro delle strutture architettoniche dell'Università degli studi di Firenze,https://biblioteche-fantasma.invalid/resource/library/IT-FI0231,IT-FI0231,Biblioteca di scienze tecnologiche - Architettura - Università degli studi di Firenze,false
https://biblioteche-fantasma.invalid/resource/library/IT-FI0294,IT-FI0294,Biblioteca dell'Istituto di patologia generale della Facoltà di medicina e chirurgia dell'Università degli studi di Firenze,https://biblioteche-fantasma.invalid/resource/library/IT-FI0215,IT-FI0215,Biblioteca Biomedica - Università degli studi di Firenze,false
https://biblioteche-fantasma.invalid/resource/library/IT-FI0295,IT-FI0295,Biblioteca di scienze tecnologiche - Dipartimento TAeD Pierluigi Spadolini - Università degli studi di Firenze,https://biblioteche-fantasma.invalid/resource/library/IT-FI0231,IT-FI0231,Biblioteca di scienze tecnologiche - Architettura - Università degli studi di Firenze,false
https://biblioteche-fantasma.invalid/resource/library/IT-FI0297,IT-FI0297,Biblioteca dell'Istituto di microbiologia della Facoltà di medicina e chirurgia dell'Università degli studi di Firenze,https://biblioteche-fantasma.invalid/resource/library/IT-FI0215,IT-FI0215,Biblioteca Biomedica - Università degli studi di Firenze,false
https://biblioteche-fantasma.invalid/resource/library/IT-FI0298,IT-FI0298,"Biblioteca del Dipartimento di anatomia, istologia e medicina legale. Medicina legale dell'Università degli studi di Firenze",https://biblioteche-fantasma.invalid/resource/library/IT-FI0215,IT-FI0215,Biblioteca Biomedica - Università degli studi di Firenze,false
https://biblioteche-fantasma.invalid/resource/library/IT-FI0299,IT-FI0299,Biblioteca del Dipartimento di studi sul Medioevo e Rinascimento dell'Università degli studi di Firenze,https://biblioteche-fantasma.invalid/resource/library/IT-FI0211,IT-FI0211,Biblioteca Umanistica - Lettere  - Università degli studi di Firenze,false
https://biblioteche-fantasma.invalid/resource/library/IT-FI0300,IT-FI0300,Biblioteca dell'Istituto di patologia e zoologia forestale ed agraria della Facoltà di agraria dell'Università degli studi di Firenze,https://biblioteche-fantasma.invalid/resource/library/IT-FI0233,IT-FI0233,Biblioteca di scienze tecnologiche - Agraria - Università degli studi di Firenze,false
https://biblioteche-fantasma.invalid/resource/library/IT-FI0301,IT-FI0301,Biblioteca del Dipartimento di biologia vegetale dell'Università degli studi di Firenze,https://biblioteche-fantasma.invalid/resource/library/IT-FI0225,IT-FI0225,Biblioteca di scienze - Botanica - Università degli studi di Firenze,false
https://biblioteche-fantasma.invalid/resource/library/IT-FI0303,IT-FI0303,Biblioteca del Dipartimento di italianistica dell'Università degli studi di Firenze,https://biblioteche-fantasma.invalid/resource/library/IT-FI0211,IT-FI0211,Biblioteca Umanistica - Lettere  - Università degli studi di Firenze,false
https://biblioteche-fantasma.invalid/resource/library/IT-FI0304,IT-FI0304,Biblioteca del Dipartimento di scienze dell'antichità Giorgio Pasquali dell'Università degli studi di Firenze,https://biblioteche-fantasma.invalid/resource/library/IT-FI0211,IT-FI0211,Biblioteca Umanistica - Lettere  - Università degli studi di Firenze,false
https://biblioteche-fantasma.invalid/resource/library/IT-FI0305,IT-FI0305,Biblioteca del Dipartimento di linguistica dell'Università degli studi di Firenze,https://biblioteche-fantasma.invalid/resource/library/IT-FI0211,IT-FI0211,Biblioteca Umanistica - Lettere  - Università degli studi di Firenze,false
https://biblioteche-fantasma.invalid/resource/library/IT-FI0306,IT-FI0306,Biblioteca di scienze. Dipartimento di chimica organica Ugo Schiff dell'Università degli studi di Firenze,https://biblioteche-fantasma.invalid/resource/library/IT-FI0598,IT-FI0598,Biblioteca di scienze - Polo scientifico di Sesto Fiorentino - Università degli studi di Firenze ,false
https://biblioteche-fantasma.invalid/resource/library/IT-FI0307,IT-FI0307,Biblioteca del Dipartimento di costruzioni Leonardo Lusanna dell'Università degli studi di Firenze,https://biblioteche-fantasma.invalid/resource/library/IT-FI0231,IT-FI0231,Biblioteca di scienze tecnologiche - Architettura - Università degli studi di Firenze,false
https://biblioteche-fantasma.invalid/resource/library/IT-FI0308,IT-FI0308,Biblioteca del Dipartimento economico estimativo agrario e forestale dell'Università degli studi di Firenze,https://biblioteche-fantasma.invalid/resource/library/IT-FI0233,IT-FI0233,Biblioteca di scienze tecnologiche - Agraria - Università degli studi di Firenze,false
https://biblioteche-fantasma.invalid/resource/library/IT-FI0309,IT-FI0309,Biblioteca del Dipartimento di diritto comparato e penale e Dipartimento di diritto privato e processuale dell'Università degli studi di Firenze,https://biblioteche-fantasma.invalid/resource/library/IT-FI0597,IT-FI0597,Biblioteca di scienze sociali dell'Università degli studi di Firenze,false
https://biblioteche-fantasma.invalid/resource/library/IT-FI0310,IT-FI0310,Biblioteca di Scienze sociali. Emeroteca dell'Università degli studi di Firenze,https://biblioteche-fantasma.invalid/resource/library/IT-FI0597,IT-FI0597,Biblioteca di scienze sociali dell'Università degli studi di Firenze,false
https://biblioteche-fantasma.invalid/resource/library/IT-FI0311,IT-FI0311,"Biblioteca del Dipartimento di anatomia umana, istologia e medicina legale. Istologia dell'Università degli studi di Firenze",https://biblioteche-fantasma.invalid/resource/library/IT-FI0215,IT-FI0215,Biblioteca Biomedica - Università degli studi di Firenze,false
https://biblioteche-fantasma.invalid/resource/library/IT-FI0313,IT-FI0313,Biblioteca biomedica del Dipartimento di farmacologia preclinica e clinica Mario Aiazzi Mancini dell'Università degli studi di Firenze,https://biblioteche-fantasma.invalid/resource/library/IT-FI0215,IT-FI0215,Biblioteca Biomedica - Università degli studi di Firenze,false
https://biblioteche-fantasma.invalid/resource/library/IT-FI0314,IT-FI0314,Biblioteca del Dipartimento di energetica dell'Università degli studi di Firenze,https://biblioteche-fantasma.invalid/resource/library/IT-FI0230,IT-FI0230,Biblioteca di scienze tecnologiche - Ingegneria - Università degli studi di Firenze,false
https://biblioteche-fantasma.invalid/resource/library/IT-FI0320,IT-FI0320,Biblioteca comunale dell'Argingrosso,https://biblioteche-fantasma.invalid/resource/library/IT-FI0501,IT-FI0501,BiblioteCaNova Isolotto,false
https://biblioteche-fantasma.invalid/resource/library/IT-FI0331,IT-FI0331,Biblioteca della Fondazione di studi storici Filippo Turati,https://biblioteche-fantasma.invalid/resource/library/IT-FI0611,IT-FI0611,"Biblioteca della Fondazione di studi storici ""Filippo Turati""",false
https://biblioteche-fantasma.invalid/resource/library/IT-FI0347,IT-FI0347,Biblioteca di scienze. Mineralogia dell'Università degli studi di Firenze,https://biblioteche-fantasma.invalid/resource/library/IT-FI0227,IT-FI0227,Biblioteca di scienze - Geomineralogia - Università degli studi di Firenze,false
https://biblioteche-fantasma.invalid/resource/library/IT-FI0348,IT-FI0348,Biblioteca biomedica del Dipartimento di medicina interna dell'Università degli studi di Firenze,https://biblioteche-fantasma.invalid/resource/library/IT-FI0215,IT-FI0215,Biblioteca Biomedica - Università degli studi di Firenze,false
https://biblioteche-fantasma.invalid/resource/library/IT-FI0353,IT-FI0353,Biblioteca dell'Istituto universitario di scienze motorie - IUSM,https://biblioteche-fantasma.invalid/resource/library/IT-FI0215,IT-FI0215,Biblioteca Biomedica - Università degli studi di Firenze,false
https://biblioteche-fantasma.invalid/resource/library/IT-FI0369,IT-FI0369,Biblioteca del Dipartimento di ingegneria elettronica dell'Università degli studi di Firenze,https://biblioteche-fantasma.invalid/resource/library/IT-FI0230,IT-FI0230,Biblioteca di scienze tecnologiche - Ingegneria - Università degli studi di Firenze,false
https://biblioteche-fantasma.invalid/resource/library/IT-FI0370,IT-FI0370,"Biblioteca del Dipartimento di matematica per le decisioni economiche, finanziarie, attuariali e sociali dell'Università degli studi di Firenze",https://biblioteche-fantasma.invalid/resource/library/IT-FI0597,IT-FI0597,Biblioteca di scienze sociali dell'Università degli studi di Firenze,false
https://biblioteche-fantasma.invalid/resource/library/IT-FI0372,IT-FI0372,Biblioteca del Dipartimento di ingegneria civile dell'Università degli studi di Firenze,https://biblioteche-fantasma.invalid/resource/library/IT-FI0230,IT-FI0230,Biblioteca di scienze tecnologiche - Ingegneria - Università degli studi di Firenze,false
https://biblioteche-fantasma.invalid/resource/library/IT-FI0373,IT-FI0373,Biblioteca del Dipartimento di ingegneria agraria e forestale. Sezione di meccanica dell'Università degli studi di Firenze,https://biblioteche-fantasma.invalid/resource/library/IT-FI0233,IT-FI0233,Biblioteca di scienze tecnologiche - Agraria - Università degli studi di Firenze,false
https://biblioteche-fantasma.invalid/resource/library/IT-FI0374,IT-FI0374,Biblioteca del Dipartimento di fisiopatologia clinica dell'Università degli studi di Firenze,https://biblioteche-fantasma.invalid/resource/library/IT-FI0215,IT-FI0215,Biblioteca Biomedica - Università degli studi di Firenze,false
https://biblioteche-fantasma.invalid/resource/library/IT-FI0376,IT-FI0376,Biblioteca dell'Istituto di medicina del lavoro della Facoltà di medicina e chirurgia dell'Università degli studi di Firenze,https://biblioteche-fantasma.invalid/resource/library/IT-FI0215,IT-FI0215,Biblioteca Biomedica - Università degli studi di Firenze,false
https://biblioteche-fantasma.invalid/resource/library/IT-FI0377,IT-FI0377,Biblioteca dell'Istituto di selvicoltura della Facoltà di agraria dell'Università degli studi di Firenze,https://biblioteche-fantasma.invalid/resource/library/IT-FI0233,IT-FI0233,Biblioteca di scienze tecnologiche - Agraria - Università degli studi di Firenze,false
https://biblioteche-fantasma.invalid/resource/library/IT-FI0378,IT-FI0378,Biblioteca dell'Istituto di storia economica della Facoltà di economia e commercio dell'Università degli studi di Firenze,https://biblioteche-fantasma.invalid/resource/library/IT-FI0597,IT-FI0597,Biblioteca di scienze sociali dell'Università degli studi di Firenze,false
https://biblioteche-fantasma.invalid/resource/library/IT-FI0432,IT-FI0432,Biblioteca dell'Istituto sperimentale per la selvicoltura. Sezione staccata di Firenze,https://biblioteche-fantasma.invalid/resource/library/IT-AR0007,IT-AR0007,Biblioteca Centro di Ricerca Foreste e Legno,false
https://biblioteche-fantasma.invalid/resource/library/IT-FI0532,IT-FI0532,Biblioteca teatrale Alfonso Spadoni,https://biblioteche-fantasma.invalid/resource/library/IT-FI0098,IT-FI0098,Biblioteca nazionale centrale,false
https://biblioteche-fantasma.invalid/resource/library/IT-FI0545,IT-FI0545,Biblioteca di scienze. Dipartimento di chimica dell'Università degli studi di Firenze,https://biblioteche-fantasma.invalid/resource/library/IT-FI0598,IT-FI0598,Biblioteca di scienze - Polo scientifico di Sesto Fiorentino - Università degli studi di Firenze ,false
https://biblioteche-fantasma.invalid/resource/library/IT-FI0546,IT-FI0546,Biblioteca della Società di studi geografici,https://biblioteche-fantasma.invalid/resource/library/IT-FI0212,IT-FI0212,Biblioteca Umanistica - Geografia - Università degli studi di Firenze,false
https://biblioteche-fantasma.invalid/resource/library/IT-FI0564,IT-FI0564,Biblioteca del Dipartimento di scienze e tecnologie alimentari e microbiologiche. Sezione di industrie e tecnologie alimentari dell'Università degli studi di Firenze,https://biblioteche-fantasma.invalid/resource/library/IT-FI0233,IT-FI0233,Biblioteca di scienze tecnologiche - Agraria - Università degli studi di Firenze,false
https://biblioteche-fantasma.invalid/resource/library/IT-FI0565,IT-FI0565,Biblioteca di matematica della Facoltà di architettura dell'Università degli studi di Firenze,https://biblioteche-fantasma.invalid/resource/library/IT-FI0228,IT-FI0228,Biblioteca di scienze - Matematica - Università degli studi di Firenze,false
https://biblioteche-fantasma.invalid/resource/library/IT-FI0566,IT-FI0566,Biblioteca del Dipartimento di matematica applicata Giovanni Sansone,https://biblioteche-fantasma.invalid/resource/library/IT-FI0228,IT-FI0228,Biblioteca di scienze - Matematica - Università degli studi di Firenze,false
https://biblioteche-fantasma.invalid/resource/library/IT-FI0578,IT-FI0578,Biblioteca di scienze. Fondo librario del Museo di storia naturale. Sezione di antropologia e etnologia dell'Università degli studi di Firenze,https://biblioteche-fantasma.invalid/resource/library/IT-FI0224,IT-FI0224,Biblioteca di scienze - Antropologia - Università degli studi di Firenze,false
https://biblioteche-fantasma.invalid/resource/library/IT-FI0579,IT-FI0579,Biblioteca di scienze. Fondo librario del Museo di storia naturale. Sezione geologia e paleontologia dell'Università degli studi di Firenze,https://biblioteche-fantasma.invalid/resource/library/IT-FI0227,IT-FI0227,Biblioteca di scienze - Geomineralogia - Università degli studi di Firenze,false
https://biblioteche-fantasma.invalid/resource/library/IT-FI0580,IT-FI0580,Biblioteca di scienze. Fondo librario del Museo di storia naturale. Sezione di mineralogia e litologia dell'Università degli studi di Firenze,https://biblioteche-fantasma.invalid/resource/library/IT-FI0227,IT-FI0227,Biblioteca di scienze - Geomineralogia - Università degli studi di Firenze,false
https://biblioteche-fantasma.invalid/resource/library/IT-FI0581,IT-FI0581,Biblioteca di scienze. Fondo librario del Museo zoologico La Specola dell'Università degli studi di Firenze,https://biblioteche-fantasma.invalid/resource/library/IT-FI0598,IT-FI0598,Biblioteca di scienze - Polo scientifico di Sesto Fiorentino - Università degli studi di Firenze ,false
https://biblioteche-fantasma.invalid/resource/library/IT-FI0583,IT-FI0583,Biblioteca del Centro interuniversitario di ingegneria delle microonde per applicazioni spaziali,https://biblioteche-fantasma.invalid/resource/library/IT-FI0230,IT-FI0230,Biblioteca di scienze tecnologiche - Ingegneria - Università degli studi di Firenze,false
https://biblioteche-fantasma.invalid/resource/library/IT-FI0591,IT-FI0591,"Biblioteca del Dipartimento di anatomia, istologia e medicina legale dell'Università degli studi di Firenze",https://biblioteche-fantasma.invalid/resource/library/IT-FI0215,IT-FI0215,Biblioteca Biomedica - Università degli studi di Firenze,false
https://biblioteche-fantasma.invalid/resource/library/IT-FI0616,IT-FI0616,Biblioteca dell'Identità Toscana,https://biblioteche-fantasma.invalid/resource/library/IT-FI0363,IT-FI0363,Biblioteca della Toscana Pietro Leopoldo,false
https://biblioteche-fantasma.invalid/resource/library/IT-FI0622,IT-FI0622,Biblioteca del Centro di Documentazione per l'Educazione alla Salute - CEDEAS,https://biblioteche-fantasma.invalid/resource/library/IT-FI0553,IT-FI0553,Polo documentario AUSL Toscana Centro,false
https://biblioteche-fantasma.invalid/resource/library/IT-FI0877,IT-FI0877,"Biblioteca del Centro studi, ricerca e documentazione, dipendenze e AIDS - CESDA",https://biblioteche-fantasma.invalid/resource/library/IT-FI0553,IT-FI0553,Polo documentario AUSL Toscana Centro,false
https://biblioteche-fantasma.invalid/resource/library/IT-FR0100,IT-FR0100,Biblioteca del Dipartimento impresa e lavoro dell'Università degli studi di Cassino,https://biblioteche-fantasma.invalid/resource/library/IT-FR0098,IT-FR0098,Centro Servizi Bibliotecari di Area Giuridico-Economica,false
https://biblioteche-fantasma.invalid/resource/library/IT-FR0143,IT-FR0143,Biblioteca della Scuola civiltà monastica dell'Università degli studi di Cassino,https://biblioteche-fantasma.invalid/resource/library/IT-FR0017,IT-FR0017,Biblioteca Umanistica Giorgio Aprea - Centro Servizi Bibliotecari dell'Università degli Studi di Cassino,false
https://biblioteche-fantasma.invalid/resource/library/IT-GE0030,IT-GE0030,Biblioteca dei Domenicani di S. Maria di Castello,https://biblioteche-fantasma.invalid/resource/library/IT-TO0071,IT-TO0071,Biblioteca provinciale di filosofia San Tommaso d'Aquino,false
https://biblioteche-fantasma.invalid/resource/library/IT-GE0031,IT-GE0031,Biblioteca della Badia dei Benedettini di S. Andrea della Castagna,https://biblioteche-fantasma.invalid/resource/library/IT-CH0164,IT-CH0164,Biblioteca Monastero Santa Maria dei miracoli,false
https://biblioteche-fantasma.invalid/resource/library/IT-GE0032,IT-GE0032,Biblioteca civica Giuseppe Rapetti,https://biblioteche-fantasma.invalid/resource/library/IT-GE0185,IT-GE0185,Biblioteca civica Francesco Gallino,false
https://biblioteche-fantasma.invalid/resource/library/IT-GE0062,IT-GE0062,Biblioteca della Scuola politecnica. Sezione DICCA - Chimica. Università degli studi di Genova,https://biblioteche-fantasma.invalid/resource/library/IT-GE0257,IT-GE0257,Biblioteca della Scuola politecnica. Sede di Ingegneria - Opera Pia. Università degli studi di Genova,false
https://biblioteche-fantasma.invalid/resource/library/IT-GE0067,IT-GE0067,Biblioteca della Scuola Politecnica. Sezione DIME - Macchine e trasporti. Università degli studi di Genova,https://biblioteche-fantasma.invalid/resource/library/IT-GE0257,IT-GE0257,Biblioteca della Scuola politecnica. Sede di Ingegneria - Opera Pia. Università degli studi di Genova,false
https://biblioteche-fantasma.invalid/resource/library/IT-GE0068,IT-GE0068,Biblioteca del Dipartimento di ingegneria della produzione dell'Università degli studi di Genova,https://biblioteche-fantasma.invalid/resource/library/IT-GE0257,IT-GE0257,Biblioteca della Scuola politecnica. Sede di Ingegneria - Opera Pia. Università degli studi di Genova,false
https://biblioteche-fantasma.invalid/resource/library/IT-GE0069,IT-GE0069,Biblioteca del Dipartimento di tecnica ed economia delle aziende dell'Università degli studi di Genova ,https://biblioteche-fantasma.invalid/resource/library/IT-GE0057,IT-GE0057,Biblioteca della Scuola di scienze sociali. Sede di Economia. Università degli studi di Genova,false
https://biblioteche-fantasma.invalid/resource/library/IT-GE0072,IT-GE0072,Biblioteca della Scuola di scienze umanistiche. Sezione DAFIST - Storia moderna e contemporanea. Università degli studi di Genova,https://biblioteche-fantasma.invalid/resource/library/IT-GE0044,IT-GE0044,Biblioteca della Scuola di scienze umanistiche. Umanistica Balbisei. Università degli studi di Genova,false
https://biblioteche-fantasma.invalid/resource/library/IT-GE0074,IT-GE0074,Biblioteca della Scuola di scienze umanistiche. Sezione DIRAAS - Antichistica. Università degli studi di Genova,https://biblioteche-fantasma.invalid/resource/library/IT-GE0232,IT-GE0232,Biblioteca della Scuola di scienze umanistiche. Umanistica Balbiquattro. Università degli studi di Genova,false
https://biblioteche-fantasma.invalid/resource/library/IT-GE0076,IT-GE0076,Biblioteca della Scuola Politecnica. Sezione DICCA - Costruzioni. Università degli studi di Genova,https://biblioteche-fantasma.invalid/resource/library/IT-GE0257,IT-GE0257,Biblioteca della Scuola politecnica. Sede di Ingegneria - Opera Pia. Università degli studi di Genova,false
https://biblioteche-fantasma.invalid/resource/library/IT-GE0085,IT-GE0085,Biblioteca della Scuola Politecnica. Sezione DIME - Meccanica. Università degli studi di Genova,https://biblioteche-fantasma.invalid/resource/library/IT-GE0257,IT-GE0257,Biblioteca della Scuola politecnica. Sede di Ingegneria - Opera Pia. Università degli studi di Genova,false
https://biblioteche-fantasma.invalid/resource/library/IT-GE0093,IT-GE0093,Biblioteca della Scuola di scienze umanistiche. Sezione DIRAAS - Italianistica. Università degli studi di Genova,https://biblioteche-fantasma.invalid/resource/library/IT-GE0044,IT-GE0044,Biblioteca della Scuola di scienze umanistiche. Umanistica Balbisei. Università degli studi di Genova,false
https://biblioteche-fantasma.invalid/resource/library/IT-GE0095,IT-GE0095,Biblioteca della Scuola Politecnica. Sezione DICCA - Ambientale. Università degli studi di Genova,https://biblioteche-fantasma.invalid/resource/library/IT-GE0257,IT-GE0257,Biblioteca della Scuola politecnica. Sede di Ingegneria - Opera Pia. Università degli studi di Genova,false
https://biblioteche-fantasma.invalid/resource/library/IT-GE0098,IT-GE0098,Biblioteca dell'Istituto di geografia della Facoltà di lettere e filosofia dell'Università di Genova,https://biblioteche-fantasma.invalid/resource/library/IT-GE0105,IT-GE0105,Biblioteca della Scuola di scienze umanistiche. Umanistica Balbidue. Università degli studi di Genova,false
https://biblioteche-fantasma.invalid/resource/library/IT-GE0101,IT-GE0101,Biblioteca della Scuola politecnica. Sede di Ingegneria - Foce. Università degli studi di Genova,https://biblioteche-fantasma.invalid/resource/library/IT-GE0257,IT-GE0257,Biblioteca della Scuola politecnica. Sede di Ingegneria - Opera Pia. Università degli studi di Genova,false
https://biblioteche-fantasma.invalid/resource/library/IT-GE0102,IT-GE0102,Biblioteca dell'Istituto di finanza della Facoltà di economia dell'Università degli studi di Genova ,https://biblioteche-fantasma.invalid/resource/library/IT-GE0278,IT-GE0278,Biblioteca della Scuola di scienze sociali. Sezione DISPI. Università degli studi di Genova,false
https://biblioteche-fantasma.invalid/resource/library/IT-GE0114,IT-GE0114,Biblioteca dell'Istituto di clinica oculistica della Facoltà di medicina e chirurgia dell'Università degli studi di Genova,https://biblioteche-fantasma.invalid/resource/library/IT-GE0417,IT-GE0417,Biblioteca della Scuola di scienze mediche e farmaceutiche. Sezione DINOGMI. Università degli studi di Genova,false
https://biblioteche-fantasma.invalid/resource/library/IT-GE0118,IT-GE0118,"Biblioteca della Scuola di scienze matematiche, fisiche e naturali. Sede di Valletta Puggia (Chimica). Università degli studi di Genova",https://biblioteche-fantasma.invalid/resource/library/IT-GE0242,IT-GE0242,"Biblioteca della Scuola di scienze matematiche, fisiche e naturali. Sede di Valletta Puggia. Università degli studi di Genova",false
https://biblioteche-fantasma.invalid/resource/library/IT-GE0123,IT-GE0123,Biblioteca del Dipartimento di ingegneria navale e tecnologie marine dell'Università degli studi di Genova,https://biblioteche-fantasma.invalid/resource/library/IT-GE0257,IT-GE0257,Biblioteca della Scuola politecnica. Sede di Ingegneria - Opera Pia. Università degli studi di Genova,false
https://biblioteche-fantasma.invalid/resource/library/IT-GE0124,IT-GE0124,Biblioteca della Scuola Politecnica. Sezione DICCA - Urbanistica. Università degli studi di Genova,https://biblioteche-fantasma.invalid/resource/library/IT-GE0257,IT-GE0257,Biblioteca della Scuola politecnica. Sede di Ingegneria - Opera Pia. Università degli studi di Genova,false
https://biblioteche-fantasma.invalid/resource/library/IT-GE0127,IT-GE0127,"Centro servizi bibliotecari di biologia, scienze della terra e del mare. Sezione di anatomia comparata dell'Università degli studi di Genova",https://biblioteche-fantasma.invalid/resource/library/IT-GE0066,IT-GE0066,"Biblioteca della Scuola di scienze matematiche, fisiche e naturali. Sede di Biologia, Scienze delle terra e del mare",false
https://biblioteche-fantasma.invalid/resource/library/IT-GE0140,IT-GE0140,Biblioteca del Santuario Basilica di S. Francesco da Paola,https://biblioteche-fantasma.invalid/resource/library/IT-RM2064,IT-RM2064,Biblioteca generale dell'Ordine dei Minimi,false
https://biblioteche-fantasma.invalid/resource/library/IT-GE0193,IT-GE0193,Biblioteca tecnica interaziendale Ansaldo,https://biblioteche-fantasma.invalid/resource/library/IT-GE0648,IT-GE0648,Biblioteca della Fondazione Ansaldo,false
https://biblioteche-fantasma.invalid/resource/library/IT-GE0201,IT-GE0201,Biblioteca del Convento S. Francesco di Albaro,https://biblioteche-fantasma.invalid/resource/library/IT-PD0172,IT-PD0172,Biblioteca dell'Istituto teologico S. Antonio Dottore,false
https://biblioteche-fantasma.invalid/resource/library/IT-GE0215,IT-GE0215,Biblioteca archivio storico dei padri Somaschi,https://biblioteche-fantasma.invalid/resource/library/IT-GE0045,IT-GE0045,Biblioteca Franzoniana,false
https://biblioteche-fantasma.invalid/resource/library/IT-GE0229,IT-GE0229,Biblioteca della Scuola Politecnica. Sezione DIME - Termoenergetica e condizionamento ambientale. Università degli studi di Genova,https://biblioteche-fantasma.invalid/resource/library/IT-GE0257,IT-GE0257,Biblioteca della Scuola politecnica. Sede di Ingegneria - Opera Pia. Università degli studi di Genova,false
https://biblioteche-fantasma.invalid/resource/library/IT-GE0230,IT-GE0230,"Biblioteca del Dipartimento di macchine, sist. energetici e trasporti. Sez. macchine e sist. energetici dell'Università di Genova ",https://biblioteche-fantasma.invalid/resource/library/IT-GE0257,IT-GE0257,Biblioteca della Scuola politecnica. Sede di Ingegneria - Opera Pia. Università degli studi di Genova,false
https://biblioteche-fantasma.invalid/resource/library/IT-GE0231,IT-GE0231,Biblioteca della Scuola di scienze umanistiche. Sezione DAFIST - Filologia classica. Università degli studi di Genova,https://biblioteche-fantasma.invalid/resource/library/IT-GE0232,IT-GE0232,Biblioteca della Scuola di scienze umanistiche. Umanistica Balbiquattro. Università degli studi di Genova,false
https://biblioteche-fantasma.invalid/resource/library/IT-GE0233,IT-GE0233,Centro servizi bibliotecari di lingue e letterature straniere. Sezione anglistica-americanistica dell'Università degli studi di Genova,https://biblioteche-fantasma.invalid/resource/library/IT-GE0390,IT-GE0390,Biblioteca della Scuola di Scienze Umanistiche - Sede di Lingue,false
https://biblioteche-fantasma.invalid/resource/library/IT-GE0234,IT-GE0234,Centro servizi bibliotecari di lingue e letterature straniere. Sezione germanistica dell'Università degli studi di Genova,https://biblioteche-fantasma.invalid/resource/library/IT-GE0390,IT-GE0390,Biblioteca della Scuola di Scienze Umanistiche - Sede di Lingue,false
https://biblioteche-fantasma.invalid/resource/library/IT-GE0236,IT-GE0236,"Centro servizi bibliotecari di biologia, scienze della terra e del mare. Sezione di fisiologia generale dell'Università degli studi di Genova",https://biblioteche-fantasma.invalid/resource/library/IT-GE0066,IT-GE0066,"Biblioteca della Scuola di scienze matematiche, fisiche e naturali. Sede di Biologia, Scienze delle terra e del mare",false
https://biblioteche-fantasma.invalid/resource/library/IT-GE0238,IT-GE0238,Biblioteca dell'Istituto di discipline scientifiche e tecniche della Facoltà di architettura dell'Università degli studi di Genova,https://biblioteche-fantasma.invalid/resource/library/IT-GE0237,IT-GE0237,Biblioteca della Scuola politecnica. Sede di Architettura. Università degli studi di Genova,false
https://biblioteche-fantasma.invalid/resource/library/IT-GE0240,IT-GE0240,"Biblioteca della Scuola di scienze matematiche, fisiche e naturali. Sede di Valletta Puggia (Fisica). Università degli studi di Genova",https://biblioteche-fantasma.invalid/resource/library/IT-GE0242,IT-GE0242,"Biblioteca della Scuola di scienze matematiche, fisiche e naturali. Sede di Valletta Puggia. Università degli studi di Genova",false
https://biblioteche-fantasma.invalid/resource/library/IT-GE0241,IT-GE0241,Centro servizi bibliotecari di lingue e letterature straniere. Sezione francesistica dell'Università degli studi di Genova,https://biblioteche-fantasma.invalid/resource/library/IT-GE0390,IT-GE0390,Biblioteca della Scuola di Scienze Umanistiche - Sede di Lingue,false
https://biblioteche-fantasma.invalid/resource/library/IT-GE0243,IT-GE0243,"Centro servizi bibliotecari di biologia, scienze della terra e del mare dell'Università degli studi di Genova",https://biblioteche-fantasma.invalid/resource/library/IT-GE0066,IT-GE0066,"Biblioteca della Scuola di scienze matematiche, fisiche e naturali. Sede di Biologia, Scienze delle terra e del mare",false
https://biblioteche-fantasma.invalid/resource/library/IT-GE0244,IT-GE0244,"Centro servizi bibliotecari di biologia, scienze della terra e del mare. Sezione di scienze della terra dell'Università degli studi di Genova",https://biblioteche-fantasma.invalid/resource/library/IT-GE0066,IT-GE0066,"Biblioteca della Scuola di scienze matematiche, fisiche e naturali. Sede di Biologia, Scienze delle terra e del mare",false
https://biblioteche-fantasma.invalid/resource/library/IT-GE0246,IT-GE0246,Biblioteca dell'Istituto di progettazione architettonica della Facoltà di architettura dell'Università di Genova ,https://biblioteche-fantasma.invalid/resource/library/IT-GE0237,IT-GE0237,Biblioteca della Scuola politecnica. Sede di Architettura. Università degli studi di Genova,false
https://biblioteche-fantasma.invalid/resource/library/IT-GE0255,IT-GE0255,Biblioteca del Dipartimento di chimica e tecnologie farmaceutiche ed alimentari dell'Università degli studi di Genova,https://biblioteche-fantasma.invalid/resource/library/IT-GE0254,IT-GE0254,Biblioteca della Scuola di scienze mediche e farmaceutiche. Sede di Farmacia. Università degli studi di Genova,false
https://biblioteche-fantasma.invalid/resource/library/IT-GE0256,IT-GE0256,Biblioteca del Dipartimento di scienze farmaceutiche dell'Università degli studi di Genova,https://biblioteche-fantasma.invalid/resource/library/IT-GE0254,IT-GE0254,Biblioteca della Scuola di scienze mediche e farmaceutiche. Sede di Farmacia. Università degli studi di Genova,false
https://biblioteche-fantasma.invalid/resource/library/IT-GE0258,IT-GE0258,Biblioteca dell'Istituto matematico della Facoltà di ingegneria dell'Università di Genova ,https://biblioteche-fantasma.invalid/resource/library/IT-GE0257,IT-GE0257,Biblioteca della Scuola politecnica. Sede di Ingegneria - Opera Pia. Università degli studi di Genova,false
https://biblioteche-fantasma.invalid/resource/library/IT-GE0259,IT-GE0259,Biblioteca dell'Istituto di chimica della Facoltà di ingegneria dell'Università degli studi di Genova,https://biblioteche-fantasma.invalid/resource/library/IT-GE0257,IT-GE0257,Biblioteca della Scuola politecnica. Sede di Ingegneria - Opera Pia. Università degli studi di Genova,false
https://biblioteche-fantasma.invalid/resource/library/IT-GE0260,IT-GE0260,Biblioteca della Scuola di scienze umanistiche. Sezione DAFIST - Glottologia. Università degli studi di Genova,https://biblioteche-fantasma.invalid/resource/library/IT-GE0232,IT-GE0232,Biblioteca della Scuola di scienze umanistiche. Umanistica Balbiquattro. Università degli studi di Genova,false
https://biblioteche-fantasma.invalid/resource/library/IT-GE0263,IT-GE0263,Biblioteca della Scuola di scienze umanistiche. Sezione DAFIST - Medievistica e geografia. Università degli studi di Genova,https://biblioteche-fantasma.invalid/resource/library/IT-GE0105,IT-GE0105,Biblioteca della Scuola di scienze umanistiche. Umanistica Balbidue. Università degli studi di Genova,false
https://biblioteche-fantasma.invalid/resource/library/IT-GE0264,IT-GE0264,Biblioteca della Scuola di scienze umanistiche. Sezione DIRAAS - Arte e spettacolo. Università degli studi di Genova,https://biblioteche-fantasma.invalid/resource/library/IT-GE0232,IT-GE0232,Biblioteca della Scuola di scienze umanistiche. Umanistica Balbiquattro. Università degli studi di Genova,false
https://biblioteche-fantasma.invalid/resource/library/IT-GE0265,IT-GE0265,Biblioteca del Dip. di scienze dell'antichità e del Medioevo. Sez. civiltà classica e medievale dell'Università di Genova,https://biblioteche-fantasma.invalid/resource/library/IT-GE0263,IT-GE0263,Biblioteca della Scuola di scienze umanistiche. Sezione DAFIST - Medievistica e geografia. Università degli studi di Genova,false
https://biblioteche-fantasma.invalid/resource/library/IT-GE0266,IT-GE0266,Biblioteca del Dip. interdisc. di scienze storico-geografiche e linguistico-letterarie. Sez. di lingue e letterature straniere dell'Università di Genova ,https://biblioteche-fantasma.invalid/resource/library/IT-GE0262,IT-GE0262,Biblioteca della Scuola di scienze sociali. Sezione DISFOR - Formazione. Università degli studi di Genova,false
https://biblioteche-fantasma.invalid/resource/library/IT-GE0267,IT-GE0267,Biblioteca del Dipartimento interdisciplinare di scienze storico-geografiche e linguistico-letterarie. Sezione di scienze storiche dell'Università degli studi di Genova,https://biblioteche-fantasma.invalid/resource/library/IT-GE0262,IT-GE0262,Biblioteca della Scuola di scienze sociali. Sezione DISFOR - Formazione. Università degli studi di Genova,false
https://biblioteche-fantasma.invalid/resource/library/IT-GE0270,IT-GE0270,"Biblioteca del Dipartimento di medicina legale, psicologia, criminologia. Sez. di criminologia dell'Università di Genova",https://biblioteche-fantasma.invalid/resource/library/IT-GE0408,IT-GE0408,Biblioteca della Scuola di scienze mediche e farmaceutiche. Sezione DISSAL. Università degli studi di Genova,false
https://biblioteche-fantasma.invalid/resource/library/IT-GE0272,IT-GE0272,"Centro servizi bibliotecari di biologia, scienze della terra e del mare. Sezione di botanica dell'Università degli studi di Genova",https://biblioteche-fantasma.invalid/resource/library/IT-GE0066,IT-GE0066,"Biblioteca della Scuola di scienze matematiche, fisiche e naturali. Sede di Biologia, Scienze delle terra e del mare",false
https://biblioteche-fantasma.invalid/resource/library/IT-GE0273,IT-GE0273,Biblioteca del Dipartimento di scienze psichiatriche dell'Università degli studi di Genova ,https://biblioteche-fantasma.invalid/resource/library/IT-GE0417,IT-GE0417,Biblioteca della Scuola di scienze mediche e farmaceutiche. Sezione DINOGMI. Università degli studi di Genova,false
https://biblioteche-fantasma.invalid/resource/library/IT-GE0275,IT-GE0275,"Centro servizi bibliotecari di biologia, scienze della terra e del mare. Sezione di scienze ambientali marine dell'Università degli studi di Genova",https://biblioteche-fantasma.invalid/resource/library/IT-GE0066,IT-GE0066,"Biblioteca della Scuola di scienze matematiche, fisiche e naturali. Sede di Biologia, Scienze delle terra e del mare",false
https://biblioteche-fantasma.invalid/resource/library/IT-GE0277,IT-GE0277,Biblioteca del Dipartimento di scienza politica e sociale dell'Università degli studi Genova ,https://biblioteche-fantasma.invalid/resource/library/IT-GE0278,IT-GE0278,Biblioteca della Scuola di scienze sociali. Sezione DISPI. Università degli studi di Genova,false
https://biblioteche-fantasma.invalid/resource/library/IT-GE0281,IT-GE0281,Biblioteca dell'Istituto di studi economici della Facoltà di scienze politiche dell'Università degli studi di Genova ,https://biblioteche-fantasma.invalid/resource/library/IT-GE0278,IT-GE0278,Biblioteca della Scuola di scienze sociali. Sezione DISPI. Università degli studi di Genova,false
https://biblioteche-fantasma.invalid/resource/library/IT-GE0282,IT-GE0282,Biblioteca dell'Istituto di studi storico-politici della Facoltà di scienze politiche dell'Università degli studi di Genova,https://biblioteche-fantasma.invalid/resource/library/IT-GE0278,IT-GE0278,Biblioteca della Scuola di scienze sociali. Sezione DISPI. Università degli studi di Genova,false
https://biblioteche-fantasma.invalid/resource/library/IT-GE0287,IT-GE0287,Centro servizi bibliotecari di lingue e letterature straniere. Sezione slavistica dell'Università degli studi di Genova,https://biblioteche-fantasma.invalid/resource/library/IT-GE0390,IT-GE0390,Biblioteca della Scuola di Scienze Umanistiche - Sede di Lingue,false
https://biblioteche-fantasma.invalid/resource/library/IT-GE0301,IT-GE0301,Biblioteca dell'Ansaldo componenti,https://biblioteche-fantasma.invalid/resource/library/IT-GE0648,IT-GE0648,Biblioteca della Fondazione Ansaldo,false
https://biblioteche-fantasma.invalid/resource/library/IT-GE0302,IT-GE0302,Biblioteca dell'Ansaldo trasporti,https://biblioteche-fantasma.invalid/resource/library/IT-GE0648,IT-GE0648,Biblioteca della Fondazione Ansaldo,false
https://biblioteche-fantasma.invalid/resource/library/IT-GE0315,IT-GE0315,Biblioteca del Convento di S. Barnaba,https://biblioteche-fantasma.invalid/resource/library/IT-GE0039,IT-GE0039,Biblioteca provinciale dei Cappuccini di Genova,false
https://biblioteche-fantasma.invalid/resource/library/IT-GE0352,IT-GE0352,Biblioteca Centro di documentazione e ricerca sui trasferimenti di tecnologia. CeDRiTT,https://biblioteche-fantasma.invalid/resource/library/IT-GE0666,IT-GE0666,Biblioteca Fondazione Casa America ETS,false
https://biblioteche-fantasma.invalid/resource/library/IT-GE0357,IT-GE0357,Biblioteca di Sportopolis,https://biblioteche-fantasma.invalid/resource/library/IT-GE0434,IT-GE0434,Biblioteca del '900 - Fondazione De Ferrari,false
https://biblioteche-fantasma.invalid/resource/library/IT-GE0359,IT-GE0359,"Biblioteca del Centro di orientamento scolastico, professionale e sociale - COSPES",https://biblioteche-fantasma.invalid/resource/library/IT-GE0361,IT-GE0361,Biblioteca dell'Istituto don Bosco,false
https://biblioteche-fantasma.invalid/resource/library/IT-GE0365,IT-GE0365,Biblioteca della Scuola di scienze umanistiche. Sezione DAFIST - Archeologia. Università degli studi di Genova,https://biblioteche-fantasma.invalid/resource/library/IT-GE0044,IT-GE0044,Biblioteca della Scuola di scienze umanistiche. Umanistica Balbisei. Università degli studi di Genova,false
https://biblioteche-fantasma.invalid/resource/library/IT-GE0367,IT-GE0367,Centro servizi bibliotecari di lingue e letterature straniere. Sezione ispanistica dell'Università degli studi di Genova,https://biblioteche-fantasma.invalid/resource/library/IT-GE0390,IT-GE0390,Biblioteca della Scuola di Scienze Umanistiche - Sede di Lingue,false
https://biblioteche-fantasma.invalid/resource/library/IT-GE0374,IT-GE0374,Archivio Storico AMT SPA,https://biblioteche-fantasma.invalid/resource/library/IT-GE0648,IT-GE0648,Biblioteca della Fondazione Ansaldo,false
https://biblioteche-fantasma.invalid/resource/library/IT-GE0378,IT-GE0378,Biblioteca dell'Ist. di lingua e letteratura italiana della Facoltà di scienze della formazione dell'Università di Genova,https://biblioteche-fantasma.invalid/resource/library/IT-GE0262,IT-GE0262,Biblioteca della Scuola di scienze sociali. Sezione DISFOR - Formazione. Università degli studi di Genova,false
https://biblioteche-fantasma.invalid/resource/library/IT-GE0383,IT-GE0383,Biblioteca Franzoniana - Collezione Remondini,https://biblioteche-fantasma.invalid/resource/library/IT-GE0045,IT-GE0045,Biblioteca Franzoniana,false
https://biblioteche-fantasma.invalid/resource/library/IT-GE0391,IT-GE0391,Centro servizi bibliotecari di lingue e letterature straniere. Sezione scandinavistica dell'Università degli studi di Genova,https://biblioteche-fantasma.invalid/resource/library/IT-GE0390,IT-GE0390,Biblioteca della Scuola di Scienze Umanistiche - Sede di Lingue,false
https://biblioteche-fantasma.invalid/resource/library/IT-GE0393,IT-GE0393,Biblioteca del Consiglio regionale della Regione Liguria,https://biblioteche-fantasma.invalid/resource/library/IT-IM0070,IT-IM0070,Biblioteca del Polo universitario di Imperia. Università degli studi di Genova,false
https://biblioteche-fantasma.invalid/resource/library/IT-GE0400,IT-GE0400,Biblioteca dell'Istituto di tecnologia dell'architettura e dell'ambiente della Facoltà di architettura dell'Università degli studi di Genova ,https://biblioteche-fantasma.invalid/resource/library/IT-GE0237,IT-GE0237,Biblioteca della Scuola politecnica. Sede di Architettura. Università degli studi di Genova,false
https://biblioteche-fantasma.invalid/resource/library/IT-GE0402,IT-GE0402,Biblioteca del Dip. di diritto pubblico e processuale. Sez. Diritto e procedura penale dell'Università di Genova,https://biblioteche-fantasma.invalid/resource/library/IT-GE0040,IT-GE0040,Biblioteca della Scuola di scienze sociali. Sede di Giurisprudenza. Università degli studi di Genova,false
https://biblioteche-fantasma.invalid/resource/library/IT-GE0410,IT-GE0410,Biblioteca comunale per bambini e ragazzi Musica di libri,https://biblioteche-fantasma.invalid/resource/library/IT-GE0672,IT-GE0672,Biblioteca Zavatarelli Edelfina e De Ferrari Maria Rosa,false
https://biblioteche-fantasma.invalid/resource/library/IT-GE0414,IT-GE0414,Biblioteca dell'Istituto di dermatologia della Facoltà di medicina e chirurgia dell'Università degli studi di Genova,https://biblioteche-fantasma.invalid/resource/library/IT-GE0408,IT-GE0408,Biblioteca della Scuola di scienze mediche e farmaceutiche. Sezione DISSAL. Università degli studi di Genova,false
https://biblioteche-fantasma.invalid/resource/library/IT-GE0418,IT-GE0418,Biblioteca della Scuola di scienze sociali. Sezione DDG - Storia del diritto. Università degli studi di Genova,https://biblioteche-fantasma.invalid/resource/library/IT-GE0040,IT-GE0040,Biblioteca della Scuola di scienze sociali. Sede di Giurisprudenza. Università degli studi di Genova,false
https://biblioteche-fantasma.invalid/resource/library/IT-GE0419,IT-GE0419,Biblioteca della Scuola di scienze sociali. Sezione DDG - Diritto ecclesiastico e canonico. Università degli studi di Genova,https://biblioteche-fantasma.invalid/resource/library/IT-GE0040,IT-GE0040,Biblioteca della Scuola di scienze sociali. Sede di Giurisprudenza. Università degli studi di Genova,false
https://biblioteche-fantasma.invalid/resource/library/IT-GE0422,IT-GE0422,Biblioteca della Scuola di scienze sociali. Sezione DDG - Diritto finanziario e tributario. Università degli studi di Genova,https://biblioteche-fantasma.invalid/resource/library/IT-GE0040,IT-GE0040,Biblioteca della Scuola di scienze sociali. Sede di Giurisprudenza. Università degli studi di Genova,false
https://biblioteche-fantasma.invalid/resource/library/IT-GE0423,IT-GE0423,Biblioteca della Scuola di scienze sociali. Sezione DDG - Diritto amministrativo. Università degli studi di Genova,https://biblioteche-fantasma.invalid/resource/library/IT-GE0040,IT-GE0040,Biblioteca della Scuola di scienze sociali. Sede di Giurisprudenza. Università degli studi di Genova,false
https://biblioteche-fantasma.invalid/resource/library/IT-GE0424,IT-GE0424,Biblioteca della Scuola di scienze sociali. Sezione DDG - Diritto privato. Università degli studi di Genova,https://biblioteche-fantasma.invalid/resource/library/IT-GE0040,IT-GE0040,Biblioteca della Scuola di scienze sociali. Sede di Giurisprudenza. Università degli studi di Genova,false
https://biblioteche-fantasma.invalid/resource/library/IT-GE0425,IT-GE0425,Biblioteca della Scuola di scienze sociali. Sezione DDG - Diritto commerciale. Università degli studi di Genova,https://biblioteche-fantasma.invalid/resource/library/IT-GE0040,IT-GE0040,Biblioteca della Scuola di scienze sociali. Sede di Giurisprudenza. Università degli studi di Genova,false
https://biblioteche-fantasma.invalid/resource/library/IT-GE0426,IT-GE0426,Biblioteca della Scuola di scienze sociali. Sezione DDG - Diritto internazionale. Università degli studi di Genova,https://biblioteche-fantasma.invalid/resource/library/IT-GE0040,IT-GE0040,Biblioteca della Scuola di scienze sociali. Sede di Giurisprudenza. Università degli studi di Genova,false
https://biblioteche-fantasma.invalid/resource/library/IT-GE0427,IT-GE0427,Biblioteca della Scuola di scienze sociali - Sezione DDG - Diritto costituzionale. Università degli studi di Genova,https://biblioteche-fantasma.invalid/resource/library/IT-GE0040,IT-GE0040,Biblioteca della Scuola di scienze sociali. Sede di Giurisprudenza. Università degli studi di Genova,false
https://biblioteche-fantasma.invalid/resource/library/IT-GE0428,IT-GE0428,Biblioteca della Scuola di scienze sociali. Sezione DDG - Diritto del lavoro. Università degli studi di Genova,https://biblioteche-fantasma.invalid/resource/library/IT-GE0040,IT-GE0040,Biblioteca della Scuola di scienze sociali. Sede di Giurisprudenza. Università degli studi di Genova,false
https://biblioteche-fantasma.invalid/resource/library/IT-IM0065,IT-IM0065,Biblioteca dei frati Cappuccini,https://biblioteche-fantasma.invalid/resource/library/IT-GE0039,IT-GE0039,Biblioteca provinciale dei Cappuccini di Genova,false
https://biblioteche-fantasma.invalid/resource/library/IT-IM0067,IT-IM0067,Biblioteca dei padri Cappuccini,https://biblioteche-fantasma.invalid/resource/library/IT-GE0039,IT-GE0039,Biblioteca provinciale dei Cappuccini di Genova,false
https://biblioteche-fantasma.invalid/resource/library/IT-LE0106,IT-LE0106,Biblioteca comunale,https://biblioteche-fantasma.invalid/resource/library/IT-LE0105,IT-LE0105,"Biblioteca comunale ""Carmine Cucugliato""",false
https://biblioteche-fantasma.invalid/resource/library/IT-LE0218,IT-LE0218,Biblioteca del Dipartimento di scienza dei sistemi sociali e della comunicazione dell'Università degli studi di Lecce,https://biblioteche-fantasma.invalid/resource/library/IT-LE0242,IT-LE0242,Biblioteca dipartimentale di Scienze Umane e Sociali,false
https://biblioteche-fantasma.invalid/resource/library/IT-LE0220,IT-LE0220,"Biblioteca del Dipartimento di scienze storiche, filosofiche e geografiche dell'Università degli studi di Lecce",https://biblioteche-fantasma.invalid/resource/library/IT-LE0242,IT-LE0242,Biblioteca dipartimentale di Scienze Umane e Sociali,false
https://biblioteche-fantasma.invalid/resource/library/IT-LE0239,IT-LE0239,"Biblioteca del Dipartimento di scienze pedagogiche, psicologiche e didattiche dell'Università degli studi di Lecce",https://biblioteche-fantasma.invalid/resource/library/IT-LE0242,IT-LE0242,Biblioteca dipartimentale di Scienze Umane e Sociali,false
https://biblioteche-fantasma.invalid/resource/library/IT-LE0240,IT-LE0240,Biblioteca del Diploma universitario in servizio sociale della Facoltà di scienze della formazione dell'Università degli studi di Lecce,https://biblioteche-fantasma.invalid/resource/library/IT-LE0242,IT-LE0242,Biblioteca dipartimentale di Scienze Umane e Sociali,false
https://biblioteche-fantasma.invalid/resource/library/IT-LU0018,IT-LU0018,Biblioteca comunale,https://biblioteche-fantasma.invalid/resource/library/IT-LU0088,IT-LU0088,Biblioteca comunale Graziano Bosi ,false
https://biblioteche-fantasma.invalid/resource/library/IT-LU0076,IT-LU0076,Biblioteca del Civico museo preistorico e archeologico Alberto Carlo Blanc,https://biblioteche-fantasma.invalid/resource/library/IT-LU0039,IT-LU0039,Biblioteca comunale Guglielmo Marconi,false
https://biblioteche-fantasma.invalid/resource/library/IT-LU0082,IT-LU0082,Biblioteca Famiglia Pellegrini,https://biblioteche-fantasma.invalid/resource/library/IT-LU0006,IT-LU0006,Biblioteca Fratelli Pellegrini,false
https://biblioteche-fantasma.invalid/resource/library/IT-MC0102,IT-MC0102,Biblioteca del Convento dei cappuccini,https://biblioteche-fantasma.invalid/resource/library/IT-FM0049,IT-FM0049,Biblioteca Centrale dei Frati Cappuccini delle Marche,false
https://biblioteche-fantasma.invalid/resource/library/IT-MC0155,IT-MC0155,Biblioteca del Convento dei cappuccini,https://biblioteche-fantasma.invalid/resource/library/IT-FM0049,IT-FM0049,Biblioteca Centrale dei Frati Cappuccini delle Marche,false
https://biblioteche-fantasma.invalid/resource/library/IT-MC0169,IT-MC0169,Biblioteca di Lingue del Dipartimento di Studi umanistici dell'Università degli studi di Macerata,https://biblioteche-fantasma.invalid/resource/library/IT-MC0170,IT-MC0170,"Biblioteca di Lettere, Lingue, Mediazione linguistica e Scienze storiche",false
https://biblioteche-fantasma.invalid/resource/library/IT-MC0171,IT-MC0171,"Biblioteca di Storia, filosofia del diritto, diritto ecclesiastico del Dipartimento di Giurisprudenza dell'Università degli studi di Macerata",https://biblioteche-fantasma.invalid/resource/library/IT-MC0183,IT-MC0183,Biblioteca giuridica dell'Università degli studi di Macerata,false
https://biblioteche-fantasma.invalid/resource/library/IT-MC0172,IT-MC0172,Biblioteca di Diritto internazionale e dell'Unione Europea del Dipartimento di Giurisprudenza dell'Università degli studi di Macerata,https://biblioteche-fantasma.invalid/resource/library/IT-MC0183,IT-MC0183,Biblioteca giuridica dell'Università degli studi di Macerata,false
https://biblioteche-fantasma.invalid/resource/library/IT-MC0175,IT-MC0175,Biblioteca di Diritto privato e del lavoro italiano e comparato del Dipartimento di Giurisprudenza dell'Università degli studi di Macerata,https://biblioteche-fantasma.invalid/resource/library/IT-MC0183,IT-MC0183,Biblioteca giuridica dell'Università degli studi di Macerata,false
https://biblioteche-fantasma.invalid/resource/library/IT-MC0176,IT-MC0176,Biblioteca di Diritto processuale civile del Dipartimento di Giurisprudenza dell'Università degli studi di Macerata,https://biblioteche-fantasma.invalid/resource/library/IT-MC0183,IT-MC0183,Biblioteca giuridica dell'Università degli studi di Macerata,false
https://biblioteche-fantasma.invalid/resource/library/IT-MC0177,IT-MC0177,"Biblioteca di Diritto pubblico e teoria del governo del Dipartimento di Scienze politiche, della comunicazione e delle relazioni internazionali dell'Università degli studi di Macerata",https://biblioteche-fantasma.invalid/resource/library/IT-MC0255,IT-MC0255,"Biblioteca di Scienze politiche, sociali e della Comunicazione ",false
https://biblioteche-fantasma.invalid/resource/library/IT-MC0178,IT-MC0178,Biblioteca di Diritto romano L. Raggi del Dipartimento di Giurisprudenza dell'Università degli studi di Macerata,https://biblioteche-fantasma.invalid/resource/library/IT-MC0183,IT-MC0183,Biblioteca giuridica dell'Università degli studi di Macerata,false
https://biblioteche-fantasma.invalid/resource/library/IT-MC0180,IT-MC0180,Biblioteca di Medicina legale e delle assicurazioni del Dipartimento di Giurisprudenza dell'Università degli studi di Macerata,https://biblioteche-fantasma.invalid/resource/library/IT-MC0183,IT-MC0183,Biblioteca giuridica dell'Università degli studi di Macerata,false
https://biblioteche-fantasma.invalid/resource/library/IT-MC0184,IT-MC0184,Biblioteca di Scienze Ambientali dell'Università degli studi di Camerino,https://biblioteche-fantasma.invalid/resource/library/IT-MC0276,IT-MC0276,Biblioteca di Scienze dell'Università degli studi di Camerino,false
https://biblioteche-fantasma.invalid/resource/library/IT-MC0185,IT-MC0185,Biblioteca F. Bonati del Dipartimento di scienze chimiche dell'Università degli studi di Camerino,https://biblioteche-fantasma.invalid/resource/library/IT-MC0276,IT-MC0276,Biblioteca di Scienze dell'Università degli studi di Camerino,false
https://biblioteche-fantasma.invalid/resource/library/IT-MC0186,IT-MC0186,Biblioteca del Dipartimento di matematica e fisica dell'Università degli studi di Camerino,https://biblioteche-fantasma.invalid/resource/library/IT-MC0276,IT-MC0276,Biblioteca di Scienze dell'Università degli studi di Camerino,false
https://biblioteche-fantasma.invalid/resource/library/IT-MC0187,IT-MC0187,Biblioteca del Dipartimento di scienze igienistiche e sanitarie-ambientali dell'Università degli studi di Camerino,https://biblioteche-fantasma.invalid/resource/library/IT-MC0276,IT-MC0276,Biblioteca di Scienze dell'Università degli studi di Camerino,false
https://biblioteche-fantasma.invalid/resource/library/IT-MC0188,IT-MC0188,Biblioteca dell'Istituto di medicina legale della Facoltà di giurisprudenza dell'Università degli studi di Camerino,https://biblioteche-fantasma.invalid/resource/library/IT-MC0199,IT-MC0199,Biblioteca Giuridica Centrale ,false
https://biblioteche-fantasma.invalid/resource/library/IT-MC0189,IT-MC0189,Biblioteca della Scuola di specializzazione in diritto civile dell'Università degli studi di Camerino,https://biblioteche-fantasma.invalid/resource/library/IT-MC0199,IT-MC0199,Biblioteca Giuridica Centrale ,false
https://biblioteche-fantasma.invalid/resource/library/IT-MC0190,IT-MC0190,Servizio bibliotecario del Centro interdipartimentale di calcolo dell'Università degli studi di Camerino,https://biblioteche-fantasma.invalid/resource/library/IT-MC0276,IT-MC0276,Biblioteca di Scienze dell'Università degli studi di Camerino,false
https://biblioteche-fantasma.invalid/resource/library/IT-MC0194,IT-MC0194,"Biblioteca del Dipartimento di biologia molecolare, cellulare, animale dell'Università degli studi di Camerino",https://biblioteche-fantasma.invalid/resource/library/IT-MC0276,IT-MC0276,Biblioteca di Scienze dell'Università degli studi di Camerino,false
https://biblioteche-fantasma.invalid/resource/library/IT-MC0195,IT-MC0195,Biblioteca del Dipartimento di scienze della terra dell'Università degli studi di Camerino,https://biblioteche-fantasma.invalid/resource/library/IT-MC0276,IT-MC0276,Biblioteca di Scienze dell'Università degli studi di Camerino,false
https://biblioteche-fantasma.invalid/resource/library/IT-MC0196,IT-MC0196,"Biblioteca dell'Istituto di farmacologia, farmacognosia e tecnica farmaceutica dell'Università degli studi di Camerino",https://biblioteche-fantasma.invalid/resource/library/IT-MC0276,IT-MC0276,Biblioteca di Scienze dell'Università degli studi di Camerino,false
https://biblioteche-fantasma.invalid/resource/library/IT-MC0217,IT-MC0217,Biblioteca del Centro linguistico di Ateneo dell'Università degli studi  di Camerino,https://biblioteche-fantasma.invalid/resource/library/IT-MC0199,IT-MC0199,Biblioteca Giuridica Centrale ,false
https://biblioteche-fantasma.invalid/resource/library/IT-MC0218,IT-MC0218,Biblioteca della Scuola di specializzazione in biochimica e chimica clinica dell'Università degli studi di Camerino,https://biblioteche-fantasma.invalid/resource/library/IT-MC0276,IT-MC0276,Biblioteca di Scienze dell'Università degli studi di Camerino,false
https://biblioteche-fantasma.invalid/resource/library/IT-MC0221,IT-MC0221,Biblioteca di Scienze storiche del Dipartimento di Studi umanistici dell'Università degli studi di Macerata,https://biblioteche-fantasma.invalid/resource/library/IT-MC0170,IT-MC0170,"Biblioteca di Lettere, Lingue, Mediazione linguistica e Scienze storiche",false
https://biblioteche-fantasma.invalid/resource/library/IT-MC0257,IT-MC0257,Biblioteca di Mediazione linguistica del Dipartimento di Studi umanistici dell'Università degli studi di Macerata,https://biblioteche-fantasma.invalid/resource/library/IT-MC0170,IT-MC0170,"Biblioteca di Lettere, Lingue, Mediazione linguistica e Scienze storiche",false
https://biblioteche-fantasma.invalid/resource/library/IT-ME0056,IT-ME0056,Biblioteca dell'Istituto di ginecologia della Facoltà di medicina e chirurgia dell'Università degli studi di Messina,https://biblioteche-fantasma.invalid/resource/library/IT-ME0055,IT-ME0055,Biblioteca del Polo Policlinico,false
https://biblioteche-fantasma.invalid/resource/library/IT-ME0058,IT-ME0058,"Biblioteca del Dipartimento di chimica inorganica, analitica e struttura molecolare dell'Università degli studi di Messina",https://biblioteche-fantasma.invalid/resource/library/IT-ME0057,IT-ME0057,"Biblioteca del Polo Papardo. Area delle scienze Matematiche, Fisiche e Naturali",false
https://biblioteche-fantasma.invalid/resource/library/IT-ME0061,IT-ME0061,Biblioteca dell'Istituto di chimica biologica della Facoltà di medicina e chirurgia dell'Università degli studi di Messina,https://biblioteche-fantasma.invalid/resource/library/IT-ME0055,IT-ME0055,Biblioteca del Polo Policlinico,false
https://biblioteche-fantasma.invalid/resource/library/IT-ME0063,IT-ME0063,Biblioteca del Dipartimento di chimica organica e biologica dell'Università degli studi di Messina,https://biblioteche-fantasma.invalid/resource/library/IT-ME0057,IT-ME0057,"Biblioteca del Polo Papardo. Area delle scienze Matematiche, Fisiche e Naturali",false
https://biblioteche-fantasma.invalid/resource/library/IT-ME0070,IT-ME0070,Biblioteca dell'Istituto policattedra di otorinolaringoiatria della Facoltà di medicina e chirurgia dell'Università degli studi di Messina,https://biblioteche-fantasma.invalid/resource/library/IT-ME0055,IT-ME0055,Biblioteca del Polo Policlinico,false
https://biblioteche-fantasma.invalid/resource/library/IT-ME0072,IT-ME0072,Biblioteca dell'Istituto di oftalmologia della Facoltà di medicina e chirurgia dell'Università degli studi di Messina,https://biblioteche-fantasma.invalid/resource/library/IT-ME0055,IT-ME0055,Biblioteca del Polo Policlinico,false
https://biblioteche-fantasma.invalid/resource/library/IT-ME0073,IT-ME0073,Biblioteca dell'Istituto di malattie infettive della Facoltà di medicina e chirurgia dell'Università degli studi di Messina,https://biblioteche-fantasma.invalid/resource/library/IT-ME0055,IT-ME0055,Biblioteca del Polo Policlinico,false
https://biblioteche-fantasma.invalid/resource/library/IT-ME0080,IT-ME0080,"Biblioteca dell'Istituto geofisico e geodetico della Facoltà di scienze matematiche, fisiche e naturali dell'Università degli studi di Messina",https://biblioteche-fantasma.invalid/resource/library/IT-ME0057,IT-ME0057,"Biblioteca del Polo Papardo. Area delle scienze Matematiche, Fisiche e Naturali",false
https://biblioteche-fantasma.invalid/resource/library/IT-ME0083,IT-ME0083,Biblioteca dell'Istituto di scienze radiologiche della Facoltà di medicina e chirurgia dell'Università degli studi di Messina,https://biblioteche-fantasma.invalid/resource/library/IT-ME0055,IT-ME0055,Biblioteca del Polo Policlinico,false
https://biblioteche-fantasma.invalid/resource/library/IT-ME0086,IT-ME0086,Biblioteca dell'Istituto pluridisciplinare di patologia generale della Facoltà di medicina e chirurgia dell'Università degli studi di Messina,https://biblioteche-fantasma.invalid/resource/library/IT-ME0055,IT-ME0055,Biblioteca del Polo Policlinico,false
https://biblioteche-fantasma.invalid/resource/library/IT-ME0087,IT-ME0087,Biblioteca dell'Istituto di neuropsichiatria infantile della Facoltà di medicina e chirurgia dell'Università degli studi di Messina,https://biblioteche-fantasma.invalid/resource/library/IT-ME0055,IT-ME0055,Biblioteca del Polo Policlinico,false
https://biblioteche-fantasma.invalid/resource/library/IT-ME0088,IT-ME0088,Biblioteca dell'Istituto di microbiologia medica e relativa scuola di specializzazione della Facoltà di medicina e chirugia dell'Università di Messina,https://biblioteche-fantasma.invalid/resource/library/IT-ME0055,IT-ME0055,Biblioteca del Polo Policlinico,false
https://biblioteche-fantasma.invalid/resource/library/IT-ME0089,IT-ME0089,Biblioteca dell'Istituto di medicina legale e delle assicurazioni della Facoltà di medicina e chirurgia dell'Università degli studi di Messina,https://biblioteche-fantasma.invalid/resource/library/IT-ME0055,IT-ME0055,Biblioteca del Polo Policlinico,false
https://biblioteche-fantasma.invalid/resource/library/IT-ME0090,IT-ME0090,Biblioteca del Dipartimento di matematica dell'Università degli studi di Messina,https://biblioteche-fantasma.invalid/resource/library/IT-ME0057,IT-ME0057,"Biblioteca del Polo Papardo. Area delle scienze Matematiche, Fisiche e Naturali",false
https://biblioteche-fantasma.invalid/resource/library/IT-ME0092,IT-ME0092,Biblioteca dell'Istituto di ispezione degli alimenti di origine animale della Facolta di medicina veterinaria dell'Università degli studi di Messina,https://biblioteche-fantasma.invalid/resource/library/IT-ME0333,IT-ME0333,Biblioteca del Polo Annunziata. Sezione Biomedica,false
https://biblioteche-fantasma.invalid/resource/library/IT-ME0093,IT-ME0093,"Biblioteca del Dipartimento di igiene, medicina preventiva e sanità pubblica R. De Blasi dell'Università degli studi di Messina",https://biblioteche-fantasma.invalid/resource/library/IT-ME0055,IT-ME0055,Biblioteca del Polo Policlinico,false
https://biblioteche-fantasma.invalid/resource/library/IT-ME0095,IT-ME0095,"Biblioteca dell'Istituto di scienze della terra della Facoltà di scienze matematiche, fisiche e naturali dell'Università degli studi di Messina",https://biblioteche-fantasma.invalid/resource/library/IT-ME0057,IT-ME0057,"Biblioteca del Polo Papardo. Area delle scienze Matematiche, Fisiche e Naturali",false
https://biblioteche-fantasma.invalid/resource/library/IT-ME0097,IT-ME0097,Biblioteca dell'Istituto pluridisciplinare di fisiologia umana  della Facoltà di medicina e chirurgia dell'Università degli studi di Messina,https://biblioteche-fantasma.invalid/resource/library/IT-ME0055,IT-ME0055,Biblioteca del Polo Policlinico,false
https://biblioteche-fantasma.invalid/resource/library/IT-ME0098,IT-ME0098,Biblioteca dell'Istituto di fisiologia generale e speciale degli animali domestici e chimica biologica della Facoltà di medicina veterinaria dell'Università degli studi di Messina,https://biblioteche-fantasma.invalid/resource/library/IT-ME0333,IT-ME0333,Biblioteca del Polo Annunziata. Sezione Biomedica,false
https://biblioteche-fantasma.invalid/resource/library/IT-ME0210,IT-ME0210,Biblioteca dell'Istituto di diritto commerciale e del lavoro della Facoltà di economia e commercio dell'Università degli studi di Messina,https://biblioteche-fantasma.invalid/resource/library/IT-ME0069,IT-ME0069,Biblioteca del Polo Centrale. Area delle Scienze Economiche,false
https://biblioteche-fantasma.invalid/resource/library/IT-ME0211,IT-ME0211,Biblioteca dell'Istituto di diritto privato della Facoltà di economia e commercio dell'Università degli studi di Messina,https://biblioteche-fantasma.invalid/resource/library/IT-ME0069,IT-ME0069,Biblioteca del Polo Centrale. Area delle Scienze Economiche,false
https://biblioteche-fantasma.invalid/resource/library/IT-ME0212,IT-ME0212,Biblioteca dell'Istituto di diritto pubblico della Facoltà di economia e commercio dell'Università degli studi di Messina,https://biblioteche-fantasma.invalid/resource/library/IT-ME0069,IT-ME0069,Biblioteca del Polo Centrale. Area delle Scienze Economiche,false
https://biblioteche-fantasma.invalid/resource/library/IT-ME0213,IT-ME0213,Biblioteca dell'Istituto di economia aziendale della Facoltà di economia e commercio dell'Università degli studi di Messina,https://biblioteche-fantasma.invalid/resource/library/IT-ME0069,IT-ME0069,Biblioteca del Polo Centrale. Area delle Scienze Economiche,false
https://biblioteche-fantasma.invalid/resource/library/IT-ME0215,IT-ME0215,Biblioteca dell'Istituto di matematica della Facoltà di economia e commercio dell'Università degli studi di Messina,https://biblioteche-fantasma.invalid/resource/library/IT-ME0069,IT-ME0069,Biblioteca del Polo Centrale. Area delle Scienze Economiche,false
https://biblioteche-fantasma.invalid/resource/library/IT-ME0216,IT-ME0216,Biblioteca del Dipartimento di scienze merceologiche dell'Università degli studi di Messina,https://biblioteche-fantasma.invalid/resource/library/IT-ME0069,IT-ME0069,Biblioteca del Polo Centrale. Area delle Scienze Economiche,false
https://biblioteche-fantasma.invalid/resource/library/IT-ME0217,IT-ME0217,Biblioteca dell'Istituto di ragioneria della Facoltà di economia e commercio dell'Università degli studi di Messina,https://biblioteche-fantasma.invalid/resource/library/IT-ME0069,IT-ME0069,Biblioteca del Polo Centrale. Area delle Scienze Economiche,false
https://biblioteche-fantasma.invalid/resource/library/IT-ME0220,IT-ME0220,Biblioteca dell'Istituto di statistica della Facoltà di economia e commercio dell'Università degli studi di Messina,https://biblioteche-fantasma.invalid/resource/library/IT-ME0069,IT-ME0069,Biblioteca del Polo Centrale. Area delle Scienze Economiche,false
https://biblioteche-fantasma.invalid/resource/library/IT-ME0221,IT-ME0221,Biblioteca dell'Istituto di storia economica e sociale della Facoltà di economia e commercio dell'Università degli studi di Messina,https://biblioteche-fantasma.invalid/resource/library/IT-ME0069,IT-ME0069,Biblioteca del Polo Centrale. Area delle Scienze Economiche,false
https://biblioteche-fantasma.invalid/resource/library/IT-ME0222,IT-ME0222,Biblioteca dell'Istituto di tecnica bancaria e professionale della Facoltà  di economia e commercio dell'Università degli studi di Messina,https://biblioteche-fantasma.invalid/resource/library/IT-ME0069,IT-ME0069,Biblioteca del Polo Centrale. Area delle Scienze Economiche,false
https://biblioteche-fantasma.invalid/resource/library/IT-ME0226,IT-ME0226,Biblioteca del Laboratorio di geografia economica della Facoltà di economia dell'Università degli studi di Messina,https://biblioteche-fantasma.invalid/resource/library/IT-ME0069,IT-ME0069,Biblioteca del Polo Centrale. Area delle Scienze Economiche,false
https://biblioteche-fantasma.invalid/resource/library/IT-ME0228,IT-ME0228,Biblioteca del Laboratorio linguistico della Facoltà di economia dell'Università degli studi di Messina,https://biblioteche-fantasma.invalid/resource/library/IT-ME0069,IT-ME0069,Biblioteca del Polo Centrale. Area delle Scienze Economiche,false
https://biblioteche-fantasma.invalid/resource/library/IT-ME0230,IT-ME0230,Biblioteca del Polo Annunziata. Sezione Biomedica. Area delle scienze Farmaceutiche,https://biblioteche-fantasma.invalid/resource/library/IT-ME0333,IT-ME0333,Biblioteca del Polo Annunziata. Sezione Biomedica,false
https://biblioteche-fantasma.invalid/resource/library/IT-ME0239,IT-ME0239,Biblioteca dell'Istituto di diritto privato della Facoltà di giurisprudenza dell'Università degli studi di Messina,https://biblioteche-fantasma.invalid/resource/library/IT-ME0238,IT-ME0238,Biblioteca del Polo Centrale. Area delle scienze giuridiche,false
https://biblioteche-fantasma.invalid/resource/library/IT-ME0260,IT-ME0260,Biblioteca dell'Istituto di filologia moderna della Facoltà di Magistero dell'Università degli studi di Messina,https://biblioteche-fantasma.invalid/resource/library/IT-ME0049,IT-ME0049,Biblioteca del Polo Centrale. Area delle Scienze Cognitive,false
https://biblioteche-fantasma.invalid/resource/library/IT-ME0261,IT-ME0261,Biblioteca dell'Istituto di filosofia G. Della Volpe della Facoltà di Magistero dell'Università degli studi di Messina,https://biblioteche-fantasma.invalid/resource/library/IT-ME0049,IT-ME0049,Biblioteca del Polo Centrale. Area delle Scienze Cognitive,false
https://biblioteche-fantasma.invalid/resource/library/IT-ME0262,IT-ME0262,Biblioteca dell'Istituto di lettere classiche della Facoltà di Magistero dell'Università degli studi di Messina,https://biblioteche-fantasma.invalid/resource/library/IT-ME0049,IT-ME0049,Biblioteca del Polo Centrale. Area delle Scienze Cognitive,false
https://biblioteche-fantasma.invalid/resource/library/IT-ME0264,IT-ME0264,Biblioteca dell'Istituto di lingue e letterature romanze della Facoltà di Magistero dell'Università degli studi di Messina,https://biblioteche-fantasma.invalid/resource/library/IT-ME0049,IT-ME0049,Biblioteca del Polo Centrale. Area delle Scienze Cognitive,false
https://biblioteche-fantasma.invalid/resource/library/IT-ME0265,IT-ME0265,Biblioteca dell'Istituto di scienze storiche e geografiche V. De Caprariis della Facoltà di Magistero dell'Università degli studi di Messina,https://biblioteche-fantasma.invalid/resource/library/IT-ME0049,IT-ME0049,Biblioteca del Polo Centrale. Area delle Scienze Cognitive,false
https://biblioteche-fantasma.invalid/resource/library/IT-ME0266,IT-ME0266,Biblioteca dell'Istituto di storia dell'arte Mariano Meligrana della Facoltà di Magistero dell'Università degli studi di Messina,https://biblioteche-fantasma.invalid/resource/library/IT-ME0049,IT-ME0049,Biblioteca del Polo Centrale. Area delle Scienze Cognitive,false
https://biblioteche-fantasma.invalid/resource/library/IT-ME0270,IT-ME0270,Biblioteca del Dipartimento di biomorfologia dell'Università degli studi di Messina,https://biblioteche-fantasma.invalid/resource/library/IT-ME0055,IT-ME0055,Biblioteca del Polo Policlinico,false
https://biblioteche-fantasma.invalid/resource/library/IT-ME0273,IT-ME0273,Biblioteca del Dipartimento di patologia umana dell'Università degli studi di Messina,https://biblioteche-fantasma.invalid/resource/library/IT-ME0055,IT-ME0055,Biblioteca del Polo Policlinico,false
https://biblioteche-fantasma.invalid/resource/library/IT-ME0274,IT-ME0274,"Biblioteca dell'Istituto interdisciplinare di anestesiologia, rianimazione e terapia intensiva della Facoltà di medicina e chirurgia dell'Università degli studi di Messina",https://biblioteche-fantasma.invalid/resource/library/IT-ME0055,IT-ME0055,Biblioteca del Polo Policlinico,false
https://biblioteche-fantasma.invalid/resource/library/IT-ME0275,IT-ME0275,Biblioteca dell'Istituto di chirurgia generale della Facoltà di medicina e chirurgia dell'Università degli studi di Messina,https://biblioteche-fantasma.invalid/resource/library/IT-ME0055,IT-ME0055,Biblioteca del Polo Policlinico,false
https://biblioteche-fantasma.invalid/resource/library/IT-ME0282,IT-ME0282,Biblioteca dell'Istituto pluridisciplinare di clinica medica e terapia medica generale e speciale della Facoltà di medicina e chirurgia dell'Università degli studi di Messina,https://biblioteche-fantasma.invalid/resource/library/IT-ME0055,IT-ME0055,Biblioteca del Polo Policlinico,false
https://biblioteche-fantasma.invalid/resource/library/IT-ME0288,IT-ME0288,Biblioteca dell'Istituto di discipline chirurgiche generali e speciali della Facoltà di medicina e chirurgia dell'Università degli studi di Messina,https://biblioteche-fantasma.invalid/resource/library/IT-ME0055,IT-ME0055,Biblioteca del Polo Policlinico,false
https://biblioteche-fantasma.invalid/resource/library/IT-ME0295,IT-ME0295,Biblioteca dell'Istituto di farmacologia e tossicologia della Facoltà di medicina e chirurgia dell'Università degli studi di Messina,https://biblioteche-fantasma.invalid/resource/library/IT-ME0055,IT-ME0055,Biblioteca del Polo Policlinico,false
https://biblioteche-fantasma.invalid/resource/library/IT-ME0297,IT-ME0297,Biblioteca dell'Istituto di fisiopatologia chirurgica e propedeutica clinica della Facoltà di medicina e chirurgia dell'Università di Messina,https://biblioteche-fantasma.invalid/resource/library/IT-ME0055,IT-ME0055,Biblioteca del Polo Policlinico,false
https://biblioteche-fantasma.invalid/resource/library/IT-ME0308,IT-ME0308,Biblioteca dell'Istituto policattedra di metodologia clinica e terapie chirurgiche della Facoltà di medicina e chirurgia dell'Università di Messina,https://biblioteche-fantasma.invalid/resource/library/IT-ME0055,IT-ME0055,Biblioteca del Polo Policlinico,false
https://biblioteche-fantasma.invalid/resource/library/IT-ME0316,IT-ME0316,Biblioteca dell'Istituto di parassitologia medica della Facoltà di medicina e chirurgia dell'Università degli studi di Messina,https://biblioteche-fantasma.invalid/resource/library/IT-ME0055,IT-ME0055,Biblioteca del Polo Policlinico,false
https://biblioteche-fantasma.invalid/resource/library/IT-ME0319,IT-ME0319,Biblioteca dell'Istituto di pediatria medica preventiva e sociale della Facoltà di medicina e chirurgia dell'Università degli studi di Messina,https://biblioteche-fantasma.invalid/resource/library/IT-ME0055,IT-ME0055,Biblioteca del Polo Policlinico,false
https://biblioteche-fantasma.invalid/resource/library/IT-ME0321,IT-ME0321,Biblioteca dell'Istituto di scienze mentali della Facoltà di medicina e chirurgia dell'Università degli studi di Messina,https://biblioteche-fantasma.invalid/resource/library/IT-ME0055,IT-ME0055,Biblioteca del Polo Policlinico,false
https://biblioteche-fantasma.invalid/resource/library/IT-ME0322,IT-ME0322,Biblioteca della Cattedra di igiene mentale della Facoltà di medicina e chirurgia dell'Università degli studi di Messina,https://biblioteche-fantasma.invalid/resource/library/IT-ME0055,IT-ME0055,Biblioteca del Polo Policlinico,false
https://biblioteche-fantasma.invalid/resource/library/IT-ME0324,IT-ME0324,Biblioteca dell'Istituto di scienze neurologiche e neurochirurgiche della Facoltà di medicina e chirurgia dell'Università degli studi di Messina,https://biblioteche-fantasma.invalid/resource/library/IT-ME0055,IT-ME0055,Biblioteca del Polo Policlinico,false
https://biblioteche-fantasma.invalid/resource/library/IT-ME0327,IT-ME0327,"Biblioteca dell'Istituto di tisiologia, malattie respiratorie e fisiopatologia respiratoria della Facoltà di medicina e chirurgia dell'Università degli studi di Messina",https://biblioteche-fantasma.invalid/resource/library/IT-ME0055,IT-ME0055,Biblioteca del Polo Policlinico,false
https://biblioteche-fantasma.invalid/resource/library/IT-ME0334,IT-ME0334,Biblioteca dell'Istituto di anatomia degli animali domestici della Facoltà di medicina veterinaria dell'Università degli studi di Messina,https://biblioteche-fantasma.invalid/resource/library/IT-ME0333,IT-ME0333,Biblioteca del Polo Annunziata. Sezione Biomedica,false
https://biblioteche-fantasma.invalid/resource/library/IT-ME0335,IT-ME0335,Biblioteca dell'Istituto di ostetricia e ginecologia veterinaria della Facoltà di medicina veterinaria dell'Università degli studi di Messina,https://biblioteche-fantasma.invalid/resource/library/IT-ME0333,IT-ME0333,Biblioteca del Polo Annunziata. Sezione Biomedica,false
https://biblioteche-fantasma.invalid/resource/library/IT-ME0336,IT-ME0336,Biblioteca dell'Istituto di patologia generale ed anatomia patologica veterinaria della Facoltà di medicina veterinaria dell'Università di Messina,https://biblioteche-fantasma.invalid/resource/library/IT-ME0333,IT-ME0333,Biblioteca del Polo Annunziata. Sezione Biomedica,false
https://biblioteche-fantasma.invalid/resource/library/IT-ME0337,IT-ME0337,Biblioteca dell'Istituto di patologia speciale e clinica medica veterinaria della Facoltà di medicina veterinaria dell'Università degli studi di Messina,https://biblioteche-fantasma.invalid/resource/library/IT-ME0333,IT-ME0333,Biblioteca del Polo Annunziata. Sezione Biomedica,false
https://biblioteche-fantasma.invalid/resource/library/IT-ME0338,IT-ME0338,Biblioteca dell'Istituto di patologia speciale e clinica chirurgica veterinaria della Facoltà di medicina veterinaria dell'Università di Messina,https://biblioteche-fantasma.invalid/resource/library/IT-ME0333,IT-ME0333,Biblioteca del Polo Annunziata. Sezione Biomedica,false
https://biblioteche-fantasma.invalid/resource/library/IT-ME0339,IT-ME0339,Biblioteca dell'Istituto di zootecnica della Facoltà di medicina veterinaria dell'Università degli studi di Messina,https://biblioteche-fantasma.invalid/resource/library/IT-ME0333,IT-ME0333,Biblioteca del Polo Annunziata. Sezione Biomedica,false
https://biblioteche-fantasma.invalid/resource/library/IT-ME0341,IT-ME0341,Biblioteca del Dipartimento di biologia animale ed ecologia marina dell'Università degli studi di Messina,https://biblioteche-fantasma.invalid/resource/library/IT-ME0057,IT-ME0057,"Biblioteca del Polo Papardo. Area delle scienze Matematiche, Fisiche e Naturali",false
https://biblioteche-fantasma.invalid/resource/library/IT-ME0342,IT-ME0342,Biblioteca del Dipartimento di fisica generale dell'Università degli studi di Messina,https://biblioteche-fantasma.invalid/resource/library/IT-ME0057,IT-ME0057,"Biblioteca del Polo Papardo. Area delle scienze Matematiche, Fisiche e Naturali",false
https://biblioteche-fantasma.invalid/resource/library/IT-ME0343,IT-ME0343,"Biblioteca dell'Istituto di botanica della Facoltà di scienze matematiche, fisiche e naturali dell'Università degli studi di Messina",https://biblioteche-fantasma.invalid/resource/library/IT-ME0057,IT-ME0057,"Biblioteca del Polo Papardo. Area delle scienze Matematiche, Fisiche e Naturali",false
https://biblioteche-fantasma.invalid/resource/library/IT-ME0344,IT-ME0344,"Biblioteca dell'Istituto di fisiologia generale della Facoltà di scienze matematiche, fisiche e naturali dell'Università degli studi di Messina",https://biblioteche-fantasma.invalid/resource/library/IT-ME0057,IT-ME0057,"Biblioteca del Polo Papardo. Area delle scienze Matematiche, Fisiche e Naturali",false
https://biblioteche-fantasma.invalid/resource/library/IT-ME0346,IT-ME0346,"Biblioteca dell'Istituto policattedra di microbiologia della Facoltà di scienze matematiche, fisiche e naturali dell'Università degli studi di Messina",https://biblioteche-fantasma.invalid/resource/library/IT-ME0057,IT-ME0057,"Biblioteca del Polo Papardo. Area delle scienze Matematiche, Fisiche e Naturali",false
https://biblioteche-fantasma.invalid/resource/library/IT-ME0354,IT-ME0354,Biblioteca dell'Istituto di studi internazionali e comunitari della Facoltà di scienze politiche dell'Università degli studi di Messina,https://biblioteche-fantasma.invalid/resource/library/IT-ME0352,IT-ME0352,Biblioteca del Polo Centrale. Area delle Scienze Politiche,false
https://biblioteche-fantasma.invalid/resource/library/IT-ME0355,IT-ME0355,Biblioteca dell'Istituto di scienze giuridiche della Facoltà di scienze politiche dell'Università degli studi di Messina,https://biblioteche-fantasma.invalid/resource/library/IT-ME0352,IT-ME0352,Biblioteca del Polo Centrale. Area delle Scienze Politiche,false
https://biblioteche-fantasma.invalid/resource/library/IT-ME0357,IT-ME0357,Biblioteca dell'Istituto di storia della Facoltà di scienze politiche dell'Università degli studi di Messina,https://biblioteche-fantasma.invalid/resource/library/IT-ME0352,IT-ME0352,Biblioteca del Polo Centrale. Area delle Scienze Politiche,false
https://biblioteche-fantasma.invalid/resource/library/IT-ME0358,IT-ME0358,Biblioteca dell'Istituto di storia del diritto e delle istituzioni della Facoltà di scienze politiche dell'Università degli studi di Messina,https://biblioteche-fantasma.invalid/resource/library/IT-ME0352,IT-ME0352,Biblioteca del Polo Centrale. Area delle Scienze Politiche,false
https://biblioteche-fantasma.invalid/resource/library/IT-ME0361,IT-ME0361,Biblioteca del Dipartimento di studi politici e sociali V. Tomeo dell'Università degli studi di Messina,https://biblioteche-fantasma.invalid/resource/library/IT-ME0352,IT-ME0352,Biblioteca del Polo Centrale. Area delle Scienze Politiche,false
https://biblioteche-fantasma.invalid/resource/library/IT-ME0380,IT-ME0380,Biblioteca comunale Tommaso Cannizzaro. Sezione staccata del IV quartiere di Calispera,https://biblioteche-fantasma.invalid/resource/library/IT-ME0399,IT-ME0399,"Biblioteca comunale ""Tommaso Cannizzaro""",false
https://biblioteche-fantasma.invalid/resource/library/IT-ME0383,IT-ME0383,Biblioteca San Giovanni Bosco,https://biblioteche-fantasma.invalid/resource/library/IT-ME0466,IT-ME0466,Biblioteca Madre Morano,false
https://biblioteche-fantasma.invalid/resource/library/IT-ME0410,IT-ME0410,Biblioteca comunale Tommaso Cannizzaro. Sezione staccata del IX quartiere San Leone,https://biblioteche-fantasma.invalid/resource/library/IT-ME0399,IT-ME0399,"Biblioteca comunale ""Tommaso Cannizzaro""",false
https://biblioteche-fantasma.invalid/resource/library/IT-ME0412,IT-ME0412,Biblioteca del Dipartimento di medicina interna dell'Università degli studi di Messina,https://biblioteche-fantasma.invalid/resource/library/IT-ME0055,IT-ME0055,Biblioteca del Polo Policlinico,false
https://biblioteche-fantasma.invalid/resource/library/IT-ME0413,IT-ME0413,"Biblioteca dell'Istituto di scienze economiche, sociali e finanziarie della Facoltà di economia e commercio dell'Università degli studi di Messina",https://biblioteche-fantasma.invalid/resource/library/IT-ME0069,IT-ME0069,Biblioteca del Polo Centrale. Area delle Scienze Economiche,false
https://biblioteche-fantasma.invalid/resource/library/IT-MI0197,IT-MI0197,"Biblioteca del Dipartimento di Anestesiologia, terapia intensiva e scienze dermatologiche - Sez. di scienze dermatologiche Agostino Pasini - Università degli studi di Milano",https://biblioteche-fantasma.invalid/resource/library/IT-MI1339,IT-MI1339,Biblioteca del Polo centrale di medicina e chirurgia dell'Università degli studi di Milano,false
https://biblioteche-fantasma.invalid/resource/library/IT-MI0209,IT-MI0209,Biblioteca del Dipartimento di Fisica del Politecnico di Milano,https://biblioteche-fantasma.invalid/resource/library/IT-MI0164,IT-MI0164,Biblioteca campus Leonardo del Politecnico di Milano,false
https://biblioteche-fantasma.invalid/resource/library/IT-MI0212,IT-MI0212,Biblioteca del Dipartimento di protezione dei sistemi agroalimentare e urbano e valorizzazione delle biodiversità dell'Università degli studi di Milano,https://biblioteche-fantasma.invalid/resource/library/IT-MI0275,IT-MI0275,Biblioteca di Scienze agrarie e alimentari dell'Università degli studi di Milano,false
https://biblioteche-fantasma.invalid/resource/library/IT-MI0217,IT-MI0217,Biblioteca del Dipartimento di produzione vegetale - DiProVe. Sezione di coltivazioni arboree dell'Università degli studi di Milano,https://biblioteche-fantasma.invalid/resource/library/IT-MI0275,IT-MI0275,Biblioteca di Scienze agrarie e alimentari dell'Università degli studi di Milano,false
https://biblioteche-fantasma.invalid/resource/library/IT-MI0221,IT-MI0221,Biblioteca del Dipartimento di scienze animali. Sezione di zootecnica agraria dell'Università degli studi di Milano,https://biblioteche-fantasma.invalid/resource/library/IT-MI0275,IT-MI0275,Biblioteca di Scienze agrarie e alimentari dell'Università degli studi di Milano,false
https://biblioteche-fantasma.invalid/resource/library/IT-MI0222,IT-MI0222,Biblioteca di Infrastrutture di trasporto e geoscienze del Dipartimento di Ingegneria Civile e Ambientale - DICA del Politecnico di Milano,https://biblioteche-fantasma.invalid/resource/library/IT-MI0164,IT-MI0164,Biblioteca campus Leonardo del Politecnico di Milano,false
https://biblioteche-fantasma.invalid/resource/library/IT-MI0232,IT-MI0232,Biblioteca dell'Istituto di patologia vegetale della Facoltà di agraria dell'Università degli studi di Milano,https://biblioteche-fantasma.invalid/resource/library/IT-MI0275,IT-MI0275,Biblioteca di Scienze agrarie e alimentari dell'Università degli studi di Milano,false
https://biblioteche-fantasma.invalid/resource/library/IT-MI0239,IT-MI0239,"Biblioteca del Dipartimento di sanità pubblica, microbiologia, virologia - Sezione di microbiologia dell'Università degli studi di Milano",https://biblioteche-fantasma.invalid/resource/library/IT-MI1134,IT-MI1134,Biblioteca di Sanità pubblica e Discipline infermieristiche dell'Università degli studi di Milano,false
https://biblioteche-fantasma.invalid/resource/library/IT-MI0243,IT-MI0243,"Biblioteca del Dipartimento di ingegneria agraria, Sezione di ingegneria agraria, dell'Università degli studi di Milano",https://biblioteche-fantasma.invalid/resource/library/IT-MI0275,IT-MI0275,Biblioteca di Scienze agrarie e alimentari dell'Università degli studi di Milano,false
https://biblioteche-fantasma.invalid/resource/library/IT-MI0248,IT-MI0248,Biblioteca di Ingeneria Ambientale del Dipartimento di Ingegneria Civile e Ambientale - DICA del Politecnico di Milano,https://biblioteche-fantasma.invalid/resource/library/IT-MI0164,IT-MI0164,Biblioteca campus Leonardo del Politecnico di Milano,false
https://biblioteche-fantasma.invalid/resource/library/IT-MI0250,IT-MI0250,Biblioteca di Ingegneria Idraulica del Dipartimento di Ingegneria Civile e Ambientale - DICA del Politecnico di Milano,https://biblioteche-fantasma.invalid/resource/library/IT-MI0164,IT-MI0164,Biblioteca campus Leonardo del Politecnico di Milano,false
https://biblioteche-fantasma.invalid/resource/library/IT-MI0303,IT-MI0303,Biblioteca e Centro di documentazione dell'Istituto per gli studi di politica internazionale - ISPI,https://biblioteche-fantasma.invalid/resource/library/IT-PV0144,IT-PV0144,Biblioteca della Facoltà di Scienze politiche dell'Università di Pavia,false
https://biblioteche-fantasma.invalid/resource/library/IT-MI0311,IT-MI0311,Biblioteca del Dipartimento di produzione vegetale - DiProVe. Sezione di agronomia dell'Università degli studi di Milano,https://biblioteche-fantasma.invalid/resource/library/IT-MI0275,IT-MI0275,Biblioteca di Scienze agrarie e alimentari dell'Università degli studi di Milano,false
https://biblioteche-fantasma.invalid/resource/library/IT-MI0348,IT-MI0348,Biblioteca dell'Acquario civico di Milano,https://biblioteche-fantasma.invalid/resource/library/IT-MI0340,IT-MI0340,Biblioteca del Museo di Storia naturale e dell'Acquario civico di Milano,false
https://biblioteche-fantasma.invalid/resource/library/IT-MI0354,IT-MI0354,Biblioteca di Ingegneria Nucleare del Dipartimento di Energia del Politecnico di Milano,https://biblioteche-fantasma.invalid/resource/library/IT-MI1281,IT-MI1281,Biblioteca Bovisa La Masa del Politecnico di Milano,false
https://biblioteche-fantasma.invalid/resource/library/IT-MI0480,IT-MI0480,Biblioteca comunale,https://biblioteche-fantasma.invalid/resource/library/IT-MI0488,IT-MI0488,Biblioteca Civica comunale,false
https://biblioteche-fantasma.invalid/resource/library/IT-MI0574,IT-MI0574,Biblioteca Centrale di Ingegneria del Politecnico di Milano,https://biblioteche-fantasma.invalid/resource/library/IT-MI0164,IT-MI0164,Biblioteca campus Leonardo del Politecnico di Milano,false
https://biblioteche-fantasma.invalid/resource/library/IT-MI0577,IT-MI0577,Servizio Tesi e Documentazione della Cartografia del Politecnico di Milano (TeDoc),https://biblioteche-fantasma.invalid/resource/library/IT-MI0164,IT-MI0164,Biblioteca campus Leonardo del Politecnico di Milano,false
https://biblioteche-fantasma.invalid/resource/library/IT-MI0578,IT-MI0578,Biblioteca di Conservazione e storia dell'architettura - Dipartimento DiAP del Politecnico di Milano,https://biblioteche-fantasma.invalid/resource/library/IT-MI0597,IT-MI0597,Biblioteca del Dipartimento di Architettura e Studi Urbani del Politecnico di Milano - DAStU,false
https://biblioteche-fantasma.invalid/resource/library/IT-MI0581,IT-MI0581,Biblioteca del Dipartimento di chimica industriale Giulio Natta sede Mancinelli del Politecnico di Milano,https://biblioteche-fantasma.invalid/resource/library/IT-MI1145,IT-MI1145,"Biblioteca del Dipartimento di chimica, materiali e ingegneria chimica Giulio Natta del Politecnico di Milano",false
https://biblioteche-fantasma.invalid/resource/library/IT-MI0582,IT-MI0582,Biblioteca del Dipartimento di chimica industriale Giulio Natta del Politecnico di Milano,https://biblioteche-fantasma.invalid/resource/library/IT-MI1145,IT-MI1145,"Biblioteca del Dipartimento di chimica, materiali e ingegneria chimica Giulio Natta del Politecnico di Milano",false
https://biblioteche-fantasma.invalid/resource/library/IT-MI0583,IT-MI0583,"Biblioteca di Elettronica e Informazione del Dipartimento di Elettronica, Informazione e Bioingegneria - DEIB del Politecnico di Milano",https://biblioteche-fantasma.invalid/resource/library/IT-MI0164,IT-MI0164,Biblioteca campus Leonardo del Politecnico di Milano,false
https://biblioteche-fantasma.invalid/resource/library/IT-MI0584,IT-MI0584,"Biblioteca di Elettrotecnica del Dipartimento di Elettronica, Informazione e Bioingegneria - DEIB del Politecnico di Milano",https://biblioteche-fantasma.invalid/resource/library/IT-MI0164,IT-MI0164,Biblioteca campus Leonardo del Politecnico di Milano,false
https://biblioteche-fantasma.invalid/resource/library/IT-MI0585,IT-MI0585,Biblioteca del Dipartimento di Energetica del Politecnico di Milano,https://biblioteche-fantasma.invalid/resource/library/IT-MI1281,IT-MI1281,Biblioteca Bovisa La Masa del Politecnico di Milano,false
https://biblioteche-fantasma.invalid/resource/library/IT-MI0586,IT-MI0586,Biblioteca del Dipartimento di Scienze e Tecnologie Aerospaziali - DAST del Politecnico di Milano,https://biblioteche-fantasma.invalid/resource/library/IT-MI1281,IT-MI1281,Biblioteca Bovisa La Masa del Politecnico di Milano,false
https://biblioteche-fantasma.invalid/resource/library/IT-MI0587,IT-MI0587,Biblioteca del Dipartimento di ingegneria dei sistemi edilizi e territoriali - DISET. Sezione disegno e restauro del Politecnico di Milano,https://biblioteche-fantasma.invalid/resource/library/IT-MI1298,IT-MI1298,"Biblioteca del Dipartimento di Architettura, Ingegneria delle Costruzioni e Ambiente Costruito (DABC) del Politecnico di Milano",false
https://biblioteche-fantasma.invalid/resource/library/IT-MI0588,IT-MI0588,Biblioteca del Dipartimento di ingegneria dei sistemi edilizi e territoriali - DISET. Sezione edilizia del Politecnico di Milano,https://biblioteche-fantasma.invalid/resource/library/IT-MI1298,IT-MI1298,"Biblioteca del Dipartimento di Architettura, Ingegneria delle Costruzioni e Ambiente Costruito (DABC) del Politecnico di Milano",false
https://biblioteche-fantasma.invalid/resource/library/IT-MI0589,IT-MI0589,Biblioteca del Dipartimento di ingegneria dei sistemi edilizi e territoriali - DISET. Sezione di ingegneria urbanistica del Politecnico di Milano,https://biblioteche-fantasma.invalid/resource/library/IT-MI1298,IT-MI1298,"Biblioteca del Dipartimento di Architettura, Ingegneria delle Costruzioni e Ambiente Costruito (DABC) del Politecnico di Milano",false
https://biblioteche-fantasma.invalid/resource/library/IT-MI0590,IT-MI0590,Biblioteca del Dipartimento di ingegneria dei sistemi edilizi e territoriali - DISET. Sezione materie giuriudiche ed economiche del Politecnico di Milano,https://biblioteche-fantasma.invalid/resource/library/IT-MI1298,IT-MI1298,"Biblioteca del Dipartimento di Architettura, Ingegneria delle Costruzioni e Ambiente Costruito (DABC) del Politecnico di Milano",false
https://biblioteche-fantasma.invalid/resource/library/IT-MI0591,IT-MI0591,Biblioteca di Ingegneria Strutturale del Dipartimento di Ingegneria Civile e Ambientale - DICA del Politecnico di Milano,https://biblioteche-fantasma.invalid/resource/library/IT-MI0164,IT-MI0164,Biblioteca campus Leonardo del Politecnico di Milano,false
https://biblioteche-fantasma.invalid/resource/library/IT-MI0593,IT-MI0593,Biblioteca del Dipartimento di Matematica del Politecnico di Milano,https://biblioteche-fantasma.invalid/resource/library/IT-MI0164,IT-MI0164,Biblioteca campus Leonardo del Politecnico di Milano,false
https://biblioteche-fantasma.invalid/resource/library/IT-MI0594,IT-MI0594,Biblioteca del Dipartimento di Meccanica del Politecnico di Milano,https://biblioteche-fantasma.invalid/resource/library/IT-MI1281,IT-MI1281,Biblioteca Bovisa La Masa del Politecnico di Milano,false
https://biblioteche-fantasma.invalid/resource/library/IT-MI0596,IT-MI0596,"Biblioteca del Dipartimento di programmazione, progettazione e produzione edilizia del Politecnico di Milano",https://biblioteche-fantasma.invalid/resource/library/IT-MI1298,IT-MI1298,"Biblioteca del Dipartimento di Architettura, Ingegneria delle Costruzioni e Ambiente Costruito (DABC) del Politecnico di Milano",false
https://biblioteche-fantasma.invalid/resource/library/IT-MI0597,IT-MI0597,Biblioteca del Dipartimento di Architettura e Studi Urbani del Politecnico di Milano - DAStU,https://biblioteche-fantasma.invalid/resource/library/IT-MI0164,IT-MI0164,Biblioteca campus Leonardo del Politecnico di Milano,false
https://biblioteche-fantasma.invalid/resource/library/IT-MI0598,IT-MI0598,Biblioteca di Rilevamento del Dipartimento di Ingegneria Civile e Ambientale (DICA) del Politecnico di Milano,https://biblioteche-fantasma.invalid/resource/library/IT-MI0164,IT-MI0164,Biblioteca campus Leonardo del Politecnico di Milano,false
https://biblioteche-fantasma.invalid/resource/library/IT-MI0605,IT-MI0605,"Biblioteca del Dipartimento di ingegneria agraria, Sezione di idraulica agraria, dell'Università degli studi di Milano",https://biblioteche-fantasma.invalid/resource/library/IT-MI0275,IT-MI0275,Biblioteca di Scienze agrarie e alimentari dell'Università degli studi di Milano,false
https://biblioteche-fantasma.invalid/resource/library/IT-MI0607,IT-MI0607,Biblioteca del Dipartimento di scienze e tecnologie alimentari e microbiologiche - DiSTAM dell'Università degli studi di Milano,https://biblioteche-fantasma.invalid/resource/library/IT-MI0275,IT-MI0275,Biblioteca di Scienze agrarie e alimentari dell'Università degli studi di Milano,false
https://biblioteche-fantasma.invalid/resource/library/IT-MI0609,IT-MI0609,"Biblioteca del Dipartimento di economia e politica agraria, agro-alimentare e ambientale dell'Università degli studi di Milano",https://biblioteche-fantasma.invalid/resource/library/IT-MI0275,IT-MI0275,Biblioteca di Scienze agrarie e alimentari dell'Università degli studi di Milano,false
https://biblioteche-fantasma.invalid/resource/library/IT-MI0610,IT-MI0610,Biblioteca dell'Istituto di chimica farmaceutica e tossicologica della Facoltà di farmacia dell'Università degli studi di Milano,https://biblioteche-fantasma.invalid/resource/library/IT-MI1975,IT-MI1975,Biblioteca Biomedica di Città Studi,false
https://biblioteche-fantasma.invalid/resource/library/IT-MI0612,IT-MI0612,"Biblioteca del Dipartimento di endocrinologia, Fisiopatologia e Biologia applicata - Università degli studi di Milano",https://biblioteche-fantasma.invalid/resource/library/IT-MI0614,IT-MI0614,Biblioteca Biomedica di Città Studi - Sezione di Scienze del Farmaco,false
https://biblioteche-fantasma.invalid/resource/library/IT-MI0613,IT-MI0613,Biblioteca dell'Istituto di fisiologia generale e chimica biologica Giovanni Esposito della Facoltà di farmacia dell'Università degli studi di Milano,https://biblioteche-fantasma.invalid/resource/library/IT-MI1975,IT-MI1975,Biblioteca Biomedica di Città Studi,false
https://biblioteche-fantasma.invalid/resource/library/IT-MI0614,IT-MI0614,Biblioteca Biomedica di Città Studi - Sezione di Scienze del Farmaco,https://biblioteche-fantasma.invalid/resource/library/IT-MI1975,IT-MI1975,Biblioteca Biomedica di Città Studi,false
https://biblioteche-fantasma.invalid/resource/library/IT-MI0619,IT-MI0619,"Biblioteca del Dipartimento di anestesiologia, terapia intensiva e scienze dermatologiche - Sezione di Anestesiologia e terapia intensiva - Università degli studi di Milano",https://biblioteche-fantasma.invalid/resource/library/IT-MI1339,IT-MI1339,Biblioteca del Polo centrale di medicina e chirurgia dell'Università degli studi di Milano,false
https://biblioteche-fantasma.invalid/resource/library/IT-MI0643,IT-MI0643,Biblioteca del Dipartimento di Scienze materno-infantili - Sez. di pediatria e di pediatria e neonatologia - Università degli studi di Milano,https://biblioteche-fantasma.invalid/resource/library/IT-MI1339,IT-MI1339,Biblioteca del Polo centrale di medicina e chirurgia dell'Università degli studi di Milano,false
https://biblioteche-fantasma.invalid/resource/library/IT-MI0644,IT-MI0644,Biblioteca dell'Istituto di psicologia della Facoltà di medicina e chirurgia dell'Università degli studi di Milano,https://biblioteche-fantasma.invalid/resource/library/IT-MI1975,IT-MI1975,Biblioteca Biomedica di Città Studi,false
https://biblioteche-fantasma.invalid/resource/library/IT-MI0645,IT-MI0645,Biblioteca del Dipartimento di scienze cliniche Luigi Sacco dell'Università degli studi di Milano,https://biblioteche-fantasma.invalid/resource/library/IT-MI1129,IT-MI1129,Biblioteca Alberto Malliani dell'Università degli studi di Milano,false
https://biblioteche-fantasma.invalid/resource/library/IT-MI0648,IT-MI0648,"Biblioteca del Dipartimento di sanità pubblica, microbiologia, virologia - Sezione di virologia dell'Università degli studi di Milano",https://biblioteche-fantasma.invalid/resource/library/IT-MI1134,IT-MI1134,Biblioteca di Sanità pubblica e Discipline infermieristiche dell'Università degli studi di Milano,false
https://biblioteche-fantasma.invalid/resource/library/IT-MI0654,IT-MI0654,Biblioteca del Dipartimento di scienze animali dell'Università degli studi di Milano,https://biblioteche-fantasma.invalid/resource/library/IT-MI0272,IT-MI0272,Biblioteca di Medicina Veterinaria,false
https://biblioteche-fantasma.invalid/resource/library/IT-MI0655,IT-MI0655,Biblioteca biologica dell'Università degli studi di Milano,https://biblioteche-fantasma.invalid/resource/library/IT-MI0657,IT-MI0657,"Biblioteca di biologia, informatica, chimica e fisica dell'Università degli studi di Milano",false
https://biblioteche-fantasma.invalid/resource/library/IT-MI0656,IT-MI0656,Biblioteca di chimica dell'Università degli studi di Milano,https://biblioteche-fantasma.invalid/resource/library/IT-MI0657,IT-MI0657,"Biblioteca di biologia, informatica, chimica e fisica dell'Università degli studi di Milano",false
https://biblioteche-fantasma.invalid/resource/library/IT-MI0664,IT-MI0664,Biblioteca di informatica dell'Università degli studi di Milano,https://biblioteche-fantasma.invalid/resource/library/IT-MI0657,IT-MI0657,"Biblioteca di biologia, informatica, chimica e fisica dell'Università degli studi di Milano",false
https://biblioteche-fantasma.invalid/resource/library/IT-MI0666,IT-MI0666,Biblioteca biomedica di Città Studi,https://biblioteche-fantasma.invalid/resource/library/IT-MI1975,IT-MI1975,Biblioteca Biomedica di Città Studi,false
https://biblioteche-fantasma.invalid/resource/library/IT-MI0822,IT-MI0822,Biblioteca della Pinacoteca di Brera,https://biblioteche-fantasma.invalid/resource/library/IT-MI0185,IT-MI0185,Biblioteca nazionale Braidense,false
https://biblioteche-fantasma.invalid/resource/library/IT-MI1085,IT-MI1085,Associazione Biblioteca Tremelloni del tessile e della moda,https://biblioteche-fantasma.invalid/resource/library/IT-MI1304,IT-MI1304,POLIteca del Dipartimento del Design del Politecnico di Milano,false
https://biblioteche-fantasma.invalid/resource/library/IT-MI1119,IT-MI1119,"Biblioteca di Bioingegneria del Dipartimento di Elettronica, Informazione e Bioingegneria (DEIB) del Politecnico di Milano",https://biblioteche-fantasma.invalid/resource/library/IT-MI0164,IT-MI0164,Biblioteca campus Leonardo del Politecnico di Milano,false
https://biblioteche-fantasma.invalid/resource/library/IT-MI1121,IT-MI1121,Biblioteca del Dipartimento di ingegneria gestionale - DIG del Politecnico di Milano,https://biblioteche-fantasma.invalid/resource/library/IT-MI1281,IT-MI1281,Biblioteca Bovisa La Masa del Politecnico di Milano,false
https://biblioteche-fantasma.invalid/resource/library/IT-MI1135,IT-MI1135,"Biblioteca del Dipartimento di sanità pubblica, microbiologia, virologia - Sezione di igiene e medicina preventiva dell'Università degli studi di Milano",https://biblioteche-fantasma.invalid/resource/library/IT-MI1134,IT-MI1134,Biblioteca di Sanità pubblica e Discipline infermieristiche dell'Università degli studi di Milano,false
https://biblioteche-fantasma.invalid/resource/library/IT-MI1183,IT-MI1183,Centro multimediale,https://biblioteche-fantasma.invalid/resource/library/IT-MI0888,IT-MI0888,Centro culturale Il Pertini,false
https://biblioteche-fantasma.invalid/resource/library/IT-MI1192,IT-MI1192,Biblioteca della Fondazione laboratorio prove materie plastiche del Politecnico di Milano,https://biblioteche-fantasma.invalid/resource/library/IT-MI1145,IT-MI1145,"Biblioteca del Dipartimento di chimica, materiali e ingegneria chimica Giulio Natta del Politecnico di Milano",false
https://biblioteche-fantasma.invalid/resource/library/IT-MI1234,IT-MI1234,Biblioteca del Dipartimento di filologia moderna dell'Università degli studi di Milano,https://biblioteche-fantasma.invalid/resource/library/IT-MI1256,IT-MI1256,Biblioteca di Scienze dell'antichità e filologia moderna,false
https://biblioteche-fantasma.invalid/resource/library/IT-MI1239,IT-MI1239,"Biblioteca del Dipartimento di storia delle arti, della musica e dello spettacolo. Sezione storia dell'arte. dell'Università degli studi di Milano",https://biblioteche-fantasma.invalid/resource/library/IT-MI1273,IT-MI1273,"Biblioteca di Storia dell'arte, della musica e dello spettacolo",false
https://biblioteche-fantasma.invalid/resource/library/IT-MI1260,IT-MI1260,Biblioteca del Dipartimento di storia della società e delle istituzioni dell'Università degli studi di Milano,https://biblioteche-fantasma.invalid/resource/library/IT-MI0669,IT-MI0669,Biblioteca di scienze politiche Enrica Collotti Pischel dell'Università degli studi di Milano,false
https://biblioteche-fantasma.invalid/resource/library/IT-MI1265,IT-MI1265,Biblioteca del Polo San Paolo. Sezione odontoiatria della Facoltà di medicina e chirurgia dell'Università degli studi di Milano,https://biblioteche-fantasma.invalid/resource/library/IT-MI1264,IT-MI1264,Biblioteca del Polo San Paolo della Facoltà di medicina e chirurgia dell'Università degli studi di Milano,false
https://biblioteche-fantasma.invalid/resource/library/IT-MI1267,IT-MI1267,Prestito Libri Centro Universitario ,https://biblioteche-fantasma.invalid/resource/library/IT-MI1975,IT-MI1975,Biblioteca Biomedica di Città Studi,false
https://biblioteche-fantasma.invalid/resource/library/IT-MI1268,IT-MI1268,Prestito Libri Santa Sofia ,https://biblioteche-fantasma.invalid/resource/library/IT-MI0190,IT-MI0190,Biblioteca di Studi giuridici e umanistici,false
https://biblioteche-fantasma.invalid/resource/library/IT-MI1269,IT-MI1269,Mediateca Centro universitario ,https://biblioteche-fantasma.invalid/resource/library/IT-MI0666,IT-MI0666,Biblioteca biomedica di Città Studi,false
https://biblioteche-fantasma.invalid/resource/library/IT-MI1278,IT-MI1278,Biblioteca del Dipartimento di scienze e tecnologie veterinarie per la sicurezza alimentare dell'Università degli studi di Milano,https://biblioteche-fantasma.invalid/resource/library/IT-MI0272,IT-MI0272,Biblioteca di Medicina Veterinaria,false
https://biblioteche-fantasma.invalid/resource/library/IT-MI1298,IT-MI1298,"Biblioteca del Dipartimento di Architettura, Ingegneria delle Costruzioni e Ambiente Costruito (DABC) del Politecnico di Milano",https://biblioteche-fantasma.invalid/resource/library/IT-MI0164,IT-MI0164,Biblioteca campus Leonardo del Politecnico di Milano,false
https://biblioteche-fantasma.invalid/resource/library/IT-MI1302,IT-MI1302,Mediateca del Centro di documentazione dell'architettura e del territorio - CEDAT. Campus Bovisa del Politecnico di Milano,https://biblioteche-fantasma.invalid/resource/library/IT-MI1154,IT-MI1154,Biblioteca Bovisa Candiani del Politecnico di Milano,false
https://biblioteche-fantasma.invalid/resource/library/IT-MI1303,IT-MI1303,Biblioteca Liliana Grassi del Dipartimento di architettura e pianificazione del Politecnico di Milano,https://biblioteche-fantasma.invalid/resource/library/IT-MI0597,IT-MI0597,Biblioteca del Dipartimento di Architettura e Studi Urbani del Politecnico di Milano - DAStU,false
https://biblioteche-fantasma.invalid/resource/library/IT-MI1304,IT-MI1304,POLIteca del Dipartimento del Design del Politecnico di Milano,https://biblioteche-fantasma.invalid/resource/library/IT-MI1154,IT-MI1154,Biblioteca Bovisa Candiani del Politecnico di Milano,false
https://biblioteche-fantasma.invalid/resource/library/IT-MI1305,IT-MI1305,Biblioteca del Dipartimento di produzione vegetale - DiProVe. Sezione di fisiologia delle piante coltivate e chimica agraria dell'Università degli studi di Milano,https://biblioteche-fantasma.invalid/resource/library/IT-MI0275,IT-MI0275,Biblioteca di Scienze agrarie e alimentari dell'Università degli studi di Milano,false
https://biblioteche-fantasma.invalid/resource/library/IT-MI1323,IT-MI1323,Biblioteca del Segretariato regionale per la Lombardia,https://biblioteche-fantasma.invalid/resource/library/IT-MI0194,IT-MI0194,"Biblioteca della Soprintendenza Archeologia, belle arti e paesaggio per la città metropolitana di Milano. Architettura",false
https://biblioteche-fantasma.invalid/resource/library/IT-MI1333,IT-MI1333,Biblioteca gestionale ex DIIAR del Politecnico di Milano,https://biblioteche-fantasma.invalid/resource/library/IT-MI0164,IT-MI0164,Biblioteca campus Leonardo del Politecnico di Milano,false
https://biblioteche-fantasma.invalid/resource/library/IT-MI1351,IT-MI1351,Prestito libri San Paolo,https://biblioteche-fantasma.invalid/resource/library/IT-MI1264,IT-MI1264,Biblioteca del Polo San Paolo della Facoltà di medicina e chirurgia dell'Università degli studi di Milano,false
https://biblioteche-fantasma.invalid/resource/library/IT-MI1352,IT-MI1352,Prestito libri Polo Vialba,https://biblioteche-fantasma.invalid/resource/library/IT-MI1129,IT-MI1129,Biblioteca Alberto Malliani dell'Università degli studi di Milano,false
https://biblioteche-fantasma.invalid/resource/library/IT-MI1353,IT-MI1353,Prestito libri Polo MIC,https://biblioteche-fantasma.invalid/resource/library/IT-MI1340,IT-MI1340,Biblioteche del Polo di mediazione interculturale e comunicazione dell'Università degli studi di Milano,false
https://biblioteche-fantasma.invalid/resource/library/IT-MN0145,IT-MN0145,Biblioteca della Fondazione Banca agricola mantovana,https://biblioteche-fantasma.invalid/resource/library/IT-MN0035,IT-MN0035,Biblioteca comunale Teresiana,false
https://biblioteche-fantasma.invalid/resource/library/IT-MN0154,IT-MN0154,Centro di ricerca sull'emigrazione lombarda - Associazione mantovani nel mondo onlus,https://biblioteche-fantasma.invalid/resource/library/IT-MN0120,IT-MN0120,Biblioteca Mediateca Gino Baratta,false
https://biblioteche-fantasma.invalid/resource/library/IT-MO0039,IT-MO0039,"Biblioteca dell'Istituto di geologia della Facoltà di scienze matematiche, fisiche e naturali dell'Università degli studi di Modena",https://biblioteche-fantasma.invalid/resource/library/IT-MO0208,IT-MO0208,Biblioteca scientifica interdipartimentale dell'Università degli studi di Modena e Reggio Emilia,false
https://biblioteche-fantasma.invalid/resource/library/IT-MO0068,IT-MO0068,Biblioteca del Dipartimento del Museo di paleobiologia e dell'Orto botanico. Sezione di paleontologia dell'Università degli studi di Modena e Reggio Emilia,https://biblioteche-fantasma.invalid/resource/library/IT-MO0208,IT-MO0208,Biblioteca scientifica interdipartimentale dell'Università degli studi di Modena e Reggio Emilia,false
https://biblioteche-fantasma.invalid/resource/library/IT-MO0069,IT-MO0069,"Biblioteca dell'Istituto di mineralogia e petrologia della Facoltà di scienze matematiche, fisiche e naturali dell'Università degli studi di Modena e Reggio Emilia",https://biblioteche-fantasma.invalid/resource/library/IT-MO0208,IT-MO0208,Biblioteca scientifica interdipartimentale dell'Università degli studi di Modena e Reggio Emilia,false
https://biblioteche-fantasma.invalid/resource/library/IT-MO0084,IT-MO0084,Biblioteca del Dipartimento di scienze dell'ingegneria. Sezione Osservatorio geofisico dell'Università degli studi di Modena e Reggio Emilia,https://biblioteche-fantasma.invalid/resource/library/IT-MO0208,IT-MO0208,Biblioteca scientifica interdipartimentale dell'Università degli studi di Modena e Reggio Emilia,false
https://biblioteche-fantasma.invalid/resource/library/IT-MO0163,IT-MO0163,Biblioteca del Dipartimento di chimica dell'Università degli studi di Modena e Reggio Emilia,https://biblioteche-fantasma.invalid/resource/library/IT-MO0208,IT-MO0208,Biblioteca scientifica interdipartimentale dell'Università degli studi di Modena e Reggio Emilia,false
https://biblioteche-fantasma.invalid/resource/library/IT-MO0164,IT-MO0164,Biblioteca del Dipartimento di fisica dell'Università degli studi di Modena e Reggio Emilia,https://biblioteche-fantasma.invalid/resource/library/IT-MO0208,IT-MO0208,Biblioteca scientifica interdipartimentale dell'Università degli studi di Modena e Reggio Emilia,false
https://biblioteche-fantasma.invalid/resource/library/IT-MO0165,IT-MO0165,Biblioteca del Dipartimento di matematica applicata G. Vitali dell'Università degli studi di Modena e Reggio Emilia,https://biblioteche-fantasma.invalid/resource/library/IT-MO0208,IT-MO0208,Biblioteca scientifica interdipartimentale dell'Università degli studi di Modena e Reggio Emilia,false
https://biblioteche-fantasma.invalid/resource/library/IT-MO0166,IT-MO0166,Biblioteca del Dipartimento di scienze farmaceutiche dell'Università degli studi di Modena e Reggio Emilia,https://biblioteche-fantasma.invalid/resource/library/IT-MO0208,IT-MO0208,Biblioteca scientifica interdipartimentale dell'Università degli studi di Modena e Reggio Emilia,false
https://biblioteche-fantasma.invalid/resource/library/IT-MO0167,IT-MO0167,Biblioteca centralizzata degli Istituti biologici dell'Università degli studi di Modena e Reggio Emilia,https://biblioteche-fantasma.invalid/resource/library/IT-MO0208,IT-MO0208,Biblioteca scientifica interdipartimentale dell'Università degli studi di Modena e Reggio Emilia,false
https://biblioteche-fantasma.invalid/resource/library/IT-MO0177,IT-MO0177,Biblioteca del Dipartimento di biologia animale. Sezione di anatomia comparata dell'Università degli studi di Modena e Reggio Emilia,https://biblioteche-fantasma.invalid/resource/library/IT-MO0208,IT-MO0208,Biblioteca scientifica interdipartimentale dell'Università degli studi di Modena e Reggio Emilia,false
https://biblioteche-fantasma.invalid/resource/library/IT-MO0179,IT-MO0179,Biblioteca del Dipartimento di scienze morfologiche e medico legali dell'Università degli studi di Modena e Reggio Emilia,https://biblioteche-fantasma.invalid/resource/library/IT-MO0168,IT-MO0168,Biblioteca Universitaria - Area Medica della Facoltà di medicina e chirurgia dell'Università degli studi di Modena e Reggio Emilia,false
https://biblioteche-fantasma.invalid/resource/library/IT-MO0181,IT-MO0181,Biblioteca del Dipartimento di biologia animale. Sezione di zoologia dell'Università degli studi di Modena e Reggio Emilia,https://biblioteche-fantasma.invalid/resource/library/IT-MO0208,IT-MO0208,Biblioteca scientifica interdipartimentale dell'Università degli studi di Modena e Reggio Emilia,false
https://biblioteche-fantasma.invalid/resource/library/IT-MO0190,IT-MO0190,Biblioteca privata Mirko Caffagni,https://biblioteche-fantasma.invalid/resource/library/IT-MO0348,IT-MO0348,Mediateca di Grandezze & Meraviglie,false
https://biblioteche-fantasma.invalid/resource/library/IT-MO0211,IT-MO0211,Biblioteca del Museo civico archeologico etnologico,https://biblioteche-fantasma.invalid/resource/library/IT-MO0056,IT-MO0056,Biblioteca del Museo Civico,false
https://biblioteche-fantasma.invalid/resource/library/IT-MO0229,IT-MO0229,Biblioteca Punto studi monsignor Antonio Mantovani,https://biblioteche-fantasma.invalid/resource/library/IT-MO0224,IT-MO0224,Biblioteca B. C. Ferrini,false
https://biblioteche-fantasma.invalid/resource/library/IT-MS0033,IT-MS0033,Biblioteca del Centro studi di storia locale della Basilica di Massa,https://biblioteche-fantasma.invalid/resource/library/IT-MS0027,IT-MS0027,Biblioteca diocesana - sede di Massa,false
https://biblioteche-fantasma.invalid/resource/library/IT-MS0035,IT-MS0035,Biblioteca del Centro studi estetici,https://biblioteche-fantasma.invalid/resource/library/IT-MS0019,IT-MS0019,Biblioteca diocesana - sede di Pontremoli,false
https://biblioteche-fantasma.invalid/resource/library/IT-NA0056,IT-NA0056,Biblioteca del Convento francescano di S. Lucia al Monte,https://biblioteche-fantasma.invalid/resource/library/IT-NA0260,IT-NA0260,Biblioteca provinciale francescana Beato Ludovico da Casoria,false
https://biblioteche-fantasma.invalid/resource/library/IT-NA0109,IT-NA0109,Biblioteca dell'Istituto di clinica ortopedica e traumatologica dell'apparato locomotore della Facoltà di medicina e chirurgia dell'Università degli Studi della Campania Luigi Vanvitelli,https://biblioteche-fantasma.invalid/resource/library/IT-NA0588,IT-NA0588,Ufficio di Biblioteca dei Dipartimenti di Area Medica,false
https://biblioteche-fantasma.invalid/resource/library/IT-NA0113,IT-NA0113,Biblioteca dell'Istituto di clinica dermosifilopatica della Facoltà di medicina e chirurgia dell'Università degli Studi della Campania Luigi Vanvitelli,https://biblioteche-fantasma.invalid/resource/library/IT-NA0588,IT-NA0588,Ufficio di Biblioteca dei Dipartimenti di Area Medica,false
https://biblioteche-fantasma.invalid/resource/library/IT-NA0114,IT-NA0114,Biblioteca dell'Istituto di scienze neurologiche della Facoltà di medicina e chirurgia dell'Università degli Studi della Campania Luigi Vanvitelli,https://biblioteche-fantasma.invalid/resource/library/IT-NA0588,IT-NA0588,Ufficio di Biblioteca dei Dipartimenti di Area Medica,false
https://biblioteche-fantasma.invalid/resource/library/IT-NA0143,IT-NA0143,Biblioteca del Dipartimento di medicina sperimentale. Sezione di farmacologia Leonardo Donatelli della Seconda Università degli studi di Napoli,https://biblioteche-fantasma.invalid/resource/library/IT-NA0588,IT-NA0588,Ufficio di Biblioteca dei Dipartimenti di Area Medica,false
https://biblioteche-fantasma.invalid/resource/library/IT-NA0148,IT-NA0148,Biblioteca dell'Istituto di clinica otorinolaringoiatrica della Facoltà di medicina e chirurgia della Seconda Università degli studi di Napoli,https://biblioteche-fantasma.invalid/resource/library/IT-NA0588,IT-NA0588,Ufficio di Biblioteca dei Dipartimenti di Area Medica,false
https://biblioteche-fantasma.invalid/resource/library/IT-NA0149,IT-NA0149,Biblioteca dell'Istituto di clinica ostetrica e ginecologica della Facoltà di medicina e chirurgia della Seconda Università degli studi di Napoli,https://biblioteche-fantasma.invalid/resource/library/IT-NA0588,IT-NA0588,Ufficio di Biblioteca dei Dipartimenti di Area Medica,false
https://biblioteche-fantasma.invalid/resource/library/IT-NA0150,IT-NA0150,Biblioteca dell'Istituto di clinica medica generale e terapia medica della Facoltà di medicina e chirurgia della Seconda Università degli studi di Napoli,https://biblioteche-fantasma.invalid/resource/library/IT-NA0588,IT-NA0588,Ufficio di Biblioteca dei Dipartimenti di Area Medica,false
https://biblioteche-fantasma.invalid/resource/library/IT-NA0252,IT-NA0252,Biblioteca del Convento di S. Pietro ad Aram dei Padri Francescani,https://biblioteche-fantasma.invalid/resource/library/IT-NA0260,IT-NA0260,Biblioteca provinciale francescana Beato Ludovico da Casoria,false
https://biblioteche-fantasma.invalid/resource/library/IT-NA0289,IT-NA0289,Biblioteca del Dipartimento di studi del mondo classico e del Mediterraneo antico dell'Università degli studi di Napoli L'Orientale,https://biblioteche-fantasma.invalid/resource/library/IT-NA0705,IT-NA0705,SiBA - Sistema Bibliotecario d'Ateneo dell'Università degli studi di Napoli l'Orientale - Sezione Corigliano,false
https://biblioteche-fantasma.invalid/resource/library/IT-NA0290,IT-NA0290,Biblioteca del Dipartimento di studi dell'Europa orientale dell'Istituto universitario orientale,https://biblioteche-fantasma.invalid/resource/library/IT-NA0706,IT-NA0706,SiBA - Sistema Bibliotecario d'Ateneo dell'Università degli studi di Napoli l'Orientale - Sezione Duomo,false
https://biblioteche-fantasma.invalid/resource/library/IT-NA0291,IT-NA0291,Biblioteca di scienze sociali dell'Università degli studi di Napoli L'Orientale,https://biblioteche-fantasma.invalid/resource/library/IT-NA0704,IT-NA0704,SiBA - Sistema Bibliotecario d'Ateneo dell'Università degli studi di Napoli l'Orientale - Sezione Giusso,false
https://biblioteche-fantasma.invalid/resource/library/IT-NA0292,IT-NA0292,Biblioteca del Dipartimento di studi asiatici dell'Università degli studi di Napoli L'Orientale,https://biblioteche-fantasma.invalid/resource/library/IT-NA0705,IT-NA0705,SiBA - Sistema Bibliotecario d'Ateneo dell'Università degli studi di Napoli l'Orientale - Sezione Corigliano,false
https://biblioteche-fantasma.invalid/resource/library/IT-NA0293,IT-NA0293,Biblioteca del Dipartimento di studi e ricerche su Africa e Paesi Arabi dell'Università degli stuti di Napoli L'Orientale,https://biblioteche-fantasma.invalid/resource/library/IT-NA0705,IT-NA0705,SiBA - Sistema Bibliotecario d'Ateneo dell'Università degli studi di Napoli l'Orientale - Sezione Corigliano,false
https://biblioteche-fantasma.invalid/resource/library/IT-NA0342,IT-NA0342,Biblioteca del Dipartimento di costruzione ponti dell'Università degli studi di Napoli Federico II,https://biblioteche-fantasma.invalid/resource/library/IT-NA0423,IT-NA0423,Biblioteca DIST del Dipartimento di Strutture per l'Ingegneria e l'Archittettura dell'Università degli studi di Napoli Federico II,false
https://biblioteche-fantasma.invalid/resource/library/IT-NA0354,IT-NA0354,"Biblioteca di Area Farmacia dell'Università degli Studi di Napoli ""Federico II""",https://biblioteche-fantasma.invalid/resource/library/IT-NA0430,IT-NA0430,"Biblioteca di Area Farmacia dell'Università degli Studi di Napoli ""Federico II""",false
https://biblioteche-fantasma.invalid/resource/library/IT-NA0393,IT-NA0393,Biblioteca del Dipartimento di scienze cardiotoraciche e respiratorie. Sezione di chirurgia toracica della Seconda Università degli studi di Napoli,https://biblioteche-fantasma.invalid/resource/library/IT-NA0588,IT-NA0588,Ufficio di Biblioteca dei Dipartimenti di Area Medica,false
https://biblioteche-fantasma.invalid/resource/library/IT-NA0397,IT-NA0397,Biblioteca del Dipartimento di matematica e statistica dell'Università degli studi di Napoli Federico II,https://biblioteche-fantasma.invalid/resource/library/IT-NA0365,IT-NA0365,Biblioteca del Dipartimento di Scienze Economiche e Statistiche dell'Università degli studi di Napoli Federico II - DISES,false
https://biblioteche-fantasma.invalid/resource/library/IT-NA0398,IT-NA0398,Biblioteca del Dipartimento di teoria e storia dell'economia pubblica dell'Università degli studi di Napoli Federico II,https://biblioteche-fantasma.invalid/resource/library/IT-NA0365,IT-NA0365,Biblioteca del Dipartimento di Scienze Economiche e Statistiche dell'Università degli studi di Napoli Federico II - DISES,false
https://biblioteche-fantasma.invalid/resource/library/IT-NA0427,IT-NA0427,Biblioteca del Dipartimento di analisi dei processi economico sociali linguistici produttivi e territoriali. Sezione storico-culturale dell'Università,https://biblioteche-fantasma.invalid/resource/library/IT-NA0365,IT-NA0365,Biblioteca del Dipartimento di Scienze Economiche e Statistiche dell'Università degli studi di Napoli Federico II - DISES,false
https://biblioteche-fantasma.invalid/resource/library/IT-NA0428,IT-NA0428,Biblioteca Carlo Miranda del Dipartimento di matematica e applicazioni Renato Caccioppoli. Sezione di ingegneria dell'Università degli studi di Napoli Federico II,https://biblioteche-fantasma.invalid/resource/library/IT-NA0284,IT-NA0284,"Biblioteca ""Carlo Miranda"" del Dipartimento di matematica e applicazioni ""Renato Caccioppoli"" dell'Università degli studi di Napoli Fedeco II",false
https://biblioteche-fantasma.invalid/resource/library/IT-NA0447,IT-NA0447,Biblioteca del Dipartimento di filosofia e politica dell'Università degli studi di Napoli L'Orientale,https://biblioteche-fantasma.invalid/resource/library/IT-NA0704,IT-NA0704,SiBA - Sistema Bibliotecario d'Ateneo dell'Università degli studi di Napoli l'Orientale - Sezione Giusso,false
https://biblioteche-fantasma.invalid/resource/library/IT-NA0448,IT-NA0448,Biblioteca del Dipartimento di studi letterari e linguistici dell'Occidente dell'Istituto universitario orientale,https://biblioteche-fantasma.invalid/resource/library/IT-NA0706,IT-NA0706,SiBA - Sistema Bibliotecario d'Ateneo dell'Università degli studi di Napoli l'Orientale - Sezione Duomo,false
https://biblioteche-fantasma.invalid/resource/library/IT-NA0504,IT-NA0504,Biblioteca dell'Istituto di igiene e di medicina preventiva della Facoltà di medicina e chirurgia della Seconda Università degli studi di Napoli,https://biblioteche-fantasma.invalid/resource/library/IT-NA0588,IT-NA0588,Ufficio di Biblioteca dei Dipartimenti di Area Medica,false
https://biblioteche-fantasma.invalid/resource/library/IT-NA0505,IT-NA0505,Biblioteca del Dipartimento di medicina sperimentale. Sezione di fisiologia umana e funzioni biologiche integrate F. Bottazzi della Seconda Università dedli studi di Napoli,https://biblioteche-fantasma.invalid/resource/library/IT-NA0588,IT-NA0588,Ufficio di Biblioteca dei Dipartimenti di Area Medica,false
https://biblioteche-fantasma.invalid/resource/library/IT-NA0506,IT-NA0506,Biblioteca dell'Istituto di diritto commerciale della Facoltà di economia dell'Università degli studi di Napoli Parthenope,https://biblioteche-fantasma.invalid/resource/library/IT-NA0112,IT-NA0112,Biblioteca centrale di Ateneo dell'Università degli studi di Napoli Parthenope,false
https://biblioteche-fantasma.invalid/resource/library/IT-NA0507,IT-NA0507,Biblioteca dell'Istituto di diritto della navigazione e lingue. Sezione di diritto della navigazione della Facoltà di economia dell'Università degli studi di Napoli Parthenope,https://biblioteche-fantasma.invalid/resource/library/IT-NA0112,IT-NA0112,Biblioteca centrale di Ateneo dell'Università degli studi di Napoli Parthenope,false
https://biblioteche-fantasma.invalid/resource/library/IT-NA0508,IT-NA0508,Biblioteca dell'Istituto di diritto pubblico della Facoltà di economia dell'Università degli studi di Napoli Parthenope,https://biblioteche-fantasma.invalid/resource/library/IT-NA0112,IT-NA0112,Biblioteca centrale di Ateneo dell'Università degli studi di Napoli Parthenope,false
https://biblioteche-fantasma.invalid/resource/library/IT-NA0509,IT-NA0509,Biblioteca dell'Istituto di studi aziendali. Sezione di economia dei trasporti della Facoltà di economia dell'Università degli studi di Napoli Parthenope,https://biblioteche-fantasma.invalid/resource/library/IT-NA0112,IT-NA0112,Biblioteca centrale di Ateneo dell'Università degli studi di Napoli Parthenope,false
https://biblioteche-fantasma.invalid/resource/library/IT-NA0510,IT-NA0510,Biblioteca dell'Istituto di studi aziendali. Sezione di geografia economica della Facoltà di economia dell'Università degli studi di Napoli Parthenope,https://biblioteche-fantasma.invalid/resource/library/IT-NA0112,IT-NA0112,Biblioteca centrale di Ateneo dell'Università degli studi di Napoli Parthenope,false
https://biblioteche-fantasma.invalid/resource/library/IT-NA0511,IT-NA0511,Biblioteca dell'Istituto di diritto della navigazione e lingue. Sezione di lingue della Facoltà di economia dell'Università degli studi di Napoli Parthenope,https://biblioteche-fantasma.invalid/resource/library/IT-NA0112,IT-NA0112,Biblioteca centrale di Ateneo dell'Università degli studi di Napoli Parthenope,false
https://biblioteche-fantasma.invalid/resource/library/IT-NA0512,IT-NA0512,Biblioteca dell'Istituto di statistica e matematica della Facoltà di economia dell'Università degli studi di Napoli Parthenope,https://biblioteche-fantasma.invalid/resource/library/IT-NA0112,IT-NA0112,Biblioteca centrale di Ateneo dell'Università degli studi di Napoli Parthenope,false
https://biblioteche-fantasma.invalid/resource/library/IT-NA0514,IT-NA0514,Biblioteca dell'Istituto di studi aziendali. Sezione di studi aziendali della Facoltà di economia dell'Università degli studi di Napoli Parthenope,https://biblioteche-fantasma.invalid/resource/library/IT-NA0112,IT-NA0112,Biblioteca centrale di Ateneo dell'Università degli studi di Napoli Parthenope,false
https://biblioteche-fantasma.invalid/resource/library/IT-NA0515,IT-NA0515,Biblioteca dell'Istituto di studi economici della Facoltà di economia dell'Università degli studi di Napoli Parthenope,https://biblioteche-fantasma.invalid/resource/library/IT-NA0112,IT-NA0112,Biblioteca centrale di Ateneo dell'Università degli studi di Napoli Parthenope,false
https://biblioteche-fantasma.invalid/resource/library/IT-NA0516,IT-NA0516,Biblioteca dell'Istituto di navigazione G. Simeon della Facoltà di scienze nautiche dell'Università degli studi di Napoli Parthenope,https://biblioteche-fantasma.invalid/resource/library/IT-NA0112,IT-NA0112,Biblioteca centrale di Ateneo dell'Università degli studi di Napoli Parthenope,false
https://biblioteche-fantasma.invalid/resource/library/IT-NA0542,IT-NA0542,Biblioteca dell'Istituto di studi aziendali. Sezione di qualità e certificazione della Facoltà di economia dell'Università degli studi di Napoli Parthenope,https://biblioteche-fantasma.invalid/resource/library/IT-NA0112,IT-NA0112,Biblioteca centrale di Ateneo dell'Università degli studi di Napoli Parthenope,false
https://biblioteche-fantasma.invalid/resource/library/IT-NA0543,IT-NA0543,Biblioteca dell'Istituto di teoria e tecnica delle onde elettromagnetiche della Facoltà di scienze nautiche dell'Università degli studi di Napoli Parthenope,https://biblioteche-fantasma.invalid/resource/library/IT-NA0112,IT-NA0112,Biblioteca centrale di Ateneo dell'Università degli studi di Napoli Parthenope,false
https://biblioteche-fantasma.invalid/resource/library/IT-NA0544,IT-NA0544,Biblioteca dell'Istituto di meteorologia e oceanografia della Facoltà di scienze nautiche dell'Università degli studi di Napoli Parthenope,https://biblioteche-fantasma.invalid/resource/library/IT-NA0112,IT-NA0112,Biblioteca centrale di Ateneo dell'Università degli studi di Napoli Parthenope,false
https://biblioteche-fantasma.invalid/resource/library/IT-NA0545,IT-NA0545,"Biblioteca dell'Istituto di geodesia, topografia e idrografia della Facoltà di scienze nautiche dell'Università degli studi di Napoli Parthenope",https://biblioteche-fantasma.invalid/resource/library/IT-NA0112,IT-NA0112,Biblioteca centrale di Ateneo dell'Università degli studi di Napoli Parthenope,false
https://biblioteche-fantasma.invalid/resource/library/IT-NA0546,IT-NA0546,Biblioteca dell'Istituto di matematica fisica ed applicazioni della Facoltà di scienze nautiche dell'Università degli studi di Napoli Parthenope,https://biblioteche-fantasma.invalid/resource/library/IT-NA0112,IT-NA0112,Biblioteca centrale di Ateneo dell'Università degli studi di Napoli Parthenope,false
https://biblioteche-fantasma.invalid/resource/library/IT-NA0549,IT-NA0549,Biblioteca dell'Istituto di terapia medica della Facoltà di medicina e chirurgia della Seconda Università degli studi di Napoli,https://biblioteche-fantasma.invalid/resource/library/IT-NA0588,IT-NA0588,Ufficio di Biblioteca dei Dipartimenti di Area Medica,false
https://biblioteche-fantasma.invalid/resource/library/IT-NA0550,IT-NA0550,Biblioteca dell'Istituto di psichiatria della Facoltà di medicina e chirurgia della Seconda Università degli studi di Napoli,https://biblioteche-fantasma.invalid/resource/library/IT-NA0588,IT-NA0588,Ufficio di Biblioteca dei Dipartimenti di Area Medica,false
https://biblioteche-fantasma.invalid/resource/library/IT-NA0551,IT-NA0551,Biblioteca dell'Istituto di patologia generale ed oncologia della Facoltà di medicina e chirurgia della Seconda Università degli studi di Napoli,https://biblioteche-fantasma.invalid/resource/library/IT-NA0588,IT-NA0588,Ufficio di Biblioteca dei Dipartimenti di Area Medica,false
https://biblioteche-fantasma.invalid/resource/library/IT-NA0552,IT-NA0552,Biblioteca dell'Istituto di neurochirurgia della Facoltà di medicina e chirurgia della Seconda Università degli studi di Napoli,https://biblioteche-fantasma.invalid/resource/library/IT-NA0588,IT-NA0588,Ufficio di Biblioteca dei Dipartimenti di Area Medica,false
https://biblioteche-fantasma.invalid/resource/library/IT-NA0553,IT-NA0553,Biblioteca dell'Istituto di microbiologia della Facoltà di medicina e chirurgia della Seconda Università degli studi di Napoli,https://biblioteche-fantasma.invalid/resource/library/IT-NA0588,IT-NA0588,Ufficio di Biblioteca dei Dipartimenti di Area Medica,false
https://biblioteche-fantasma.invalid/resource/library/IT-NA0554,IT-NA0554,Biblioteca dell'Istituto di medicina legale e delle assicurazioni della Facoltà di medicina e chirurgia della Seconda Università degli studi di Napoli,https://biblioteche-fantasma.invalid/resource/library/IT-NA0588,IT-NA0588,Ufficio di Biblioteca dei Dipartimenti di Area Medica,false
https://biblioteche-fantasma.invalid/resource/library/IT-NA0557,IT-NA0557,Biblioteca del Dipartimento di scienze oftalmologiche della Seconda Università degli studi di Napoli,https://biblioteche-fantasma.invalid/resource/library/IT-NA0588,IT-NA0588,Ufficio di Biblioteca dei Dipartimenti di Area Medica,false
https://biblioteche-fantasma.invalid/resource/library/IT-NA0559,IT-NA0559,Biblioteca dell'Istituto di chirurgia oro-maxillo facciale della Facoltà di medicina e chirurgia della Seconda Università degli studi di Napoli,https://biblioteche-fantasma.invalid/resource/library/IT-NA0588,IT-NA0588,Ufficio di Biblioteca dei Dipartimenti di Area Medica,false
https://biblioteche-fantasma.invalid/resource/library/IT-NA0560,IT-NA0560,Biblioteca dell'Istituto di anatomia topografica della Facoltà di medicina e chirurgia della Seconda Università degli studi di Napoli,https://biblioteche-fantasma.invalid/resource/library/IT-NA0588,IT-NA0588,Ufficio di Biblioteca dei Dipartimenti di Area Medica,false
https://biblioteche-fantasma.invalid/resource/library/IT-NA0561,IT-NA0561,Biblioteca dell'Istituto di clinica chirurgica generale e terapia chirurgica della Facoltà di medicina e chirurgia della Seconda Università degli studi di Napoli,https://biblioteche-fantasma.invalid/resource/library/IT-NA0588,IT-NA0588,Ufficio di Biblioteca dei Dipartimenti di Area Medica,false
https://biblioteche-fantasma.invalid/resource/library/IT-NA0562,IT-NA0562,Biblioteca del Dipartimento di pediatria Francesco Fede della Seconda Università degli studi di Napoli,https://biblioteche-fantasma.invalid/resource/library/IT-NA0588,IT-NA0588,Ufficio di Biblioteca dei Dipartimenti di Area Medica,false
https://biblioteche-fantasma.invalid/resource/library/IT-NA0563,IT-NA0563,"Biblioteca del Dipartimento di gerontologia, geriatria e malattie del metabolismo della Seconda Università degli studi di Napoli",https://biblioteche-fantasma.invalid/resource/library/IT-NA0588,IT-NA0588,Ufficio di Biblioteca dei Dipartimenti di Area Medica,false
https://biblioteche-fantasma.invalid/resource/library/IT-NA0564,IT-NA0564,Biblioteca dell'Istituto di anatomia chirurgica e corso di operazioni della Facoltà di medicina e chirurgia della Seconda Università degli studi di Napoli,https://biblioteche-fantasma.invalid/resource/library/IT-NA0588,IT-NA0588,Ufficio di Biblioteca dei Dipartimenti di Area Medica,false
https://biblioteche-fantasma.invalid/resource/library/IT-NA0565,IT-NA0565,Biblioteca del Dipartimento di internistica clinica e sperimentale Flaviano Magrassi della Seconda Università degli studi di Napoli,https://biblioteche-fantasma.invalid/resource/library/IT-NA0588,IT-NA0588,Ufficio di Biblioteca dei Dipartimenti di Area Medica,false
https://biblioteche-fantasma.invalid/resource/library/IT-NA0566,IT-NA0566,Biblioteca dell'Istituto di anatomia umana normale della Facoltà di medicina e chirurgia della Seconda Università degli studi di Napoli,https://biblioteche-fantasma.invalid/resource/library/IT-NA0588,IT-NA0588,Ufficio di Biblioteca dei Dipartimenti di Area Medica,false
https://biblioteche-fantasma.invalid/resource/library/IT-NA0567,IT-NA0567,"Biblioteca dell'Istituto di endocrinologia, medicina interna e malattie della nutrizione della Facoltà di medicina e chirurgia della Seconda Università degli studi di Napoli",https://biblioteche-fantasma.invalid/resource/library/IT-NA0588,IT-NA0588,Ufficio di Biblioteca dei Dipartimenti di Area Medica,false
https://biblioteche-fantasma.invalid/resource/library/IT-NA0574,IT-NA0574,Biblioteca del Dipartimento di scienze cardiotoraciche e respiratorie. Sezione di cardiologia della Seconda Università degli studi di Napoli,https://biblioteche-fantasma.invalid/resource/library/IT-NA0588,IT-NA0588,Ufficio di Biblioteca dei Dipartimenti di Area Medica,false
https://biblioteche-fantasma.invalid/resource/library/IT-NA0575,IT-NA0575,Biblioteca del Dipartimento di scienze cardiotoraciche e respiratorie. Sezione di cardiologia pediatrica della Seconda Università degli studi di Napoli,https://biblioteche-fantasma.invalid/resource/library/IT-NA0588,IT-NA0588,Ufficio di Biblioteca dei Dipartimenti di Area Medica,false
https://biblioteche-fantasma.invalid/resource/library/IT-NA0576,IT-NA0576,Biblioteca del Dipartimento di scienze cardiotoraciche e respiratorie. Sezione di cardio-chirurgia pediatrica della Seconda Università degli studi di Napoli,https://biblioteche-fantasma.invalid/resource/library/IT-NA0588,IT-NA0588,Ufficio di Biblioteca dei Dipartimenti di Area Medica,false
https://biblioteche-fantasma.invalid/resource/library/IT-NA0577,IT-NA0577,Biblioteca del Dipartimento di scienze cardiotoraciche e respiratorie. Sezione di cardio-chirurgia per adulti della Seconda Università degli studi di Napoli,https://biblioteche-fantasma.invalid/resource/library/IT-NA0588,IT-NA0588,Ufficio di Biblioteca dei Dipartimenti di Area Medica,false
https://biblioteche-fantasma.invalid/resource/library/IT-NA0653,IT-NA0653,Biblioteca Europa dell'Università degli studi di Napoli L'Orientale,https://biblioteche-fantasma.invalid/resource/library/IT-NA0706,IT-NA0706,SiBA - Sistema Bibliotecario d'Ateneo dell'Università degli studi di Napoli l'Orientale - Sezione Duomo,false
https://biblioteche-fantasma.invalid/resource/library/IT-NO0136,IT-NO0136,Biblioteca Interdipartimentale di Medicina dell'Università del Piemonte Orientale. Sede di Novara,https://biblioteche-fantasma.invalid/resource/library/IT-NO0137,IT-NO0137,"Biblioteca del Polo universitario di Novara ""Rita Fossaceca""",false
https://biblioteche-fantasma.invalid/resource/library/IT-NO0146,IT-NO0146,"Biblioteca ""Ascanio Sobrero"" del Dipartimento di scienze del farmaco dell'Università degli studi del Piemonte orientale A. Avogadro",https://biblioteche-fantasma.invalid/resource/library/IT-NO0137,IT-NO0137,"Biblioteca del Polo universitario di Novara ""Rita Fossaceca""",false
https://biblioteche-fantasma.invalid/resource/library/IT-NO0201,IT-NO0201,Biblioteca dell'Accademia di Belle Arti A.C.M.E,https://biblioteche-fantasma.invalid/resource/library/IT-MI2034,IT-MI2034,Biblioteca dell'Accademia di Belle Arti A.C.M.E.,false
https://biblioteche-fantasma.invalid/resource/library/IT-NU0051,IT-NU0051,Biblioteca Meloni Dore,https://biblioteche-fantasma.invalid/resource/library/IT-NU0103,IT-NU0103,Biblioteca Storica Pietro Meloni Satta,false
https://biblioteche-fantasma.invalid/resource/library/IT-OR0067,IT-OR0067,Biblioteca della Facoltà teologica del pontificio Seminario regionale sardo,https://biblioteche-fantasma.invalid/resource/library/IT-CA0514,IT-CA0514,"Biblioteca del Pontificio Seminario Regionale Sardo
 ""Mons. Efisio Spettu""",false
https://biblioteche-fantasma.invalid/resource/library/IT-PA0067,IT-PA0067,Biblioteca dell'Istituto di economia politica F. Ferrara della Facoltà di economia e commercio dell'Università degli studi di Palermo,https://biblioteche-fantasma.invalid/resource/library/IT-PA0343,IT-PA0343,"Biblioteca di scienze economiche, aziendali e statistiche. Università degli studi di Palermo",false
https://biblioteche-fantasma.invalid/resource/library/IT-PA0070,IT-PA0070,Biblioteca dell'Istituto di coltivazioni arboree della Facoltà di agraria dell'Università degli studi di Palermo,https://biblioteche-fantasma.invalid/resource/library/IT-PA0318,IT-PA0318,Biblioteca di Scienze agro-forestali. Università degli studi di Palermo,false
https://biblioteche-fantasma.invalid/resource/library/IT-PA0076,IT-PA0076,Biblioteca interdipartimentale di discipline umanistiche. Archeologia e storia antica. Università degli studi di Palermo,https://biblioteche-fantasma.invalid/resource/library/IT-PA0129,IT-PA0129,Biblioteca Interdipartimentale di discipline umanistiche Sezione II. Antichistica. Università degli studi di Palermo,false
https://biblioteche-fantasma.invalid/resource/library/IT-PA0080,IT-PA0080,Biblioteca dell'Istituto di diritto del lavoro e della navigazione della Facoltà di economia e commercio dell'Università degli studi di Palermo,https://biblioteche-fantasma.invalid/resource/library/IT-PA0343,IT-PA0343,"Biblioteca di scienze economiche, aziendali e statistiche. Università degli studi di Palermo",false
https://biblioteche-fantasma.invalid/resource/library/IT-PA0102,IT-PA0102,Biblioteca della Facoltà di scienze della formazione 1 dell'Università degli studi di Palermo,https://biblioteche-fantasma.invalid/resource/library/IT-PA0394,IT-PA0394,Biblioteca interdipartimentale di discipline umanistiche Sezione II. Centrale di Scienze della formazione. Università degli studi di Palermo,false
https://biblioteche-fantasma.invalid/resource/library/IT-PA0105,IT-PA0105,Biblioteca centrale della Facoltà di economia e commercio dell'Università degli studi di Palermo,https://biblioteche-fantasma.invalid/resource/library/IT-PA0343,IT-PA0343,"Biblioteca di scienze economiche, aziendali e statistiche. Università degli studi di Palermo",false
https://biblioteche-fantasma.invalid/resource/library/IT-PA0110,IT-PA0110,Biblioteca dell'Istituto di clinica otorinolaringoiatrica della Facoltà di medicina e chirurgia dell'Università degli studi di Palermo,https://biblioteche-fantasma.invalid/resource/library/IT-PA0065,IT-PA0065,Biblioteca policentrica di medicina e chirurgia. Centrale. Università degli studi di Palermo,false
https://biblioteche-fantasma.invalid/resource/library/IT-PA0112,IT-PA0112,Biblioteca dell'Istituto di odontostomatologia della Facoltà di medicina e chirurgia dell'Università degli studi di Palermo,https://biblioteche-fantasma.invalid/resource/library/IT-PA0065,IT-PA0065,Biblioteca policentrica di medicina e chirurgia. Centrale. Università degli studi di Palermo,false
https://biblioteche-fantasma.invalid/resource/library/IT-PA0114,IT-PA0114,Biblioteca dell'Istituto di neuropsichiatria della Facoltà di medicina e chirurgia dell'Università degli studi di Palermo,https://biblioteche-fantasma.invalid/resource/library/IT-PA0065,IT-PA0065,Biblioteca policentrica di medicina e chirurgia. Centrale. Università degli studi di Palermo,false
https://biblioteche-fantasma.invalid/resource/library/IT-PA0125,IT-PA0125,Biblioteca dell'Istituto di entomologia agraria della Facoltà di agraria dell'Università degli studi di Palermo,https://biblioteche-fantasma.invalid/resource/library/IT-PA0318,IT-PA0318,Biblioteca di Scienze agro-forestali. Università degli studi di Palermo,false
https://biblioteche-fantasma.invalid/resource/library/IT-PA0130,IT-PA0130,Biblioteca dell'Istituto di farmacologia della Facoltà di medicina e chirurgia dell'Università degli studi di Palermo,https://biblioteche-fantasma.invalid/resource/library/IT-PA0065,IT-PA0065,Biblioteca policentrica di medicina e chirurgia. Centrale. Università degli studi di Palermo,false
https://biblioteche-fantasma.invalid/resource/library/IT-PA0134,IT-PA0134,Biblioteca dell'Istituto di zootecnica generale della Facoltà di agraria dell'Università degli studi di Palermo,https://biblioteche-fantasma.invalid/resource/library/IT-PA0318,IT-PA0318,Biblioteca di Scienze agro-forestali. Università degli studi di Palermo,false
https://biblioteche-fantasma.invalid/resource/library/IT-PA0139,IT-PA0139,Biblioteca dell'Istituto di studi orientali della Facoltà di lettere e filosofia dell'Università degli studi di Palermo,https://biblioteche-fantasma.invalid/resource/library/IT-PA0155,IT-PA0155,Biblioteca interdipartimentale di discipline umanistiche Sezione I. Linguistica filosofia e storia moderna. Università degli studi di Palermo,false
https://biblioteche-fantasma.invalid/resource/library/IT-PA0142,IT-PA0142,Biblioteca dell'Istituto di storia dell'arte della Facoltà di lettere e filosofia dell'Università degli studi di Palermo,https://biblioteche-fantasma.invalid/resource/library/IT-PA0394,IT-PA0394,Biblioteca interdipartimentale di discipline umanistiche Sezione II. Centrale di Scienze della formazione. Università degli studi di Palermo,false
https://biblioteche-fantasma.invalid/resource/library/IT-PA0144,IT-PA0144,Biblioteca dell'Istituto di storia antica della Facoltà di lettere e filosofia dell'Università degli studi di Palermo,https://biblioteche-fantasma.invalid/resource/library/IT-PA0076,IT-PA0076,Biblioteca interdipartimentale di discipline umanistiche. Archeologia e storia antica. Università degli studi di Palermo,false
https://biblioteche-fantasma.invalid/resource/library/IT-PA0145,IT-PA0145,Biblioteca dell'Istituto di statistica della Facoltà di economia e commercio dell'Università degli studi di Palermo,https://biblioteche-fantasma.invalid/resource/library/IT-PA0343,IT-PA0343,"Biblioteca di scienze economiche, aziendali e statistiche. Università degli studi di Palermo",false
https://biblioteche-fantasma.invalid/resource/library/IT-PA0149,IT-PA0149,Biblioteca dell'Istituto di patologia vegetale della Facoltà di agraria dell'Università degli studi di Palermo,https://biblioteche-fantasma.invalid/resource/library/IT-PA0318,IT-PA0318,Biblioteca di Scienze agro-forestali. Università degli studi di Palermo,false
https://biblioteche-fantasma.invalid/resource/library/IT-PA0151,IT-PA0151,Biblioteca dell'Istituto di patologia generale della Facoltà di medicina e chirurgia dell'Università degli studi di Palermo,https://biblioteche-fantasma.invalid/resource/library/IT-PA0065,IT-PA0065,Biblioteca policentrica di medicina e chirurgia. Centrale. Università degli studi di Palermo,false
https://biblioteche-fantasma.invalid/resource/library/IT-PA0154,IT-PA0154,Biblioteca dell'Istituto di macchine della Facoltà di ingegneria dell'Università degli studi di Palermo,https://biblioteche-fantasma.invalid/resource/library/IT-PA0335,IT-PA0335,Biblioteca del Dipartimento di tecnologia e produzione meccanica dell'Università degli studi di Palermo,false
https://biblioteche-fantasma.invalid/resource/library/IT-PA0156,IT-PA0156,Biblioteca dell'Istituto di lingua e letteratura albanese della Facoltà di lettere e filosofia dell'Università degli studi di Palermo,https://biblioteche-fantasma.invalid/resource/library/IT-PA0155,IT-PA0155,Biblioteca interdipartimentale di discipline umanistiche Sezione I. Linguistica filosofia e storia moderna. Università degli studi di Palermo,false
https://biblioteche-fantasma.invalid/resource/library/IT-PA0161,IT-PA0161,Biblioteca dell'Istituto di scienze antropologiche e geografiche della Facoltà di lettere e filosofia dell'Università degli studi di Palermo,https://biblioteche-fantasma.invalid/resource/library/IT-PA0140,IT-PA0140,Biblioteca interdipartimentale di discipline umanistiche Sezione II. Antropologia sociologia e storia medievale. Università degli studi di Palermo,false
https://biblioteche-fantasma.invalid/resource/library/IT-PA0190,IT-PA0190,Biblioteca del Museo civico,https://biblioteche-fantasma.invalid/resource/library/IT-PA0559,IT-PA0559,Biblioteca del Museo Regionale interdisciplinare di storia naturale e mostra permanente del carretto,false
https://biblioteche-fantasma.invalid/resource/library/IT-PA0224,IT-PA0224,Biblioteca del Servizio studi del Banco di Sicilia,https://biblioteche-fantasma.invalid/resource/library/IT-PA0097,IT-PA0097,Biblioteca della Fondazione Sicilia,false
https://biblioteche-fantasma.invalid/resource/library/IT-PA0314,IT-PA0314,Biblioteca del Dipartimento di chimica e tecnologie farmaceutiche dell'Università degli studi di Palermo,https://biblioteche-fantasma.invalid/resource/library/IT-PA0352,IT-PA0352,"Biblioteca di scienze biologiche, chimiche e farmaceutiche. Farmacia, chimica e tecnologie farmaceutiche. Università degli studi di Palermo",false
https://biblioteche-fantasma.invalid/resource/library/IT-PA0323,IT-PA0323,Biblioteca del Dipartimento di ingegneria nucleare dell'Università degli studi di Palermo,https://biblioteche-fantasma.invalid/resource/library/IT-PA0319,IT-PA0319,"Biblioteca di Energia, ingegneria dell'informazione e modelli matematici. Energia. Università degli Studi di Palermo",false
https://biblioteche-fantasma.invalid/resource/library/IT-PA0335,IT-PA0335,Biblioteca del Dipartimento di tecnologia e produzione meccanica dell'Università degli studi di Palermo,https://biblioteche-fantasma.invalid/resource/library/IT-PA0321,IT-PA0321,"Biblioteca di Ingegneria chimica, gestionale, informatica, meccanica. Università degli studi di Palermo",false
https://biblioteche-fantasma.invalid/resource/library/IT-PA0341,IT-PA0341,Biblioteca dell'Istituto di lingue straniere per le ricerche socio-economiche e commerciali della Facoltà di economia e commercio dell'Università degli studi di Palermo,https://biblioteche-fantasma.invalid/resource/library/IT-PA0343,IT-PA0343,"Biblioteca di scienze economiche, aziendali e statistiche. Università degli studi di Palermo",false
https://biblioteche-fantasma.invalid/resource/library/IT-PA0342,IT-PA0342,Biblioteca dell'Istituto di matematica per la ricerca operativa della Facoltà di economia e commercio dell'Università degli studi di Palermo,https://biblioteche-fantasma.invalid/resource/library/IT-PA0343,IT-PA0343,"Biblioteca di scienze economiche, aziendali e statistiche. Università degli studi di Palermo",false
https://biblioteche-fantasma.invalid/resource/library/IT-PA0344,IT-PA0344,Biblioteca dell'Istituto di scienze finanziarie E. Morselli della Facoltà di economia e commercio dell'Università degli studi di Palermo,https://biblioteche-fantasma.invalid/resource/library/IT-PA0343,IT-PA0343,"Biblioteca di scienze economiche, aziendali e statistiche. Università degli studi di Palermo",false
https://biblioteche-fantasma.invalid/resource/library/IT-PA0345,IT-PA0345,Biblioteca dell'Istituto di scienze merceologiche e dell'ambiente della Facoltà di economia e commercio dell'Università degli studi di Palermo,https://biblioteche-fantasma.invalid/resource/library/IT-PA0343,IT-PA0343,"Biblioteca di scienze economiche, aziendali e statistiche. Università degli studi di Palermo",false
https://biblioteche-fantasma.invalid/resource/library/IT-PA0346,IT-PA0346,Biblioteca dell'Istituto di statistica applicata alla ricerca economica della Facoltà di economia e commercio dell'Università degli studi di Palermo,https://biblioteche-fantasma.invalid/resource/library/IT-PA0343,IT-PA0343,"Biblioteca di scienze economiche, aziendali e statistiche. Università degli studi di Palermo",false
https://biblioteche-fantasma.invalid/resource/library/IT-PA0347,IT-PA0347,Biblioteca dell'Istituto di statistica sociale e scienze demografiche e biometriche della Facoltà di economia e commercio dell'Università di Palermo,https://biblioteche-fantasma.invalid/resource/library/IT-PA0343,IT-PA0343,"Biblioteca di scienze economiche, aziendali e statistiche. Università degli studi di Palermo",false
https://biblioteche-fantasma.invalid/resource/library/IT-PA0349,IT-PA0349,Biblioteca della Cattedra di sociologia della Facoltà di economia e commercio dell'Università degli studi di Palermo,https://biblioteche-fantasma.invalid/resource/library/IT-PA0343,IT-PA0343,"Biblioteca di scienze economiche, aziendali e statistiche. Università degli studi di Palermo",false
https://biblioteche-fantasma.invalid/resource/library/IT-PA0351,IT-PA0351,Biblioteca del Centro di calcolo per la ricerca scientifica della Facoltà di economia e commercio dell'Università degli studi di Palermo,https://biblioteche-fantasma.invalid/resource/library/IT-PA0343,IT-PA0343,"Biblioteca di scienze economiche, aziendali e statistiche. Università degli studi di Palermo",false
https://biblioteche-fantasma.invalid/resource/library/IT-PA0373,IT-PA0373,Biblioteca dell'Istituto di costruzioni stradali della Facoltà di ingegneria dell'Università degli studi di Palermo,https://biblioteche-fantasma.invalid/resource/library/IT-PA0324,IT-PA0324,"Biblioteca di ingegneria civile, ambientale, aerospaziale, dei materiali. Ingegneria strutturale, aerospaziale, geotecnica. Università degli studi di Palermo",false
https://biblioteche-fantasma.invalid/resource/library/IT-PA0374,IT-PA0374,Biblioteca dell'Istituto di trasporti della Facoltà di ingegneria dell'Università degli studi di Palermo,https://biblioteche-fantasma.invalid/resource/library/IT-PA0324,IT-PA0324,"Biblioteca di ingegneria civile, ambientale, aerospaziale, dei materiali. Ingegneria strutturale, aerospaziale, geotecnica. Università degli studi di Palermo",false
https://biblioteche-fantasma.invalid/resource/library/IT-PA0375,IT-PA0375,Biblioteca centrale della Facoltà di ingegneria. Sezione di matematica pura ed applicata P. Tortorici dell'Università degli studi di Palermo,https://biblioteche-fantasma.invalid/resource/library/IT-PA0066,IT-PA0066,Biblioteca di ingegneria. Università degli studi di Palermo,false
https://biblioteche-fantasma.invalid/resource/library/IT-PA0379,IT-PA0379,Biblioteca dell'Istituto di filologia latina della Facoltà di lettere e filosofia dell'Università degli studi di Palermo,https://biblioteche-fantasma.invalid/resource/library/IT-PA0129,IT-PA0129,Biblioteca Interdipartimentale di discipline umanistiche Sezione II. Antichistica. Università degli studi di Palermo,false
https://biblioteche-fantasma.invalid/resource/library/IT-PA0380,IT-PA0380,Biblioteca dell'Istituto di filosofia della Facoltà di lettere e filosofia dell'Università degli studi di Palermo,https://biblioteche-fantasma.invalid/resource/library/IT-PA0155,IT-PA0155,Biblioteca interdipartimentale di discipline umanistiche Sezione I. Linguistica filosofia e storia moderna. Università degli studi di Palermo,false
https://biblioteche-fantasma.invalid/resource/library/IT-PA0381,IT-PA0381,Biblioteca dell'Istituto di letteratura italiana della Facoltà di lettere e filosofia dell'Università degli studi di Palermo,https://biblioteche-fantasma.invalid/resource/library/IT-PA0155,IT-PA0155,Biblioteca interdipartimentale di discipline umanistiche Sezione I. Linguistica filosofia e storia moderna. Università degli studi di Palermo,false
https://biblioteche-fantasma.invalid/resource/library/IT-PA0382,IT-PA0382,Biblioteca dell'Istituto di scienze storico sociali della Facoltà di lettere e filosofia dell'Università degli studi di Palermo,https://biblioteche-fantasma.invalid/resource/library/IT-PA0140,IT-PA0140,Biblioteca interdipartimentale di discipline umanistiche Sezione II. Antropologia sociologia e storia medievale. Università degli studi di Palermo,false
https://biblioteche-fantasma.invalid/resource/library/IT-PA0383,IT-PA0383,Biblioteca dell'Istituto di storia della filosofia della Facoltà di lettere e filosofia dell'Università degli studi di Palermo,https://biblioteche-fantasma.invalid/resource/library/IT-PA0155,IT-PA0155,Biblioteca interdipartimentale di discipline umanistiche Sezione I. Linguistica filosofia e storia moderna. Università degli studi di Palermo,false
https://biblioteche-fantasma.invalid/resource/library/IT-PA0384,IT-PA0384,Biblioteca dell'Istituto di storia moderna della Facoltà di lettere e filosofia dell'Università degli studi di Palermo,https://biblioteche-fantasma.invalid/resource/library/IT-PA0155,IT-PA0155,Biblioteca interdipartimentale di discipline umanistiche Sezione I. Linguistica filosofia e storia moderna. Università degli studi di Palermo,false
https://biblioteche-fantasma.invalid/resource/library/IT-PA0385,IT-PA0385,Biblioteca dell'Istituto di teoria e storia delle idee della Facoltà di lettere e filosofia dell'Università degli studi di Palermo,https://biblioteche-fantasma.invalid/resource/library/IT-PA0155,IT-PA0155,Biblioteca interdipartimentale di discipline umanistiche Sezione I. Linguistica filosofia e storia moderna. Università degli studi di Palermo,false
https://biblioteche-fantasma.invalid/resource/library/IT-PA0386,IT-PA0386,Biblioteca americana,https://biblioteche-fantasma.invalid/resource/library/IT-PA0103,IT-PA0103,Biblioteca interdipartimentale di discipline umanistiche Sezione I. Centrale di lettere. Università degli studi di Palermo,false
https://biblioteche-fantasma.invalid/resource/library/IT-PA0393,IT-PA0393,Biblioteca dell'Istituto di filologia latina della Facoltà di scienze della formazione dell'Università degli studi di Palermo,https://biblioteche-fantasma.invalid/resource/library/IT-PA0129,IT-PA0129,Biblioteca Interdipartimentale di discipline umanistiche Sezione II. Antichistica. Università degli studi di Palermo,false
https://biblioteche-fantasma.invalid/resource/library/IT-PA0397,IT-PA0397,Biblioteca dell'Istituto di scienze antropologiche della Facoltà di scienze della formazione dell'Università degli studi di Palermo,https://biblioteche-fantasma.invalid/resource/library/IT-PA0140,IT-PA0140,Biblioteca interdipartimentale di discipline umanistiche Sezione II. Antropologia sociologia e storia medievale. Università degli studi di Palermo,false
https://biblioteche-fantasma.invalid/resource/library/IT-PA0401,IT-PA0401,Biblioteca dell'Istituto di storia della Facoltà di scienze della formazione dell'Università degli studi di Palermo,https://biblioteche-fantasma.invalid/resource/library/IT-PA0140,IT-PA0140,Biblioteca interdipartimentale di discipline umanistiche Sezione II. Antropologia sociologia e storia medievale. Università degli studi di Palermo,false
https://biblioteche-fantasma.invalid/resource/library/IT-PA0402,IT-PA0402,Biblioteca dell'Istituto di anatomia e istologia patologica della Facoltà di medicina e chirurgia dell'Università degli studi di Palermo,https://biblioteche-fantasma.invalid/resource/library/IT-PA0519,IT-PA0519,Biblioteca di scienze per la promozione della salute. Università degli studi di Palermo,false
https://biblioteche-fantasma.invalid/resource/library/IT-PA0409,IT-PA0409,Biblioteca dell'Istituto di clinica e fisiopatologia chirurgica della Facoltà di medicina e chirurgia dell'Università degli studi di Palermo,https://biblioteche-fantasma.invalid/resource/library/IT-PA0065,IT-PA0065,Biblioteca policentrica di medicina e chirurgia. Centrale. Università degli studi di Palermo,false
https://biblioteche-fantasma.invalid/resource/library/IT-PA0417,IT-PA0417,Biblioteca dell'Istituto di medicina infantile della Facoltà di medicina e chirurgia dell'Università degli studi di Palermo,https://biblioteche-fantasma.invalid/resource/library/IT-PA0519,IT-PA0519,Biblioteca di scienze per la promozione della salute. Università degli studi di Palermo,false
https://biblioteche-fantasma.invalid/resource/library/IT-PA0421,IT-PA0421,Biblioteca dell'Istituto di pediatria della Facoltà di medicina e chirurgia dell'Università degli studi di Palermo,https://biblioteche-fantasma.invalid/resource/library/IT-PA0417,IT-PA0417,Biblioteca dell'Istituto di medicina infantile della Facoltà di medicina e chirurgia dell'Università degli studi di Palermo,false
https://biblioteche-fantasma.invalid/resource/library/IT-PA0460,IT-PA0460,"Biblioteca dell'Istituto di mineralogia, petrografia e geochimica della Facoltà di scienze matematiche, fisiche e naturali dell'Università di Palermo",https://biblioteche-fantasma.invalid/resource/library/IT-PA0320,IT-PA0320,Biblioteca di scienze della terra e del mare. Università degli studi di Palermo,false
https://biblioteche-fantasma.invalid/resource/library/IT-PA0488,IT-PA0488,Biblioteca della Società di storia patria Francesco Rosolino Fazio,https://biblioteche-fantasma.invalid/resource/library/IT-PA0100,IT-PA0100,Biblioteca della Società siciliana per la storia patria,false
https://biblioteche-fantasma.invalid/resource/library/IT-PA0520,IT-PA0520,"Biblioteca Didattica della Facoltà di scienze matematiche, fisiche e naturali dell'Università degli studi di Palermo",https://biblioteche-fantasma.invalid/resource/library/IT-PA0320,IT-PA0320,Biblioteca di scienze della terra e del mare. Università degli studi di Palermo,false
https://biblioteche-fantasma.invalid/resource/library/IT-PA0528,IT-PA0528,"Biblioteca dell'Istituto di istologia ed embriologia della Facoltà di scienze matematiche, fisiche e naturali dell'Università degli studi di Palermo",https://biblioteche-fantasma.invalid/resource/library/IT-PA0320,IT-PA0320,Biblioteca di scienze della terra e del mare. Università degli studi di Palermo,false
https://biblioteche-fantasma.invalid/resource/library/IT-PA0535,IT-PA0535,Biblioteca del Dipartimento di scienze statistiche e matematiche S. Vianelli dell'Università degli studi di Palermo,https://biblioteche-fantasma.invalid/resource/library/IT-PA0343,IT-PA0343,"Biblioteca di scienze economiche, aziendali e statistiche. Università degli studi di Palermo",false
https://biblioteche-fantasma.invalid/resource/library/IT-PA0671,IT-PA0671,Biblioteca del Polo didattico di Agrigento. Università degli studi di Palermo,https://biblioteche-fantasma.invalid/resource/library/IT-AG0134,IT-AG0134,Biblioteca del Polo territoriale universitario di Agrigento. Università degli studi di Palermo,false
https://biblioteche-fantasma.invalid/resource/library/IT-PC0070,IT-PC0070,Biblioteca vescovile di Piacenza,https://biblioteche-fantasma.invalid/resource/library/IT-PC0028,IT-PC0028,Biblioteca Diocesana e del Seminario Vescovile di Piacenza,false
https://biblioteche-fantasma.invalid/resource/library/IT-PC0077,IT-PC0077,Biblioteca Didattica di ingegneria. Sede di Piacenza del Politecnico di Milano,https://biblioteche-fantasma.invalid/resource/library/IT-PC0079,IT-PC0079,Biblioteca del Polo territoriale di Piacenza del Politecnico di Milano,false
https://biblioteche-fantasma.invalid/resource/library/IT-PD0017,IT-PD0017,Biblioteca dei Santuari antoniani,https://biblioteche-fantasma.invalid/resource/library/IT-PD0172,IT-PD0172,Biblioteca dell'Istituto teologico S. Antonio Dottore,false
https://biblioteche-fantasma.invalid/resource/library/IT-PD0323,IT-PD0323,Biblioteca Maldura. Sede di lingue anglo-germaniche e Teatro e spettacolo. Università degli studi di Padova ,https://biblioteche-fantasma.invalid/resource/library/IT-PD0343,IT-PD0343, Biblioteca Beato Pellegrino ,false
https://biblioteche-fantasma.invalid/resource/library/IT-PD0324,IT-PD0324,Biblioteca del Dipartimento di metodi e modelli matematici per le scienze applicate dell'Università degli studi di Padova,https://biblioteche-fantasma.invalid/resource/library/IT-PD0313,IT-PD0313,Biblioteca di matematica. Università degli studi di Padova,false
https://biblioteche-fantasma.invalid/resource/library/IT-PD0327,IT-PD0327,Biblioteca di Scienze dell'educazione dell'Università degli studi di Padova,https://biblioteche-fantasma.invalid/resource/library/IT-PD0343,IT-PD0343, Biblioteca Beato Pellegrino ,false
https://biblioteche-fantasma.invalid/resource/library/IT-PD0329,IT-PD0329,Biblioteca di Scienze dell'Antichità Arte Musica Liviano. Sezione Arte Musica - Università degli studi di Padova ,https://biblioteche-fantasma.invalid/resource/library/IT-PD0370,IT-PD0370,Biblioteca di Scienze dell'Antichità Arte Musica Liviano  - Università degli studi di Padova ,false
https://biblioteche-fantasma.invalid/resource/library/IT-PD0339,IT-PD0339,Biblioteca medica Vincenzo Pinali. Sezione antica della Facoltà di medicina e chirurgia dell'Università degli studi di Padova,https://biblioteche-fantasma.invalid/resource/library/IT-PD0341,IT-PD0341,Biblioteca storica di medicina e botanica Vincenzo Pinali e Giovanni Marsili,false
https://biblioteche-fantasma.invalid/resource/library/IT-PD0403,IT-PD0403,Biblioteca medica Vincenzo Pinali. Sezione antica. Università degli studi di Padova,https://biblioteche-fantasma.invalid/resource/library/IT-PD0341,IT-PD0341,Biblioteca storica di medicina e botanica Vincenzo Pinali e Giovanni Marsili,false
https://biblioteche-fantasma.invalid/resource/library/IT-PD0441,IT-PD0441,"Biblioteca centrale di giurisprudenza. Sezione di diritto privato e critica del diritto, filosofia del diritto e diritto romano",https://biblioteche-fantasma.invalid/resource/library/IT-PD0258,IT-PD0258,Biblioteca centrale di Giurisprudenza. Sezione di diritto privato e critica del diritto. Università degli studi di Padova,false
https://biblioteche-fantasma.invalid/resource/library/IT-PD0449,IT-PD0449,Biblioteca comunale di Vighizzolo D'Este,https://biblioteche-fantasma.invalid/resource/library/IT-PD0021,IT-PD0021,Biblioteca comunale,false
https://biblioteche-fantasma.invalid/resource/library/IT-PD0463,IT-PD0463,Biblioteca del Dipartimento di neuroscienze - sezione oculistica dell'Università degli studi di Padova,https://biblioteche-fantasma.invalid/resource/library/IT-PD0338,IT-PD0338,"Biblioteca Medica Centrale ""Vincenzo Pinali""",false
https://biblioteche-fantasma.invalid/resource/library/IT-PD0465,IT-PD0465,Biblioteca del Dipartimento di scienze medico diagnostiche e terapie speciali - sezione di Radiologia dell'Università degli studi di Padova,https://biblioteche-fantasma.invalid/resource/library/IT-PD0338,IT-PD0338,"Biblioteca Medica Centrale ""Vincenzo Pinali""",false
https://biblioteche-fantasma.invalid/resource/library/IT-PD0468,IT-PD0468,Emeroteca del Polo di scienze sociali Ca' Borin,https://biblioteche-fantasma.invalid/resource/library/IT-PD0260,IT-PD0260,Biblioteca di scienze economiche e aziendali. Università degli studi di Padova,false
https://biblioteche-fantasma.invalid/resource/library/IT-PE0055,IT-PE0055,Biblioteca del Centro servizi culturali,https://biblioteche-fantasma.invalid/resource/library/IT-PE0047,IT-PE0047,"Biblioteca ""Francesco Di Giampaolo""",false
https://biblioteche-fantasma.invalid/resource/library/IT-PE0061,IT-PE0061,Biblioteca provinciale Gabriele D'Annunzio. Sezione dannunziana,https://biblioteche-fantasma.invalid/resource/library/IT-PE0018,IT-PE0018,"Biblioteca ""Gabriele D'Annunzio""",false
https://biblioteche-fantasma.invalid/resource/library/IT-PG0249,IT-PG0249,"Biblioteca della Soprintendenza per i beni architettonici e per il paesaggio, per il patrimonio storico, artistico e demoetnoantropologico per l'Umbria",https://biblioteche-fantasma.invalid/resource/library/IT-PG1007,IT-PG1007,Biblioteca della Galleria Nazionale dell'Umbria,false
https://biblioteche-fantasma.invalid/resource/library/IT-PG0251,IT-PG0251,Biblioteca centrale dell'Università degli studi di Perugia,https://biblioteche-fantasma.invalid/resource/library/IT-PG0430,IT-PG0430,"Biblioteca di Studi Storici, Politici e Sociali",false
https://biblioteche-fantasma.invalid/resource/library/IT-PG0254,IT-PG0254,"Biblioteca di studi umanistici, Sezione di geografia, dell'Università degli studi di Perugia",https://biblioteche-fantasma.invalid/resource/library/IT-PG0430,IT-PG0430,"Biblioteca di Studi Storici, Politici e Sociali",false
https://biblioteche-fantasma.invalid/resource/library/IT-PG0257,IT-PG0257,Biblioteca del Dipartimento di scienze storiche dell'Università degli studi di Perugia,https://biblioteche-fantasma.invalid/resource/library/IT-PG0430,IT-PG0430,"Biblioteca di Studi Storici, Politici e Sociali",false
https://biblioteche-fantasma.invalid/resource/library/IT-PG0258,IT-PG0258,Biblioteca del Dipartimento di scienze statistiche dell'Università degli studi di Perugia,https://biblioteche-fantasma.invalid/resource/library/IT-PG0431,IT-PG0431,"Biblioteca di scienze economiche, statistiche e aziendali",false
https://biblioteche-fantasma.invalid/resource/library/IT-PG0262,IT-PG0262,Biblioteca dell'Istituto di ragioneria. Università degli studi di Perugia,https://biblioteche-fantasma.invalid/resource/library/IT-PG0431,IT-PG0431,"Biblioteca di scienze economiche, statistiche e aziendali",false
https://biblioteche-fantasma.invalid/resource/library/IT-PG0263,IT-PG0263,Biblioteca dell'Istituto di economia e tecnica aziendale della Facoltà di economia e commercio dell'Università degli studi di Perugia,https://biblioteche-fantasma.invalid/resource/library/IT-PG0431,IT-PG0431,"Biblioteca di scienze economiche, statistiche e aziendali",false
https://biblioteche-fantasma.invalid/resource/library/IT-PG0264,IT-PG0264,Biblioteca dell'Istituto di tecniche manageriali e di marketing della Facoltà di economia e commercio dell'Università degli studi di Perugia,https://biblioteche-fantasma.invalid/resource/library/IT-PG0431,IT-PG0431,"Biblioteca di scienze economiche, statistiche e aziendali",false
https://biblioteche-fantasma.invalid/resource/library/IT-PG0275,IT-PG0275,Biblioteca dell'Istituto di studi sociali della Facoltà di scienze politiche dell'Università degli studi di Perugia.,https://biblioteche-fantasma.invalid/resource/library/IT-PG0430,IT-PG0430,"Biblioteca di Studi Storici, Politici e Sociali",false
https://biblioteche-fantasma.invalid/resource/library/IT-PG0276,IT-PG0276,Biblioteca della Scuola speciale di servizio sociale. della Facoltà di scienze politiche dell'Università degli studi di Perugia.,https://biblioteche-fantasma.invalid/resource/library/IT-PG0430,IT-PG0430,"Biblioteca di Studi Storici, Politici e Sociali",false
https://biblioteche-fantasma.invalid/resource/library/IT-PG0278,IT-PG0278,Biblioteca del Centro sperimentale per l'educazione sanitaria dell'Università degli studi di Perugia,https://biblioteche-fantasma.invalid/resource/library/IT-PG0277,IT-PG0277,Biblioteca Biomedica - Università degli Studi di Perugia,false
https://biblioteche-fantasma.invalid/resource/library/IT-PG0280,IT-PG0280,Biblioteca del Dipartimento d'igiene dell'Università degli Studi di Perugia,https://biblioteche-fantasma.invalid/resource/library/IT-PG0277,IT-PG0277,Biblioteca Biomedica - Università degli Studi di Perugia,false
https://biblioteche-fantasma.invalid/resource/library/IT-PG0283,IT-PG0283,Biblioteca dell'Istituto di anatomia e istologia patologica della Facoltà di medicina e chirurgia dell'Universita'degli studi di Perugia,https://biblioteche-fantasma.invalid/resource/library/IT-PG0277,IT-PG0277,Biblioteca Biomedica - Università degli Studi di Perugia,false
https://biblioteche-fantasma.invalid/resource/library/IT-PG0285,IT-PG0285,Biblioteca dell'Istituto di clinica dermatologica e venereologica della Facoltà di medicina e chirurgia dell'Universtità degli studi di Perugia,https://biblioteche-fantasma.invalid/resource/library/IT-PG0277,IT-PG0277,Biblioteca Biomedica - Università degli Studi di Perugia,false
https://biblioteche-fantasma.invalid/resource/library/IT-PG0287,IT-PG0287,Biblioteca dell'Istituto di clinica oculistica della Facoltà di medicina e chirurgia dell'Università degli studi di Perugia.,https://biblioteche-fantasma.invalid/resource/library/IT-PG0277,IT-PG0277,Biblioteca Biomedica - Università degli Studi di Perugia,false
https://biblioteche-fantasma.invalid/resource/library/IT-PG0289,IT-PG0289,Biblioteca dell'Istituto di ortopedia e traumatologia della Facoltà di medicina e chirurgia della Università degli studi di Perugia,https://biblioteche-fantasma.invalid/resource/library/IT-PG0277,IT-PG0277,Biblioteca Biomedica - Università degli Studi di Perugia,false
https://biblioteche-fantasma.invalid/resource/library/IT-PG0290,IT-PG0290,Biblioteca dell'Istituto di ginecologia e ostetricia della Facoltà di medicina e chirurgia dell'Università degli studi di Perugia.,https://biblioteche-fantasma.invalid/resource/library/IT-PG0277,IT-PG0277,Biblioteca Biomedica - Università degli Studi di Perugia,false
https://biblioteche-fantasma.invalid/resource/library/IT-PG0291,IT-PG0291,Biblioteca dell'Istituto di pediatria clinica sociale e preventiva della Facoltà di medicina e chirurgia dell'Università degli studi di Perugia,https://biblioteche-fantasma.invalid/resource/library/IT-PG0277,IT-PG0277,Biblioteca Biomedica - Università degli Studi di Perugia,false
https://biblioteche-fantasma.invalid/resource/library/IT-PG0298,IT-PG0298,Biblioteca dell'Istituto di clinica otorinolaringoiatrica della Facoltà di medicina e chirurgia dell'Università degli studi di Perugia,https://biblioteche-fantasma.invalid/resource/library/IT-PG0277,IT-PG0277,Biblioteca Biomedica - Università degli Studi di Perugia,false
https://biblioteche-fantasma.invalid/resource/library/IT-PG0374,IT-PG0374,Biblioteca del Dipartimento di medicina sperimentale e scienze biochimiche dell'Università degli studi di Perugia,https://biblioteche-fantasma.invalid/resource/library/IT-PG0277,IT-PG0277,Biblioteca Biomedica - Università degli Studi di Perugia,false
https://biblioteche-fantasma.invalid/resource/library/IT-PG0404,IT-PG0404,Archivio capitolare del Duomo,https://biblioteche-fantasma.invalid/resource/library/IT-PG0033,IT-PG0033,Biblioteca del Seminario,false
https://biblioteche-fantasma.invalid/resource/library/IT-PG0426,IT-PG0426,Biblioteca Biomedica,https://biblioteche-fantasma.invalid/resource/library/IT-PG0277,IT-PG0277,Biblioteca Biomedica - Università degli Studi di Perugia,false
https://biblioteche-fantasma.invalid/resource/library/IT-PG1029,IT-PG1029,Centro di Documentazione ambientale Montagne di Libri,https://biblioteche-fantasma.invalid/resource/library/IT-PG1026,IT-PG1026,Biblioteca Montagne di Libri,false
https://biblioteche-fantasma.invalid/resource/library/IT-PI0007,IT-PI0007,Biblioteca di Scienze naturali e ambientali. Sede del Museo di storia naturale e del territorio dell'Università di Pisa,https://biblioteche-fantasma.invalid/resource/library/IT-PI0416,IT-PI0416,Biblioteca di Scienze naturali e ambientali dell'Università di Pisa,false
https://biblioteche-fantasma.invalid/resource/library/IT-PI0179,IT-PI0179,Biblioteca di discipline privatistiche Ugo Natoli. Sezione di diritto del lavoro e politica sociale dell'Università degli studi di Pisa,https://biblioteche-fantasma.invalid/resource/library/IT-PI0182,IT-PI0182,Biblioteca di Giurisprudenza e Scienze Politiche dell'Università di Pisa,false
https://biblioteche-fantasma.invalid/resource/library/IT-PI0180,IT-PI0180,Biblioteca di Giurisprudenza. Sede di diritto pubblico. Diritto internazionale dell'Università di Pisa,https://biblioteche-fantasma.invalid/resource/library/IT-PI0182,IT-PI0182,Biblioteca di Giurisprudenza e Scienze Politiche dell'Università di Pisa,false
https://biblioteche-fantasma.invalid/resource/library/IT-PI0185,IT-PI0185,Biblioteca di Giurisprudenza. Sede di diritto privato Ugo Natoli. Diritto romano e storia del diritto dell'Università di Pisa,https://biblioteche-fantasma.invalid/resource/library/IT-PI0182,IT-PI0182,Biblioteca di Giurisprudenza e Scienze Politiche dell'Università di Pisa,false
https://biblioteche-fantasma.invalid/resource/library/IT-PI0186,IT-PI0186,Biblioteca di Economia. Sede di scienze economiche. Giurisprudenza dell'Università di Pisa,https://biblioteche-fantasma.invalid/resource/library/IT-PI0193,IT-PI0193,Biblioteca di economia dell'Università di Pisa,false
https://biblioteche-fantasma.invalid/resource/library/IT-PI0188,IT-PI0188,Biblioteca di Giurisprudenza. Sede del Seminario per le scienze giuridiche epolitiche dell'Università di Pisa,https://biblioteche-fantasma.invalid/resource/library/IT-PI0182,IT-PI0182,Biblioteca di Giurisprudenza e Scienze Politiche dell'Università di Pisa,false
https://biblioteche-fantasma.invalid/resource/library/IT-PI0190,IT-PI0190,Biblioteca di Scienze politiche. Sede di scienze sociali dell'Università di Pisa,https://biblioteche-fantasma.invalid/resource/library/IT-PI0191,IT-PI0191,Biblioteca di Scienze politiche dell'Università di Pisa,false
https://biblioteche-fantasma.invalid/resource/library/IT-PI0191,IT-PI0191,Biblioteca di Scienze politiche dell'Università di Pisa,https://biblioteche-fantasma.invalid/resource/library/IT-PI0182,IT-PI0182,Biblioteca di Giurisprudenza e Scienze Politiche dell'Università di Pisa,false
https://biblioteche-fantasma.invalid/resource/library/IT-PI0192,IT-PI0192,"Biblioteca di Giurisprudenza. Sede di istituzioni, impresa e mercato A. Cerrai dell'Università di Pisa",https://biblioteche-fantasma.invalid/resource/library/IT-PI0182,IT-PI0182,Biblioteca di Giurisprudenza e Scienze Politiche dell'Università di Pisa,false
https://biblioteche-fantasma.invalid/resource/library/IT-PI0200,IT-PI0200,Biblioteca di Lingue e letterature moderne 1. Sede di Ibero-Americana e di Portoghese dell'Università di Pisa,https://biblioteche-fantasma.invalid/resource/library/IT-PI0320,IT-PI0320,Biblioteca di italianistica e romanistica dell'Università di Pisa,false
https://biblioteche-fantasma.invalid/resource/library/IT-PI0214,IT-PI0214,Biblioteca di Medicina e chirurgia. Sede di fisiologia e biochimica dell'Università di Pisa,https://biblioteche-fantasma.invalid/resource/library/IT-PI0201,IT-PI0201,Biblioteca di medicina e farmacia dell'Università di Pisa,false
https://biblioteche-fantasma.invalid/resource/library/IT-PI0224,IT-PI0224,Biblioteca di Farmacia dell'Università di Pisa,https://biblioteche-fantasma.invalid/resource/library/IT-PI0201,IT-PI0201,Biblioteca di medicina e farmacia dell'Università di Pisa,false
https://biblioteche-fantasma.invalid/resource/library/IT-PI0235,IT-PI0235,Biblioteca di Agraria. Sede di chimica e biotecnologie agrarie. Chimica agraria dell'Università di  Pisa,https://biblioteche-fantasma.invalid/resource/library/IT-PI0233,IT-PI0233,Biblioteca di Agraria dell'Università di Pisa,false
https://biblioteche-fantasma.invalid/resource/library/IT-PI0236,IT-PI0236,"Biblioteca di Agraria. Sede di Economia dell'agricoltura, dell'ambiente agroforestale e del territorio dell'Università di Pisa",https://biblioteche-fantasma.invalid/resource/library/IT-PI0233,IT-PI0233,Biblioteca di Agraria dell'Università di Pisa,false
https://biblioteche-fantasma.invalid/resource/library/IT-PI0241,IT-PI0241,Biblioteca di Agraria. Sede di agronomia e gestione dell'agroecosistema. Zootecnia dell'Università di Pisa,https://biblioteche-fantasma.invalid/resource/library/IT-PI0233,IT-PI0233,Biblioteca di Agraria dell'Università di Pisa,false
https://biblioteche-fantasma.invalid/resource/library/IT-PI0248,IT-PI0248,Biblioteca di Agraria. Sede di biologia delle piante agrarie. Genetica agraria dell'Università di Pisa,https://biblioteche-fantasma.invalid/resource/library/IT-PI0233,IT-PI0233,Biblioteca di Agraria dell'Università di Pisa,false
https://biblioteche-fantasma.invalid/resource/library/IT-PI0256,IT-PI0256,Biblioteca di Lingue e letterature moderne 2. Sede di linguistica dell'Università di Pisa,https://biblioteche-fantasma.invalid/resource/library/IT-PI0318,IT-PI0318,"Biblioteca di Antichistica, Linguistica, Germanistica, Slavistica (Ex-Salesiani) dell'Università di Pisa",false
https://biblioteche-fantasma.invalid/resource/library/IT-PI0258,IT-PI0258,Biblioteca di Filosofia e storia. Sede di Medievistica dell' Università di Pisa,https://biblioteche-fantasma.invalid/resource/library/IT-PI0251,IT-PI0251,Biblioteca di Filosofia e storia dell'Università di Pisa,false
https://biblioteche-fantasma.invalid/resource/library/IT-PI0263,IT-PI0263,Biblioteca di Scienze naturali e ambientali. Sede di Scienze della terra dell'Università di Pisa,https://biblioteche-fantasma.invalid/resource/library/IT-PI0416,IT-PI0416,Biblioteca di Scienze naturali e ambientali dell'Università di Pisa,false
https://biblioteche-fantasma.invalid/resource/library/IT-PI0276,IT-PI0276,"Biblioteca di ingegneria dell'informazione: elettronica, informatica, telecomunicazioni. Centro di studi per i metodi e i dispositivi di radiotrasmissione",https://biblioteche-fantasma.invalid/resource/library/IT-PI0225,IT-PI0225,Biblioteca di Ingegneria dell'Università di Pisa,false
https://biblioteche-fantasma.invalid/resource/library/IT-PI0296,IT-PI0296,Biblioteca di Agraria. Sede di agronomia e gestione dell'agroecosistema. Meccanica agraria dell'Università di Pisa,https://biblioteche-fantasma.invalid/resource/library/IT-PI0233,IT-PI0233,Biblioteca di Agraria dell'Università di Pisa,false
https://biblioteche-fantasma.invalid/resource/library/IT-PI0297,IT-PI0297,Biblioteca di Agraria. Sede di agronomia e gestione dell'agroecosistema. Agronomia dell'Università di Pisa,https://biblioteche-fantasma.invalid/resource/library/IT-PI0233,IT-PI0233,Biblioteca di Agraria dell'Università di Pisa,false
https://biblioteche-fantasma.invalid/resource/library/IT-PI0298,IT-PI0298,Biblioteca di Agraria. Sede di biologia delle piante agrarie. Orticoltura dell'Università di Pisa,https://biblioteche-fantasma.invalid/resource/library/IT-PI0233,IT-PI0233,Biblioteca di Agraria dell'Università di Pisa,false
https://biblioteche-fantasma.invalid/resource/library/IT-PI0299,IT-PI0299,Biblioteca di Agraria. Sede di coltivazione e difesa delle specie legnose. Entomologia agraria dell'Università di Pisa,https://biblioteche-fantasma.invalid/resource/library/IT-PI0233,IT-PI0233,Biblioteca di Agraria dell'Università di Pisa,false
https://biblioteche-fantasma.invalid/resource/library/IT-PI0300,IT-PI0300,Biblioteca di Agraria. Sede di coltivazione e difesa delle specie legnose. Patologia vegetale dell'Università di Pisa,https://biblioteche-fantasma.invalid/resource/library/IT-PI0233,IT-PI0233,Biblioteca di Agraria dell'Università di Pisa,false
https://biblioteche-fantasma.invalid/resource/library/IT-PI0301,IT-PI0301,Biblioteca di Agraria. Sede di coltivazione e difesa delle specie legnose. Coltivazioni arboree dell'Università di Pisa,https://biblioteche-fantasma.invalid/resource/library/IT-PI0233,IT-PI0233,Biblioteca di Agraria dell'Università di Pisa,false
https://biblioteche-fantasma.invalid/resource/library/IT-PI0302,IT-PI0302,Biblioteca di Agraria. Sede di chimica e biotecnologie agrarie. Industrie agrarie dell'Università di Pisa,https://biblioteche-fantasma.invalid/resource/library/IT-PI0233,IT-PI0233,Biblioteca di Agraria dell'Università di Pisa,false
https://biblioteche-fantasma.invalid/resource/library/IT-PI0303,IT-PI0303,Biblioteca di Agraria. Sede di chimica e biotecnologie agrarie. Microbiologia agraria dell'Università di Pisa,https://biblioteche-fantasma.invalid/resource/library/IT-PI0233,IT-PI0233,Biblioteca di Agraria dell'Università di Pisa,false
https://biblioteche-fantasma.invalid/resource/library/IT-PI0306,IT-PI0306,Biblioteca di Giurisprudenza. Sede di diritto pubblico dell'Università di Pisa,https://biblioteche-fantasma.invalid/resource/library/IT-PI0182,IT-PI0182,Biblioteca di Giurisprudenza e Scienze Politiche dell'Università di Pisa,false
https://biblioteche-fantasma.invalid/resource/library/IT-PI0307,IT-PI0307,"Biblioteca di Giurisprudenza. Sede di istituzioni, impresa e mercato. Diritto commerciale e comparato dell'Università di Pisa",https://biblioteche-fantasma.invalid/resource/library/IT-PI0182,IT-PI0182,Biblioteca di Giurisprudenza e Scienze Politiche dell'Università di Pisa,false
https://biblioteche-fantasma.invalid/resource/library/IT-PI0319,IT-PI0319,Biblioteca di Lingue e letterature moderne 2. Sede di linguistica. Filologia slava dell'Università di Pisa,https://biblioteche-fantasma.invalid/resource/library/IT-PI0318,IT-PI0318,"Biblioteca di Antichistica, Linguistica, Germanistica, Slavistica (Ex-Salesiani) dell'Università di Pisa",false
https://biblioteche-fantasma.invalid/resource/library/IT-PI0321,IT-PI0321,Biblioteca di Lingue e letterature moderne 1. Sede di studi italianistici Lingue dell'Università di Pisa,https://biblioteche-fantasma.invalid/resource/library/IT-PI0320,IT-PI0320,Biblioteca di italianistica e romanistica dell'Università di Pisa,false
https://biblioteche-fantasma.invalid/resource/library/IT-PI0322,IT-PI0322,Biblioteca di Lingue e letterature moderne 2. Sede di linguistica. Russo Lingue dell'Università di Pisa,https://biblioteche-fantasma.invalid/resource/library/IT-PI0318,IT-PI0318,"Biblioteca di Antichistica, Linguistica, Germanistica, Slavistica (Ex-Salesiani) dell'Università di Pisa",false
https://biblioteche-fantasma.invalid/resource/library/IT-PI0323,IT-PI0323,Biblioteca di Lingue e letterature moderne 2. Sede di Linguistica. Tedesco Lettere dell'Università di Pisa,https://biblioteche-fantasma.invalid/resource/library/IT-PI0318,IT-PI0318,"Biblioteca di Antichistica, Linguistica, Germanistica, Slavistica (Ex-Salesiani) dell'Università di Pisa",false
https://biblioteche-fantasma.invalid/resource/library/IT-PI0324,IT-PI0324,Biblioteca di Lingue e letterature moderne 2. Sede di linguistica. Tedesco Lingue dell'Università di Pisa,https://biblioteche-fantasma.invalid/resource/library/IT-PI0318,IT-PI0318,"Biblioteca di Antichistica, Linguistica, Germanistica, Slavistica (Ex-Salesiani) dell'Università di Pisa",false
https://biblioteche-fantasma.invalid/resource/library/IT-PI0327,IT-PI0327,Biblioteca di Lingue e letterature moderne 1. Sede di filologia romanza Lingue dell'Università di Pisa,https://biblioteche-fantasma.invalid/resource/library/IT-PI0320,IT-PI0320,Biblioteca di italianistica e romanistica dell'Università di Pisa,false
https://biblioteche-fantasma.invalid/resource/library/IT-PI0328,IT-PI0328,Biblioteca di lingue e letterature moderne 1. Sede di francesistica Lingue dell'Università di Pisa,https://biblioteche-fantasma.invalid/resource/library/IT-PI0320,IT-PI0320,Biblioteca di italianistica e romanistica dell'Università di Pisa,false
https://biblioteche-fantasma.invalid/resource/library/IT-PI0329,IT-PI0329,Biblioteca di Lingue e letterature moderne 1. Sede di filologia romanza dell'Università di Pisa,https://biblioteche-fantasma.invalid/resource/library/IT-PI0320,IT-PI0320,Biblioteca di italianistica e romanistica dell'Università di Pisa,false
https://biblioteche-fantasma.invalid/resource/library/IT-PI0330,IT-PI0330,Biblioteca di Antichistica. Sede di Scienze archeologiche dell'Università di Pisa,https://biblioteche-fantasma.invalid/resource/library/IT-PI0318,IT-PI0318,"Biblioteca di Antichistica, Linguistica, Germanistica, Slavistica (Ex-Salesiani) dell'Università di Pisa",false
https://biblioteche-fantasma.invalid/resource/library/IT-PI0331,IT-PI0331,Biblioteca di Antichistica. Sede di scienze storiche del mondo antico dell'Università di Pisa,https://biblioteche-fantasma.invalid/resource/library/IT-PI0318,IT-PI0318,"Biblioteca di Antichistica, Linguistica, Germanistica, Slavistica (Ex-Salesiani) dell'Università di Pisa",false
https://biblioteche-fantasma.invalid/resource/library/IT-PI0338,IT-PI0338,Biblioteca di Medicina. Sede di Medicina interna dell'Università di Pisa,https://biblioteche-fantasma.invalid/resource/library/IT-PI0201,IT-PI0201,Biblioteca di medicina e farmacia dell'Università di Pisa,false
https://biblioteche-fantasma.invalid/resource/library/IT-PI0342,IT-PI0342,Biblioteca di Medicina. Sede biblioteca di sanità pubblica e biostatistica. Sezione di igiene dell'Università di Pisa,https://biblioteche-fantasma.invalid/resource/library/IT-PI0201,IT-PI0201,Biblioteca di medicina e farmacia dell'Università di Pisa,false
https://biblioteche-fantasma.invalid/resource/library/IT-PI0349,IT-PI0349,Biblioteca di Scienze naturali e ambientali. Sede di scienze botaniche dell'Università di Pisa,https://biblioteche-fantasma.invalid/resource/library/IT-PI0416,IT-PI0416,Biblioteca di Scienze naturali e ambientali dell'Università di Pisa,false
https://biblioteche-fantasma.invalid/resource/library/IT-PI0350,IT-PI0350,"Biblioteca di scienze naturali e ambientali. Sede di etologia, ecologia ed evoluzione dell'Università di Pisa",https://biblioteche-fantasma.invalid/resource/library/IT-PI0416,IT-PI0416,Biblioteca di Scienze naturali e ambientali dell'Università di Pisa,false
https://biblioteche-fantasma.invalid/resource/library/IT-PI0351,IT-PI0351,Biblioteca di Scienze naturali e ambientali. Sede di scienze dell'uomo e dell'ambiente dell'Università di Pisa,https://biblioteche-fantasma.invalid/resource/library/IT-PI0318,IT-PI0318,"Biblioteca di Antichistica, Linguistica, Germanistica, Slavistica (Ex-Salesiani) dell'Università di Pisa",false
https://biblioteche-fantasma.invalid/resource/library/IT-PI0352,IT-PI0352,Biblioteca di scienze economiche. Sede di scienze economiche dell'Università di Pisa,https://biblioteche-fantasma.invalid/resource/library/IT-PI0193,IT-PI0193,Biblioteca di economia dell'Università di Pisa,false
https://biblioteche-fantasma.invalid/resource/library/IT-PI0354,IT-PI0354,Biblioteca di scienze politiche. Sede di servizio sociale dell'Università di Pisa,https://biblioteche-fantasma.invalid/resource/library/IT-PI0191,IT-PI0191,Biblioteca di Scienze politiche dell'Università di Pisa,false
https://biblioteche-fantasma.invalid/resource/library/IT-PI0365,IT-PI0365,Biblioteca comunale. Sezione ragazzi,https://biblioteche-fantasma.invalid/resource/library/IT-PI0278,IT-PI0278,Biblioteca Sms Pisa,false
https://biblioteche-fantasma.invalid/resource/library/IT-PI0366,IT-PI0366,Biblioteca comunale. Sezione staccata I Passi,https://biblioteche-fantasma.invalid/resource/library/IT-PI0278,IT-PI0278,Biblioteca Sms Pisa,false
https://biblioteche-fantasma.invalid/resource/library/IT-PI0376,IT-PI0376,"Biblioteca del Centro di documentazione, tutela e valorizzazione del patrimonio culturale e scientifico della sanità pubblica",https://biblioteche-fantasma.invalid/resource/library/IT-PI0416,IT-PI0416,Biblioteca di Scienze naturali e ambientali dell'Università di Pisa,false
https://biblioteche-fantasma.invalid/resource/library/IT-PI0380,IT-PI0380,"Biblioteca di scienze naturali e ambientali. Sede di scienze dell'uomo e dell'ambiente. Biologia marina, ecologia, zoologia dell'Università di Pisa",https://biblioteche-fantasma.invalid/resource/library/IT-PI0416,IT-PI0416,Biblioteca di Scienze naturali e ambientali dell'Università di Pisa,false
https://biblioteche-fantasma.invalid/resource/library/IT-PR0023,IT-PR0023,Servizio biblioteca di lettere del Plesso D'Azeglio dell'Università degli studi di Parma,https://biblioteche-fantasma.invalid/resource/library/IT-PR0240,IT-PR0240,Biblioteca Umanistica dei Paolotti,false
https://biblioteche-fantasma.invalid/resource/library/IT-PR0024,IT-PR0024,Biblioteca dei Cappuccini Adeodato Turchi,https://biblioteche-fantasma.invalid/resource/library/IT-BO0342,IT-BO0342,Biblioteca provinciale dei frati Minori Cappuccini,false
https://biblioteche-fantasma.invalid/resource/library/IT-PR0033,IT-PR0033,Biblioteca dell'Istituto di anatomia umana normale della Facoltà di medicina e chirurgia dell'Università degli studi di Parma,https://biblioteche-fantasma.invalid/resource/library/IT-PR0032,IT-PR0032,Biblioteca di Medicina e Chirurgia,false
https://biblioteche-fantasma.invalid/resource/library/IT-PR0034,IT-PR0034,Biblioteca dell'Istituto di anatomia ed istologia patologica della Facoltà di medicina e chirurgia dell'Università degli studi di Parma,https://biblioteche-fantasma.invalid/resource/library/IT-PR0032,IT-PR0032,Biblioteca di Medicina e Chirurgia,false
https://biblioteche-fantasma.invalid/resource/library/IT-PR0035,IT-PR0035,Biblioteca dell'Istituto di anatomia normale degli animali domestici della Facoltà di medicina veterinaria dell'Università degli studi di Parma,https://biblioteche-fantasma.invalid/resource/library/IT-PR0139,IT-PR0139,Biblioteca di Medicina Veterinaria,false
https://biblioteche-fantasma.invalid/resource/library/IT-PR0050,IT-PR0050,Biblioteca dell'Istituto di clinica chirurgica generale e terapia chirurgica della Facoltà di medicina e chirurgia dell'Università degli studi di Parma,https://biblioteche-fantasma.invalid/resource/library/IT-PR0032,IT-PR0032,Biblioteca di Medicina e Chirurgia,false
https://biblioteche-fantasma.invalid/resource/library/IT-PR0051,IT-PR0051,Biblioteca dell'Istituto di clinica medica veterinaria della Facoltà di medicina veterinaria dell'Università degli studi di Parma,https://biblioteche-fantasma.invalid/resource/library/IT-PR0139,IT-PR0139,Biblioteca di Medicina Veterinaria,false
https://biblioteche-fantasma.invalid/resource/library/IT-PR0052,IT-PR0052,Biblioteca dell'Istituto di Clinica Medica Generale e di Terapia. Facolta' di Medicina e Chirurgia. Universita' degli Studi di Parma,https://biblioteche-fantasma.invalid/resource/library/IT-PR0032,IT-PR0032,Biblioteca di Medicina e Chirurgia,false
https://biblioteche-fantasma.invalid/resource/library/IT-PR0054,IT-PR0054,"Biblioteca dell'Istituto di Genetica. Facolta' di Scienze Matematiche, Fisiche e Naturali. Universita' degli Studi di Parma",https://biblioteche-fantasma.invalid/resource/library/IT-PR0056,IT-PR0056,Servizio biblioteca di biologia dell'Università degli studi di Parma,false
https://biblioteche-fantasma.invalid/resource/library/IT-PR0055,IT-PR0055,Biblioteca dell'Istituto di fisiologia umana della Facoltà di medicina e chirurgia dell'Università degli studi di Parma,https://biblioteche-fantasma.invalid/resource/library/IT-PR0032,IT-PR0032,Biblioteca di Medicina e Chirurgia,false
https://biblioteche-fantasma.invalid/resource/library/IT-PR0056,IT-PR0056,Servizio biblioteca di biologia dell'Università degli studi di Parma,https://biblioteche-fantasma.invalid/resource/library/IT-PR0141,IT-PR0141,Biblioteca centrale di Scienze e Tecnologie dell'Università degli studi di Parma,false
https://biblioteche-fantasma.invalid/resource/library/IT-PR0058,IT-PR0058,"Biblioteca del Dipartimento di diritto, economia e finanza internazionale. Area economia e finanza dell'Università degli studi di Parma",https://biblioteche-fantasma.invalid/resource/library/IT-PR0076,IT-PR0076,Biblioteca centrale di Giurisprudenza dell'Università degli studi di Parma,false
https://biblioteche-fantasma.invalid/resource/library/IT-PR0059,IT-PR0059,Biblioteca dell'Istituto di clinica pediatrica della Facoltà di medicina e chirurgia dell'Università degli studi di Parma,https://biblioteche-fantasma.invalid/resource/library/IT-PR0032,IT-PR0032,Biblioteca di Medicina e Chirurgia,false
https://biblioteche-fantasma.invalid/resource/library/IT-PR0060,IT-PR0060,Biblioteca dell'Istituto di clinica ortopedica e traumatologica della Facoltà di medicina e chirurgia dell'Università degli studi di Parma,https://biblioteche-fantasma.invalid/resource/library/IT-PR0032,IT-PR0032,Biblioteca di Medicina e Chirurgia,false
https://biblioteche-fantasma.invalid/resource/library/IT-PR0062,IT-PR0062,Biblioteca dell'Istituto di igiene della Facoltà di medicina e chirurgia dell'Università degli studi di Parma,https://biblioteche-fantasma.invalid/resource/library/IT-PR0032,IT-PR0032,Biblioteca di Medicina e Chirurgia,false
https://biblioteche-fantasma.invalid/resource/library/IT-PR0063,IT-PR0063,Biblioteca dell'Istituto di istologia ed embriologia generale della Facoltà di medicina e chirurgia dell'Università degli studi di Parma,https://biblioteche-fantasma.invalid/resource/library/IT-PR0032,IT-PR0032,Biblioteca di Medicina e Chirurgia,false
https://biblioteche-fantasma.invalid/resource/library/IT-PR0065,IT-PR0065,Biblioteca dell'Istituto di malattie infettive della Facoltà di medicina veterinaria dell'Università degli studi di Parma,https://biblioteche-fantasma.invalid/resource/library/IT-PR0139,IT-PR0139,Biblioteca di Medicina Veterinaria,false
https://biblioteche-fantasma.invalid/resource/library/IT-PR0067,IT-PR0067,Biblioteca dell'Istituto di microbiologia veterinaria della Facoltà di medicina e chirurgia dell'Università degli studi di Parma,https://biblioteche-fantasma.invalid/resource/library/IT-PR0032,IT-PR0032,Biblioteca di Medicina e Chirurgia,false
https://biblioteche-fantasma.invalid/resource/library/IT-PR0068,IT-PR0068,Biblioteca dell'Istituto di microbiologia della Facoltà di medicina e chirurgia dell'Università degli studi di Parma,https://biblioteche-fantasma.invalid/resource/library/IT-PR0032,IT-PR0032,Biblioteca di Medicina e Chirurgia,false
https://biblioteche-fantasma.invalid/resource/library/IT-PR0069,IT-PR0069,Biblioteca dell'Istituto di medicina legale e delle assicurazioni della Facoltà di medicina e chirurgia dell'Università degli studi di Parma,https://biblioteche-fantasma.invalid/resource/library/IT-PR0032,IT-PR0032,Biblioteca di Medicina e Chirurgia,false
https://biblioteche-fantasma.invalid/resource/library/IT-PR0079,IT-PR0079,Biblioteca dell'Istituto di clinica delle malattie dell'apparato respiratorio della Facoltà di medicina e chirurgia dell'Università degli studi di Parma,https://biblioteche-fantasma.invalid/resource/library/IT-PR0032,IT-PR0032,Biblioteca di Medicina e Chirurgia,false
https://biblioteche-fantasma.invalid/resource/library/IT-PR0080,IT-PR0080,Biblioteca dell'Istituto di scienze otorinolaringoiatriche della Facoltà di medicina e chirurgia dell'Università degli studi di Parma,https://biblioteche-fantasma.invalid/resource/library/IT-PR0032,IT-PR0032,Biblioteca di Medicina e Chirurgia,false
https://biblioteche-fantasma.invalid/resource/library/IT-PR0081,IT-PR0081,Biblioteca dell'Istituto di clinica ostetrica e ginecologica della Facoltà di medicina e chirurgia dell'Università degli studi di Parma,https://biblioteche-fantasma.invalid/resource/library/IT-PR0032,IT-PR0032,Biblioteca di Medicina e Chirurgia,false
https://biblioteche-fantasma.invalid/resource/library/IT-PR0084,IT-PR0084,Biblioteca dell'Istituto di clinica dermosifilopatica della Facoltà di medicina e chirurgia dell'Università degli studi di Parma,https://biblioteche-fantasma.invalid/resource/library/IT-PR0032,IT-PR0032,Biblioteca di Medicina e Chirurgia,false
https://biblioteche-fantasma.invalid/resource/library/IT-PR0094,IT-PR0094,Biblioteca dell'Istituto di patologia chirurgica della Facoltà di medicina e chirurgia dell'Università degli studi di Parma,https://biblioteche-fantasma.invalid/resource/library/IT-PR0032,IT-PR0032,Biblioteca di Medicina e Chirurgia,false
https://biblioteche-fantasma.invalid/resource/library/IT-PR0095,IT-PR0095,Biblioteca dell'Istituto di anatomia patologica veterinaria della Facoltà di medicina veterinaria dell'Università degli studi di Parma,https://biblioteche-fantasma.invalid/resource/library/IT-PR0139,IT-PR0139,Biblioteca di Medicina Veterinaria,false
https://biblioteche-fantasma.invalid/resource/library/IT-PR0096,IT-PR0096,Biblioteca dell'Istituto di semeiotica medica della Facoltà di medicina e chirurgia dell'Università degli studi di Parma,https://biblioteche-fantasma.invalid/resource/library/IT-PR0032,IT-PR0032,Biblioteca di Medicina e Chirurgia,false
https://biblioteche-fantasma.invalid/resource/library/IT-PR0097,IT-PR0097,Biblioteca dell'Istituto di scienze radiologiche della Facoltà di medicina e chirurgia dell'Università degli studi di Parma,https://biblioteche-fantasma.invalid/resource/library/IT-PR0032,IT-PR0032,Biblioteca di Medicina e Chirurgia,false
https://biblioteche-fantasma.invalid/resource/library/IT-PR0126,IT-PR0126,Emeroteca comunale,https://biblioteche-fantasma.invalid/resource/library/IT-PR0031,IT-PR0031,"Biblioteca civica ""Mario Colombi Guidotti""",false
https://biblioteche-fantasma.invalid/resource/library/IT-PR0127,IT-PR0127,Biblioteca di agricoltura Antonio Bizzozero,https://biblioteche-fantasma.invalid/resource/library/IT-PR0031,IT-PR0031,"Biblioteca civica ""Mario Colombi Guidotti""",false
https://biblioteche-fantasma.invalid/resource/library/IT-PR0140,IT-PR0140,Biblioteca di Matematica e Informatica. Dipartimento di Matematica e Informatica. Università degli studi di Parma.,https://biblioteche-fantasma.invalid/resource/library/IT-PR0141,IT-PR0141,Biblioteca centrale di Scienze e Tecnologie dell'Università degli studi di Parma,false
https://biblioteche-fantasma.invalid/resource/library/IT-PR0142,IT-PR0142,Biblioteca di Farmacia e Scienze degli alimenti. Università degli studi di Parma,https://biblioteche-fantasma.invalid/resource/library/IT-PR0141,IT-PR0141,Biblioteca centrale di Scienze e Tecnologie dell'Università degli studi di Parma,false
https://biblioteche-fantasma.invalid/resource/library/IT-PR0143,IT-PR0143,Servizio biblioteca di fisica dell'Università degli studi di Parma,https://biblioteche-fantasma.invalid/resource/library/IT-PR0141,IT-PR0141,Biblioteca centrale di Scienze e Tecnologie dell'Università degli studi di Parma,false
https://biblioteche-fantasma.invalid/resource/library/IT-PR0144,IT-PR0144,Biblioteca dell'Istituto di oftalmologia della Facoltà di medicina e chirurgia dell'Università degli studi di Parma,https://biblioteche-fantasma.invalid/resource/library/IT-PR0032,IT-PR0032,Biblioteca di Medicina e Chirurgia,false
https://biblioteche-fantasma.invalid/resource/library/IT-PR0147,IT-PR0147,Biblioteca dell'Istituto di clinica chirurgica veterinaria della Facoltà di medicina veterinaria dell'Università degli studi di Parma,https://biblioteche-fantasma.invalid/resource/library/IT-PR0139,IT-PR0139,Biblioteca di Medicina Veterinaria,false
https://biblioteche-fantasma.invalid/resource/library/IT-PR0148,IT-PR0148,Biblioteca dell'Istituto di biochimica veterinaria della Facoltà di medicina veterinaria dell'Università degli studi di Parma,https://biblioteche-fantasma.invalid/resource/library/IT-PR0139,IT-PR0139,Biblioteca di Medicina Veterinaria,false
https://biblioteche-fantasma.invalid/resource/library/IT-PR0150,IT-PR0150,Biblioteca dell'Istituto di economia rurale e di zooeconomia della Facoltà di medicina veterinaria dell'Università degli studi di Parma,https://biblioteche-fantasma.invalid/resource/library/IT-PR0139,IT-PR0139,Biblioteca di Medicina Veterinaria,false
https://biblioteche-fantasma.invalid/resource/library/IT-PR0151,IT-PR0151,Biblioteca del Laboratorio di Gestione e Contabilita' Agraria. Facolta' di Agraria. Universita' degli Studi di Parma,https://biblioteche-fantasma.invalid/resource/library/IT-PR0139,IT-PR0139,Biblioteca di Medicina Veterinaria,false
https://biblioteche-fantasma.invalid/resource/library/IT-PR0154,IT-PR0154,"Biblioteca della Galleria Nazionale, Complesso monumentale della Pilotta",https://biblioteche-fantasma.invalid/resource/library/IT-PR0072,IT-PR0072,Biblioteca Palatina,false
https://biblioteche-fantasma.invalid/resource/library/IT-PR0170,IT-PR0170,Servizio biblioteca di filosofia dell'Università degli studi di Parma,https://biblioteche-fantasma.invalid/resource/library/IT-PR0240,IT-PR0240,Biblioteca Umanistica dei Paolotti,false
https://biblioteche-fantasma.invalid/resource/library/IT-PR0172,IT-PR0172,Biblioteca di Scienze della Terra,https://biblioteche-fantasma.invalid/resource/library/IT-PR0141,IT-PR0141,Biblioteca centrale di Scienze e Tecnologie dell'Università degli studi di Parma,false
https://biblioteche-fantasma.invalid/resource/library/IT-PR0173,IT-PR0173,Servizio biblioteca di storia dell'Università degli studi di Parma,https://biblioteche-fantasma.invalid/resource/library/IT-PR0240,IT-PR0240,Biblioteca Umanistica dei Paolotti,false
https://biblioteche-fantasma.invalid/resource/library/IT-PR0175,IT-PR0175,Servizio biblioteca di scienze ambientali dell'Università degli studi di Parma,https://biblioteche-fantasma.invalid/resource/library/IT-PR0056,IT-PR0056,Servizio biblioteca di biologia dell'Università degli studi di Parma,false
https://biblioteche-fantasma.invalid/resource/library/IT-PR0176,IT-PR0176,Biblioteca di Chimica,https://biblioteche-fantasma.invalid/resource/library/IT-PR0141,IT-PR0141,Biblioteca centrale di Scienze e Tecnologie dell'Università degli studi di Parma,false
https://biblioteche-fantasma.invalid/resource/library/IT-PR0179,IT-PR0179,Biblioteca dell'Istituto di pedagogia del Plesso Carissimi della Facoltà di lettere e filosofia dell'Università degli studi di Parma,https://biblioteche-fantasma.invalid/resource/library/IT-PR0169,IT-PR0169,Biblioteca Socio-pedagogica,false
https://biblioteche-fantasma.invalid/resource/library/IT-PR0180,IT-PR0180,Biblioteca di Psicologia,https://biblioteche-fantasma.invalid/resource/library/IT-PR0169,IT-PR0169,Biblioteca Socio-pedagogica,false
https://biblioteche-fantasma.invalid/resource/library/IT-PR0181,IT-PR0181,Biblioteca dell'Istituto di scienze geografiche del Plesso Carissimi della Facoltà di lettere e filosofia dell'Università degli studi di Parma,https://biblioteche-fantasma.invalid/resource/library/IT-PR0169,IT-PR0169,Biblioteca Socio-pedagogica,false
https://biblioteche-fantasma.invalid/resource/library/IT-PR0182,IT-PR0182,Biblioteca dell'Istituto di sociologia del Plesso Carissimi della Facoltà di lettere e filosofia dell'Università degli studi di Parma,https://biblioteche-fantasma.invalid/resource/library/IT-PR0169,IT-PR0169,Biblioteca Socio-pedagogica,false
https://biblioteche-fantasma.invalid/resource/library/IT-PR0183,IT-PR0183,Biblioteca del Dipartimento dei beni culturali e dello spettacolo. Sezione di beni librari dell'Università degli studi di Parma,https://biblioteche-fantasma.invalid/resource/library/IT-PR0240,IT-PR0240,Biblioteca Umanistica dei Paolotti,false
https://biblioteche-fantasma.invalid/resource/library/IT-PR0184,IT-PR0184,Biblioteca dell'Istituto di filologia moderna della Facoltà di lettere e filosofia dell'Università degli studi di Parma,https://biblioteche-fantasma.invalid/resource/library/IT-PR0240,IT-PR0240,Biblioteca Umanistica dei Paolotti,false
https://biblioteche-fantasma.invalid/resource/library/IT-PR0186,IT-PR0186,Biblioteca del Dipartimento di filologia classica e medievale dell'Università degli studi di Parma,https://biblioteche-fantasma.invalid/resource/library/IT-PR0240,IT-PR0240,Biblioteca Umanistica dei Paolotti,false
https://biblioteche-fantasma.invalid/resource/library/IT-PR0187,IT-PR0187,Biblioteca del Dipartimento di studi giuridici e sociali. Area diritto del lavoro dell'Università degli studi di Parma,https://biblioteche-fantasma.invalid/resource/library/IT-PR0076,IT-PR0076,Biblioteca centrale di Giurisprudenza dell'Università degli studi di Parma,false
https://biblioteche-fantasma.invalid/resource/library/IT-PR0188,IT-PR0188,"Biblioteca del Dipartimento di diritto, economia e finanza internazionale. Area diritto internazionale dell'Università degli studi di Parma",https://biblioteche-fantasma.invalid/resource/library/IT-PR0076,IT-PR0076,Biblioteca centrale di Giurisprudenza dell'Università degli studi di Parma,false
https://biblioteche-fantasma.invalid/resource/library/IT-PR0189,IT-PR0189,Biblioteca del Dipartimento di scienze giuridiche. Sezione di diritto fallimentare dell'Università degli studi di Parma,https://biblioteche-fantasma.invalid/resource/library/IT-PR0076,IT-PR0076,Biblioteca centrale di Giurisprudenza dell'Università degli studi di Parma,false
https://biblioteche-fantasma.invalid/resource/library/IT-PR0190,IT-PR0190,Biblioteca del Dipartimento di scienze penalistiche dell'Università degli studi di Parma,https://biblioteche-fantasma.invalid/resource/library/IT-PR0076,IT-PR0076,Biblioteca centrale di Giurisprudenza dell'Università degli studi di Parma,false
https://biblioteche-fantasma.invalid/resource/library/IT-PR0191,IT-PR0191,Biblioteca del Dipartimento di scienze giuridiche. Area diritto privato e diritto processuale civile dell'Università degli studi di Parma,https://biblioteche-fantasma.invalid/resource/library/IT-PR0076,IT-PR0076,Biblioteca centrale di Giurisprudenza dell'Università degli studi di Parma,false
https://biblioteche-fantasma.invalid/resource/library/IT-PR0193,IT-PR0193,Biblioteca del Dipartimento di scienze giuridiche. Area diritto romano dell'Università degli studi di Parma,https://biblioteche-fantasma.invalid/resource/library/IT-PR0076,IT-PR0076,Biblioteca centrale di Giurisprudenza dell'Università degli studi di Parma,false
https://biblioteche-fantasma.invalid/resource/library/IT-PR0194,IT-PR0194,Biblioteca dell'Istituto di economia e finanza della Facoltà di giurisprudenza dell'Università degli studi di Parma,https://biblioteche-fantasma.invalid/resource/library/IT-PR0076,IT-PR0076,Biblioteca centrale di Giurisprudenza dell'Università degli studi di Parma,false
https://biblioteche-fantasma.invalid/resource/library/IT-PR0195,IT-PR0195,Biblioteca del Dipartimento di studi giuridici e sociali. Area discipline storiche dell'Università degli studi di Parma,https://biblioteche-fantasma.invalid/resource/library/IT-PR0076,IT-PR0076,Biblioteca centrale di Giurisprudenza dell'Università degli studi di Parma,false
https://biblioteche-fantasma.invalid/resource/library/IT-PR0196,IT-PR0196,Biblioteca del Dipartimento di studi giuridici e sociali. Area discipline filosofiche dell'Università degli studi di Parma,https://biblioteche-fantasma.invalid/resource/library/IT-PR0076,IT-PR0076,Biblioteca centrale di Giurisprudenza dell'Università degli studi di Parma,false
https://biblioteche-fantasma.invalid/resource/library/IT-PR0197,IT-PR0197,Biblioteca del Corso di diploma universitario in servizio sociale della Facoltà di giurisprudenza dell'Università degli studi di Parma,https://biblioteche-fantasma.invalid/resource/library/IT-PR0076,IT-PR0076,Biblioteca centrale di Giurisprudenza dell'Università degli studi di Parma,false
https://biblioteche-fantasma.invalid/resource/library/IT-PR0198,IT-PR0198,Biblioteca Umberto Balestrazzi,https://biblioteche-fantasma.invalid/resource/library/IT-PR0031,IT-PR0031,"Biblioteca civica ""Mario Colombi Guidotti""",false
https://biblioteche-fantasma.invalid/resource/library/IT-PR0200,IT-PR0200,Centro Cinema Lino Ventura,https://biblioteche-fantasma.invalid/resource/library/IT-PR0031,IT-PR0031,"Biblioteca civica ""Mario Colombi Guidotti""",false
https://biblioteche-fantasma.invalid/resource/library/IT-PR0201,IT-PR0201,Biblioteca del Museo archeologico nazionale,https://biblioteche-fantasma.invalid/resource/library/IT-PR0072,IT-PR0072,Biblioteca Palatina,false
https://biblioteche-fantasma.invalid/resource/library/IT-PR0205,IT-PR0205,Biblioteca del Centro italiano di ricerca e di educazione ambientale - CIREA dell'Università degli studi di Parma,https://biblioteche-fantasma.invalid/resource/library/IT-PR0056,IT-PR0056,Servizio biblioteca di biologia dell'Università degli studi di Parma,false
https://biblioteche-fantasma.invalid/resource/library/IT-PR0221,IT-PR0221,Biblioteca del Dipartimento dei beni culturali e dello spettacolo. Sezione di beni teatrali dell'Università degli studi di Parma,https://biblioteche-fantasma.invalid/resource/library/IT-PR0174,IT-PR0174,Biblioteca delle arti e dello spettacolo,false
https://biblioteche-fantasma.invalid/resource/library/IT-PR0230,IT-PR0230,Biblioteca del Dipartimento di scienze giuridiche dell'Università degli studi di Parma,https://biblioteche-fantasma.invalid/resource/library/IT-PR0076,IT-PR0076,Biblioteca centrale di Giurisprudenza dell'Università degli studi di Parma,false
https://biblioteche-fantasma.invalid/resource/library/IT-PR0238,IT-PR0238,Biblioteca di Agraria dell'Università degli studi di Parma,https://biblioteche-fantasma.invalid/resource/library/IT-PR0142,IT-PR0142,Biblioteca di Farmacia e Scienze degli alimenti. Università degli studi di Parma,false
https://biblioteche-fantasma.invalid/resource/library/IT-PU0009,IT-PU0009,Biblioteca comunale. Sezione antica,https://biblioteche-fantasma.invalid/resource/library/IT-PU0010,IT-PU0010,Polo culturale di Eccellenza,false
https://biblioteche-fantasma.invalid/resource/library/IT-PU0073,IT-PU0073,Biblioteca del Convento dei cappuccini,https://biblioteche-fantasma.invalid/resource/library/IT-FM0049,IT-FM0049,Biblioteca Centrale dei Frati Cappuccini delle Marche,false
https://biblioteche-fantasma.invalid/resource/library/IT-PU0126,IT-PU0126,Biblioteca centrale dell'Università degli studi di Urbino,https://biblioteche-fantasma.invalid/resource/library/IT-PU0206,IT-PU0206,Biblioteca Umanistica dell'Università degli Studi di Urbino Carlo Bo,false
https://biblioteche-fantasma.invalid/resource/library/IT-PU0128,IT-PU0128,Biblioteca dell'Istituto di comunicazione e spettacolo della Facoltà di sociologia dell'Università degli studi di Urbino,https://biblioteche-fantasma.invalid/resource/library/IT-PU0206,IT-PU0206,Biblioteca Umanistica dell'Università degli Studi di Urbino Carlo Bo,false
https://biblioteche-fantasma.invalid/resource/library/IT-PU0131,IT-PU0131,Biblioteca dell'Istituto di civiltà antiche della Facoltà di lettere e filosofia dell'Università degli studi di Urbino,https://biblioteche-fantasma.invalid/resource/library/IT-PU0206,IT-PU0206,Biblioteca Umanistica dell'Università degli Studi di Urbino Carlo Bo,false
https://biblioteche-fantasma.invalid/resource/library/IT-PU0132,IT-PU0132,Biblioteca dell'Istituto di filologia classica della Facoltà di lettere e filosofia dell'Università degli studi di Urbino,https://biblioteche-fantasma.invalid/resource/library/IT-PU0206,IT-PU0206,Biblioteca Umanistica dell'Università degli Studi di Urbino Carlo Bo,false
https://biblioteche-fantasma.invalid/resource/library/IT-PU0133,IT-PU0133,Biblioteca dell'Istituto di filologia moderna della Facoltà di lettere e filosofia dell'Università degli studi di Urbino,https://biblioteche-fantasma.invalid/resource/library/IT-PU0206,IT-PU0206,Biblioteca Umanistica dell'Università degli Studi di Urbino Carlo Bo,false
https://biblioteche-fantasma.invalid/resource/library/IT-PU0134,IT-PU0134,Biblioteca di filosofia dell'Università degli Studi di Urbino Carlo Bo,https://biblioteche-fantasma.invalid/resource/library/IT-PU0206,IT-PU0206,Biblioteca Umanistica dell'Università degli Studi di Urbino Carlo Bo,false
https://biblioteche-fantasma.invalid/resource/library/IT-PU0135,IT-PU0135,"Biblioteca dell'Istituto di fisica e bioingegneria della Facoltà di scienze matematiche, fisiche e naturali dell'Università degli studi di Urbino",https://biblioteche-fantasma.invalid/resource/library/IT-PU0157,IT-PU0157,Biblioteca Scientifica dell'Università degli Studi di Urbino Carlo Bo,false
https://biblioteche-fantasma.invalid/resource/library/IT-PU0136,IT-PU0136,Biblioteca dell'Istituto interfacoltà di geografia dell'Università degli studi di Urbino,https://biblioteche-fantasma.invalid/resource/library/IT-PU0206,IT-PU0206,Biblioteca Umanistica dell'Università degli Studi di Urbino Carlo Bo,false
https://biblioteche-fantasma.invalid/resource/library/IT-PU0138,IT-PU0138,Biblioteca dell'Istituto di linguistica della Facoltà di lettere e filosofia dell'Università degli studi di Urbino,https://biblioteche-fantasma.invalid/resource/library/IT-PU0206,IT-PU0206,Biblioteca Umanistica dell'Università degli Studi di Urbino Carlo Bo,false
https://biblioteche-fantasma.invalid/resource/library/IT-PU0139,IT-PU0139,Biblioteca dell'Istituto di psicologia della Facoltà di scienze della formazione dell'Università degli studi di Urbino,https://biblioteche-fantasma.invalid/resource/library/IT-PU0206,IT-PU0206,Biblioteca Umanistica dell'Università degli Studi di Urbino Carlo Bo,false
https://biblioteche-fantasma.invalid/resource/library/IT-PU0158,IT-PU0158,"Biblioteca dell'Istituto di scienze morfologiche della Facoltà di scienze matematiche, fisiche e naturali dell'Università degli studi di Urbino",https://biblioteche-fantasma.invalid/resource/library/IT-PU0157,IT-PU0157,Biblioteca Scientifica dell'Università degli Studi di Urbino Carlo Bo,false
https://biblioteche-fantasma.invalid/resource/library/IT-PU0159,IT-PU0159,"Biblioteca dell'Istituto di vulcanologia e geochimica della Facoltà di scienze matematiche, fisiche e naturali dell'Università degli studi di Urbino",https://biblioteche-fantasma.invalid/resource/library/IT-PU0157,IT-PU0157,Biblioteca Scientifica dell'Università degli Studi di Urbino Carlo Bo,false
https://biblioteche-fantasma.invalid/resource/library/IT-PU0160,IT-PU0160,"Biblioteca dell'Istituto di istologia e analisi di laboratorio della Facoltà di scienze matematiche, fisiche e naturali dell'Università degli studi di Urbino",https://biblioteche-fantasma.invalid/resource/library/IT-PU0157,IT-PU0157,Biblioteca Scientifica dell'Università degli Studi di Urbino Carlo Bo,false
https://biblioteche-fantasma.invalid/resource/library/IT-PU0161,IT-PU0161,"Biblioteca dell'Istituto di anatomia e fisiologia della Facoltà di scienze matematiche, fisiche e naturali dell'Università degli studi di Urbino",https://biblioteche-fantasma.invalid/resource/library/IT-PU0157,IT-PU0157,Biblioteca Scientifica dell'Università degli Studi di Urbino Carlo Bo,false
https://biblioteche-fantasma.invalid/resource/library/IT-PU0162,IT-PU0162,Biblioteca dell'Istituto di farmacologia e farmacognosia delle facoltà di Farmacia e di Scienze matematiche fisiche e naturali dell'Università degli studi di Urbino,https://biblioteche-fantasma.invalid/resource/library/IT-PU0157,IT-PU0157,Biblioteca Scientifica dell'Università degli Studi di Urbino Carlo Bo,false
https://biblioteche-fantasma.invalid/resource/library/IT-PU0163,IT-PU0163,"Biblioteca dell'Istituto di geologia applicata della Facoltà di scienze matematiche, fisiche e naturali dell'Università degli studi di Urbino",https://biblioteche-fantasma.invalid/resource/library/IT-PU0157,IT-PU0157,Biblioteca Scientifica dell'Università degli Studi di Urbino Carlo Bo,false
https://biblioteche-fantasma.invalid/resource/library/IT-PU0164,IT-PU0164,Biblioteca dell'Istituto di chimica generale della Facoltà di farmacia dell'Università degli studi di Urbino,https://biblioteche-fantasma.invalid/resource/library/IT-PU0157,IT-PU0157,Biblioteca Scientifica dell'Università degli Studi di Urbino Carlo Bo,false
https://biblioteche-fantasma.invalid/resource/library/IT-PU0165,IT-PU0165,"Biblioteca dell'Istituto di geologia della Facoltà di scienze matematiche, fisiche e naturali dell'Università degli studi di Urbino",https://biblioteche-fantasma.invalid/resource/library/IT-PU0157,IT-PU0157,Biblioteca Scientifica dell'Università degli Studi di Urbino Carlo Bo,false
https://biblioteche-fantasma.invalid/resource/library/IT-PU0166,IT-PU0166,"Biblioteca di chimica biologica G. Fornaini. Facoltà di farmacia e di scienze matematiche, fisiche e naturali dell'Università degli studi di Urbino",https://biblioteche-fantasma.invalid/resource/library/IT-PU0157,IT-PU0157,Biblioteca Scientifica dell'Università degli Studi di Urbino Carlo Bo,false
https://biblioteche-fantasma.invalid/resource/library/IT-PU0167,IT-PU0167,Biblioteca dell'Istituto di chimica farmaceutica della Facoltà di farmacia dell'Università degli studi di Urbino,https://biblioteche-fantasma.invalid/resource/library/IT-PU0157,IT-PU0157,Biblioteca Scientifica dell'Università degli Studi di Urbino Carlo Bo,false
https://biblioteche-fantasma.invalid/resource/library/IT-PU0168,IT-PU0168,"Biblioteca dell'Istituto di scienze tossicologiche, igienistiche e ambientali della Facoltà di scienze matematiche, fisiche e naturali dell'Università degli studi di Urbino",https://biblioteche-fantasma.invalid/resource/library/IT-PU0157,IT-PU0157,Biblioteca Scientifica dell'Università degli Studi di Urbino Carlo Bo,false
https://biblioteche-fantasma.invalid/resource/library/IT-PU0169,IT-PU0169,Biblioteca dell'Istituto di botanica della Facoltà di farmacia dell'Università degli studi di Urbino,https://biblioteche-fantasma.invalid/resource/library/IT-PU0157,IT-PU0157,Biblioteca Scientifica dell'Università degli Studi di Urbino Carlo Bo,false
https://biblioteche-fantasma.invalid/resource/library/IT-PU0172,IT-PU0172,Biblioteca della Facoltà di sociologia dell'Università degli studi di Urbino,https://biblioteche-fantasma.invalid/resource/library/IT-PU0145,IT-PU0145,Biblioteca di Economia e Sociologia. Centro di Documentazione Europea dell'Università degli Studi di Urbino Carlo Bo,false
https://biblioteche-fantasma.invalid/resource/library/IT-PU0173,IT-PU0173,Biblioteca della Scuola progettisti di moda dell'Università degli studi di Urbino,https://biblioteche-fantasma.invalid/resource/library/IT-PU0206,IT-PU0206,Biblioteca Umanistica dell'Università degli Studi di Urbino Carlo Bo,false
https://biblioteche-fantasma.invalid/resource/library/IT-PU0203,IT-PU0203,Biblioteca di Scienze Motorie dell'Università degli Studi di Urbino Carlo Bo,https://biblioteche-fantasma.invalid/resource/library/IT-PU0157,IT-PU0157,Biblioteca Scientifica dell'Università degli Studi di Urbino Carlo Bo,false
https://biblioteche-fantasma.invalid/resource/library/IT-PU0207,IT-PU0207,Biblioteca del Centro internazionale di semiotica e linguistica dell'Università degli studi di Urbino,https://biblioteche-fantasma.invalid/resource/library/IT-PU0206,IT-PU0206,Biblioteca Umanistica dell'Università degli Studi di Urbino Carlo Bo,false
https://biblioteche-fantasma.invalid/resource/library/IT-PV0069,IT-PV0069,Biblioteca delle Scienze. Sezione di Chimica dell'Università di Pavia,https://biblioteche-fantasma.invalid/resource/library/IT-PV0370,IT-PV0370,Biblioteca delle Scienze dell'Università degli studi di Pavia,false
https://biblioteche-fantasma.invalid/resource/library/IT-PV0072,IT-PV0072,Biblioteca del Dipartimento di Biologia animale dell'Università di Pavia,https://biblioteche-fantasma.invalid/resource/library/IT-PV0369,IT-PV0369,Biblioteca della Scienza e della Tecnica,false
https://biblioteche-fantasma.invalid/resource/library/IT-PV0076,IT-PV0076,Biblioteca delle Scienze. Sezione di Farmacia dell'Università di Pavia,https://biblioteche-fantasma.invalid/resource/library/IT-PV0370,IT-PV0370,Biblioteca delle Scienze dell'Università degli studi di Pavia,false
https://biblioteche-fantasma.invalid/resource/library/IT-PV0081,IT-PV0081,Biblioteca unificata di Area medica A. Ferrata. Sezione di farmacologia dell'Università degli studi di Pavia,https://biblioteche-fantasma.invalid/resource/library/IT-PV0265,IT-PV0265,Biblioteca di Area medica A. Ferrata dell'Università di Pavia,false
https://biblioteche-fantasma.invalid/resource/library/IT-PV0084,IT-PV0084,"Biblioteca del Dipartimento di diritto romano, storia e filosofia del diritto dell'Università degli studi di Pavia",https://biblioteche-fantasma.invalid/resource/library/IT-PV0295,IT-PV0295,Biblioteca della Facoltà di Giurisprudenza dell'Università di Pavia,false
https://biblioteche-fantasma.invalid/resource/library/IT-PV0094,IT-PV0094,"Biblioteca di Anatomia umana - Dipartimento di Sanitò pubblica, Medicina sperimentale e forense dell'Università di Pavia",https://biblioteche-fantasma.invalid/resource/library/IT-PV0265,IT-PV0265,Biblioteca di Area medica A. Ferrata dell'Università di Pavia,false
https://biblioteche-fantasma.invalid/resource/library/IT-PV0095,IT-PV0095,Biblioteca unificata di Area medica A. Ferrata. Sezione di Anatomia patologica dell'Università di Pavia,https://biblioteche-fantasma.invalid/resource/library/IT-PV0265,IT-PV0265,Biblioteca di Area medica A. Ferrata dell'Università di Pavia,false
https://biblioteche-fantasma.invalid/resource/library/IT-PV0098,IT-PV0098,Biblioteca della Scienza e della tecnica. Sezione di Genetica dell'Università di Pavia,https://biblioteche-fantasma.invalid/resource/library/IT-PV0369,IT-PV0369,Biblioteca della Scienza e della Tecnica,false
https://biblioteche-fantasma.invalid/resource/library/IT-PV0106,IT-PV0106,Biblioteca unificata di Area medica A. Ferrata. Sezione di Medicina legale e sanità pubblica dell'Università di Pavia,https://biblioteche-fantasma.invalid/resource/library/IT-PV0265,IT-PV0265,Biblioteca di Area medica A. Ferrata dell'Università di Pavia,false
https://biblioteche-fantasma.invalid/resource/library/IT-PV0107,IT-PV0107,Biblioteca unificata di Area medica A. Ferrata. Sezione di Medicina del lavoro I e II dell'Università di Pavia,https://biblioteche-fantasma.invalid/resource/library/IT-PV0265,IT-PV0265,Biblioteca di Area medica A. Ferrata dell'Università di Pavia,false
https://biblioteche-fantasma.invalid/resource/library/IT-PV0119,IT-PV0119,Biblioteca della Società medico-chirurgica di Pavia,https://biblioteche-fantasma.invalid/resource/library/IT-PV0265,IT-PV0265,Biblioteca di Area medica A. Ferrata dell'Università di Pavia,false
https://biblioteche-fantasma.invalid/resource/library/IT-PV0124,IT-PV0124,Biblioteca del Dipartimento di Scienze pediatriche dell'Università di Pavia,https://biblioteche-fantasma.invalid/resource/library/IT-PV0265,IT-PV0265,Biblioteca di Area medica A. Ferrata dell'Università di Pavia,false
https://biblioteche-fantasma.invalid/resource/library/IT-PV0126,IT-PV0126,Biblioteca del Dipartimento di Scienze morfologiche eidologiche e cliniche. Sezione di Clinica ostetrica e ginecologia dell'Università di Pavia,https://biblioteche-fantasma.invalid/resource/library/IT-PV0265,IT-PV0265,Biblioteca di Area medica A. Ferrata dell'Università di Pavia,false
https://biblioteche-fantasma.invalid/resource/library/IT-PV0233,IT-PV0233,Biblioteca del Dipartimento di Economia pubblica e territoriale dell'Università di Pavia,https://biblioteche-fantasma.invalid/resource/library/IT-PV0295,IT-PV0295,Biblioteca della Facoltà di Giurisprudenza dell'Università di Pavia,false
https://biblioteche-fantasma.invalid/resource/library/IT-PV0234,IT-PV0234,"Biblioteca del Dipartimento di Scienze morfologiche, eidologiche e cliniche. Sezione di Clinica ortopedica e traumatologica dell'Università di Pavia",https://biblioteche-fantasma.invalid/resource/library/IT-PV0265,IT-PV0265,Biblioteca di Area medica A. Ferrata dell'Università di Pavia,false
https://biblioteche-fantasma.invalid/resource/library/IT-PV0241,IT-PV0241,Biblioteca del Polo Botta-Mondino. Sezione di Filosofia e Psicologia dell'Università di Pavia,https://biblioteche-fantasma.invalid/resource/library/IT-PV0367,IT-PV0367,Biblioteca di Studi Umanistici dell'Università di Pavia,false
https://biblioteche-fantasma.invalid/resource/library/IT-PV0242,IT-PV0242,Biblioteca unificata di Area medica A. Ferrata. Sezione di Medicina  preventiva dei lavoratori e psicotecnica dell'Università di Pavia,https://biblioteche-fantasma.invalid/resource/library/IT-PV0265,IT-PV0265,Biblioteca di Area medica A. Ferrata dell'Università di Pavia,false
https://biblioteche-fantasma.invalid/resource/library/IT-PV0249,IT-PV0249,Biblioteca unificata di Area medica Biblioteca A. Ferrata. Sezione di Scienze sanitarie applicate e psicocomportamentali dell'Università di Pavia,https://biblioteche-fantasma.invalid/resource/library/IT-PV0265,IT-PV0265,Biblioteca di Area medica A. Ferrata dell'Università di Pavia,false
https://biblioteche-fantasma.invalid/resource/library/IT-PV0250,IT-PV0250,Biblioteca del Dipartimento di Malattie infettive dell'Università di Pavia,https://biblioteche-fantasma.invalid/resource/library/IT-PV0265,IT-PV0265,Biblioteca di Area medica A. Ferrata dell'Università di Pavia,false
https://biblioteche-fantasma.invalid/resource/library/IT-PV0252,IT-PV0252,Biblioteca unificata di Area medica A. Ferrata. Sezione di Clinica neurochirurgica dell'Università di Pavia,https://biblioteche-fantasma.invalid/resource/library/IT-PV0265,IT-PV0265,Biblioteca di Area medica A. Ferrata dell'Università di Pavia,false
https://biblioteche-fantasma.invalid/resource/library/IT-PV0253,IT-PV0253,"Biblioteca del Dipartimento di Scienze ematologiche, pneumologiche, cardiovascolari mediche e chirurgiche. Sezione di Chirurgia vascolare dell'Università di Pavia",https://biblioteche-fantasma.invalid/resource/library/IT-PV0265,IT-PV0265,Biblioteca di Area medica A. Ferrata dell'Università di Pavia,false
https://biblioteche-fantasma.invalid/resource/library/IT-PV0254,IT-PV0254,Biblioteca unificata di Area medica A. Ferrata. Sezione di Recupero e riabilitazione funzionale dell'Università di Pavia,https://biblioteche-fantasma.invalid/resource/library/IT-PV0265,IT-PV0265,Biblioteca di Area medica A. Ferrata dell'Università di Pavia,false
https://biblioteche-fantasma.invalid/resource/library/IT-PV0255,IT-PV0255,Biblioteca unificata di Area medica A. Ferrata. Sezione di Chirurgia plastica e ricostruttiva dell'Università di Pavia,https://biblioteche-fantasma.invalid/resource/library/IT-PV0265,IT-PV0265,Biblioteca di Area medica A. Ferrata dell'Università di Pavia,false
https://biblioteche-fantasma.invalid/resource/library/IT-PV0256,IT-PV0256,Biblioteca unificata di Area medica A. Ferrata. Sezione di Chirurgia epatopancreatica dell'Università di Pavia,https://biblioteche-fantasma.invalid/resource/library/IT-PV0265,IT-PV0265,Biblioteca di Area medica A. Ferrata dell'Università di Pavia,false
https://biblioteche-fantasma.invalid/resource/library/IT-PV0266,IT-PV0266,Biblioteca unificata di Area medica A. Ferrata. Sezione di Farmacologia clinica e sperimentale dell'Università di Pavia,https://biblioteche-fantasma.invalid/resource/library/IT-PV0265,IT-PV0265,Biblioteca di Area medica A. Ferrata dell'Università di Pavia,false
https://biblioteche-fantasma.invalid/resource/library/IT-PV0267,IT-PV0267,Biblioteca unificata di Area medica A. Ferrata. Sezione di Geriatria dell'Università di Pavia,https://biblioteche-fantasma.invalid/resource/library/IT-PV0265,IT-PV0265,Biblioteca di Area medica A. Ferrata dell'Università di Pavia,false
https://biblioteche-fantasma.invalid/resource/library/IT-PV0269,IT-PV0269,Biblioteca unificata di Area medica A. Ferrata. Sezione di Clinica medica II dell'Università di Pavia,https://biblioteche-fantasma.invalid/resource/library/IT-PV0265,IT-PV0265,Biblioteca di Area medica A. Ferrata dell'Università di Pavia,false
https://biblioteche-fantasma.invalid/resource/library/IT-PV0282,IT-PV0282,"Biblioteca del Dipartimento di Scienze ematologiche, pneumologiche, cardiovascolari mediche e chirurgiche. Sezione di Pneumologia dell'Università di Pavia",https://biblioteche-fantasma.invalid/resource/library/IT-PV0265,IT-PV0265,Biblioteca di Area medica A. Ferrata dell'Università di Pavia,false
https://biblioteche-fantasma.invalid/resource/library/IT-PV0284,IT-PV0284,Biblioteca unificata di Area medica A. Ferrata. Sezione di Clinica dermatologica dell'Università di Pavia,https://biblioteche-fantasma.invalid/resource/library/IT-PV0265,IT-PV0265,Biblioteca di Area medica A. Ferrata dell'Università di Pavia,false
https://biblioteche-fantasma.invalid/resource/library/IT-PV0285,IT-PV0285,Biblioteca unificata di Area medica A. Ferrata. Sezione di Igiene dell'Università di Pavia,https://biblioteche-fantasma.invalid/resource/library/IT-PV0265,IT-PV0265,Biblioteca di Area medica A. Ferrata dell'Università di Pavia,false
https://biblioteche-fantasma.invalid/resource/library/IT-PV0314,IT-PV0314,Biblioteca interdipartimentale unificata F. Petrarca dell'Università di Pavia ,https://biblioteche-fantasma.invalid/resource/library/IT-PV0367,IT-PV0367,Biblioteca di Studi Umanistici dell'Università di Pavia,false
https://biblioteche-fantasma.invalid/resource/library/IT-PV0336,IT-PV0336,Biblioteca del Dipartimento di Medicina sperimentale. Sezione di Istologia ed Embriologia generale dell'Università di Pavia,https://biblioteche-fantasma.invalid/resource/library/IT-PV0265,IT-PV0265,Biblioteca di Area medica A. Ferrata dell'Università di Pavia,false
https://biblioteche-fantasma.invalid/resource/library/IT-PV0337,IT-PV0337,Biblioteca della Scienza e della tecnica. Sezione di Ecologia del territorio dell'Università di Pavia,https://biblioteche-fantasma.invalid/resource/library/IT-PV0369,IT-PV0369,Biblioteca della Scienza e della Tecnica,false
https://biblioteche-fantasma.invalid/resource/library/IT-PV0338,IT-PV0338,Biblioteca del Dipartimento di Medicina sperimentale. Sezione di Patologia generale dell'Università di Pavia,https://biblioteche-fantasma.invalid/resource/library/IT-PV0265,IT-PV0265,Biblioteca di Area medica A. Ferrata dell'Università di Pavia,false
https://biblioteche-fantasma.invalid/resource/library/IT-PV0340,IT-PV0340,Biblioteca unificata di Area medica A. Ferrata. Sezione di Patologia medica dell'Università di Pavia,https://biblioteche-fantasma.invalid/resource/library/IT-PV0265,IT-PV0265,Biblioteca di Area medica A. Ferrata dell'Università di Pavia,false
https://biblioteche-fantasma.invalid/resource/library/IT-PV0341,IT-PV0341,Biblioteca del Dipartimento di medicina sperimentale dell'Università degli studi di Pavia,https://biblioteche-fantasma.invalid/resource/library/IT-PV0265,IT-PV0265,Biblioteca di Area medica A. Ferrata dell'Università di Pavia,false
https://biblioteche-fantasma.invalid/resource/library/IT-PV0346,IT-PV0346,Biblioteca unificata di Area medica A. Ferrata. Sezione di Clinica oculistica dell'Università di Pavia,https://biblioteche-fantasma.invalid/resource/library/IT-PV0265,IT-PV0265,Biblioteca di Area medica A. Ferrata dell'Università di Pavia,false
https://biblioteche-fantasma.invalid/resource/library/IT-PV0350,IT-PV0350,Biblioteca unificata di Area medica A. Ferrata. Sezione di Clinica chirurgica dell'Università di Pavia,https://biblioteche-fantasma.invalid/resource/library/IT-PV0265,IT-PV0265,Biblioteca di Area medica A. Ferrata dell'Università di Pavia,false
https://biblioteche-fantasma.invalid/resource/library/IT-PV0351,IT-PV0351,Biblioteca unificata di Area medica A. Ferrata. Sezione di Biologia generale e genetica medica dell'Università di Pavia,https://biblioteche-fantasma.invalid/resource/library/IT-PV0265,IT-PV0265,Biblioteca di Area medica A. Ferrata dell'Università di Pavia,false
https://biblioteche-fantasma.invalid/resource/library/IT-PV0352,IT-PV0352,"Biblioteca del Dipartimento di Scienze ematologiche, pneumologiche, cardiovascolari mediche e chirurgiche. Sezione di Ematologia dell'Università di Pavia",https://biblioteche-fantasma.invalid/resource/library/IT-PV0265,IT-PV0265,Biblioteca di Area medica A. Ferrata dell'Università di Pavia,false
https://biblioteche-fantasma.invalid/resource/library/IT-PV0353,IT-PV0353,"Biblioteca del Dipartimento di Scienze morfologiche, eidologiche e cliniche. Sezione di Radiologia e terapia fisica dell'Università di Pavia",https://biblioteche-fantasma.invalid/resource/library/IT-PV0265,IT-PV0265,Biblioteca di Area medica A. Ferrata dell'Università di Pavia,false
https://biblioteche-fantasma.invalid/resource/library/IT-PV0354,IT-PV0354,Biblioteca unificata di Area medica A. Ferrata. Sezione di Clinica otorinolaringoiatrica dell'Università di Pavia,https://biblioteche-fantasma.invalid/resource/library/IT-PV0265,IT-PV0265,Biblioteca di Area medica A. Ferrata dell'Università di Pavia,false
https://biblioteche-fantasma.invalid/resource/library/IT-PV0368,IT-PV0368,Biblioteca Boezio della Facoltà di lettere e Filosofia - Polo Botta Mondino dell'Università degli studi di Pavia,https://biblioteche-fantasma.invalid/resource/library/IT-PV0367,IT-PV0367,Biblioteca di Studi Umanistici dell'Università di Pavia,false
https://biblioteche-fantasma.invalid/resource/library/IT-RA0027,IT-RA0027,Biblioteca Fruges,https://biblioteche-fantasma.invalid/resource/library/IT-RA0026,IT-RA0026,Centro Culturale Carlo Venturini,false
https://biblioteche-fantasma.invalid/resource/library/IT-RA0033,IT-RA0033,Biblioteca del Seminario dei SS. Angeli Custodi,https://biblioteche-fantasma.invalid/resource/library/IT-RA0037,IT-RA0037,Biblioteca diocesana San Pier Crisologo,false
https://biblioteche-fantasma.invalid/resource/library/IT-RA0049,IT-RA0049,Biblioteca dell'Istituto di Antichita' Ravennati e Bizantine. Facolta' di Lettere e Filosofia. Universita' degli Studi di Bologna,https://biblioteche-fantasma.invalid/resource/library/IT-RA0104,IT-RA0104,Biblioteca di Storia Culture Civiltà. Sezione di Archeologia - Sede di Ravenna. Alma Mater Studiorum – Università di Bologna,false
https://biblioteche-fantasma.invalid/resource/library/IT-RA0072,IT-RA0072,Biblioteca comunale Maria Gioia. Sezione ragazzi,https://biblioteche-fantasma.invalid/resource/library/IT-RA0009,IT-RA0009,Biblioteca comunale Maria Goia,false
https://biblioteche-fantasma.invalid/resource/library/IT-RA0125,IT-RA0125,Biblioteca del Museo d'arte della città,https://biblioteche-fantasma.invalid/resource/library/IT-RA0036,IT-RA0036,Istituzione Biblioteca Classense,false
https://biblioteche-fantasma.invalid/resource/library/IT-RA0130,IT-RA0130,Biblioteca comunale Classense. Sezione emeroteca Classense-Oriani,https://biblioteche-fantasma.invalid/resource/library/IT-RA0036,IT-RA0036,Istituzione Biblioteca Classense,false
https://biblioteche-fantasma.invalid/resource/library/IT-RA0131,IT-RA0131,Biblioteca comunale Classense. Sezione multimediateca,https://biblioteche-fantasma.invalid/resource/library/IT-RA0036,IT-RA0036,Istituzione Biblioteca Classense,false
https://biblioteche-fantasma.invalid/resource/library/IT-RA0133,IT-RA0133,Biblioteca per ragazzi Il signor Oreste,https://biblioteche-fantasma.invalid/resource/library/IT-RA0026,IT-RA0026,Centro Culturale Carlo Venturini,false
https://biblioteche-fantasma.invalid/resource/library/IT-RE0037,IT-RE0037,Biblioteca S. Giovanni Crisostomo del Seminario,https://biblioteche-fantasma.invalid/resource/library/IT-RE0036,IT-RE0036,Biblioteca Maldotti,false
https://biblioteche-fantasma.invalid/resource/library/IT-RE0094,IT-RE0094,Biblioteca del Dipartimento di protezione e valorizzazione agroalimentare - DIPROVAL. Sezione di microbiologia dell'Università degli studi di Bologna,https://biblioteche-fantasma.invalid/resource/library/IT-BO0421,IT-BO0421,"Biblioteca di Agraria ""Gabriele Goidanich"" dell'Università degli studi di Bologna",false
https://biblioteche-fantasma.invalid/resource/library/IT-RE0095,IT-RE0095,Biblioteca del Dipartimento di protezione e valorizzazione agroalimentare - DIPROVAL. Sezione allevamenti dell'Università degli studi di Bologna,https://biblioteche-fantasma.invalid/resource/library/IT-BO0421,IT-BO0421,"Biblioteca di Agraria ""Gabriele Goidanich"" dell'Università degli studi di Bologna",false
https://biblioteche-fantasma.invalid/resource/library/IT-RE0096,IT-RE0096,Biblioteca del Dipartimento di protezione e valorizzazione agroalimentare - DIPROVAL. Sezione di ingegneria dell'Università degli studi di Bologna,https://biblioteche-fantasma.invalid/resource/library/IT-BO0421,IT-BO0421,"Biblioteca di Agraria ""Gabriele Goidanich"" dell'Università degli studi di Bologna",false
https://biblioteche-fantasma.invalid/resource/library/IT-RE0098,IT-RE0098,Biblioteca del Dipartimento di protezione e valorizzazione agroalimentare - DIPROVAL. Sezione di economia dell'Università degli studi di Bologna,https://biblioteche-fantasma.invalid/resource/library/IT-BO0421,IT-BO0421,"Biblioteca di Agraria ""Gabriele Goidanich"" dell'Università degli studi di Bologna",false
https://biblioteche-fantasma.invalid/resource/library/IT-RM0130,IT-RM0130,Biblioteca dell'Istituto italiano per l'Africa e l'Oriente - IsIAO. Sezione orientale,https://biblioteche-fantasma.invalid/resource/library/IT-RM0108,IT-RM0108,Biblioteca IsIAO,false
https://biblioteche-fantasma.invalid/resource/library/IT-RM0358,IT-RM0358,Biblioteca d'arte sacra Beato Angelico,https://biblioteche-fantasma.invalid/resource/library/IT-RM1200,IT-RM1200,Biblioteca d'Arte Sacra 'Beato Angelico',false
https://biblioteche-fantasma.invalid/resource/library/IT-RM0406,IT-RM0406,Biblioteca del Centro per le relazioni italo-arabe,https://biblioteche-fantasma.invalid/resource/library/IT-RM1232,IT-RM1232,Biblioteca del Museo nazionale d'arte orientale Giuseppe Tucci,false
https://biblioteche-fantasma.invalid/resource/library/IT-RM0415,IT-RM0415,Biblioteca dell'Amministrazione per le attività assistenziali italiane e internazionali - AAI,https://biblioteche-fantasma.invalid/resource/library/IT-RM0535,IT-RM0535,Biblioteca del Ministero dell'interno,false
https://biblioteche-fantasma.invalid/resource/library/IT-RM0811,IT-RM0811,Biblioteca dell'Istituto Superiore per la Protezione e la Ricerca Ambientale - ISPRA,https://biblioteche-fantasma.invalid/resource/library/IT-RM0426,IT-RM0426,Biblioteca dell'Istituto Superiore per la Protezione e la Ricerca Ambientale - ISPRA ,false
https://biblioteche-fantasma.invalid/resource/library/IT-RM0820,IT-RM0820,Biblioteca della Direzione generale dell'aviazione civile del Ministero delle infrastrutture e dei trasporti,https://biblioteche-fantasma.invalid/resource/library/IT-RM1686,IT-RM1686,Biblioteca dell'Ente Nazionale per l'Aviazione Civile - ENAC,false
https://biblioteche-fantasma.invalid/resource/library/IT-RM0823,IT-RM0823,Centro di documentazione europea Altiero Spinelli,https://biblioteche-fantasma.invalid/resource/library/IT-RM0960,IT-RM0960,Biblioteca generale della Facoltà di economia Enrico Barone - Sapienza Università di Roma,false
https://biblioteche-fantasma.invalid/resource/library/IT-RM0858,IT-RM0858,Biblioteca dell'Istituto nazionale per la grafica. Sezione Calcografia,https://biblioteche-fantasma.invalid/resource/library/IT-RM0490,IT-RM0490,Biblioteca dell'Istituto centrale per la grafica,false
https://biblioteche-fantasma.invalid/resource/library/IT-RM0900,IT-RM0900,Biblioteca Paolo Piga. Sede materie prime del Dipartimento di ingegneria chimica materiali ambiente dell'Università degli studi di Roma La Sapienza,https://biblioteche-fantasma.invalid/resource/library/IT-RM1620,IT-RM1620,Biblioteca del Dipartimento di Ingegneria chimica materiali e ambiente - Sapienza Università di Roma,false
https://biblioteche-fantasma.invalid/resource/library/IT-RM0903,IT-RM0903,Biblioteca di metallurgia del Dipartimento di ingegneria chimica materiali ambiente dell'Università degli studi di Roma La Sapienza,https://biblioteche-fantasma.invalid/resource/library/IT-RM1620,IT-RM1620,Biblioteca del Dipartimento di Ingegneria chimica materiali e ambiente - Sapienza Università di Roma,false
https://biblioteche-fantasma.invalid/resource/library/IT-RM0904,IT-RM0904,Biblioteca di ingegneria strutturale e geotecnica dell'Università degli studi di Roma La Sapienza - Sala ingegneria strutturale,https://biblioteche-fantasma.invalid/resource/library/IT-RM1339,IT-RM1339,Biblioteca di Ingegneria civile. Sede Ingegneria strutturale - Sapienza Università di Roma,false
https://biblioteche-fantasma.invalid/resource/library/IT-RM0907,IT-RM0907,Biblioteca Paolo Silvestroni. Sede di chimica del Dipartimento di ingegneria chimica materiali ambiente dell'Università degli studi di Roma La Sapienza,https://biblioteche-fantasma.invalid/resource/library/IT-RM0909,IT-RM0909,Biblioteca del Dipartimento di Scienze di base e applicate per l'ingegneria - Sapienza Università di Roma,false
https://biblioteche-fantasma.invalid/resource/library/IT-RM0908,IT-RM0908,Biblioteca del Dipartimento di energetica dell'Università degli studi di Roma La Sapienza,https://biblioteche-fantasma.invalid/resource/library/IT-RM0909,IT-RM0909,Biblioteca del Dipartimento di Scienze di base e applicate per l'ingegneria - Sapienza Università di Roma,false
https://biblioteche-fantasma.invalid/resource/library/IT-RM0911,IT-RM0911,Biblioteca dell'Istituto di farmacologia medica della Facoltà di medicina e chirurgia dell'Università degli studi di Roma La Sapienza,https://biblioteche-fantasma.invalid/resource/library/IT-RM0910,IT-RM0910,"Biblioteca interdipartimentale V. Del Vecchio - G. Giacomello. Sede Scienze chimico-farmaceutiche, fisiologiche e farmacologiche - Sapienza Università di Roma",false
https://biblioteche-fantasma.invalid/resource/library/IT-RM0914,IT-RM0914,Biblioteca dell'Istituto di clinica odontoiatrica della Facoltà di medicina e chirurgia dell'Università degli studi di Roma La Sapienza,https://biblioteche-fantasma.invalid/resource/library/IT-RM1676,IT-RM1676,Biblioteca interdipartimentale di Medicina. Sede Odontostomatologia - Sapienza Università di Roma,false
https://biblioteche-fantasma.invalid/resource/library/IT-RM0920,IT-RM0920,Biblioteca Michele Bufano del Dipartimento di medicina clinica dell'Università degli studi di Roma La Sapienza,https://biblioteche-fantasma.invalid/resource/library/IT-RM0936,IT-RM0936,Biblioteca interdipartimentale di Scienze anatomiche e medicina di precisione Bartolomeo Eustachio - Sapienza Università di Roma,false
https://biblioteche-fantasma.invalid/resource/library/IT-RM0923,IT-RM0923,Biblioteca dell'Istituto di clinica otorinolaringoiatrica della Facoltà di medicina e chirurgia dell'Università degli studi di Roma La Sapienza,https://biblioteche-fantasma.invalid/resource/library/IT-RM0943,IT-RM0943,Biblioteca interdipartimentale di Medicina. Sede Organi di senso - Sapienza Università di Roma,false
https://biblioteche-fantasma.invalid/resource/library/IT-RM0924,IT-RM0924,"Biblioteca Biologia e Biotecnologie ""Charles Darwin"" dell'Università degli studi di Roma La Sapienza - sede Zoologia",https://biblioteche-fantasma.invalid/resource/library/IT-RM1338,IT-RM1338,Biblioteca del Dipartimento di Biologia e biotecnologie Charles Darwin - Sapienza Università di Roma,false
https://biblioteche-fantasma.invalid/resource/library/IT-RM0925,IT-RM0925,"Biblioteca del Dipartimento di Malattie Infettive e Tropicali dell'Università degli Studi di Roma ""La Sapienza""",https://biblioteche-fantasma.invalid/resource/library/IT-RM0917,IT-RM0917,Biblioteca interdipartimentale V. Del Vecchio - G. Giacomello - Sapienza Università di Roma,false
https://biblioteche-fantasma.invalid/resource/library/IT-RM0927,IT-RM0927,Biblioteca del Dipartimento di biotecnologie cellulari ed ematologia dell'Università degli studi di Roma La Sapienza,https://biblioteche-fantasma.invalid/resource/library/IT-RM0940,IT-RM0940,Biblioteca del Dipartimento di medicina interna e specialità mediche,false
https://biblioteche-fantasma.invalid/resource/library/IT-RM0928,IT-RM0928,Biblioteca dell'Istituto di microbiologia della Facoltà di medicina e chirurgia dell'Università degli studi di Roma La Sapienza,https://biblioteche-fantasma.invalid/resource/library/IT-RM0917,IT-RM0917,Biblioteca interdipartimentale V. Del Vecchio - G. Giacomello - Sapienza Università di Roma,false
https://biblioteche-fantasma.invalid/resource/library/IT-RM0929,IT-RM0929,Biblioteca dell'Istituto di parassitologia della Facoltà di medicina e chirurgia dell'Università degli studi di Roma La Sapienza,https://biblioteche-fantasma.invalid/resource/library/IT-RM0917,IT-RM0917,Biblioteca interdipartimentale V. Del Vecchio - G. Giacomello - Sapienza Università di Roma,false
https://biblioteche-fantasma.invalid/resource/library/IT-RM0930,IT-RM0930,Biblioteca centralizzata di chirurgia della Facoltà di medicina e chirurgia dell'Università degli studi di Roma La Sapienza,https://biblioteche-fantasma.invalid/resource/library/IT-RM1653,IT-RM1653,"Biblioteca interdipartimentale di fisiopatologia cardiocircolatoria, anestesiologia e chirurgia generale Paride Stefanini - Sapienza Università di Roma",false
https://biblioteche-fantasma.invalid/resource/library/IT-RM0932,IT-RM0932,"Biblioteca Interdipartimentale di Scienze Ginecologiche, Radiologiche e Urologiche dell'Università degli studi di Roma La Sapienza - sede Urologia",https://biblioteche-fantasma.invalid/resource/library/IT-RM0945,IT-RM0945,Biblioteca del Dipartimento Materno infantile e scienze urologiche - Sapienza Università di Roma,false
https://biblioteche-fantasma.invalid/resource/library/IT-RM0935,IT-RM0935,"Biblioteca Biologia e Biotecnologie ""Charles Darwin"" dell'Università degli studi di Roma La Sapienza - sede Anatomia Comparata",https://biblioteche-fantasma.invalid/resource/library/IT-RM1338,IT-RM1338,Biblioteca del Dipartimento di Biologia e biotecnologie Charles Darwin - Sapienza Università di Roma,false
https://biblioteche-fantasma.invalid/resource/library/IT-RM0937,IT-RM0937,"Biblioteca di Biologia e Biotecnologie ""Charles Darwin"" dell'Università degli studi di Roma La Sapienza- sede via dei Sardi",https://biblioteche-fantasma.invalid/resource/library/IT-RM1338,IT-RM1338,Biblioteca del Dipartimento di Biologia e biotecnologie Charles Darwin - Sapienza Università di Roma,false
https://biblioteche-fantasma.invalid/resource/library/IT-RM0940,IT-RM0940,Biblioteca del Dipartimento di medicina interna e specialità mediche,https://biblioteche-fantasma.invalid/resource/library/IT-RM1022,IT-RM1022,Biblioteca del Dipartimento di Scienze mediche e cardiovascolari - Sapienza Università di Roma,false
https://biblioteche-fantasma.invalid/resource/library/IT-RM0942,IT-RM0942,Biblioteca dell'Istituto di clinica dermatologica della Facoltà di medicina e chirurgia dell'Università degli studi di Roma La Sapienza,https://biblioteche-fantasma.invalid/resource/library/IT-RM0940,IT-RM0940,Biblioteca del Dipartimento di medicina interna e specialità mediche,false
https://biblioteche-fantasma.invalid/resource/library/IT-RM0946,IT-RM0946,Biblioteca dell'Istituto di idrologia medica della Facolta' di medicina e chirurgia dell'Universita' degli studi di Roma La Sapienza,https://biblioteche-fantasma.invalid/resource/library/IT-RM0920,IT-RM0920,Biblioteca Michele Bufano del Dipartimento di medicina clinica dell'Università degli studi di Roma La Sapienza,false
https://biblioteche-fantasma.invalid/resource/library/IT-RM0947,IT-RM0947,Biblioteca dell'Istituto di virologia della Facoltà di medicina e chirurgia dell'Università degli studi di Roma La Sapienza,https://biblioteche-fantasma.invalid/resource/library/IT-RM0916,IT-RM0916,Biblioteca interdipartimentale di Medicina sperimentale e medicina molecolare - Sapienza Università di Roma,false
https://biblioteche-fantasma.invalid/resource/library/IT-RM0948,IT-RM0948,Biblioteca dell'Istituto di reumatologia della Facoltà di medicina e chirurgia dell'Università degli studi di Roma La Sapienza,https://biblioteche-fantasma.invalid/resource/library/IT-RM0940,IT-RM0940,Biblioteca del Dipartimento di medicina interna e specialità mediche,false
https://biblioteche-fantasma.invalid/resource/library/IT-RM0949,IT-RM0949,Biblioteca dell'Istituto di farmacologia e farmacognosia della Facoltà di farmacia dell'Università degli studi di Roma La Sapienza,https://biblioteche-fantasma.invalid/resource/library/IT-RM0910,IT-RM0910,"Biblioteca interdipartimentale V. Del Vecchio - G. Giacomello. Sede Scienze chimico-farmaceutiche, fisiologiche e farmacologiche - Sapienza Università di Roma",false
https://biblioteche-fantasma.invalid/resource/library/IT-RM0952,IT-RM0952,Biblioteca del Dipartimento di Metodi e Modelli per l'Economia il Territorio e la Finanza - MADEFA. Sapienza Università di Roma,https://biblioteche-fantasma.invalid/resource/library/IT-RM0973,IT-RM0973,Biblioteca del Dipartimento di Metodi e modelli per l'economia il territorio e la finanza - Sapienza Università di Roma,false
https://biblioteche-fantasma.invalid/resource/library/IT-RM0955,IT-RM0955,"Biblioteca Biologia e Biotecnologie ""Charles Darwin"" dell'Università degli studi di Roma La Sapienza - sede Fisiologia",https://biblioteche-fantasma.invalid/resource/library/IT-RM1338,IT-RM1338,Biblioteca del Dipartimento di Biologia e biotecnologie Charles Darwin - Sapienza Università di Roma,false
https://biblioteche-fantasma.invalid/resource/library/IT-RM0956,IT-RM0956,"Biblioteca Biologia e Biotecnologie ""Charles Darwin"" dell'Università degli studi di Roma La Sapienza - sede Genetica",https://biblioteche-fantasma.invalid/resource/library/IT-RM1338,IT-RM1338,Biblioteca del Dipartimento di Biologia e biotecnologie Charles Darwin - Sapienza Università di Roma,false
https://biblioteche-fantasma.invalid/resource/library/IT-RM0961,IT-RM0961,"Biblioteca del Dipartimento per le tecnologie, le risorse e lo sviluppo dell'Università degli studi di Roma La Sapienza",https://biblioteche-fantasma.invalid/resource/library/IT-RM0967,IT-RM0967,Biblioteca del Dipartimento di Management Antonio Renzi - Sapienza Università di Roma,false
https://biblioteche-fantasma.invalid/resource/library/IT-RM0962,IT-RM0962,Biblioteca dell'ex-Dipartimento di Diritto dell'Economia Università degli studi di Roma La Sapienza,https://biblioteche-fantasma.invalid/resource/library/IT-RM0972,IT-RM0972,Biblioteca del Dipartimento di Economia e diritto Federico Caffè - Sapienza Università di Roma,false
https://biblioteche-fantasma.invalid/resource/library/IT-RM0963,IT-RM0963,Biblioteca dell'Istituto di diritto privato della Facoltà di economia e commercio dell'Università degli studi La Sapienza,https://biblioteche-fantasma.invalid/resource/library/IT-RM1514,IT-RM1514,Biblioteca di Diritto ed economia dell’impresa - Sapienza Università di Roma,false
https://biblioteche-fantasma.invalid/resource/library/IT-RM0964,IT-RM0964,Biblioteca dell'Istituto di diritto internazionale e comunitario della Facoltà di economia e commercio dell'Università degli studi di Roma La Sapienza,https://biblioteche-fantasma.invalid/resource/library/IT-RM1514,IT-RM1514,Biblioteca di Diritto ed economia dell’impresa - Sapienza Università di Roma,false
https://biblioteche-fantasma.invalid/resource/library/IT-RM0965,IT-RM0965,Biblioteca dell'Istituto di diritto del lavoro della Facoltà di economia e commercio dell'Università degli studi di Roma La Sapienza,https://biblioteche-fantasma.invalid/resource/library/IT-RM1514,IT-RM1514,Biblioteca di Diritto ed economia dell’impresa - Sapienza Università di Roma,false
https://biblioteche-fantasma.invalid/resource/library/IT-RM0966,IT-RM0966,Biblioteca dell'Istituto di ragioneria e ricerche economico aziendali della Facoltà di economia e commercio dell'Università degli studi La Sapienza,https://biblioteche-fantasma.invalid/resource/library/IT-RM1514,IT-RM1514,Biblioteca di Diritto ed economia dell’impresa - Sapienza Università di Roma,false
https://biblioteche-fantasma.invalid/resource/library/IT-RM0968,IT-RM0968,Biblioteca del Dipartimento di banche assicurazioni mercati dell'Università degli studi di Roma La Sapienza,https://biblioteche-fantasma.invalid/resource/library/IT-RM0967,IT-RM0967,Biblioteca del Dipartimento di Management Antonio Renzi - Sapienza Università di Roma,false
https://biblioteche-fantasma.invalid/resource/library/IT-RM0969,IT-RM0969,Biblioteca dell'Istituto di lingue straniere della Facoltà di economia e commercio dell'Università degli studi di Roma La Sapienza,https://biblioteche-fantasma.invalid/resource/library/IT-RM0973,IT-RM0973,Biblioteca del Dipartimento di Metodi e modelli per l'economia il territorio e la finanza - Sapienza Università di Roma,false
https://biblioteche-fantasma.invalid/resource/library/IT-RM0971,IT-RM0971,Biblioteca del Dipartimento di economia pubblica. Sezione scienza delle finanze dell'Universita degli studi di Roma La Sapienza,https://biblioteche-fantasma.invalid/resource/library/IT-RM0972,IT-RM0972,Biblioteca del Dipartimento di Economia e diritto Federico Caffè - Sapienza Università di Roma,false
https://biblioteche-fantasma.invalid/resource/library/IT-RM0985,IT-RM0985,Biblioteca del Dipartimento di scienze dell'Antichità. Sezione di Archeologia dell'Università degli studi di Roma La Sapienza,https://biblioteche-fantasma.invalid/resource/library/IT-RM1337,IT-RM1337,Biblioteca del Dipartimento di Scienze dell'antichità - Sapienza Università di Roma,false
https://biblioteche-fantasma.invalid/resource/library/IT-RM0986,IT-RM0986,"Biblioteca del Dipartimento di scienze storiche, archeologiche e antropologiche dell'antichità. Sezione di storia greca ed epigrafia greca e latina dell'Università degli studi di Roma La Sapienza",https://biblioteche-fantasma.invalid/resource/library/IT-RM1016,IT-RM1016,Biblioteca del Dipartimento di Scienze dell'antichità. Sede Storia e topografia antica - Sapienza Università di Roma,false
https://biblioteche-fantasma.invalid/resource/library/IT-RM0993,IT-RM0993,Biblioteca del Dipartimento di Storia Antropologia Religioni Arte Spettacolo - Punto di servizio Storia,https://biblioteche-fantasma.invalid/resource/library/IT-RM1700,IT-RM1700,Biblioteca del Dipartimento di Storia antropologia religioni arte spettacolo - Sapienza Università di Roma,false
https://biblioteche-fantasma.invalid/resource/library/IT-RM0997,IT-RM0997,Biblioteca del dipartimento di Storia Antropologia Religioni Arte Spettacolo - Punto di servizio di Storia moderna e contemporanea ,https://biblioteche-fantasma.invalid/resource/library/IT-RM1700,IT-RM1700,Biblioteca del Dipartimento di Storia antropologia religioni arte spettacolo - Sapienza Università di Roma,false
https://biblioteche-fantasma.invalid/resource/library/IT-RM1000,IT-RM1000,Biblioteca del Dipartimento di Storia Antropologia Religioni Arte Spettacolo - Punto di servizio di Antropologia  ,https://biblioteche-fantasma.invalid/resource/library/IT-RM0995,IT-RM0995,Biblioteca del Dipartimento di Storia antropologia religioni arte spettacolo. Sede Arte e antropologia - Sapienza Università di Roma,false
https://biblioteche-fantasma.invalid/resource/library/IT-RM1001,IT-RM1001,Biblioteca dell'Istituto di studi albanesi della Facoltà di lettere e filosofia dell'Università degli studi di Roma La Sapienza,https://biblioteche-fantasma.invalid/resource/library/IT-RM0998,IT-RM0998,Biblioteca del Dipartimento di Lettere e culture moderne. Sede Storia della musica e Studi albanesi - Sapienza Università di Roma,false
https://biblioteche-fantasma.invalid/resource/library/IT-RM1003,IT-RM1003,Biblioteca del Dipartimento di Storia Antropologia Religioni Arte Spettacolo - Punto di servizio Religioni,https://biblioteche-fantasma.invalid/resource/library/IT-RM1700,IT-RM1700,Biblioteca del Dipartimento di Storia antropologia religioni arte spettacolo - Sapienza Università di Roma,false
https://biblioteche-fantasma.invalid/resource/library/IT-RM1004,IT-RM1004,Biblioteca del Dipartimento di lingue e culture d'Italia dalla latinità all'età contemporanea. Università degli studi Roma Tre,https://biblioteche-fantasma.invalid/resource/library/IT-RM1611,IT-RM1611,"Biblioteca di area umanistica ""Giorgio Petrocchi"". Sede centrale - Università Roma Tre",false
https://biblioteche-fantasma.invalid/resource/library/IT-RM1006,IT-RM1006,Biblioteca del Dipartimento di Scienze politiche. Sede Teoria dello stato - Sapienza Università di Roma,https://biblioteche-fantasma.invalid/resource/library/IT-RM1007,IT-RM1007,Biblioteca del Dipartimento di Scienze politiche - Sapienza Università di Roma,false
https://biblioteche-fantasma.invalid/resource/library/IT-RM1009,IT-RM1009,"Biblioteca dell'Istituto di diritto delle assicurazioni della Facoltà di scienze statistiche, demografiche e attuariali dell'Università degli studi di Roma La Sapienza",https://biblioteche-fantasma.invalid/resource/library/IT-RM0954,IT-RM0954,Biblioteca del Dipartimento di Scienze statistiche - Sapienza Università di Roma,false
https://biblioteche-fantasma.invalid/resource/library/IT-RM1010,IT-RM1010,Biblioteca del Dipartimento di scienze economiche dell'Università degli studi di Roma La Sapienza,https://biblioteche-fantasma.invalid/resource/library/IT-RM1008,IT-RM1008,Biblioteca del Dipartimento di Scienze statistiche. Sede Studi sociali - Sapienza Università di Roma,false
https://biblioteche-fantasma.invalid/resource/library/IT-RM1011,IT-RM1011,Biblioteca del Dipartimento di scienze attuariali e finanziarie dell'Università degli studi di Roma La Sapienza,https://biblioteche-fantasma.invalid/resource/library/IT-RM1008,IT-RM1008,Biblioteca del Dipartimento di Scienze statistiche. Sede Studi sociali - Sapienza Università di Roma,false
https://biblioteche-fantasma.invalid/resource/library/IT-RM1012,IT-RM1012,Biblioteca del Dipartimento di scienza e tecnica dell'informazione e della comunicazione dell'Università degli studi di Roma La Sapienza,https://biblioteche-fantasma.invalid/resource/library/IT-RM0899,IT-RM0899,"Biblioteca del Dipartimento di Ingegneria dell'informazione, elettronica e telecomunicazioni - Sapienza Università di Roma",false
https://biblioteche-fantasma.invalid/resource/library/IT-RM1014,IT-RM1014,"Biblioteca del Dipartimento di scienze storiche, archeologiche e antropologiche dell'antichità. Sezione di etruscologia e antichità italiche dell'Università deli studi di Roma La Sapienza",https://biblioteche-fantasma.invalid/resource/library/IT-RM0985,IT-RM0985,Biblioteca del Dipartimento di scienze dell'Antichità. Sezione di Archeologia dell'Università degli studi di Roma La Sapienza,false
https://biblioteche-fantasma.invalid/resource/library/IT-RM1018,IT-RM1018,"Biblioteca del Dipartimento di scienze storiche, archeologiche e antropologiche dell'antichità. Sezione di topografia antica dell'Università degli studi di Roma La Sapienza",https://biblioteche-fantasma.invalid/resource/library/IT-RM1016,IT-RM1016,Biblioteca del Dipartimento di Scienze dell'antichità. Sede Storia e topografia antica - Sapienza Università di Roma,false
https://biblioteche-fantasma.invalid/resource/library/IT-RM1019,IT-RM1019,Biblioteca del Dipartimento di Lettere e Culture Moderne - Punto di servizio Scienze Documentarie,https://biblioteche-fantasma.invalid/resource/library/IT-RM1887,IT-RM1887,Biblioteca del Dipartimento di Lettere e culture moderne - Sapienza Università di Roma,false
https://biblioteche-fantasma.invalid/resource/library/IT-RM1023,IT-RM1023,Biblioteca dell'Istituto di microbiologia della Facoltà di farmacia dell'Università degli studi di Roma La Sapienza,https://biblioteche-fantasma.invalid/resource/library/IT-RM0917,IT-RM0917,Biblioteca interdipartimentale V. Del Vecchio - G. Giacomello - Sapienza Università di Roma,false
https://biblioteche-fantasma.invalid/resource/library/IT-RM1024,IT-RM1024,Biblioteca dell'Istituto di chirurgia del cuore e dei grossi vasi della Facoltà di medicina e chirurgia dell'Università degli studi di Roma La Sapienza,https://biblioteche-fantasma.invalid/resource/library/IT-RM1022,IT-RM1022,Biblioteca del Dipartimento di Scienze mediche e cardiovascolari - Sapienza Università di Roma,false
https://biblioteche-fantasma.invalid/resource/library/IT-RM1025,IT-RM1025,"Biblioteca del Dipartimento di scienze anestesiologiche, medicina critica e terapia del dolore dell'Università degli studi di Roma La Sapienza",https://biblioteche-fantasma.invalid/resource/library/IT-RM1653,IT-RM1653,"Biblioteca interdipartimentale di fisiopatologia cardiocircolatoria, anestesiologia e chirurgia generale Paride Stefanini - Sapienza Università di Roma",false
https://biblioteche-fantasma.invalid/resource/library/IT-RM1026,IT-RM1026,Biblioteca interdipartimentale di lingue e letterature straniere. Università degli studi Roma Tre,https://biblioteche-fantasma.invalid/resource/library/IT-RM1029,IT-RM1029,"Biblioteca di area di scienze della formazione ""Angelo Broccoli"". Università degli studi Roma Tre",false
https://biblioteche-fantasma.invalid/resource/library/IT-RM1031,IT-RM1031,Biblioteca del Dipartimento di studi storici dal medioevo all'età contemporanea. Sezione di scienze geografiche e cartografiche. Università degli studi Roma Tre,https://biblioteche-fantasma.invalid/resource/library/IT-RM1611,IT-RM1611,"Biblioteca di area umanistica ""Giorgio Petrocchi"". Sede centrale - Università Roma Tre",false
https://biblioteche-fantasma.invalid/resource/library/IT-RM1034,IT-RM1034,Biblioteca del Dipartimento di architettura e costruzione Enrico Guidoni dell'Università La Sapienza di Roma,https://biblioteche-fantasma.invalid/resource/library/IT-RM1038,IT-RM1038,Biblioteca del Dipartimento di Architettura e progetto - Sapienza Università di Roma,false
https://biblioteche-fantasma.invalid/resource/library/IT-RM1035,IT-RM1035,Biblioteca del Dipartimento di Architettura e progetto. Sede Piazza Borghese - Sapienza Università di Roma,https://biblioteche-fantasma.invalid/resource/library/IT-RM1038,IT-RM1038,Biblioteca del Dipartimento di Architettura e progetto - Sapienza Università di Roma,false
https://biblioteche-fantasma.invalid/resource/library/IT-RM1036,IT-RM1036,Biblioteca del Dipartimento di Storia disegno e restauro dell'Università degli studi di Roma La Sapienza - Sede Disegno e rilievo,https://biblioteche-fantasma.invalid/resource/library/IT-RM1040,IT-RM1040,Biblioteca del Dipartimento di Storia disegno e restauro dell'architettura - Sapienza Università di Roma,false
https://biblioteche-fantasma.invalid/resource/library/IT-RM1041,IT-RM1041,Biblioteca del Dipartimento di innovazione tecnologica nell'architettura e cultura dell'ambiente dell'Università degli studi di Roma la Sapienza,https://biblioteche-fantasma.invalid/resource/library/IT-RM1042,IT-RM1042,"Biblioteca del Dipartimento di Pianificazione, design, tecnologia dell'architettura Ludovico Quaroni - Sapienza Università di Roma",false
https://biblioteche-fantasma.invalid/resource/library/IT-RM1046,IT-RM1046,"Biblioteca umanistica ""Giorgio Petrocchi"". Università degli studi Roma Tre",https://biblioteche-fantasma.invalid/resource/library/IT-RM1611,IT-RM1611,"Biblioteca di area umanistica ""Giorgio Petrocchi"". Sede centrale - Università Roma Tre",false
https://biblioteche-fantasma.invalid/resource/library/IT-RM1049,IT-RM1049,Biblioteca del Centro interdipartimentale di ricerca per l'analisi dei modelli e dell'informazione nei sistemi biomedici dell'Università degli studi di Roma La Sapienza,https://biblioteche-fantasma.invalid/resource/library/IT-RM0906,IT-RM0906,Biblioteca del Dipartimento di Ingegneria elettrica ed energetica - Sapienza Università di Roma,false
https://biblioteche-fantasma.invalid/resource/library/IT-RM1058,IT-RM1058,Biblioteca del Dipartimento di scienze cardiovascolari e respiratorie. Sezione malattie dell'apparato respiratorio dell'Università di Roma La Sapienza,https://biblioteche-fantasma.invalid/resource/library/IT-RM1022,IT-RM1022,Biblioteca del Dipartimento di Scienze mediche e cardiovascolari - Sapienza Università di Roma,false
https://biblioteche-fantasma.invalid/resource/library/IT-RM1063,IT-RM1063,"Biblioteca di Biologia e Biotecnologie ""Charles Darwin"" dell'Università degli studi di Roma La Sapienza - sede Entomologia",https://biblioteche-fantasma.invalid/resource/library/IT-RM1338,IT-RM1338,Biblioteca del Dipartimento di Biologia e biotecnologie Charles Darwin - Sapienza Università di Roma,false
https://biblioteche-fantasma.invalid/resource/library/IT-RM1065,IT-RM1065,Biblioteca dell'Istituto di scienza dell'alimentazione della Facoltà di medicina e chirurgia dell'Università degli studi di Roma La Sapienza,https://biblioteche-fantasma.invalid/resource/library/IT-RM0916,IT-RM0916,Biblioteca interdipartimentale di Medicina sperimentale e medicina molecolare - Sapienza Università di Roma,false
https://biblioteche-fantasma.invalid/resource/library/IT-RM1067,IT-RM1067,Biblioteca del Dipartimento di studi politici dell'Università degli studi di Roma La Sapienza,https://biblioteche-fantasma.invalid/resource/library/IT-RM1007,IT-RM1007,Biblioteca del Dipartimento di Scienze politiche - Sapienza Università di Roma,false
https://biblioteche-fantasma.invalid/resource/library/IT-RM1070,IT-RM1070,Biblioteca dell'Istituto di terapia medica sistematica della Facoltà di medicina e chirurgia Università degli studi di Roma La Sapienza,https://biblioteche-fantasma.invalid/resource/library/IT-RM1022,IT-RM1022,Biblioteca del Dipartimento di Scienze mediche e cardiovascolari - Sapienza Università di Roma,false
https://biblioteche-fantasma.invalid/resource/library/IT-RM1073,IT-RM1073,Biblioteca dell'Istituto di clinica delle malattie nervose e mentali della Facoltà di medicina e chirurgia dell'Università di Roma La Sapienza,https://biblioteche-fantasma.invalid/resource/library/IT-RM1072,IT-RM1072,Biblioteca interdipartimentale di Medicina - Sapienza Università di Roma,false
https://biblioteche-fantasma.invalid/resource/library/IT-RM1123,IT-RM1123,Biblioteca del Collegio internazionale S. Bonaventura,https://biblioteche-fantasma.invalid/resource/library/IT-RM1919,IT-RM1919,Biblioteca del Collegio San Bonaventura,false
https://biblioteche-fantasma.invalid/resource/library/IT-RM1128,IT-RM1128,Biblioteca dell'Istituto per la civiltà fenicia e punica del Consiglio nazionale delle ricerche,https://biblioteche-fantasma.invalid/resource/library/IT-RM2053,IT-RM2053,Biblioteca dell'Istituto di Scienze del Patrimonio culturale. Area Ricerca RM1 - CNR,false
https://biblioteche-fantasma.invalid/resource/library/IT-RM1130,IT-RM1130,Biblioteca dell'Istituto di Cristallografia del Cnr,https://biblioteche-fantasma.invalid/resource/library/IT-RM1299,IT-RM1299,"Biblioteca Area Territoriale della Ricerca di Roma 1 - Montelibretti, Consiglio Nazionale delle Ricerche - BcA.ATdr.Rm1.Mlib",false
https://biblioteche-fantasma.invalid/resource/library/IT-RM1141,IT-RM1141,Biblioteca dell'Istituto centrale per il catalogo e la documentazione. Sezione aerofototeca,https://biblioteche-fantasma.invalid/resource/library/IT-RM0744,IT-RM0744,Biblioteca dell'Istituto centrale per il catalogo e la documentazione - ICCD,false
https://biblioteche-fantasma.invalid/resource/library/IT-RM1155,IT-RM1155,Biblioteca dell'Istituto di clinica pediatrica della Facoltà di medicina e chirurgia dell'Università degli studi di Roma La Sapienza,https://biblioteche-fantasma.invalid/resource/library/IT-RM0945,IT-RM0945,Biblioteca del Dipartimento Materno infantile e scienze urologiche - Sapienza Università di Roma,false
https://biblioteche-fantasma.invalid/resource/library/IT-RM1156,IT-RM1156,"Biblioteca dell'Istituto dell'osservatorio astronomico della Facoltà di scienze matematiche, fisiche e naturali dell'Università degli studi di Roma La Sapienza",https://biblioteche-fantasma.invalid/resource/library/IT-RM1158,IT-RM1158,Biblioteca del Dipartimento di Fisica - Sapienza Università di Roma,false
https://biblioteche-fantasma.invalid/resource/library/IT-RM1163,IT-RM1163,Biblioteca del Centro di fotoriproduzione legatoria e restauro degli Archivi di Stato del Ministero per i beni e le attività culturali e per il turismo,https://biblioteche-fantasma.invalid/resource/library/IT-RM1225,IT-RM1225,Biblioteca dell'Istituto Centrale per la Patologia degli Archivi e del Libro - ICPAL,false
https://biblioteche-fantasma.invalid/resource/library/IT-RM1175,IT-RM1175,Biblioteca di Ingegneria chimica materiali e ambiente,https://biblioteche-fantasma.invalid/resource/library/IT-RM1620,IT-RM1620,Biblioteca del Dipartimento di Ingegneria chimica materiali e ambiente - Sapienza Università di Roma,false
https://biblioteche-fantasma.invalid/resource/library/IT-RM1228,IT-RM1228,Biblioteca dell'Ateneo Regina apostolorum,https://biblioteche-fantasma.invalid/resource/library/IT-RM1482,IT-RM1482,Biblioteca Pio XII dell'Università Europea - Ateneo pontificio Regina apostolorum,false
https://biblioteche-fantasma.invalid/resource/library/IT-RM1232,IT-RM1232,Biblioteca del Museo nazionale d'arte orientale Giuseppe Tucci,https://biblioteche-fantasma.invalid/resource/library/IT-RM0528,IT-RM0528,Biblioteche del Museo delle Civiltà,false
https://biblioteche-fantasma.invalid/resource/library/IT-RM1236,IT-RM1236,"Biblioteca del Dipartimento di scienze storiche, archeologiche e antropologiche dell'antichità. Sezione di archeologia cristiana dell'Università degli studi di Roma La Sapienza",https://biblioteche-fantasma.invalid/resource/library/IT-RM0985,IT-RM0985,Biblioteca del Dipartimento di scienze dell'Antichità. Sezione di Archeologia dell'Università degli studi di Roma La Sapienza,false
https://biblioteche-fantasma.invalid/resource/library/IT-RM1237,IT-RM1237,Biblioteca dell'Istituto di tecnologie applicate ai beni culturali del Consiglio nazionale delle ricerche,https://biblioteche-fantasma.invalid/resource/library/IT-RM2053,IT-RM2053,Biblioteca dell'Istituto di Scienze del Patrimonio culturale. Area Ricerca RM1 - CNR,false
https://biblioteche-fantasma.invalid/resource/library/IT-RM1253,IT-RM1253,Biblioteca del Centro interdipartimentale di servizi per l'automazione nelle discipline umanistiche dell'Università degli studi di Roma La Sapienza,https://biblioteche-fantasma.invalid/resource/library/IT-RM1887,IT-RM1887,Biblioteca del Dipartimento di Lettere e culture moderne - Sapienza Università di Roma,false
https://biblioteche-fantasma.invalid/resource/library/IT-RM1256,IT-RM1256,Biblioteca della Scuola centrale tributaria Ezio Vanoni,https://biblioteche-fantasma.invalid/resource/library/IT-RM1616,IT-RM1616,BIBLIOTECA STORICA DEL MINISTERO DELL' ECONOMIA E DELLE FINANZE SEZIONE EZIO VANONI,false
https://biblioteche-fantasma.invalid/resource/library/IT-RM1268,IT-RM1268,Biblioteca del Dipartimento di medicina sperimentale e patologia. Sezione anatomia patologica dell'Università degli studi di Roma La Sapienza,https://biblioteche-fantasma.invalid/resource/library/IT-RM0916,IT-RM0916,Biblioteca interdipartimentale di Medicina sperimentale e medicina molecolare - Sapienza Università di Roma,false
https://biblioteche-fantasma.invalid/resource/library/IT-RM1282,IT-RM1282,Biblioteca del Dipartimento di ingegneria nucleare e conversioni di energia dell'Università degli studi di Roma La Sapienza,https://biblioteche-fantasma.invalid/resource/library/IT-RM0906,IT-RM0906,Biblioteca del Dipartimento di Ingegneria elettrica ed energetica - Sapienza Università di Roma,false
https://biblioteche-fantasma.invalid/resource/library/IT-RM1289,IT-RM1289,Biblioteca dell'Istituto di chimica nucleare del Consiglio nazionale delle ricerche,https://biblioteche-fantasma.invalid/resource/library/IT-RM1299,IT-RM1299,"Biblioteca Area Territoriale della Ricerca di Roma 1 - Montelibretti, Consiglio Nazionale delle Ricerche - BcA.ATdr.Rm1.Mlib",false
https://biblioteche-fantasma.invalid/resource/library/IT-RM1292,IT-RM1292,Centro bibliografico del Dipartimento di studi americani. Università degli studi di Roma Tre,https://biblioteche-fantasma.invalid/resource/library/IT-RM1611,IT-RM1611,"Biblioteca di area umanistica ""Giorgio Petrocchi"". Sede centrale - Università Roma Tre",false
https://biblioteche-fantasma.invalid/resource/library/IT-RM1344,IT-RM1344,Biblioteca privata eredi di Alfredo Casella,https://biblioteche-fantasma.invalid/resource/library/IT-VE0164,IT-VE0164,Biblioteca della Fondazione Giorgio Cini. Istituto per la Musica e Istituto Interculturale di Studi Musicali Comparati,false
https://biblioteche-fantasma.invalid/resource/library/IT-RM1372,IT-RM1372,Biblioteca del Dipartimento di farmacologia delle sostanze naturali e fisiologia generale dell'Università degli studi di Roma La Sapienza,https://biblioteche-fantasma.invalid/resource/library/IT-RM0910,IT-RM0910,"Biblioteca interdipartimentale V. Del Vecchio - G. Giacomello. Sede Scienze chimico-farmaceutiche, fisiologiche e farmacologiche - Sapienza Università di Roma",false
https://biblioteche-fantasma.invalid/resource/library/IT-RM1409,IT-RM1409,Biblioteca Fondazione Internazionale Lelio Basso,https://biblioteche-fantasma.invalid/resource/library/IT-RM0210,IT-RM0210,Biblioteca della Fondazione Lelio e Lisli Basso - Onlus,false
https://biblioteche-fantasma.invalid/resource/library/IT-RM1416,IT-RM1416,Biblioteca dell'Istituto Superiore per la Protezione e la Ricerca Ambientale - ISPRA - Sede Casalotti,https://biblioteche-fantasma.invalid/resource/library/IT-RM0426,IT-RM0426,Biblioteca dell'Istituto Superiore per la Protezione e la Ricerca Ambientale - ISPRA ,false
https://biblioteche-fantasma.invalid/resource/library/IT-RM1470,IT-RM1470,Biblioteca del Dipartimento di scienze giuridiche. Sezione teoria dell'interpretazione e informatica giuridica dell'Università degli studi di Roma La Sapienza,https://biblioteche-fantasma.invalid/resource/library/IT-RM0983,IT-RM0983,Biblioteca interdipartimentale di Scienze giuridiche - Sapienza Università di Roma,false
https://biblioteche-fantasma.invalid/resource/library/IT-RM1527,IT-RM1527,Biblioteca dell'Istituto di istruzione superiore Bertrand Russell. Sede Pitagora,https://biblioteche-fantasma.invalid/resource/library/IT-RM1529,IT-RM1529,"Biblioteca dell'Istituto Statale d’Istruzione Superiore ""Charles Darwin""",false
https://biblioteche-fantasma.invalid/resource/library/IT-RM1606,IT-RM1606,"Biblioteca di Scienze Documentarie, Linguistico-Filologiche e Geografiche dell'Università degli studi di Roma La Sapienza – Punto di servizio Scienze del libro e del documento",https://biblioteche-fantasma.invalid/resource/library/IT-RM1019,IT-RM1019,Biblioteca del Dipartimento di Lettere e Culture Moderne - Punto di servizio Scienze Documentarie,false
https://biblioteche-fantasma.invalid/resource/library/IT-RM1678,IT-RM1678,Biblioteca della Fondazione per la cittadinanza attiva,https://biblioteche-fantasma.invalid/resource/library/IT-RM2081,IT-RM2081,Biblioteca dell'Università popolare di Roma UPTER,false
https://biblioteche-fantasma.invalid/resource/library/IT-RM1682,IT-RM1682,Biblioteca Massimo Pallottino dell''Istituto di Studi sulle Civiltà Italiche e del Mediterraneo Antico -ISCIMA,https://biblioteche-fantasma.invalid/resource/library/IT-RM0573,IT-RM0573,Biblioteca Centrale 'G. Marconi' del CNR,false
https://biblioteche-fantasma.invalid/resource/library/IT-RM1911,IT-RM1911,Biblioteca Giovanni e Giuliana Berlinguer dell'Università degli studi di Roma La Sapienza,https://biblioteche-fantasma.invalid/resource/library/IT-RM0989,IT-RM0989,Biblioteca di Filosofia - Sapienza Università di Roma,false
https://biblioteche-fantasma.invalid/resource/library/IT-RN0012,IT-RN0012,Biblioteca del Seminario vescovile - San Fortunato,https://biblioteche-fantasma.invalid/resource/library/IT-RN0044,IT-RN0044,Biblioteca diocesana mons. Emilio Biancheri,false
https://biblioteche-fantasma.invalid/resource/library/IT-RN0021,IT-RN0021,Biblioteca di Montescudo-Monte Colombo,https://biblioteche-fantasma.invalid/resource/library/IT-RN0083,IT-RN0083,Biblioteca comunale Don Matteo del Monte,false
https://biblioteche-fantasma.invalid/resource/library/IT-RN0045,IT-RN0045,Biblioteca Centro di lettura di Monte Colombo,https://biblioteche-fantasma.invalid/resource/library/IT-RN0083,IT-RN0083,Biblioteca comunale Don Matteo del Monte,false
https://biblioteche-fantasma.invalid/resource/library/IT-SA0120,IT-SA0120,Biblioteca del Dipartimento di sociologia e scienza della politica dell'Università degli studi di Salerno,https://biblioteche-fantasma.invalid/resource/library/IT-SA0119,IT-SA0119,"Biblioteca umanistica ""E. R. Caianiello"" dell'Università degli studi di Salerno",false
https://biblioteche-fantasma.invalid/resource/library/IT-SA0121,IT-SA0121,Biblioteca del Dipartimento di studi linguistici e letterari dell'Università degli studi di Salerno,https://biblioteche-fantasma.invalid/resource/library/IT-SA0119,IT-SA0119,"Biblioteca umanistica ""E. R. Caianiello"" dell'Università degli studi di Salerno",false
https://biblioteche-fantasma.invalid/resource/library/IT-SA0124,IT-SA0124,"Biblioteca del Settore umanistico, giuridico ed economico della Facoltà di economia e commercio e di giurisprudenza dell'Università degli studi di Salerno",https://biblioteche-fantasma.invalid/resource/library/IT-SA0186,IT-SA0186,Centro Bibliotecario di Ateneo Università degli studi di Salerno,false
https://biblioteche-fantasma.invalid/resource/library/IT-SA0125,IT-SA0125,"Biblioteca del Settore umanistico, giuridico ed economico della Facoltà di lettere e filosofia e di magistero dell'Università degli studi di Salerno",https://biblioteche-fantasma.invalid/resource/library/IT-SA0186,IT-SA0186,Centro Bibliotecario di Ateneo Università degli studi di Salerno,false
https://biblioteche-fantasma.invalid/resource/library/IT-SA0127,IT-SA0127,Biblioteca del Dipartimento di teoria e storia delle istituzioni giuridiche e politiche nella società moderna e contemporanea dell'Università degli studi di Salerno,https://biblioteche-fantasma.invalid/resource/library/IT-SA0119,IT-SA0119,"Biblioteca umanistica ""E. R. Caianiello"" dell'Università degli studi di Salerno",false
https://biblioteche-fantasma.invalid/resource/library/IT-SA0128,IT-SA0128,Biblioteca Ventimiglia del Centro di studi sociali per la storia del Mezzogiorno dell'Università degli studi di Salerno,https://biblioteche-fantasma.invalid/resource/library/IT-SA0119,IT-SA0119,"Biblioteca umanistica ""E. R. Caianiello"" dell'Università degli studi di Salerno",false
https://biblioteche-fantasma.invalid/resource/library/IT-SA0129,IT-SA0129,Biblioteca del Dipartimento di scienze storiche e sociali dell'Università degli studi di Salerno,https://biblioteche-fantasma.invalid/resource/library/IT-SA0186,IT-SA0186,Centro Bibliotecario di Ateneo Università degli studi di Salerno,false
https://biblioteche-fantasma.invalid/resource/library/IT-SA0130,IT-SA0130,Biblioteca del Dipartimento di scienze dell'antichità dell'Università degli studi di Salerno,https://biblioteche-fantasma.invalid/resource/library/IT-SA0119,IT-SA0119,"Biblioteca umanistica ""E. R. Caianiello"" dell'Università degli studi di Salerno",false
https://biblioteche-fantasma.invalid/resource/library/IT-SA0131,IT-SA0131,Biblioteca dell'Istituto di storia dell'arte della Facoltà di magistero dell'Università degli studi di Salerno,https://biblioteche-fantasma.invalid/resource/library/IT-SA0186,IT-SA0186,Centro Bibliotecario di Ateneo Università degli studi di Salerno,false
https://biblioteche-fantasma.invalid/resource/library/IT-SA0133,IT-SA0133,Biblioteca del Dipartimento di scienze dell'educazione dell'Università degli studi di Salerno,https://biblioteche-fantasma.invalid/resource/library/IT-SA0119,IT-SA0119,"Biblioteca umanistica ""E. R. Caianiello"" dell'Università degli studi di Salerno",false
https://biblioteche-fantasma.invalid/resource/library/IT-SA0134,IT-SA0134,Biblioteca del Dipartimento di studi e ricerche aziendali dell'Università degli studi di Salerno,https://biblioteche-fantasma.invalid/resource/library/IT-SA0119,IT-SA0119,"Biblioteca umanistica ""E. R. Caianiello"" dell'Università degli studi di Salerno",false
https://biblioteche-fantasma.invalid/resource/library/IT-SA0136,IT-SA0136,"Biblioteca del Dipartimento di letteratura, arte e spettacolo dell'Università degli studi di Salerno",https://biblioteche-fantasma.invalid/resource/library/IT-SA0119,IT-SA0119,"Biblioteca umanistica ""E. R. Caianiello"" dell'Università degli studi di Salerno",false
https://biblioteche-fantasma.invalid/resource/library/IT-SA0140,IT-SA0140,Biblioteca di filosofia dell'Università degli studi di Salerno,https://biblioteche-fantasma.invalid/resource/library/IT-SA0119,IT-SA0119,"Biblioteca umanistica ""E. R. Caianiello"" dell'Università degli studi di Salerno",false
https://biblioteche-fantasma.invalid/resource/library/IT-SA0141,IT-SA0141,Biblioteca del Dipartimento di latinità e medioevo dell'Università degli studi di Salerno,https://biblioteche-fantasma.invalid/resource/library/IT-SA0186,IT-SA0186,Centro Bibliotecario di Ateneo Università degli studi di Salerno,false
https://biblioteche-fantasma.invalid/resource/library/IT-SA0142,IT-SA0142,Biblioteca del Dipartimento di diritto pubblico generale e teoria delle istituzioni dell'Università degli studi di Salerno,https://biblioteche-fantasma.invalid/resource/library/IT-SA0119,IT-SA0119,"Biblioteca umanistica ""E. R. Caianiello"" dell'Università degli studi di Salerno",false
https://biblioteche-fantasma.invalid/resource/library/IT-SA0144,IT-SA0144,Biblioteca dell'Istituto di diritto e procedura penale della Facoltà di giurisprudenza dell'Università degli studi di Salerno,https://biblioteche-fantasma.invalid/resource/library/IT-SA0186,IT-SA0186,Centro Bibliotecario di Ateneo Università degli studi di Salerno,false
https://biblioteche-fantasma.invalid/resource/library/IT-SA0175,IT-SA0175,Biblioteca del Dipartimento di scienze della comunicazione dell'Università degli studi di Salerno,https://biblioteche-fantasma.invalid/resource/library/IT-SA0119,IT-SA0119,"Biblioteca umanistica ""E. R. Caianiello"" dell'Università degli studi di Salerno",false
https://biblioteche-fantasma.invalid/resource/library/IT-SA0212,IT-SA0212,Centro di servizio di Ateneo per le biblioteche. Biblioteca Casa del libro dell'Università degli studi di Salerno,https://biblioteche-fantasma.invalid/resource/library/IT-SA0186,IT-SA0186,Centro Bibliotecario di Ateneo Università degli studi di Salerno,false
https://biblioteche-fantasma.invalid/resource/library/IT-SI0139,IT-SI0139,Biblioteca Servizi sociali dell'Università degli studi di Siena,https://biblioteche-fantasma.invalid/resource/library/IT-SI0104,IT-SI0104,Biblioteca di area Giuridico Politologica dell'Università di Siena,false
https://biblioteche-fantasma.invalid/resource/library/IT-SP0034,IT-SP0034,Biblioteca dipartimentale della Marina militare,https://biblioteche-fantasma.invalid/resource/library/IT-SP0195,IT-SP0195,Biblioteca del Museo Tecnico Navale della Spezia,false
https://biblioteche-fantasma.invalid/resource/library/IT-SP0086,IT-SP0086,Biblioteca del Santuario di Soviore,https://biblioteche-fantasma.invalid/resource/library/IT-SP0058,IT-SP0058,Biblioteca Niccolò V,false
https://biblioteche-fantasma.invalid/resource/library/IT-SP0099,IT-SP0099,Biblioteca dell'Istituto internazionale di studi liguri - Sezione lunense,https://biblioteche-fantasma.invalid/resource/library/IT-SP0031,IT-SP0031,Biblioteca dell'Accademia lunigianese di scienze G. Capellini,false
https://biblioteche-fantasma.invalid/resource/library/IT-SP0105,IT-SP0105,Biblioteca dell'Istituto tecnico commerciale statale Agostino Fossati,https://biblioteche-fantasma.invalid/resource/library/IT-SP0106,IT-SP0106,Biblioteca dell'ITCT Fossati da Passano,false
https://biblioteche-fantasma.invalid/resource/library/IT-SR0043,IT-SR0043,Biblioteca dell'Associazione turistica Pro loco,https://biblioteche-fantasma.invalid/resource/library/IT-SR0003,IT-SR0003,"Biblioteca comunale ""Giuseppe Bianca""",false
https://biblioteche-fantasma.invalid/resource/library/IT-SS0042,IT-SS0042,Biblioteca del Seminario vescovile,https://biblioteche-fantasma.invalid/resource/library/IT-SS0272,IT-SS0272,Biblioteca diocesana,false
https://biblioteche-fantasma.invalid/resource/library/IT-SS0057,IT-SS0057,Biblioteca dell'Istituto di dermatologia della Facoltà di medicina e chirurgia dell'Università degli studi di Sassari,https://biblioteche-fantasma.invalid/resource/library/IT-SS0166,IT-SS0166,Biblioteca di Medicina e Chirurgia dell'Università degli studi di Sassari,false
https://biblioteche-fantasma.invalid/resource/library/IT-SS0058,IT-SS0058,Biblioteca dell'Istituto di clinica neurologica della Facoltà di medicina e chirurgia dell'Università degli studi di Sassari,https://biblioteche-fantasma.invalid/resource/library/IT-SS0166,IT-SS0166,Biblioteca di Medicina e Chirurgia dell'Università degli studi di Sassari,false
https://biblioteche-fantasma.invalid/resource/library/IT-SS0064,IT-SS0064,Biblioteca del Dipartimento di botanica ed ecologia vegetale dell'Università degli studi di Sassari,https://biblioteche-fantasma.invalid/resource/library/IT-SS0166,IT-SS0166,Biblioteca di Medicina e Chirurgia dell'Università degli studi di Sassari,false
https://biblioteche-fantasma.invalid/resource/library/IT-SS0066,IT-SS0066,Biblioteca dell'Istituto di anatomia umana normale della Facoltà di medicina e chirurgia dell'Università degli studi di Sassari,https://biblioteche-fantasma.invalid/resource/library/IT-SS0166,IT-SS0166,Biblioteca di Medicina e Chirurgia dell'Università degli studi di Sassari,false
https://biblioteche-fantasma.invalid/resource/library/IT-SS0067,IT-SS0067,Biblioteca dell'Istituto di anatomia e istologia patologica della Facoltà di medicina e chirurgia dell'Università degli studi di Sassari,https://biblioteche-fantasma.invalid/resource/library/IT-SS0166,IT-SS0166,Biblioteca di Medicina e Chirurgia dell'Università degli studi di Sassari,false
https://biblioteche-fantasma.invalid/resource/library/IT-SS0069,IT-SS0069,Biblioteca dell'Istituto di agronomia generale e coltivazioni erbacee della Facoltà di agraria dell'Università degli studi di Sassari,https://biblioteche-fantasma.invalid/resource/library/IT-SS0142,IT-SS0142,Biblioteca di Agraria dell'Università degli studi di Sassari,false
https://biblioteche-fantasma.invalid/resource/library/IT-SS0074,IT-SS0074,Biblioteca dell'Istituto di clinica pediatrica e neonatologica Amerigo Filia della Facoltà di medicina e chirurgia dell'Università di Sassari,https://biblioteche-fantasma.invalid/resource/library/IT-SS0166,IT-SS0166,Biblioteca di Medicina e Chirurgia dell'Università degli studi di Sassari,false
https://biblioteche-fantasma.invalid/resource/library/IT-SS0075,IT-SS0075,Biblioteca dell'Istituto di clinica otorinolaringoiatrica della Facoltà di medicina e chirurgia dell'Università degli studi di Sassari,https://biblioteche-fantasma.invalid/resource/library/IT-SS0166,IT-SS0166,Biblioteca di Medicina e Chirurgia dell'Università degli studi di Sassari,false
https://biblioteche-fantasma.invalid/resource/library/IT-SS0076,IT-SS0076,Biblioteca dell'Istituto di clinica ortopedica della Facoltà di medicina e chirurgia dell'Università degli studi di Sassari,https://biblioteche-fantasma.invalid/resource/library/IT-SS0166,IT-SS0166,Biblioteca di Medicina e Chirurgia dell'Università degli studi di Sassari,false
https://biblioteche-fantasma.invalid/resource/library/IT-SS0077,IT-SS0077,Biblioteca dell'Istituto di clinica chirurgica generale e terapia chirurgica della Facoltà di medicina e chirurgia dell'Università di Sassari,https://biblioteche-fantasma.invalid/resource/library/IT-SS0166,IT-SS0166,Biblioteca di Medicina e Chirurgia dell'Università degli studi di Sassari,false
https://biblioteche-fantasma.invalid/resource/library/IT-SS0079,IT-SS0079,Biblioteca del Dipartimento di ingegneria del territorio. Sezione di meccanica agraria dell'Università degli studi di Sassari,https://biblioteche-fantasma.invalid/resource/library/IT-SS0142,IT-SS0142,Biblioteca di Agraria dell'Università degli studi di Sassari,false
https://biblioteche-fantasma.invalid/resource/library/IT-SS0080,IT-SS0080,"Biblioteca di Scienze giuridiche ""Girolamo Olives"" dell'Università degli studi di Sassari",https://biblioteche-fantasma.invalid/resource/library/IT-SS0183,IT-SS0183,Biblioteca di Scienze giuridiche economiche e politologiche Antonio Pigliaru dell'Università degli studi di Sassari,false
https://biblioteche-fantasma.invalid/resource/library/IT-SS0081,IT-SS0081,Biblioteca dell'Istituto di produzioni animali della Facoltà di medicina veterinaria dell'Università degli studi di Sassari,https://biblioteche-fantasma.invalid/resource/library/IT-SS0167,IT-SS0167,"Biblioteca di Chimica, Farmacia e Medicina veterinaria dell'Università di Sassari",false
https://biblioteche-fantasma.invalid/resource/library/IT-SS0082,IT-SS0082,Biblioteca dell'Istituto di zootecnica agraria della Facoltà di agraria dell'Università degli studi di Sassari,https://biblioteche-fantasma.invalid/resource/library/IT-SS0142,IT-SS0142,Biblioteca di Agraria dell'Università degli studi di Sassari,false
https://biblioteche-fantasma.invalid/resource/library/IT-SS0083,IT-SS0083,"Biblioteca dell'Istituto di zoologia della Facoltà di scienze matematiche, fisiche e naturali dell'Università degli studi di Sassari",https://biblioteche-fantasma.invalid/resource/library/IT-SS0166,IT-SS0166,Biblioteca di Medicina e Chirurgia dell'Università degli studi di Sassari,false
https://biblioteche-fantasma.invalid/resource/library/IT-SS0084,IT-SS0084,Biblioteca del Dipartimento di ingegneria del territorio. Sezione di topografia e costruzioni dell'Università degli studi di Sassari,https://biblioteche-fantasma.invalid/resource/library/IT-SS0142,IT-SS0142,Biblioteca di Agraria dell'Università degli studi di Sassari,false
https://biblioteche-fantasma.invalid/resource/library/IT-SS0085,IT-SS0085,Biblioteca dell'Istituto di tisiologia e malattie dell'apparato respiratorio della Facoltà di medicina e chirurgia dell'Università di Sassari,https://biblioteche-fantasma.invalid/resource/library/IT-SS0166,IT-SS0166,Biblioteca di Medicina e Chirurgia dell'Università degli studi di Sassari,false
https://biblioteche-fantasma.invalid/resource/library/IT-SS0086,IT-SS0086,Biblioteca dell'Istituto di scienze radiologiche della Facoltà di medicina e chirurgia dell'Università degli studi di Sassari,https://biblioteche-fantasma.invalid/resource/library/IT-SS0166,IT-SS0166,Biblioteca di Medicina e Chirurgia dell'Università degli studi di Sassari,false
https://biblioteche-fantasma.invalid/resource/library/IT-SS0088,IT-SS0088,Biblioteca dell'Istituto di patologia vegetale della Facoltà di agraria dell'Università degli studi di Sassari,https://biblioteche-fantasma.invalid/resource/library/IT-SS0142,IT-SS0142,Biblioteca di Agraria dell'Università degli studi di Sassari,false
https://biblioteche-fantasma.invalid/resource/library/IT-SS0089,IT-SS0089,Biblioteca dell'Istituto di patologia speciale medica e metodologia clinica della Facoltà di medicina e chirurgia dell'Università degli studi di Sassari,https://biblioteche-fantasma.invalid/resource/library/IT-SS0166,IT-SS0166,Biblioteca di Medicina e Chirurgia dell'Università degli studi di Sassari,false
https://biblioteche-fantasma.invalid/resource/library/IT-SS0092,IT-SS0092,Biblioteca del Dipartimento di ingegneria del territorio. Sezione di geopedologia e geologia applicata dell'Università degli studi di Sassari,https://biblioteche-fantasma.invalid/resource/library/IT-SS0142,IT-SS0142,Biblioteca di Agraria dell'Università degli studi di Sassari,false
https://biblioteche-fantasma.invalid/resource/library/IT-SS0094,IT-SS0094,Biblioteca dell'Istituto di medicina legale e delle assicurazioni della Facoltà di medicina e chirurgia dell'Università degli studi di Sassari,https://biblioteche-fantasma.invalid/resource/library/IT-SS0166,IT-SS0166,Biblioteca di Medicina e Chirurgia dell'Università degli studi di Sassari,false
https://biblioteche-fantasma.invalid/resource/library/IT-SS0095,IT-SS0095,Biblioteca dell'Istituto di malattie infettive e parassitarie della Facoltà di medicina e chirurgia dell'Università degli studi di Sassari,https://biblioteche-fantasma.invalid/resource/library/IT-SS0166,IT-SS0166,Biblioteca di Medicina e Chirurgia dell'Università degli studi di Sassari,false
https://biblioteche-fantasma.invalid/resource/library/IT-SS0097,IT-SS0097,Biblioteca dell'Istituto di igiene e medicina preventiva della Facoltà di medicina e chirurgia dell'Università degli studi di Sassari,https://biblioteche-fantasma.invalid/resource/library/IT-SS0166,IT-SS0166,Biblioteca di Medicina e Chirurgia dell'Università degli studi di Sassari,false
https://biblioteche-fantasma.invalid/resource/library/IT-SS0098,IT-SS0098,Biblioteca del Dipartimento di ingegneria del territorio. Sezione di idraulica agraria dell'Università degli studi di Sassari,https://biblioteche-fantasma.invalid/resource/library/IT-SS0142,IT-SS0142,Biblioteca di Agraria dell'Università degli studi di Sassari,false
https://biblioteche-fantasma.invalid/resource/library/IT-SS0099,IT-SS0099,Biblioteca dell'Istituto di fisiologia generale e speciale degli animali domestici della Facoltà di medicina veterinaria dell'Università di Sassari,https://biblioteche-fantasma.invalid/resource/library/IT-SS0167,IT-SS0167,"Biblioteca di Chimica, Farmacia e Medicina veterinaria dell'Università di Sassari",false
https://biblioteche-fantasma.invalid/resource/library/IT-SS0100,IT-SS0100,Biblioteca dell'Istituto di fisiologia umana della Facoltà di medicina e chirurgia dell'Università degli studi di Sassari,https://biblioteche-fantasma.invalid/resource/library/IT-SS0166,IT-SS0166,Biblioteca di Medicina e Chirurgia dell'Università degli studi di Sassari,false
https://biblioteche-fantasma.invalid/resource/library/IT-SS0101,IT-SS0101,"Biblioteca dell'Istituto di fisiologia generale e chimica biologica Giorgio Ivaldi della Facoltà di scienze matematiche, fisiche e naturali dell'Università degli studi di Sassari",https://biblioteche-fantasma.invalid/resource/library/IT-SS0166,IT-SS0166,Biblioteca di Medicina e Chirurgia dell'Università degli studi di Sassari,false
https://biblioteche-fantasma.invalid/resource/library/IT-SS0103,IT-SS0103,Biblioteca dell'Istituto di farmacologia della Facoltà di medicina e chirurgia dell'Università degli studi di Sassari,https://biblioteche-fantasma.invalid/resource/library/IT-SS0166,IT-SS0166,Biblioteca di Medicina e Chirurgia dell'Università degli studi di Sassari,false
https://biblioteche-fantasma.invalid/resource/library/IT-SS0104,IT-SS0104,Biblioteca dell'Istituto di entomologia agraria della Facoltà di agraria dell'Università degli studi di Sassari,https://biblioteche-fantasma.invalid/resource/library/IT-SS0142,IT-SS0142,Biblioteca di Agraria dell'Università degli studi di Sassari,false
https://biblioteche-fantasma.invalid/resource/library/IT-SS0105,IT-SS0105,Biblioteca dell'Istituto di economia e politica agraria della Facoltà di agraria dell'Università degli studi di Sassari,https://biblioteche-fantasma.invalid/resource/library/IT-SS0142,IT-SS0142,Biblioteca di Agraria dell'Università degli studi di Sassari,false
https://biblioteche-fantasma.invalid/resource/library/IT-SS0106,IT-SS0106,Biblioteca dell'Istituto di coltivazioni arboree della Facoltà di agraria dell'Università degli studi di Sassari,https://biblioteche-fantasma.invalid/resource/library/IT-SS0142,IT-SS0142,Biblioteca di Agraria dell'Università degli studi di Sassari,false
https://biblioteche-fantasma.invalid/resource/library/IT-SS0107,IT-SS0107,Biblioteca dell'Istituto di ginecologia e ostetricia della Facoltà di medicina e chirurgia dell'Università degli studi di Sassari,https://biblioteche-fantasma.invalid/resource/library/IT-SS0166,IT-SS0166,Biblioteca di Medicina e Chirurgia dell'Università degli studi di Sassari,false
https://biblioteche-fantasma.invalid/resource/library/IT-SS0108,IT-SS0108,Biblioteca dell'Istituto di clinica odontostomatologica della Facoltà di medicina e chirurgia dell'Università degli studi di Sassari,https://biblioteche-fantasma.invalid/resource/library/IT-SS0166,IT-SS0166,Biblioteca di Medicina e Chirurgia dell'Università degli studi di Sassari,false
https://biblioteche-fantasma.invalid/resource/library/IT-SS0109,IT-SS0109,Biblioteca dell'Istituto di clinica oculistica della Facoltà di medicina e chirurgia dell'Università degli studi di Sassari,https://biblioteche-fantasma.invalid/resource/library/IT-SS0166,IT-SS0166,Biblioteca di Medicina e Chirurgia dell'Università degli studi di Sassari,false
https://biblioteche-fantasma.invalid/resource/library/IT-SS0110,IT-SS0110,Biblioteca dell'Istituto di clinica medica generale e terapia medica  della Facoltà di medicina e chirurgia dell'Università degli studi di Sassari,https://biblioteche-fantasma.invalid/resource/library/IT-SS0166,IT-SS0166,Biblioteca di Medicina e Chirurgia dell'Università degli studi di Sassari,false
https://biblioteche-fantasma.invalid/resource/library/IT-SS0132,IT-SS0132,Biblioteca dei cappuccini,https://biblioteche-fantasma.invalid/resource/library/IT-CA0015,IT-CA0015,Biblioteca provinciale dei frati minori cappuccini di Sardegna,false
https://biblioteche-fantasma.invalid/resource/library/IT-SS0140,IT-SS0140,Biblioteca dell'Istituto di clinica neurochirurgica della Facoltà di medicina e chirurgia dell'Università degli studi di Sassari,https://biblioteche-fantasma.invalid/resource/library/IT-SS0166,IT-SS0166,Biblioteca di Medicina e Chirurgia dell'Università degli studi di Sassari,false
https://biblioteche-fantasma.invalid/resource/library/IT-SS0141,IT-SS0141,Biblioteca dell'Istituto di microbiologia e virologia della Facoltà di medicina dell'Università degli studi di Sassari,https://biblioteche-fantasma.invalid/resource/library/IT-SS0166,IT-SS0166,Biblioteca di Medicina e Chirurgia dell'Università degli studi di Sassari,false
https://biblioteche-fantasma.invalid/resource/library/IT-SS0144,IT-SS0144,Biblioteca centrale della Facoltà di farmacia dell'Università degli studi di Sassari,https://biblioteche-fantasma.invalid/resource/library/IT-SS0167,IT-SS0167,"Biblioteca di Chimica, Farmacia e Medicina veterinaria dell'Università di Sassari",false
https://biblioteche-fantasma.invalid/resource/library/IT-SS0145,IT-SS0145,Biblioteca dell'Istituto di ostetricia e ginecologia veterinaria della Facoltà di medicina veterinaria dell'Università degli studi di Sassari,https://biblioteche-fantasma.invalid/resource/library/IT-SS0167,IT-SS0167,"Biblioteca di Chimica, Farmacia e Medicina veterinaria dell'Università di Sassari",false
https://biblioteche-fantasma.invalid/resource/library/IT-SS0146,IT-SS0146,Biblioteca dell'Istituto di ispezione degli alimenti di origine animale della Facoltà di medicina veterinaria dell'Università degli studi di Sassari,https://biblioteche-fantasma.invalid/resource/library/IT-SS0167,IT-SS0167,"Biblioteca di Chimica, Farmacia e Medicina veterinaria dell'Università di Sassari",false
https://biblioteche-fantasma.invalid/resource/library/IT-SS0147,IT-SS0147,Biblioteca di Scienze dell'Università degli studi di Sassari,https://biblioteche-fantasma.invalid/resource/library/IT-SS0166,IT-SS0166,Biblioteca di Medicina e Chirurgia dell'Università degli studi di Sassari,false
https://biblioteche-fantasma.invalid/resource/library/IT-SS0148,IT-SS0148,"Biblioteca dell'Istituto di scienze geologico-mineralogiche. della Facoltà di scienze matematiche, fisiche e naturali dell'Università di Sassari",https://biblioteche-fantasma.invalid/resource/library/IT-SS0166,IT-SS0166,Biblioteca di Medicina e Chirurgia dell'Università degli studi di Sassari,false
https://biblioteche-fantasma.invalid/resource/library/IT-SS0149,IT-SS0149,Biblioteca dell'Istituto di patologia speciale chirurgica e propedeutica clinica della Facoltà di medicina e chirurgia dell'Università di Sassari,https://biblioteche-fantasma.invalid/resource/library/IT-SS0166,IT-SS0166,Biblioteca di Medicina e Chirurgia dell'Università degli studi di Sassari,false
https://biblioteche-fantasma.invalid/resource/library/IT-SS0150,IT-SS0150,Biblioteca dell'Istituto di neuropsichiatria infantile della Facoltà di medicina e chirurgia dell'Università degli studi di Sassari,https://biblioteche-fantasma.invalid/resource/library/IT-SS0166,IT-SS0166,Biblioteca di Medicina e Chirurgia dell'Università degli studi di Sassari,false
https://biblioteche-fantasma.invalid/resource/library/IT-SS0151,IT-SS0151,Biblioteca dell'Istituto di chimica biologica della Facoltà di medicina e chirurgia dell'Università degli studi di Sassari,https://biblioteche-fantasma.invalid/resource/library/IT-SS0166,IT-SS0166,Biblioteca di Medicina e Chirurgia dell'Università degli studi di Sassari,false
https://biblioteche-fantasma.invalid/resource/library/IT-SS0154,IT-SS0154,Biblioteca dell'Istituto di filosofia della Facoltà di lettere e filosofia dell'Università degli studi di Sassari,https://biblioteche-fantasma.invalid/resource/library/IT-SS0209,IT-SS0209,Biblioteca di Lettere e Lingue dell'Università degli studi di Sassari,false
https://biblioteche-fantasma.invalid/resource/library/IT-SS0155,IT-SS0155,Biblioteca dell'Istituto e Laboratorio di geografia della Facoltà di lettere e filosofia dell'Università degli studi di Sassari,https://biblioteche-fantasma.invalid/resource/library/IT-SS0209,IT-SS0209,Biblioteca di Lettere e Lingue dell'Università degli studi di Sassari,false
https://biblioteche-fantasma.invalid/resource/library/IT-SS0156,IT-SS0156,"Biblioteca dell'Istituto di lingue e letterature straniere. Inglese, russo, tedesco della Facoltà di lettere e filosofia dell'Università di Sassari",https://biblioteche-fantasma.invalid/resource/library/IT-SS0209,IT-SS0209,Biblioteca di Lettere e Lingue dell'Università degli studi di Sassari,false
https://biblioteche-fantasma.invalid/resource/library/IT-SS0157,IT-SS0157,Biblioteca dell'Istituto di filologia classica della Facoltà di lettere e filosofia dell'Università degli studi di Sassari,https://biblioteche-fantasma.invalid/resource/library/IT-SS0209,IT-SS0209,Biblioteca di Lettere e Lingue dell'Università degli studi di Sassari,false
https://biblioteche-fantasma.invalid/resource/library/IT-SS0158,IT-SS0158,Biblioteca del Dipartimento di chimica dell'Università degli studi di Sassari,https://biblioteche-fantasma.invalid/resource/library/IT-SS0167,IT-SS0167,"Biblioteca di Chimica, Farmacia e Medicina veterinaria dell'Università di Sassari",false
https://biblioteche-fantasma.invalid/resource/library/IT-SS0159,IT-SS0159,"Biblioteca dell'Istituto di anestesiologia, rianimazione e terapia intensiva della Facoltà di medicina e chirurgia dell'Università di Sassari",https://biblioteche-fantasma.invalid/resource/library/IT-SS0166,IT-SS0166,Biblioteca di Medicina e Chirurgia dell'Università degli studi di Sassari,false
https://biblioteche-fantasma.invalid/resource/library/IT-SS0164,IT-SS0164,Biblioteca dell'Istituto di lingue e letterature romanze della Facoltà di lettere e filosofia dell'Università degli studi di Sassari,https://biblioteche-fantasma.invalid/resource/library/IT-SS0209,IT-SS0209,Biblioteca di Lettere e Lingue dell'Università degli studi di Sassari,false
https://biblioteche-fantasma.invalid/resource/library/IT-SS0165,IT-SS0165,"Biblioteca del Dipartimento di scienze ambientali, agrarie e biotecnologie agroalimentari dell'Università degli studi di Sassari",https://biblioteche-fantasma.invalid/resource/library/IT-SS0142,IT-SS0142,Biblioteca di Agraria dell'Università degli studi di Sassari,false
https://biblioteche-fantasma.invalid/resource/library/IT-SS0168,IT-SS0168,"Biblioteca del Dipartimento di economia, istituzioni e società dell'Università degli studi di Sassari",https://biblioteche-fantasma.invalid/resource/library/IT-SS0183,IT-SS0183,Biblioteca di Scienze giuridiche economiche e politologiche Antonio Pigliaru dell'Università degli studi di Sassari,false
https://biblioteche-fantasma.invalid/resource/library/IT-SS0186,IT-SS0186,Biblioteca dell'Istituto di anatomia degli animali domestici,https://biblioteche-fantasma.invalid/resource/library/IT-SS0167,IT-SS0167,"Biblioteca di Chimica, Farmacia e Medicina veterinaria dell'Università di Sassari",false
https://biblioteche-fantasma.invalid/resource/library/IT-SS0194,IT-SS0194,Biblioteca del Servizio studi Banco di Sardegna,https://biblioteche-fantasma.invalid/resource/library/IT-SS0183,IT-SS0183,Biblioteca di Scienze giuridiche economiche e politologiche Antonio Pigliaru dell'Università degli studi di Sassari,false
https://biblioteche-fantasma.invalid/resource/library/IT-SS0199,IT-SS0199,Biblioteca del Seminario vescovile,https://biblioteche-fantasma.invalid/resource/library/IT-SS0271,IT-SS0271,Biblioteca diocesana sede di Alghero,false
https://biblioteche-fantasma.invalid/resource/library/IT-SS0210,IT-SS0210,Biblioteca dell'Istituto di patologia speciale e clinica chirurgica veterinaria della Facoltà di medicina veterinaria dell'Università di Sassari,https://biblioteche-fantasma.invalid/resource/library/IT-SS0167,IT-SS0167,"Biblioteca di Chimica, Farmacia e Medicina veterinaria dell'Università di Sassari",false
https://biblioteche-fantasma.invalid/resource/library/IT-SS0211,IT-SS0211,Biblioteca dell'Istituto di patologia generale della Facoltà di medicina e chirurgia dell'Università degli studi di Sassari,https://biblioteche-fantasma.invalid/resource/library/IT-SS0166,IT-SS0166,Biblioteca di Medicina e Chirurgia dell'Università degli studi di Sassari,false
https://biblioteche-fantasma.invalid/resource/library/IT-SS0212,IT-SS0212,"Biblioteca dell'Istituto di antichità, arte e discipline etnodemologiche della Facoltà di lettere e filosofia dell'Università degli studi di Sassari",https://biblioteche-fantasma.invalid/resource/library/IT-SS0209,IT-SS0209,Biblioteca di Lettere e Lingue dell'Università degli studi di Sassari,false
https://biblioteche-fantasma.invalid/resource/library/IT-SS0216,IT-SS0216,Biblioteca capitolare della Cattedrale,https://biblioteche-fantasma.invalid/resource/library/IT-SS0111,IT-SS0111,Biblioteca del Seminario Vescovile,false
https://biblioteche-fantasma.invalid/resource/library/IT-SS0217,IT-SS0217,Biblioteca dell'Archivio capitolare della Cattedrale,https://biblioteche-fantasma.invalid/resource/library/IT-SS0111,IT-SS0111,Biblioteca del Seminario Vescovile,false
https://biblioteche-fantasma.invalid/resource/library/IT-SS0218,IT-SS0218,Biblioteca Francesco Amadu,https://biblioteche-fantasma.invalid/resource/library/IT-SS0272,IT-SS0272,Biblioteca diocesana,false
https://biblioteche-fantasma.invalid/resource/library/IT-SS0219,IT-SS0219,Biblioteca vescovile,https://biblioteche-fantasma.invalid/resource/library/IT-SS0272,IT-SS0272,Biblioteca diocesana,false
https://biblioteche-fantasma.invalid/resource/library/IT-SS0225,IT-SS0225,Biblioteca del Seminario di studi latino-americani dell'Università degli studi di Sassari,https://biblioteche-fantasma.invalid/resource/library/IT-SS0080,IT-SS0080,"Biblioteca di Scienze giuridiche ""Girolamo Olives"" dell'Università degli studi di Sassari",false
https://biblioteche-fantasma.invalid/resource/library/IT-SS0226,IT-SS0226,Biblioteca dell'Istituto di filologia moderna della Facoltà di lettere e filosofia dell'Università degli studi di Sassari,https://biblioteche-fantasma.invalid/resource/library/IT-SS0209,IT-SS0209,Biblioteca di Lettere e Lingue dell'Università degli studi di Sassari,false
https://biblioteche-fantasma.invalid/resource/library/IT-SS0227,IT-SS0227,"Biblioteca dell'Istituto di biologia applicata della Facoltà di scienze matematiche, fisiche e naturali dell'Università degli studi di Sassari",https://biblioteche-fantasma.invalid/resource/library/IT-SS0166,IT-SS0166,Biblioteca di Medicina e Chirurgia dell'Università degli studi di Sassari,false
https://biblioteche-fantasma.invalid/resource/library/IT-SS0228,IT-SS0228,"Biblioteca dell'Istituto di scienze antropologiche della Facoltà di scienze matematiche, fisiche e naturali dell'Università degli studi di Sassari",https://biblioteche-fantasma.invalid/resource/library/IT-SS0166,IT-SS0166,Biblioteca di Medicina e Chirurgia dell'Università degli studi di Sassari,false
https://biblioteche-fantasma.invalid/resource/library/IT-SS0229,IT-SS0229,Biblioteca dell'Istituto di botanica farmaceutica della Facoltà di farmacia dell'Università degli studi di Sassari,https://biblioteche-fantasma.invalid/resource/library/IT-SS0167,IT-SS0167,"Biblioteca di Chimica, Farmacia e Medicina veterinaria dell'Università di Sassari",false
https://biblioteche-fantasma.invalid/resource/library/IT-SS0230,IT-SS0230,Biblioteca dell'Istituto di tecnica farmaceutica della Facoltà di farmacia dell'Università degli studi di Sassari,https://biblioteche-fantasma.invalid/resource/library/IT-SS0167,IT-SS0167,"Biblioteca di Chimica, Farmacia e Medicina veterinaria dell'Università di Sassari",false
https://biblioteche-fantasma.invalid/resource/library/IT-SS0231,IT-SS0231,"Biblioteca dell'Istituto di malattie infettive, profilassi e polizia veterinaria della Facoltà di medicina veterinaria dell'Università di Sassari",https://biblioteche-fantasma.invalid/resource/library/IT-SS0167,IT-SS0167,"Biblioteca di Chimica, Farmacia e Medicina veterinaria dell'Università di Sassari",false
https://biblioteche-fantasma.invalid/resource/library/IT-SS0232,IT-SS0232,Biblioteca dell'Istituto di nutrizione ed endocrinologia della Facoltà di medicina veterinaria dell'Università degli studi di Sassari,https://biblioteche-fantasma.invalid/resource/library/IT-SS0167,IT-SS0167,"Biblioteca di Chimica, Farmacia e Medicina veterinaria dell'Università di Sassari",false
https://biblioteche-fantasma.invalid/resource/library/IT-SS0233,IT-SS0233,Biblioteca dell'Istituto di parassitologia della Facoltà di medicina veterinaria dell'Università degli studi di Sassari,https://biblioteche-fantasma.invalid/resource/library/IT-SS0167,IT-SS0167,"Biblioteca di Chimica, Farmacia e Medicina veterinaria dell'Università di Sassari",false
https://biblioteche-fantasma.invalid/resource/library/IT-SS0234,IT-SS0234,Biblioteca dell'Istituto di patologia generale ed anatomia patologica della Facoltà di medicina veterinaria dell'Università degli studi di Sassari,https://biblioteche-fantasma.invalid/resource/library/IT-SS0167,IT-SS0167,"Biblioteca di Chimica, Farmacia e Medicina veterinaria dell'Università di Sassari",false
https://biblioteche-fantasma.invalid/resource/library/IT-SS0235,IT-SS0235,Biblioteca dell'Istituto di patologia speciale e clinica medica della Facoltà di medicina veterinaria dell'Università degli studi di Sassari,https://biblioteche-fantasma.invalid/resource/library/IT-SS0167,IT-SS0167,"Biblioteca di Chimica, Farmacia e Medicina veterinaria dell'Università di Sassari",false
https://biblioteche-fantasma.invalid/resource/library/IT-SS0237,IT-SS0237,Biblioteca del Centro interdisciplinare per la storia dell'Università di Sassari,https://biblioteche-fantasma.invalid/resource/library/IT-SS0169,IT-SS0169,Biblioteca di Storia dell'Università degli studi di Sassari,false
https://biblioteche-fantasma.invalid/resource/library/IT-SS0238,IT-SS0238,Biblioteca dell'Istituto di analitica farmaceutica della Facoltà di farmacia dell'Università degli studi di Sassari,https://biblioteche-fantasma.invalid/resource/library/IT-SS0167,IT-SS0167,"Biblioteca di Chimica, Farmacia e Medicina veterinaria dell'Università di Sassari",false
https://biblioteche-fantasma.invalid/resource/library/IT-SS0255,IT-SS0255,Biblioteca del Dipartimento di teorie e ricerche dei sistemi culturali dell'Università degli studi di Sassari,https://biblioteche-fantasma.invalid/resource/library/IT-SS0209,IT-SS0209,Biblioteca di Lettere e Lingue dell'Università degli studi di Sassari,false
https://biblioteche-fantasma.invalid/resource/library/IT-SS0258,IT-SS0258,Biblioteca dell'Istituto sardo per la storia della Resistenza e dell'autonomia. Sede di Sassari,https://biblioteche-fantasma.invalid/resource/library/IT-SS0014,IT-SS0014,Biblioteca comunale,false
https://biblioteche-fantasma.invalid/resource/library/IT-SS0267,IT-SS0267,Biblioteca del 6° circolo didattico di Sassari,https://biblioteche-fantasma.invalid/resource/library/IT-SS0267,IT-SS0267,Biblioteca del 6° circolo didattico di Sassari,true
https://biblioteche-fantasma.invalid/resource/library/IT-SV0002,IT-SV0002,Biblioteca del Seminario vescovile,https://biblioteche-fantasma.invalid/resource/library/IT-SV0226,IT-SV0226,"Biblioteca diocesana ""Mons. Alessandro Piazza""",false
https://biblioteche-fantasma.invalid/resource/library/IT-SV0004,IT-SV0004,Biblioteca capitolare,https://biblioteche-fantasma.invalid/resource/library/IT-SV0226,IT-SV0226,"Biblioteca diocesana ""Mons. Alessandro Piazza""",false
https://biblioteche-fantasma.invalid/resource/library/IT-SV0106,IT-SV0106,Biblioteca di musica C. Bormioli,https://biblioteche-fantasma.invalid/resource/library/IT-SV0006,IT-SV0006,"Biblioteca civica ""P. Tambani""",false
https://biblioteche-fantasma.invalid/resource/library/IT-TA0052,IT-TA0052,Biblioteca del Centro regionale servizi educativi e culturali. CRSEC TA/54,https://biblioteche-fantasma.invalid/resource/library/IT-TA0049,IT-TA0049,Biblioteca comunale Gaspare Pignatelli,false
https://biblioteche-fantasma.invalid/resource/library/IT-TE0038,IT-TE0038,Biblioteca del Centro servizi culturali,https://biblioteche-fantasma.invalid/resource/library/IT-TE0003,IT-TE0003,Biblioteca di Atri,false
https://biblioteche-fantasma.invalid/resource/library/IT-TE0047,IT-TE0047,Biblioteca della Facoltà di scienze politiche dell'Università degli studi di Teramo,https://biblioteche-fantasma.invalid/resource/library/IT-TE0045,IT-TE0045,"Biblioteca Polo Umanistico - Bioscienze ""Giovanna Mancini""",false
https://biblioteche-fantasma.invalid/resource/library/IT-TE0049,IT-TE0049,Biblioteca della Facoltà di Bioscienze e tecnologie agro-alimentari e ambientali,https://biblioteche-fantasma.invalid/resource/library/IT-TE0045,IT-TE0045,"Biblioteca Polo Umanistico - Bioscienze ""Giovanna Mancini""",false
https://biblioteche-fantasma.invalid/resource/library/IT-TE0072,IT-TE0072,Biblioteca comunale ragazzi “Siamo Alberi”,https://biblioteche-fantasma.invalid/resource/library/IT-TE0035,IT-TE0035,Biblioteca comunale,false
https://biblioteche-fantasma.invalid/resource/library/IT-TN0124,IT-TN0124,"Biblioteca della Camera di commercio, industria, artigianato e agricoltura - CCIAA",https://biblioteche-fantasma.invalid/resource/library/IT-TN0129,IT-TN0129,Biblioteca della Fondazione Museo Storico del Trentino,false
https://biblioteche-fantasma.invalid/resource/library/IT-TN0127,IT-TN0127,Biblioteca del Seminario teologico,https://biblioteche-fantasma.invalid/resource/library/IT-TN0132,IT-TN0132,Biblioteca Diocesana Vigilianum,false
https://biblioteche-fantasma.invalid/resource/library/IT-TN0156,IT-TN0156,Biblioteca dell'Istituto di scienze religiose in Trento,https://biblioteche-fantasma.invalid/resource/library/IT-TN0157,IT-TN0157,Biblioteca Fondazione Bruno Kessler,false
https://biblioteche-fantasma.invalid/resource/library/IT-TN0170,IT-TN0170,Biblioteca dell'Istituto per la ricerca scientifica e tecnologica,https://biblioteche-fantasma.invalid/resource/library/IT-TN0123,IT-TN0123,Biblioteche UniTrento -Centro Servizi ILL-DD,false
https://biblioteche-fantasma.invalid/resource/library/IT-TN0191,IT-TN0191,Biblioteca Centro di documentazione visiva,https://biblioteche-fantasma.invalid/resource/library/IT-TN0153,IT-TN0153,Biblioteca della Provincia,false
https://biblioteche-fantasma.invalid/resource/library/IT-TN0242,IT-TN0242,Biblioteca del Centro di documentazione europea,https://biblioteche-fantasma.invalid/resource/library/IT-TN0153,IT-TN0153,Biblioteca della Provincia,false
https://biblioteche-fantasma.invalid/resource/library/IT-TN0245,IT-TN0245,Biblioteca del Museo dell'Aeronautica Gianni Caproni,https://biblioteche-fantasma.invalid/resource/library/IT-TN0129,IT-TN0129,Biblioteca della Fondazione Museo Storico del Trentino,false
https://biblioteche-fantasma.invalid/resource/library/IT-TN0247,IT-TN0247,Biblioteca della Giunta provinciale,https://biblioteche-fantasma.invalid/resource/library/IT-TN0153,IT-TN0153,Biblioteca della Provincia,false
https://biblioteche-fantasma.invalid/resource/library/IT-TN0248,IT-TN0248,Biblioteca della scuola infermieristica,https://biblioteche-fantasma.invalid/resource/library/IT-TN0155,IT-TN0155,Biblioteca sanitaria trentina,false
https://biblioteche-fantasma.invalid/resource/library/IT-TN0252,IT-TN0252,Biblioteca dell'Osservatorio provinciale del turismo,https://biblioteche-fantasma.invalid/resource/library/IT-TN0153,IT-TN0153,Biblioteca della Provincia,false
https://biblioteche-fantasma.invalid/resource/library/IT-TN0254,IT-TN0254,Centro di documentazione del Centro Missionario diocesano,https://biblioteche-fantasma.invalid/resource/library/IT-TN0132,IT-TN0132,Biblioteca Diocesana Vigilianum,false
https://biblioteche-fantasma.invalid/resource/library/IT-TN0255,IT-TN0255,Biblioteca pari opportunità,https://biblioteche-fantasma.invalid/resource/library/IT-TN0153,IT-TN0153,Biblioteca della Provincia,false
https://biblioteche-fantasma.invalid/resource/library/IT-TN0256,IT-TN0256,Mediateca del Centro Linguistico di Ateneo - CLA,https://biblioteche-fantasma.invalid/resource/library/IT-TN0592,IT-TN0592,BUC - Biblioteca Universitaria Centrale,false
https://biblioteche-fantasma.invalid/resource/library/IT-TO0233,IT-TO0233,Biblioteca di teologia del Convento San Francesco,https://biblioteche-fantasma.invalid/resource/library/IT-PD0172,IT-PD0172,Biblioteca dell'Istituto teologico S. Antonio Dottore,false
https://biblioteche-fantasma.invalid/resource/library/IT-TO0249,IT-TO0249,Biblioteca del Centro teologico,https://biblioteche-fantasma.invalid/resource/library/IT-TO0326,IT-TO0326,Biblioteca del Seminario Arcivescovile,false
https://biblioteche-fantasma.invalid/resource/library/IT-TO0268,IT-TO0268,Biblioteca Federico Patetta del Dipartimento di Giurisprudenza dell'Università degli Studi di Torino,https://biblioteche-fantasma.invalid/resource/library/IT-TO1203,IT-TO1203,Biblioteca Norberto Bobbio dell'Università degli Studi di Torino,false
https://biblioteche-fantasma.invalid/resource/library/IT-TO0287,IT-TO0287,Biblioteca dell'Istituto di metrologia Gustavo Colonnetti - IMGC,https://biblioteche-fantasma.invalid/resource/library/IT-TO0350,IT-TO0350,Biblioteca dell'Istituto Nazionale di Ricerca Metrologica - INRIM,false
https://biblioteche-fantasma.invalid/resource/library/IT-TO0313,IT-TO0313,Biblioteca DFE - Dipartimento di Filosofia e Scienze dell'Educazione dell’Università degli Studi di Torino - sede di via G. Ferrari,https://biblioteche-fantasma.invalid/resource/library/IT-TO0646,IT-TO0646,Biblioteca DFE - Dipartimento di Filosofia e Scienze dell'Educazione dell'Università degli studi Torino - Sede di Palazzo Nuovo,false
https://biblioteche-fantasma.invalid/resource/library/IT-TO0349,IT-TO0349,Biblioteca F. Ruffini del Dipartimento di Giurisprudenza dell'Università degli Studi di Torino,https://biblioteche-fantasma.invalid/resource/library/IT-TO1203,IT-TO1203,Biblioteca Norberto Bobbio dell'Università degli Studi di Torino,false
https://biblioteche-fantasma.invalid/resource/library/IT-TO0382,IT-TO0382,"Biblioteca del Dipartimento di economia e ingegneria agraria, forestale e ambientale. Sezione di economia e politica agraria dell'Università di Torino",https://biblioteche-fantasma.invalid/resource/library/IT-TO0531,IT-TO0531,Biblioteca di Scienze Agrarie e Veterinarie,false
https://biblioteche-fantasma.invalid/resource/library/IT-TO0389,IT-TO0389,Biblioteca del Dipartimento di valorizzazione e produzione delle risorse agroforestali dell'Università degli studi di Torino,https://biblioteche-fantasma.invalid/resource/library/IT-TO0531,IT-TO0531,Biblioteca di Scienze Agrarie e Veterinarie,false
https://biblioteche-fantasma.invalid/resource/library/IT-TO0530,IT-TO0530,Biblioteca di Scienze Agrarie e Veterinarie dell'Università degli Studi di Torino,https://biblioteche-fantasma.invalid/resource/library/IT-TO0531,IT-TO0531,Biblioteca di Scienze Agrarie e Veterinarie,false
https://biblioteche-fantasma.invalid/resource/library/IT-TO0579,IT-TO0579,Biblioteca del centro di documentazione dell'Associazione Ires Lucia Morosini,https://biblioteche-fantasma.invalid/resource/library/IT-TO0464,IT-TO0464,Biblioteca della Fondazione Istituto Piemontese A. Gramsci,false
https://biblioteche-fantasma.invalid/resource/library/IT-TO0636,IT-TO0636,Biblioteca Interdipartimentale Gioele Solari dell'Università degli Studi di Torino,https://biblioteche-fantasma.invalid/resource/library/IT-TO1203,IT-TO1203,Biblioteca Norberto Bobbio dell'Università degli Studi di Torino,false
https://biblioteche-fantasma.invalid/resource/library/IT-TO0644,IT-TO0644,Biblioteca Cognetti De Martiis del Dipartimento di Economia e Statistica dell'Università degli Studi di Torino,https://biblioteche-fantasma.invalid/resource/library/IT-TO1203,IT-TO1203,Biblioteca Norberto Bobbio dell'Università degli Studi di Torino,false
https://biblioteche-fantasma.invalid/resource/library/IT-TO0656,IT-TO0656,"Biblioteca del Dipartimento di scienze antropologiche, archeologiche e storico territoriali dell'Universita' degli studi di Torino",https://biblioteche-fantasma.invalid/resource/library/IT-TO0661,IT-TO0661,Biblioteca G. Tabacco - Dipartimento di Studi Storici dell'Università degli Studi di Torino,false
https://biblioteche-fantasma.invalid/resource/library/IT-TO0659,IT-TO0659,Biblioteca del Dipartimento di scienze merceologiche dell'Università degli Studi di Torino,https://biblioteche-fantasma.invalid/resource/library/IT-TO0528,IT-TO0528,Biblioteca di Economia e Management. Università degli Studi di Torino,false
https://biblioteche-fantasma.invalid/resource/library/IT-TO0702,IT-TO0702,Biblioteca dell'Istituto di frutticoltura industriale della Facolta' di agraria dell'Universita' degli studi di Torino,https://biblioteche-fantasma.invalid/resource/library/IT-TO0531,IT-TO0531,Biblioteca di Scienze Agrarie e Veterinarie,false
https://biblioteche-fantasma.invalid/resource/library/IT-TO0703,IT-TO0703,"Biblioteca del Dipartimento di economia e ingegneria agraria, forestale e ambientale. Sezione di idraulica agraraia dell'Università degli studi di Torino",https://biblioteche-fantasma.invalid/resource/library/IT-TO0531,IT-TO0531,Biblioteca di Scienze Agrarie e Veterinarie,false
https://biblioteche-fantasma.invalid/resource/library/IT-TO0704,IT-TO0704,"Biblioteca del Dipartimento di economia e ingegneria agraria, forestale e ambientale dell'Università degli Studi di Torino",https://biblioteche-fantasma.invalid/resource/library/IT-TO0531,IT-TO0531,Biblioteca di Scienze Agrarie e Veterinarie,false
https://biblioteche-fantasma.invalid/resource/library/IT-TO0707,IT-TO0707,"Biblioteche del Dipartimento di agronomia, selvicoltura e gestione del territorio dell'Università degli studi di Torino",https://biblioteche-fantasma.invalid/resource/library/IT-TO0531,IT-TO0531,Biblioteca di Scienze Agrarie e Veterinarie,false
https://biblioteche-fantasma.invalid/resource/library/IT-TO0709,IT-TO0709,"Biblioteca del Dipartimento di economia e ingegneria agraria, forestale e ambientale. Sezione di topografia e costruzioni rurali dell'Università degli studi di Torino",https://biblioteche-fantasma.invalid/resource/library/IT-TO0531,IT-TO0531,Biblioteca di Scienze Agrarie e Veterinarie,false
https://biblioteche-fantasma.invalid/resource/library/IT-TO0710,IT-TO0710,Biblioteca del Dipartimento di scienze zootecniche dell'Università degli studi di Torino,https://biblioteche-fantasma.invalid/resource/library/IT-TO0531,IT-TO0531,Biblioteca di Scienze Agrarie e Veterinarie,false
https://biblioteche-fantasma.invalid/resource/library/IT-TO0714,IT-TO0714,"Biblioteca dell'Istituto di fisica matematica Joseph Louis Lagrange della Facoltà di scienze matematiche, fisiche e naturali dell'Università degli studi di Torino",https://biblioteche-fantasma.invalid/resource/library/IT-TO0650,IT-TO0650,Biblioteca Giuseppe Peano del Dipartimento di Matematica dell'Università degli Studi di Torino,false
https://biblioteche-fantasma.invalid/resource/library/IT-TO0796,IT-TO0796,"Punto libro di Agronomia, Selvicoltura e Gestione del Territorio - AGRO.SELVI.TER",https://biblioteche-fantasma.invalid/resource/library/IT-TO0531,IT-TO0531,Biblioteca di Scienze Agrarie e Veterinarie,false
https://biblioteche-fantasma.invalid/resource/library/IT-TO0821,IT-TO0821,Biblioteca del Dipartimento di valorizzazione e protezione delle risorse agroforestali. Sezione di entomologia agraria e apicoltura dell'Università degli studi di Torino,https://biblioteche-fantasma.invalid/resource/library/IT-TO0531,IT-TO0531,Biblioteca di Scienze Agrarie e Veterinarie,false
https://biblioteche-fantasma.invalid/resource/library/IT-TO0832,IT-TO0832,Biblioteca civica Antonio Arduino. Sezione ragazzi,https://biblioteche-fantasma.invalid/resource/library/IT-TO0135,IT-TO0135,"Biblioteca civica ""A. Arduino""",false
https://biblioteche-fantasma.invalid/resource/library/IT-TO0898,IT-TO0898,Biblioteca civica Cesare Gasti. Sezione telematica,https://biblioteche-fantasma.invalid/resource/library/IT-TO0226,IT-TO0226,Biblioteca Civica Multimediale Archimede,false
https://biblioteche-fantasma.invalid/resource/library/IT-TO0909,IT-TO0909,Biblioteca D. De Castro del Dipartimento di Statistica e Matematica applicata alle Scienze Umane dell'Università degli Studi di Torino,https://biblioteche-fantasma.invalid/resource/library/IT-TO0528,IT-TO0528,Biblioteca di Economia e Management. Università degli Studi di Torino,false
https://biblioteche-fantasma.invalid/resource/library/IT-TO0926,IT-TO0926,Biblioteca della Fondazione italiana per la fotografia,https://biblioteche-fantasma.invalid/resource/library/IT-TO0257,IT-TO0257,Biblioteca d'Arte dei Musei Civici di Torino - Fondazione Torino Musei,false
https://biblioteche-fantasma.invalid/resource/library/IT-TO0940,IT-TO0940,"Punto libro di Economia del Dipartimeno di Economia e Ingegneria Agraria, Forestale e Ambientale",https://biblioteche-fantasma.invalid/resource/library/IT-TO0531,IT-TO0531,Biblioteca di Scienze Agrarie e Veterinarie,false
https://biblioteche-fantasma.invalid/resource/library/IT-TO0970,IT-TO0970,"Biblioteca del Dipartimento di Genetica, Biologia e Biochimica dell'Università degli Studi di Torino",https://biblioteche-fantasma.invalid/resource/library/IT-TO0954,IT-TO0954,Biblioteca Federata di Medicina - Polo Molinette,false
https://biblioteche-fantasma.invalid/resource/library/IT-TO0972,IT-TO0972,"Biblioteca di Medicina Legale del Dipartimento di Anatomia, Farmacologia e Medicina Legale dell'Università degli Studi di Torino",https://biblioteche-fantasma.invalid/resource/library/IT-TO0637,IT-TO0637,Biblioteca Federata di Medicina - Polo Biologico ,false
https://biblioteche-fantasma.invalid/resource/library/IT-TO0991,IT-TO0991,Biblioteca del Centro studi e documentazione Pensiero Femminile - APS,https://biblioteche-fantasma.invalid/resource/library/IT-TO1242,IT-TO1242,Biblioteche delle donne di Làadan,false
https://biblioteche-fantasma.invalid/resource/library/IT-TP0064,IT-TP0064,Biblioteca multimediale S. Giacomo de Spada,https://biblioteche-fantasma.invalid/resource/library/IT-TP0001,IT-TP0001,Biblioteca civica Sebastiano Bagolino,false
https://biblioteche-fantasma.invalid/resource/library/IT-TR0039,IT-TR0039,Nuova Biblioteca pubblica Luigi Fumi. Sezione ragazzi,https://biblioteche-fantasma.invalid/resource/library/IT-TR0022,IT-TR0022,Nuova Biblioteca Pubblica Luigi Fumi,false
https://biblioteche-fantasma.invalid/resource/library/IT-TR0060,IT-TR0060,Biblioteca comunale. Sezione ragazzi,https://biblioteche-fantasma.invalid/resource/library/IT-TR0032,IT-TR0032,Biblioteca comunale,false
https://biblioteche-fantasma.invalid/resource/library/IT-TR0061,IT-TR0061,Biblioteca comunale. Sezione emeroteca,https://biblioteche-fantasma.invalid/resource/library/IT-TR0032,IT-TR0032,Biblioteca comunale,false
https://biblioteche-fantasma.invalid/resource/library/IT-TS0104,IT-TS0104,Biblioteca dei civici Musei di storia e arte. Sezione staccata del Civico Museo del Risorgimento,https://biblioteche-fantasma.invalid/resource/library/IT-TS0012,IT-TS0012,Biblioteca dei Civici musei di storia e arte,false
https://biblioteche-fantasma.invalid/resource/library/IT-TS0105,IT-TS0105,Biblioteca del Museo civico di storia patria,https://biblioteche-fantasma.invalid/resource/library/IT-TS0012,IT-TS0012,Biblioteca dei Civici musei di storia e arte,false
https://biblioteche-fantasma.invalid/resource/library/IT-TS0138,IT-TS0138,Biblioteca di economia dell'Università degli studi di Trieste,https://biblioteche-fantasma.invalid/resource/library/IT-TS0150,IT-TS0150,Biblioteca di Economia dell'Università degli studi di Trieste,false
https://biblioteche-fantasma.invalid/resource/library/IT-TS0139,IT-TS0139,Biblioteca del Settore di lettere e filosofia dell'Università degli studi di Trieste,https://biblioteche-fantasma.invalid/resource/library/IT-TS0269,IT-TS0269,Biblioteca di Studi Umanistici,false
https://biblioteche-fantasma.invalid/resource/library/IT-TS0140,IT-TS0140,Biblioteca della Facoltà di scienze della formazione dell'Università degli studi di Trieste,https://biblioteche-fantasma.invalid/resource/library/IT-TS0269,IT-TS0269,Biblioteca di Studi Umanistici,false
https://biblioteche-fantasma.invalid/resource/library/IT-TS0147,IT-TS0147,"Biblioteca di clinica chirurgica generale - Dipartimento universitario clinico di scienze chirurgiche generali, anestesiologiche e di medicina intensiva dell'Università degli studi di Trieste",https://biblioteche-fantasma.invalid/resource/library/IT-TS0141,IT-TS0141,Biblioteca centrale di medicina dell'Università degli studi di Trieste,false
https://biblioteche-fantasma.invalid/resource/library/IT-TS0148,IT-TS0148,Biblioteca del Dipartimento di scienze dell'uomo dell'Università degli studi di Trieste,https://biblioteche-fantasma.invalid/resource/library/IT-TS0162,IT-TS0162,Biblioteca Europa. Sociopolitica - Università degli studi di Trieste,false
https://biblioteche-fantasma.invalid/resource/library/IT-TS0149,IT-TS0149,Biblioteca del Dipartimento dell'educazione dell'Università degli studi di Trieste,https://biblioteche-fantasma.invalid/resource/library/IT-TS0269,IT-TS0269,Biblioteca di Studi Umanistici,false
https://biblioteche-fantasma.invalid/resource/library/IT-TS0152,IT-TS0152,"Biblioteca del Dipartimento di matematica applicata alle scienze economiche, statistiche e attuariali Bruno de Finetti dell'Università degli studi di Trieste",https://biblioteche-fantasma.invalid/resource/library/IT-TS0150,IT-TS0150,Biblioteca di Economia dell'Università degli studi di Trieste,false
https://biblioteche-fantasma.invalid/resource/library/IT-TS0165,IT-TS0165,"Biblioteca di scienze dell'antichità, storia e arte. Sezione Antichità - Università degli studi di Trieste",https://biblioteche-fantasma.invalid/resource/library/IT-TS0269,IT-TS0269,Biblioteca di Studi Umanistici,false
https://biblioteche-fantasma.invalid/resource/library/IT-TS0166,IT-TS0166,Biblioteca dell'Istituto di filologia moderna della Facoltà di lettere e filosofia dell'Università degli studi di Trieste,https://biblioteche-fantasma.invalid/resource/library/IT-TS0216,IT-TS0216,"Biblioteca di filosofia, lingue e letterature - Università degli studi di Trieste",false
https://biblioteche-fantasma.invalid/resource/library/IT-TS0170,IT-TS0170,Biblioteca del Dipartimento anglo-germanico dell'Università degli studi di Trieste,https://biblioteche-fantasma.invalid/resource/library/IT-TS0216,IT-TS0216,"Biblioteca di filosofia, lingue e letterature - Università degli studi di Trieste",false
https://biblioteche-fantasma.invalid/resource/library/IT-TS0171,IT-TS0171,Biblioteca del Dipartimento di lingue e letterature dei paesi del Mediterraneo dell'Università degli studi di Trieste,https://biblioteche-fantasma.invalid/resource/library/IT-TS0216,IT-TS0216,"Biblioteca di filosofia, lingue e letterature - Università degli studi di Trieste",false
https://biblioteche-fantasma.invalid/resource/library/IT-TS0172,IT-TS0172,Biblioteca dell'Istituto di filologia slava della Facoltà di lettere e filosofia dell'Università degli studi di Trieste,https://biblioteche-fantasma.invalid/resource/library/IT-TS0216,IT-TS0216,"Biblioteca di filosofia, lingue e letterature - Università degli studi di Trieste",false
https://biblioteche-fantasma.invalid/resource/library/IT-TS0173,IT-TS0173,Biblioteca dell'Istituto di clinica ostetrico-ginecologica della Facoltà di medicina e chirurgia dell'Università degli studi di Trieste,https://biblioteche-fantasma.invalid/resource/library/IT-TS0141,IT-TS0141,Biblioteca centrale di medicina dell'Università degli studi di Trieste,false
https://biblioteche-fantasma.invalid/resource/library/IT-TS0174,IT-TS0174,Biblioteca dell'Istituto di clinica otorinolaringoiatrica della Facoltà di medicina e chirurgia dell'Università degli studi di Trieste,https://biblioteche-fantasma.invalid/resource/library/IT-TS0141,IT-TS0141,Biblioteca centrale di medicina dell'Università degli studi di Trieste,false
https://biblioteche-fantasma.invalid/resource/library/IT-TS0175,IT-TS0175,Biblioteca dell'Istituto di clinica ortopedica e traumatologica della Facoltà di medicina e chirurgia dell'Università degli studi di Trieste,https://biblioteche-fantasma.invalid/resource/library/IT-TS0141,IT-TS0141,Biblioteca centrale di medicina dell'Università degli studi di Trieste,false
https://biblioteche-fantasma.invalid/resource/library/IT-TS0181,IT-TS0181,"Biblioteca dell'Istituto di anestesia, rianimazione e terapia antalgica della Facoltà di medicina e chirurgia dell'Università degli studi di Trieste",https://biblioteche-fantasma.invalid/resource/library/IT-TS0141,IT-TS0141,Biblioteca centrale di medicina dell'Università degli studi di Trieste,false
https://biblioteche-fantasma.invalid/resource/library/IT-TS0183,IT-TS0183,Biblioteca del Dipartimento di scienze giuridiche. Sezione di diritto del lavoro dell'Università degli studi di Trieste,https://biblioteche-fantasma.invalid/resource/library/IT-TS0276,IT-TS0276,Biblioteca Europa. Scienze giuridiche. Università degli studi di Trieste,false
https://biblioteche-fantasma.invalid/resource/library/IT-TS0184,IT-TS0184,Biblioteca del Dipartimento di scienze giuridiche. Sezione di diritto pubblico dell'Università degli studi di Trieste,https://biblioteche-fantasma.invalid/resource/library/IT-TS0276,IT-TS0276,Biblioteca Europa. Scienze giuridiche. Università degli studi di Trieste,false
https://biblioteche-fantasma.invalid/resource/library/IT-TS0185,IT-TS0185,Biblioteca del Dipartimento di scienze giuridiche. Sezione di diritto internazionale e di legislazione comparata dell'Università degli studi di Trieste,https://biblioteche-fantasma.invalid/resource/library/IT-TS0276,IT-TS0276,Biblioteca Europa. Scienze giuridiche. Università degli studi di Trieste,false
https://biblioteche-fantasma.invalid/resource/library/IT-TS0186,IT-TS0186,Biblioteca del Dipartimento di scienze giuridiche. Sezione di diritto privato e di diritto processuale civile dell'Università degli studi di Trieste,https://biblioteche-fantasma.invalid/resource/library/IT-TS0276,IT-TS0276,Biblioteca Europa. Scienze giuridiche. Università degli studi di Trieste,false
https://biblioteche-fantasma.invalid/resource/library/IT-TS0188,IT-TS0188,"Biblioteca di chirurgia generale del Dipartimento universitario clinico di scienze chirurgiche generali, anestesiologia e medicina intensiva dell'Università degli studi di Trieste",https://biblioteche-fantasma.invalid/resource/library/IT-TS0141,IT-TS0141,Biblioteca centrale di medicina dell'Università degli studi di Trieste,false
https://biblioteche-fantasma.invalid/resource/library/IT-TS0195,IT-TS0195,Biblioteca dell'Istituto di igiene e medicina preventiva della Facoltà di medicina dell'Università degli studi di Trieste,https://biblioteche-fantasma.invalid/resource/library/IT-TS0141,IT-TS0141,Biblioteca centrale di medicina dell'Università degli studi di Trieste,false
https://biblioteche-fantasma.invalid/resource/library/IT-TS0199,IT-TS0199,Biblioteca dell'Istituto di clinica pediatrica della Facoltà di medicina e chirurgia dell'Università degli studi di Trieste,https://biblioteche-fantasma.invalid/resource/library/IT-TS0141,IT-TS0141,Biblioteca centrale di medicina dell'Università degli studi di Trieste,false
https://biblioteche-fantasma.invalid/resource/library/IT-TS0210,IT-TS0210,"Biblioteca del Dipartimento di scienze geologiche, ambientali e marine dell'Università degli studi di Trieste",https://biblioteche-fantasma.invalid/resource/library/IT-TS0240,IT-TS0240,Biblioteca di Geoscienze  dell'Università degli studi di Trieste,false
https://biblioteche-fantasma.invalid/resource/library/IT-TS0213,IT-TS0213,Biblioteca dell'Istituto di glottologia della Facoltà di lettere e filosofia dell'Università degli studi di Trieste,https://biblioteche-fantasma.invalid/resource/library/IT-TS0216,IT-TS0216,"Biblioteca di filosofia, lingue e letterature - Università degli studi di Trieste",false
https://biblioteche-fantasma.invalid/resource/library/IT-TS0214,IT-TS0214,Biblioteca dell'Istituto di storia dell'arte medievale e moderna della Facoltà di lettere e filosofia dell'Università degli studi di Trieste,https://biblioteche-fantasma.invalid/resource/library/IT-TS0215,IT-TS0215,"Biblioteca di scienze dell'antichità, storia e arte. Sezione Storia e Arte - Università degli studi di Trieste",false
https://biblioteche-fantasma.invalid/resource/library/IT-TS0215,IT-TS0215,"Biblioteca di scienze dell'antichità, storia e arte. Sezione Storia e Arte - Università degli studi di Trieste",https://biblioteche-fantasma.invalid/resource/library/IT-TS0269,IT-TS0269,Biblioteca di Studi Umanistici,false
https://biblioteche-fantasma.invalid/resource/library/IT-TS0218,IT-TS0218,Biblioteca del Dipartimento giuridico dell'economia dell'Università degli studi di Trieste,https://biblioteche-fantasma.invalid/resource/library/IT-TS0276,IT-TS0276,Biblioteca Europa. Scienze giuridiche. Università degli studi di Trieste,false
https://biblioteche-fantasma.invalid/resource/library/IT-TS0219,IT-TS0219,Biblioteca dell'Istituto di lingue straniere moderne della Facoltà di economia e commercio dell'Università degli studi di Trieste,https://biblioteche-fantasma.invalid/resource/library/IT-TS0150,IT-TS0150,Biblioteca di Economia dell'Università degli studi di Trieste,false
https://biblioteche-fantasma.invalid/resource/library/IT-TS0220,IT-TS0220,Biblioteca del Dipartimento di scienze geografiche e storiche. Sezione di geografia economica dell'Università degli studi di Trieste,https://biblioteche-fantasma.invalid/resource/library/IT-TS0150,IT-TS0150,Biblioteca di Economia dell'Università degli studi di Trieste,false
https://biblioteche-fantasma.invalid/resource/library/IT-TS0221,IT-TS0221,Biblioteca del Dipartimento di scienze giuridiche. Sezione di diritto romano e storia del diritto dell'Università degli studi di Trieste,https://biblioteche-fantasma.invalid/resource/library/IT-TS0276,IT-TS0276,Biblioteca Europa. Scienze giuridiche. Università degli studi di Trieste,false
https://biblioteche-fantasma.invalid/resource/library/IT-TS0224,IT-TS0224,Biblioteca del Dipartimento universitario clinico di biomedicina dell'Università degli studi di Trieste,https://biblioteche-fantasma.invalid/resource/library/IT-TS0141,IT-TS0141,Biblioteca centrale di medicina dell'Università degli studi di Trieste,false
https://biblioteche-fantasma.invalid/resource/library/IT-TS0240,IT-TS0240,Biblioteca di Geoscienze  dell'Università degli studi di Trieste,https://biblioteche-fantasma.invalid/resource/library/IT-TS0222,IT-TS0222,Biblioteca di San Giovanni - Geoscienze e Psicologia dell'Università degli studi di Trieste,false
https://biblioteche-fantasma.invalid/resource/library/IT-TS0242,IT-TS0242,Biblioteca della Scuola diretta a fini speciali per assistenti sociali,https://biblioteche-fantasma.invalid/resource/library/IT-TS0254,IT-TS0254,Biblioteca dell'Istituto Regionale per Gli Studi di Servizio Sociale - Irsses,false
https://biblioteche-fantasma.invalid/resource/library/IT-TS0245,IT-TS0245,Biblioteca della Scuola di diploma universitario per ostetricia dell'Università degli studi di Trieste,https://biblioteche-fantasma.invalid/resource/library/IT-TS0141,IT-TS0141,Biblioteca centrale di medicina dell'Università degli studi di Trieste,false
https://biblioteche-fantasma.invalid/resource/library/IT-TS0247,IT-TS0247,Biblioteca di scienze dell'antichità e italianistica. Sezione di italianistica dell'Università degli studi di Trieste,https://biblioteche-fantasma.invalid/resource/library/IT-TS0216,IT-TS0216,"Biblioteca di filosofia, lingue e letterature - Università degli studi di Trieste",false
https://biblioteche-fantasma.invalid/resource/library/IT-TS0252,IT-TS0252,Biblioteca del Dipartimento di scienze geografiche e storiche dell'Università degli studi di Trieste,https://biblioteche-fantasma.invalid/resource/library/IT-TS0269,IT-TS0269,Biblioteca di Studi Umanistici,false
https://biblioteche-fantasma.invalid/resource/library/IT-TS0256,IT-TS0256,Biblioteca dell'Istituto di clinica urologica della Facoltà di medicina e chirurgia dell'Università degli studi di Trieste,https://biblioteche-fantasma.invalid/resource/library/IT-TS0141,IT-TS0141,Biblioteca centrale di medicina dell'Università degli studi di Trieste,false
https://biblioteche-fantasma.invalid/resource/library/IT-TS0263,IT-TS0263,Biblioteca del Corso di diploma per fisioterapista dell'Università degli studi di Trieste,https://biblioteche-fantasma.invalid/resource/library/IT-TS0141,IT-TS0141,Biblioteca centrale di medicina dell'Università degli studi di Trieste,false
https://biblioteche-fantasma.invalid/resource/library/IT-TS0264,IT-TS0264,Biblioteca di architettura dell'Università degli studi di Trieste,https://biblioteche-fantasma.invalid/resource/library/IT-GO0106,IT-GO0106,Biblioteca della Sede di Gorizia dell'Università degli studi di Trieste,false
https://biblioteche-fantasma.invalid/resource/library/IT-TS0267,IT-TS0267,"Biblioteca di filosofia, lingue e letterature dell'Università degli studi di Trieste",https://biblioteche-fantasma.invalid/resource/library/IT-TS0216,IT-TS0216,"Biblioteca di filosofia, lingue e letterature - Università degli studi di Trieste",false
https://biblioteche-fantasma.invalid/resource/library/IT-TV0155,IT-TV0155,Biblioteca del Diploma universitario in commercio estero e del Diploma universitario in statistica e informatica per la gestione delle imprese dell'Università Ca' Foscari di Venezia,https://biblioteche-fantasma.invalid/resource/library/IT-TV0163,IT-TV0163,Biblioteca Luigi Chiereghin - Treviso (Università di Padova e di Venezia),false
https://biblioteche-fantasma.invalid/resource/library/IT-TV0169,IT-TV0169,Biblioteca di design industriale e della moda dell'Università IUAV di Venezia,https://biblioteche-fantasma.invalid/resource/library/IT-VE0195,IT-VE0195,Biblioteca IUAV ,false
https://biblioteche-fantasma.invalid/resource/library/IT-VC0141,IT-VC0141,Biblioteca del Seminario vescovile,https://biblioteche-fantasma.invalid/resource/library/IT-VC0072,IT-VC0072,Biblioteca diocesana Agnesiana,false
https://biblioteche-fantasma.invalid/resource/library/IT-VE0035,IT-VE0035,Biblioteca dei Frati minori,https://biblioteche-fantasma.invalid/resource/library/IT-VE0031,IT-VE0031,Biblioteca San Francesco della Vigna,false
https://biblioteche-fantasma.invalid/resource/library/IT-VE0096,IT-VE0096,Biblioteca dell'Istituto di biologia del mare del CNR,https://biblioteche-fantasma.invalid/resource/library/IT-VE0364,IT-VE0364,Biblioteca di Studi Adriatici [Bsa] / Archivio di Studi Adriatici [Asa] Ismar CNR,false
https://biblioteche-fantasma.invalid/resource/library/IT-VE0174,IT-VE0174,Biblioteca di Scienze giuridiche dell'Università Ca' Foscari Venezia,https://biblioteche-fantasma.invalid/resource/library/IT-VE0190,IT-VE0190,Biblioteca di Area economica Gino Luzzatto dell'Università Ca' Foscari Venezia,false
https://biblioteche-fantasma.invalid/resource/library/IT-VE0177,IT-VE0177,Biblioteca del Dipartimento di statistica dell'Università Ca' Foscari di Venezia,https://biblioteche-fantasma.invalid/resource/library/IT-VE0190,IT-VE0190,Biblioteca di Area economica Gino Luzzatto dell'Università Ca' Foscari Venezia,false
https://biblioteche-fantasma.invalid/resource/library/IT-VE0178,IT-VE0178,Biblioteca del Dipartimento di scienze dell'antichità e del Vicino Oriente. Sezione di studi classici dell'Università Ca' Foscari di Venezia,https://biblioteche-fantasma.invalid/resource/library/IT-VE0308,IT-VE0308,Biblioteca di Area Umanistica,false
https://biblioteche-fantasma.invalid/resource/library/IT-VE0179,IT-VE0179,Biblioteca del Dipartimento di studi sull'Asia orientale. Sezione indologica e sinologica dell'Università Ca ' Foscari di Venezia,https://biblioteche-fantasma.invalid/resource/library/IT-VE0279,IT-VE0279,Biblioteca di Studi sull'Asia orientale dell'Università Ca' Foscari  Venezia,false
https://biblioteche-fantasma.invalid/resource/library/IT-VE0180,IT-VE0180,Biblioteca del Dipartimento di studi linguistici e letterari europei e postcoloniali. Sezione di francesistica dell'Università Ca ' di Venezia,https://biblioteche-fantasma.invalid/resource/library/IT-VE0188,IT-VE0188,Biblioteca di Studi europei e postcoloniali dell'Università Ca' Foscari  Venezia,false
https://biblioteche-fantasma.invalid/resource/library/IT-VE0181,IT-VE0181,Biblioteca del Dipartimento di studi sull'Asia orientale. Sezione nipponistica dell'Università Ca ' Foscari di Venezia,https://biblioteche-fantasma.invalid/resource/library/IT-VE0279,IT-VE0279,Biblioteca di Studi sull'Asia orientale dell'Università Ca' Foscari  Venezia,false
https://biblioteche-fantasma.invalid/resource/library/IT-VE0182,IT-VE0182,Biblioteca del Dipartimento di studi eurasiatici. Sezione di slavistica dell'Università Ca' Foscari di Venezia,https://biblioteche-fantasma.invalid/resource/library/IT-VE0183,IT-VE0183,"Biblioteca di Americanistica, Iberistica e Slavistica dell'Università Ca' Foscari Venezia",false
https://biblioteche-fantasma.invalid/resource/library/IT-VE0184,IT-VE0184,Biblioteca del Seminario di linguistica e di didattica delle lingue della Facoltà di lingue e letterature straniere dell'Università Ca' Foscari di Venezia,https://biblioteche-fantasma.invalid/resource/library/IT-VE0277,IT-VE0277,Biblioteca di Scienze del linguaggio dell'Università Ca' Foscari  Venezia,false
https://biblioteche-fantasma.invalid/resource/library/IT-VE0185,IT-VE0185,Biblioteca del Dipartimento di economia e direzione aziendale dell'Università Ca' Foscari di Venezia,https://biblioteche-fantasma.invalid/resource/library/IT-VE0190,IT-VE0190,Biblioteca di Area economica Gino Luzzatto dell'Università Ca' Foscari Venezia,false
https://biblioteche-fantasma.invalid/resource/library/IT-VE0186,IT-VE0186,Biblioteca del Dipartimento di filosofia e teoria delle scienze dell'Università Ca' Foscari di Venezia,https://biblioteche-fantasma.invalid/resource/library/IT-VE0308,IT-VE0308,Biblioteca di Area Umanistica,false
https://biblioteche-fantasma.invalid/resource/library/IT-VE0187,IT-VE0187,Biblioteca del Dipartimento di italianistica e filologia romanza dell'Università Ca' Foscari di Venezia,https://biblioteche-fantasma.invalid/resource/library/IT-VE0308,IT-VE0308,Biblioteca di Area Umanistica,false
https://biblioteche-fantasma.invalid/resource/library/IT-VE0189,IT-VE0189,Biblioteca del Dipartimento di matematica applicata dell'Università Ca' Foscari di Venezia,https://biblioteche-fantasma.invalid/resource/library/IT-VE0190,IT-VE0190,Biblioteca di Area economica Gino Luzzatto dell'Università Ca' Foscari Venezia,false
https://biblioteche-fantasma.invalid/resource/library/IT-VE0191,IT-VE0191,Biblioteca del Dipartimento di scienze dell'antichità e del Vicino Oriente. Sezione di archeologia dell'Università Ca' Foscari di Venezia,https://biblioteche-fantasma.invalid/resource/library/IT-VE0308,IT-VE0308,Biblioteca di Area Umanistica,false
https://biblioteche-fantasma.invalid/resource/library/IT-VE0192,IT-VE0192,Biblioteca del Dipartimento di storia delle arti e conservazione dei beni artistici Giuseppe Mazzariol dell'Università Ca' Foscari di Venezia,https://biblioteche-fantasma.invalid/resource/library/IT-VE0308,IT-VE0308,Biblioteca di Area Umanistica,false
https://biblioteche-fantasma.invalid/resource/library/IT-VE0194,IT-VE0194,Biblioteca del Dipartimento di studi storici dell'Università Ca' Foscari di Venezia,https://biblioteche-fantasma.invalid/resource/library/IT-VE0308,IT-VE0308,Biblioteca di Area Umanistica,false
https://biblioteche-fantasma.invalid/resource/library/IT-VE0198,IT-VE0198,Biblioteca del Dipartimento di progettazione architettonica dell'Università IUAV di Venezia - ,https://biblioteche-fantasma.invalid/resource/library/IT-VE0195,IT-VE0195,Biblioteca IUAV ,false
https://biblioteche-fantasma.invalid/resource/library/IT-VE0200,IT-VE0200,Biblioteca del Dipartimento di storia dell'architettura dell'Università IUAV di Venezia,https://biblioteche-fantasma.invalid/resource/library/IT-VE0195,IT-VE0195,Biblioteca IUAV ,false
https://biblioteche-fantasma.invalid/resource/library/IT-VE0221,IT-VE0221,"Biblioteca CIRCE - Centro interdipartimentale rilievo, cartografia ed elaborazione - Università IUAV di Venezia ",https://biblioteche-fantasma.invalid/resource/library/IT-VE0195,IT-VE0195,Biblioteca IUAV ,false
https://biblioteche-fantasma.invalid/resource/library/IT-VE0233,IT-VE0233,Biblioteca Giovanni Astengo dell'Università IUAV di Venezia,https://biblioteche-fantasma.invalid/resource/library/IT-VE0195,IT-VE0195,Biblioteca IUAV ,false
https://biblioteche-fantasma.invalid/resource/library/IT-VE0238,IT-VE0238,Biblioteca del Laboratorio di scienza delle costruzioni dell'Istituto universitario di architettura di Venezia -IUAV,https://biblioteche-fantasma.invalid/resource/library/IT-VE0195,IT-VE0195,Biblioteca IUAV ,false
https://biblioteche-fantasma.invalid/resource/library/IT-VE0242,IT-VE0242,Biblioteca della Scuola di specializzazione per la formazione di insegnanti della Scuola secondaria dell'Università Ca' Foscari di Venezia,https://biblioteche-fantasma.invalid/resource/library/IT-VE0308,IT-VE0308,Biblioteca di Area Umanistica,false
https://biblioteche-fantasma.invalid/resource/library/IT-VE0244,IT-VE0244,Biblioteca del Centro linguistico interfacoltà dell'Università Ca' Foscari di Venezia,https://biblioteche-fantasma.invalid/resource/library/IT-VE0277,IT-VE0277,Biblioteca di Scienze del linguaggio dell'Università Ca' Foscari  Venezia,false
https://biblioteche-fantasma.invalid/resource/library/IT-VE0246,IT-VE0246,Centro di documentazione statistica dell'Università Ca' Foscari di Venezia,https://biblioteche-fantasma.invalid/resource/library/IT-VE0190,IT-VE0190,Biblioteca di Area economica Gino Luzzatto dell'Università Ca' Foscari Venezia,false
https://biblioteche-fantasma.invalid/resource/library/IT-VE0247,IT-VE0247,Biblioteca del Dipartimento di scienze dell'antichità e del Vicino Oriente. Sezione Vicino Oriente dell'Università Ca' Foscari di Venezia,https://biblioteche-fantasma.invalid/resource/library/IT-VE0193,IT-VE0193,Biblioteca di Studi eurasiatici dell'Università Ca' Foscari  Venezia,false
https://biblioteche-fantasma.invalid/resource/library/IT-VE0248,IT-VE0248,Biblioteca del Dipartimento di studi anglo-americani e ibero-americani. Sezione di studi anglo-americani dell'Università Ca' Foscari di Venezia,https://biblioteche-fantasma.invalid/resource/library/IT-VE0183,IT-VE0183,"Biblioteca di Americanistica, Iberistica e Slavistica dell'Università Ca' Foscari Venezia",false
https://biblioteche-fantasma.invalid/resource/library/IT-VE0249,IT-VE0249,Biblioteca di Area scientifica-sede di Mestre dell'Università Ca' Foscari Venezia,https://biblioteche-fantasma.invalid/resource/library/IT-VE0173,IT-VE0173,Biblioteca di Area Scientifica dell'Università Ca' Foscari Venezia,false
https://biblioteche-fantasma.invalid/resource/library/IT-VE0251,IT-VE0251,Biblioteca del Corso di laurea in servizio sociale dell'Università Ca' Foscari di Venezia,https://biblioteche-fantasma.invalid/resource/library/IT-VE0308,IT-VE0308,Biblioteca di Area Umanistica,false
https://biblioteche-fantasma.invalid/resource/library/IT-VE0271,IT-VE0271,"Biblioteca della Soprintendenza per i beni architettonici e per il paesaggio, per il patrimonio storico, artistico e demoetnoantropologico di Venezia e Laguna",https://biblioteche-fantasma.invalid/resource/library/IT-VE0268,IT-VE0268,Biblioteca della Direzione Regionale Musei Veneto,false
https://biblioteche-fantasma.invalid/resource/library/IT-VE0276,IT-VE0276,Biblioteca del Corso di laurea in economia e gestione dei servizi turistici dell'Università degli studi Ca' Foscari di Venezia,https://biblioteche-fantasma.invalid/resource/library/IT-VE0190,IT-VE0190,Biblioteca di Area economica Gino Luzzatto dell'Università Ca' Foscari Venezia,false
https://biblioteche-fantasma.invalid/resource/library/IT-VR0124,IT-VR0124,Biblioteca del Sistema bibliotecario urbano,https://biblioteche-fantasma.invalid/resource/library/IT-VR0059,IT-VR0059,Biblioteca civica di Verona,false
https://biblioteche-fantasma.invalid/resource/library/IT-VR0125,IT-VR0125,Biblioteca Centro storico di Verona,https://biblioteche-fantasma.invalid/resource/library/IT-VR0059,IT-VR0059,Biblioteca civica di Verona,false
https://biblioteche-fantasma.invalid/resource/library/IT-VR0135,IT-VR0135,Biblioteca dell'Istituto di economia e politica agraria della Facoltà di economia dell'Università degli studi di Verona,https://biblioteche-fantasma.invalid/resource/library/IT-VR0138,IT-VR0138,Biblioteca dell'Istituto di scienze economiche della Facoltà di economia dell'Università degli studi di Verona,false
https://biblioteche-fantasma.invalid/resource/library/IT-VR0136,IT-VR0136,Biblioteca dell'Istituto di ricerche aziendali della Facoltà di economia dell'Università degli studi di Verona,https://biblioteche-fantasma.invalid/resource/library/IT-VR0211,IT-VR0211,Biblioteca del Dipartimento di economia aziendale - DEA,false
https://biblioteche-fantasma.invalid/resource/library/IT-VR0138,IT-VR0138,Biblioteca dell'Istituto di scienze economiche della Facoltà di economia dell'Università degli studi di Verona,https://biblioteche-fantasma.invalid/resource/library/IT-VR0232,IT-VR0232,Biblioteca economica Santa Marta. Università di Verona,false
https://biblioteche-fantasma.invalid/resource/library/IT-VR0150,IT-VR0150,Biblioteca di Storia economica e sociale. Dipartimento di Scienze economiche,https://biblioteche-fantasma.invalid/resource/library/IT-VR0138,IT-VR0138,Biblioteca dell'Istituto di scienze economiche della Facoltà di economia dell'Università degli studi di Verona,false
https://biblioteche-fantasma.invalid/resource/library/IT-VR0151,IT-VR0151,"Biblioteca Giuridica, Dipartimento di Scienze Giuridiche",https://biblioteche-fantasma.invalid/resource/library/IT-VR0232,IT-VR0232,Biblioteca economica Santa Marta. Università di Verona,false
https://biblioteche-fantasma.invalid/resource/library/IT-VR0157,IT-VR0157,Biblioteca dell'Istituto di linguistica e letterature straniere della Facoltà di lettere e filosofia dell'Università degli studi di Verona,https://biblioteche-fantasma.invalid/resource/library/IT-VR0230,IT-VR0230,"Biblioteca ""Franco Riva"", Dipartimento Culture e Civiltà. Università di Verona",false
https://biblioteche-fantasma.invalid/resource/library/IT-VR0180,IT-VR0180,Biblioteca dell'Istituto di geografia della Facoltà di lettere e filosofia dell'Università degli studi Verona,https://biblioteche-fantasma.invalid/resource/library/IT-VR0210,IT-VR0210,"Biblioteca ""Luigi Ambrosoli"", Dipartimento Culture e Civiltà. Università di Verona",false
https://biblioteche-fantasma.invalid/resource/library/IT-VR0181,IT-VR0181,Biblioteca dell'Istituto di italianistica della Facoltà di lettere e filosofia dell'Università degli studi di Verona,https://biblioteche-fantasma.invalid/resource/library/IT-VR0230,IT-VR0230,"Biblioteca ""Franco Riva"", Dipartimento Culture e Civiltà. Università di Verona",false
https://biblioteche-fantasma.invalid/resource/library/IT-VR0182,IT-VR0182,Biblioteca dell'Istituto di storia della Facoltà di lettere e filosofia dell'Università degli studi di Verona,https://biblioteche-fantasma.invalid/resource/library/IT-VR0210,IT-VR0210,"Biblioteca ""Luigi Ambrosoli"", Dipartimento Culture e Civiltà. Università di Verona",false
https://biblioteche-fantasma.invalid/resource/library/IT-VR0183,IT-VR0183,Biblioteca dell'Istituto di discipline classiche della Facoltà di lettere e filosofia dell'Università degli studi di Verona,https://biblioteche-fantasma.invalid/resource/library/IT-VR0230,IT-VR0230,"Biblioteca ""Franco Riva"", Dipartimento Culture e Civiltà. Università di Verona",false
https://biblioteche-fantasma.invalid/resource/library/IT-VR0185,IT-VR0185,Biblioteca dell'Istituto di lingue straniere della Facoltà di economia dell'Università degli studi di Verona,https://biblioteche-fantasma.invalid/resource/library/IT-VR0233,IT-VR0233,"Biblioteca di Romanistica, Dipartimento di Lingue e Letterature straniere. Università di Verona ",false
https://biblioteche-fantasma.invalid/resource/library/IT-VR0188,IT-VR0188,"Biblioteca di Psicologia del dipartimento di Filosofia, Pedagogia e Psicologia",https://biblioteche-fantasma.invalid/resource/library/IT-VR0231,IT-VR0231,"Biblioteca di Scienze dell'Educazione, Dipartimento di Scienze Umane. Università di Verona",false
https://biblioteche-fantasma.invalid/resource/library/IT-VR0211,IT-VR0211,Biblioteca del Dipartimento di economia aziendale - DEA,https://biblioteche-fantasma.invalid/resource/library/IT-VR0232,IT-VR0232,Biblioteca economica Santa Marta. Università di Verona,false
https://biblioteche-fantasma.invalid/resource/library/IT-VR0233,IT-VR0233,"Biblioteca di Romanistica, Dipartimento di Lingue e Letterature straniere. Università di Verona ",https://biblioteche-fantasma.invalid/resource/library/IT-VR0212,IT-VR0212,"Biblioteca ""Walter Busch"", Dipartimento di Lingue e Letterature straniere. Università di Verona",false
https://biblioteche-fantasma.invalid/resource/library/IT-VT0001,IT-VT0001,Biblioteca dell'ex Seminario vescovile,https://biblioteche-fantasma.invalid/resource/library/IT-VT0125,IT-VT0125,Biblioteca diocesana,false
https://biblioteche-fantasma.invalid/resource/library/IT-VT0059,IT-VT0059,Biblioteca capitolare,https://biblioteche-fantasma.invalid/resource/library/IT-VT0125,IT-VT0125,Biblioteca diocesana,false
https://biblioteche-fantasma.invalid/resource/library/IT-VT0069,IT-VT0069,Biblioteca della Facoltà di lingue e letterature straniere dell'Università degli studi della Tuscia,https://biblioteche-fantasma.invalid/resource/library/IT-VT0214,IT-VT0214,Biblioteca del Polo Umanistico - Sociale dell'Università degli studi della Tuscia,false
https://biblioteche-fantasma.invalid/resource/library/IT-VT0091,IT-VT0091,Fondo ex Convento S. Marco,https://biblioteche-fantasma.invalid/resource/library/IT-VT0051,IT-VT0051,Biblioteca comunale Vincenzo Cardarelli,false
https://biblioteche-fantasma.invalid/resource/library/IT-VT0098,IT-VT0098,Biblioteca della Facoltà di economia dell'Università degli studi della Tuscia,https://biblioteche-fantasma.invalid/resource/library/IT-VT0214,IT-VT0214,Biblioteca del Polo Umanistico - Sociale dell'Università degli studi della Tuscia,false
https://biblioteche-fantasma.invalid/resource/library/IT-VT0104,IT-VT0104,Biblioteca dell'ex Seminario,https://biblioteche-fantasma.invalid/resource/library/IT-VT0125,IT-VT0125,Biblioteca diocesana,false
https://biblioteche-fantasma.invalid/resource/library/IT-VT0105,IT-VT0105,Biblioteca dell'ex Seminario,https://biblioteche-fantasma.invalid/resource/library/IT-VT0125,IT-VT0125,Biblioteca diocesana,false
https://biblioteche-fantasma.invalid/resource/library/IT-VT0118,IT-VT0118,Biblioteca della Facoltà di conservazione dei beni culturali dell'Università degli studi della Tuscia,https://biblioteche-fantasma.invalid/resource/library/IT-VT0214,IT-VT0214,Biblioteca del Polo Umanistico - Sociale dell'Università degli studi della Tuscia,false
https://biblioteche-fantasma.invalid/resource/library/IT-VT0126,IT-VT0126,Biblioteca della Facoltà di Scienze Politiche dell'Università degli studi della Tuscia,https://biblioteche-fantasma.invalid/resource/library/IT-VT0214,IT-VT0214,Biblioteca del Polo Umanistico - Sociale dell'Università degli studi della Tuscia,false
