library,isil,libraryName,materialLabel,quantity
https://ameliamorsellino.github.io/biblioteche-fantasma/resource/library/IT-PD0071,IT-PD0071,Accademia Galileiana di Scienze Lettere ed Arti In Padova - Biblioteca,manoscritti,972
https://ameliamorsellino.github.io/biblioteche-fantasma/resource/library/IT-VI0122,IT-VI0122,Accademia Olimpica - Biblioteca,manoscritti,8
https://ameliamorsellino.github.io/biblioteche-fantasma/resource/library/IT-GE0291,IT-GE0291,Archivio Biblioteca Margherita Ferro - UDI,manoscritti,20
https://ameliamorsellino.github.io/biblioteche-fantasma/resource/library/IT-BA0004,IT-BA0004,Archivio Biblioteca Museo Civico - A.B.M.C.,manoscritti,80
https://ameliamorsellino.github.io/biblioteche-fantasma/resource/library/IT-TO0462,IT-TO0462,Archivio Ebraico Terracini,manoscritti,146
https://ameliamorsellino.github.io/biblioteche-fantasma/resource/library/IT-CA0499,IT-CA0499,Archivio Multimediale Dell'Immaginario,manoscritti,30
https://ameliamorsellino.github.io/biblioteche-fantasma/resource/library/IT-MI1194,IT-MI1194,Archivio OUTIS - Centro Nazionale di Drammaturgia Contemporanea,manoscritti,
https://ameliamorsellino.github.io/biblioteche-fantasma/resource/library/IT-MI0285,IT-MI0285,Archivio Storico Ricordi,manoscritti,7800
https://ameliamorsellino.github.io/biblioteche-fantasma/resource/library/IT-MI0150,IT-MI0150,Archivio capitolare e biblioteca della Basilica di S. Ambrogio,manoscritti,55
https://ameliamorsellino.github.io/biblioteche-fantasma/resource/library/IT-FE0012,IT-FE0012,Archivio di Stato di Ferrara - Biblioteca,manoscritti,2
https://ameliamorsellino.github.io/biblioteche-fantasma/resource/library/IT-PR0040,IT-PR0040,Archivio di Stato di Parma - Biblioteca,manoscritti,76
https://ameliamorsellino.github.io/biblioteche-fantasma/resource/library/IT-PC0027,IT-PC0027,Archivio di Stato di Piacenza - Biblioteca,manoscritti,56
https://ameliamorsellino.github.io/biblioteche-fantasma/resource/library/IT-RA0032,IT-RA0032,Archivio di Stato di Ravenna - Biblioteca,manoscritti,6
https://ameliamorsellino.github.io/biblioteche-fantasma/resource/library/IT-RA0050,IT-RA0050,Archivio di Stato di Ravenna. Sezione di Faenza - Biblioteca,manoscritti,9
https://ameliamorsellino.github.io/biblioteche-fantasma/resource/library/IT-RE0048,IT-RE0048,Archivio di Stato di Reggio Emilia - Biblioteca,manoscritti,80
https://ameliamorsellino.github.io/biblioteche-fantasma/resource/library/IT-TN0154,IT-TN0154,Archivio diocesano tridentino,manoscritti,93
https://ameliamorsellino.github.io/biblioteche-fantasma/resource/library/IT-UD0015,IT-UD0015,Archivio e Biblioteca del Museo Archeologico Nazionale di Cividale del Friuli,manoscritti,5000
https://ameliamorsellino.github.io/biblioteche-fantasma/resource/library/IT-BO0515,IT-BO0515,Archivio musicale della Basilica di S. Petronio,manoscritti,2500
https://ameliamorsellino.github.io/biblioteche-fantasma/resource/library/IT-MI0327,IT-MI0327,Archivio storico civico e Biblioteca trivulziana,manoscritti,1464
https://ameliamorsellino.github.io/biblioteche-fantasma/resource/library/IT-PR0039,IT-PR0039,Archivio storico comunale - Biblioteca,manoscritti,789
https://ameliamorsellino.github.io/biblioteche-fantasma/resource/library/IT-BO0644,IT-BO0644,Archivio storico della Provincia di Cristo Re dei Frati Minori dell'Emilia Romagna,manoscritti,
https://ameliamorsellino.github.io/biblioteche-fantasma/resource/library/IT-MO0131,IT-MO0131,Archivio storico parrocchiale - Biblioteca,manoscritti,43
https://ameliamorsellino.github.io/biblioteche-fantasma/resource/library/IT-BO0346,IT-BO0346,Archivio-Biblioteca dell'Accademia Filarmonica,manoscritti,20000
https://ameliamorsellino.github.io/biblioteche-fantasma/resource/library/IT-CA0219,IT-CA0219,Arkiviu Bibrioteka Tommasu Serra,manoscritti,
https://ameliamorsellino.github.io/biblioteche-fantasma/resource/library/IT-PA0082,IT-PA0082,Assemblea regionale siciliana. Servizio documentazione e biblioteca,manoscritti,11
https://ameliamorsellino.github.io/biblioteche-fantasma/resource/library/IT-CS0296,IT-CS0296,"Associazione ""Biblioteca Gullo""",manoscritti,1
https://ameliamorsellino.github.io/biblioteche-fantasma/resource/library/IT-MI0134,IT-MI0134,Associazione Culturale Biblioteca Famiglia Meneghina-Società del Giardino,manoscritti,500
https://ameliamorsellino.github.io/biblioteche-fantasma/resource/library/IT-FR0115,IT-FR0115,Associazione Culturale Colli-aps,manoscritti,20
https://ameliamorsellino.github.io/biblioteche-fantasma/resource/library/IT-MI1216,IT-MI1216,BIBLIOTECA AGIS LOMBARDA ,manoscritti,1500
https://ameliamorsellino.github.io/biblioteche-fantasma/resource/library/IT-FI0134,IT-FI0134,BIBLIOTECA ARCHIVIO DELL'OPERA SANTA MARIA DEL FIORE,manoscritti,427
https://ameliamorsellino.github.io/biblioteche-fantasma/resource/library/IT-CZ0015,IT-CZ0015,BIBLIOTECA CASSIODORO ISTITUTO TEOLOGICO CALABRO SAN PIO X,manoscritti,1
https://ameliamorsellino.github.io/biblioteche-fantasma/resource/library/IT-VI0010,IT-VI0010,BIBLIOTECA CIVICA DI BROGLIANO,manoscritti,2
https://ameliamorsellino.github.io/biblioteche-fantasma/resource/library/IT-PD0004,IT-PD0004,BIBLIOTECA COMUNALE DI AGNA,manoscritti,10
https://ameliamorsellino.github.io/biblioteche-fantasma/resource/library/IT-VI0026,IT-VI0026,BIBLIOTECA COMUNALE DI CRESPADORO,manoscritti,5200
https://ameliamorsellino.github.io/biblioteche-fantasma/resource/library/IT-SI0027,IT-SI0027,BIBLIOTECA COMUNALE DI MURLO,manoscritti,
https://ameliamorsellino.github.io/biblioteche-fantasma/resource/library/IT-VI0140,IT-VI0140,BIBLIOTECA COMUNALE DI POVE DEL GRAPPA,manoscritti,30
https://ameliamorsellino.github.io/biblioteche-fantasma/resource/library/IT-VR0033,IT-VR0033,BIBLIOTECA COMUNALE DI RIVOLI VERONESE,manoscritti,10
https://ameliamorsellino.github.io/biblioteche-fantasma/resource/library/IT-BS0296,IT-BS0296,BIBLIOTECA COMUNALE LA CASTAGNA AMARA,manoscritti,1
https://ameliamorsellino.github.io/biblioteche-fantasma/resource/library/IT-PV0033,IT-PV0033,BIBLIOTECA COMUNALE TRE FIUMI,manoscritti,5
https://ameliamorsellino.github.io/biblioteche-fantasma/resource/library/IT-SI0037,IT-SI0037,BIBLIOTECA COMUNALE UGO NOMI VENEROSI-PESCIOLINI,manoscritti,111
https://ameliamorsellino.github.io/biblioteche-fantasma/resource/library/IT-NA0327,IT-NA0327,BIBLIOTECA COMUNE DI SCISCIANO,manoscritti,150
https://ameliamorsellino.github.io/biblioteche-fantasma/resource/library/IT-VR0077,IT-VR0077,BIBLIOTECA DELLA SOCIETA' LETTERARIA DI VERONA,manoscritti,1
https://ameliamorsellino.github.io/biblioteche-fantasma/resource/library/IT-BG0373,IT-BG0373,BIBLIOTECA MEDICA ASST-BG OVEST,manoscritti,100
https://ameliamorsellino.github.io/biblioteche-fantasma/resource/library/IT-PU0017,IT-PU0017,BIBLIOTECA PIAN DEL BRUSCOLO-VALLEFOGLIA,manoscritti,1
https://ameliamorsellino.github.io/biblioteche-fantasma/resource/library/IT-FI0193,IT-FI0193,"BIBLIOTECA SCUOLA DI MUSICA DI FIESOLE, FONDAZIONE ONLUS",manoscritti,
https://ameliamorsellino.github.io/biblioteche-fantasma/resource/library/IT-RM2041,IT-RM2041,BIFF - Biblio Farandola Fumetto,manoscritti,1300
https://ameliamorsellino.github.io/biblioteche-fantasma/resource/library/IT-TN0583,IT-TN0583,Biblioludoteca del Contà,manoscritti,3
https://ameliamorsellino.github.io/biblioteche-fantasma/resource/library/IT-OR0104,IT-OR0104,"Bibliomediateca ""Mille Ghilarze""",manoscritti,80
https://ameliamorsellino.github.io/biblioteche-fantasma/resource/library/IT-TS0108,IT-TS0108,"Bibliomediateca ""Vito Levi"" del Conservatorio di musica Giuseppe Tartini",manoscritti,32
https://ameliamorsellino.github.io/biblioteche-fantasma/resource/library/IT-CE0074,IT-CE0074,Bibliomediateca comunale Antonio Sementini,manoscritti,30
https://ameliamorsellino.github.io/biblioteche-fantasma/resource/library/IT-FI0501,IT-FI0501,BiblioteCaNova Isolotto,manoscritti,1
https://ameliamorsellino.github.io/biblioteche-fantasma/resource/library/IT-RE0052,IT-RE0052,"Biblioteca ""Antonio Panizzi""",manoscritti,21427
https://ameliamorsellino.github.io/biblioteche-fantasma/resource/library/IT-FC0038,IT-FC0038,"Biblioteca ""Don Giovanni Verità"" del Comune di Modigliana e dell'Accademia degli Incamminati",manoscritti,
https://ameliamorsellino.github.io/biblioteche-fantasma/resource/library/IT-MI1995,IT-MI1995,"Biblioteca ""Ettore Castiglioni""",manoscritti,15
https://ameliamorsellino.github.io/biblioteche-fantasma/resource/library/IT-TN0104,IT-TN0104,"Biblioteca ""G. e R. de Cobelli"" del Museo Civico di Rovereto",manoscritti,6850
https://ameliamorsellino.github.io/biblioteche-fantasma/resource/library/IT-PE0018,IT-PE0018,"Biblioteca ""Gabriele D'Annunzio""",manoscritti,31
https://ameliamorsellino.github.io/biblioteche-fantasma/resource/library/IT-FC0155,IT-FC0155,"Biblioteca ""Gino Bianco""",manoscritti,206
https://ameliamorsellino.github.io/biblioteche-fantasma/resource/library/IT-TN0128,IT-TN0128,"Biblioteca ""Gino Tomasi"" del MUSE - Museo delle scienze",manoscritti,1
https://ameliamorsellino.github.io/biblioteche-fantasma/resource/library/IT-LI0014,IT-LI0014,"Biblioteca ""Giorgio Garzelli"" della CCIAA della Maremma e del Tirreno",manoscritti,300
https://ameliamorsellino.github.io/biblioteche-fantasma/resource/library/IT-BN0139,IT-BN0139,"Biblioteca ""Giovanni Falcone-Paolo Borsellino""",manoscritti,
https://ameliamorsellino.github.io/biblioteche-fantasma/resource/library/IT-RM0375,IT-RM0375,"Biblioteca ""Giuliana Cavallini"" del Centro Internazionale di studi cateriniani",manoscritti,1
https://ameliamorsellino.github.io/biblioteche-fantasma/resource/library/IT-MC0212,IT-MC0212,"Biblioteca ""Giuseppe Zucconi""",manoscritti,450
https://ameliamorsellino.github.io/biblioteche-fantasma/resource/library/IT-PR0078,IT-PR0078,"Biblioteca ""Giuseppina Allegri Tassoni"" della Deputazione di storia patria per le province parmensi",manoscritti,50
https://ameliamorsellino.github.io/biblioteche-fantasma/resource/library/IT-LE0333,IT-LE0333,"Biblioteca ""Le Fabbriche""",manoscritti,700
https://ameliamorsellino.github.io/biblioteche-fantasma/resource/library/IT-RM0712,IT-RM0712,"Biblioteca ""Maurice Borrmans"" del Pontificio Istituto di Studi Arabi e d’Islamistica",manoscritti,30
https://ameliamorsellino.github.io/biblioteche-fantasma/resource/library/IT-CB0110,IT-CB0110,"Biblioteca ""Palmiero Giannetti"" del Conservatorio statale di musica Lorenzo Perosi",manoscritti,20
https://ameliamorsellino.github.io/biblioteche-fantasma/resource/library/IT-SR0018,IT-SR0018,"Biblioteca ""Paolo Orsi"" della Soprintendenza Bb.Cc.Aa. di Siracusa",manoscritti,
https://ameliamorsellino.github.io/biblioteche-fantasma/resource/library/IT-LO0014,IT-LO0014,"Biblioteca ""Popolare Luigi Ricca""",manoscritti,10
https://ameliamorsellino.github.io/biblioteche-fantasma/resource/library/IT-TE0054,IT-TE0054,"Biblioteca ""Prospettiva Persona""",manoscritti,
https://ameliamorsellino.github.io/biblioteche-fantasma/resource/library/IT-TP0030,IT-TP0030,"Biblioteca ""Vincenzo Scuderi"" - Museo Regionale Pepoli",manoscritti,1893
https://ameliamorsellino.github.io/biblioteche-fantasma/resource/library/IT-TN0144,IT-TN0144,"Biblioteca ""padre Frumenzio Ghetta"" dell'Istituto Culturale Ladino",manoscritti,150
https://ameliamorsellino.github.io/biblioteche-fantasma/resource/library/IT-VT0093,IT-VT0093,Biblioteca 'Bruno Blasi' della Società Tarquiniense d'Arte e Storia,manoscritti,300
https://ameliamorsellino.github.io/biblioteche-fantasma/resource/library/IT-RM0276,IT-RM0276,Biblioteca 'Romana Sarti',manoscritti,200
https://ameliamorsellino.github.io/biblioteche-fantasma/resource/library/IT-VI0119,IT-VI0119,Biblioteca - Archivio del Duomo di Schio,manoscritti,3
https://ameliamorsellino.github.io/biblioteche-fantasma/resource/library/IT-RM1476,IT-RM1476,Biblioteca - Archivio della Fondazione Adkins Chiti: Donne in musica,manoscritti,
https://ameliamorsellino.github.io/biblioteche-fantasma/resource/library/IT-AL0104,IT-AL0104,Biblioteca - Centro comunale di Cultura,manoscritti,1
https://ameliamorsellino.github.io/biblioteche-fantasma/resource/library/IT-KR0128,IT-KR0128,"Biblioteca - Centro di Documentazione di Educazione Motoria, Fisica, Sportiva e Olimpismo Antico 'Romeo Fauci'",manoscritti,10
https://ameliamorsellino.github.io/biblioteche-fantasma/resource/library/IT-CS0128,IT-CS0128,Biblioteca -Mediateca civica - Archivio Etno-Storico delle Genti di Calabria,manoscritti,3
https://ameliamorsellino.github.io/biblioteche-fantasma/resource/library/IT-NA0440,IT-NA0440,Biblioteca 1799 e Archivio storico del Centro di ricerche storiche D'Ambra,manoscritti,
https://ameliamorsellino.github.io/biblioteche-fantasma/resource/library/IT-RM2042,IT-RM2042,Biblioteca AIMART,manoscritti,10
https://ameliamorsellino.github.io/biblioteche-fantasma/resource/library/IT-LO0109,IT-LO0109,Biblioteca Abbaziale di Villanova del Sillaro,manoscritti,50
https://ameliamorsellino.github.io/biblioteche-fantasma/resource/library/IT-UD0148,IT-UD0148,Biblioteca Abbaziale don Domenico Tessitori,manoscritti,1
https://ameliamorsellino.github.io/biblioteche-fantasma/resource/library/IT-PV0485,IT-PV0485,Biblioteca Accademia San Pietro,manoscritti,10
https://ameliamorsellino.github.io/biblioteche-fantasma/resource/library/IT-VR0072,IT-VR0072,Biblioteca Accademia di Agricoltura di Scienze e Lettere,manoscritti,3000
https://ameliamorsellino.github.io/biblioteche-fantasma/resource/library/IT-BI0138,IT-BI0138,Biblioteca Adolfo Marconetto UPBeduca,manoscritti,200
https://ameliamorsellino.github.io/biblioteche-fantasma/resource/library/IT-BA0233,IT-BA0233,"Biblioteca Agostiniana del Convento Santa Maria della Lama ""Padre Tommaso Autiero""",manoscritti,7
https://ameliamorsellino.github.io/biblioteche-fantasma/resource/library/IT-PG0440,IT-PG0440,Biblioteca Agostino Steuco,manoscritti,2
https://ameliamorsellino.github.io/biblioteche-fantasma/resource/library/IT-RM1489,IT-RM1489,Biblioteca Alberto Vianello del Club Alpino Italiano Sezione di Roma,manoscritti,1810
https://ameliamorsellino.github.io/biblioteche-fantasma/resource/library/IT-FR0077,IT-FR0077,Biblioteca Alfonso Giorgi,manoscritti,
https://ameliamorsellino.github.io/biblioteche-fantasma/resource/library/IT-CS0865,IT-CS0865,Biblioteca Alimena,manoscritti,300
https://ameliamorsellino.github.io/biblioteche-fantasma/resource/library/IT-RM0290,IT-RM0290,Biblioteca Angelica,manoscritti,2810
https://ameliamorsellino.github.io/biblioteche-fantasma/resource/library/IT-RI0179,IT-RI0179,Biblioteca Angelo Di Mario dell'Associazione Angelo Di Mario APS,manoscritti,5000
https://ameliamorsellino.github.io/biblioteche-fantasma/resource/library/IT-RM0988,IT-RM0988,"Biblioteca Angelo Monteverdi per gli studi filologici, linguistici e letterari - Sapienza Università di Roma",manoscritti,3
https://ameliamorsellino.github.io/biblioteche-fantasma/resource/library/IT-VE0253,IT-VE0253,Biblioteca Annessa All'Archivio Storico del Patriarcato di Venezia,manoscritti,
https://ameliamorsellino.github.io/biblioteche-fantasma/resource/library/IT-BR0028,IT-BR0028,Biblioteca Annibale di Francia,manoscritti,3
https://ameliamorsellino.github.io/biblioteche-fantasma/resource/library/IT-AQ0050,IT-AQ0050,Biblioteca Anton Ludovico  Antinori della Deputazione di storia patria negli Abruzzi - DASP,manoscritti,8
https://ameliamorsellino.github.io/biblioteche-fantasma/resource/library/IT-PD0514,IT-PD0514,Biblioteca Antoniana,manoscritti,828
https://ameliamorsellino.github.io/biblioteche-fantasma/resource/library/IT-RM0195,IT-RM0195,Biblioteca Antonino De Stefano,manoscritti,13
https://ameliamorsellino.github.io/biblioteche-fantasma/resource/library/IT-VB0024,IT-VB0024,Biblioteca Antonio Massara del Museo del paesaggio,manoscritti,23
https://ameliamorsellino.github.io/biblioteche-fantasma/resource/library/IT-TA0075,IT-TA0075,Biblioteca Apulia,manoscritti,30
https://ameliamorsellino.github.io/biblioteche-fantasma/resource/library/IT-OR0033,IT-OR0033,Biblioteca Arborense,manoscritti,1000
https://ameliamorsellino.github.io/biblioteche-fantasma/resource/library/IT-RM1449,IT-RM1449,"Biblioteca Archivia. Archivi, Biblioteche, Centri di documentazione delle donne APS",manoscritti,
https://ameliamorsellino.github.io/biblioteche-fantasma/resource/library/IT-PT0137,IT-PT0137,Biblioteca Archivio Roberto Marini - Oltre il secolo breve,manoscritti,2
https://ameliamorsellino.github.io/biblioteche-fantasma/resource/library/IT-RM1675,IT-RM1675,Biblioteca Archivio della Scuola Romana - Musei di Villa Torlonia,manoscritti,50
https://ameliamorsellino.github.io/biblioteche-fantasma/resource/library/IT-MI0602,IT-MI0602,Biblioteca Archivio per la storia del movimento sociale cattolico in Italia dell'Università cattolica del Sacro Cuore,manoscritti,
https://ameliamorsellino.github.io/biblioteche-fantasma/resource/library/IT-SR0052,IT-SR0052,Biblioteca Arcivescovile Alagoniana,manoscritti,75
https://ameliamorsellino.github.io/biblioteche-fantasma/resource/library/IT-PZ0001,IT-PZ0001,Biblioteca Arcivescovile di Acerenza,manoscritti,50
https://ameliamorsellino.github.io/biblioteche-fantasma/resource/library/IT-MT0024,IT-MT0024,Biblioteca Arcivescovile di Matera,manoscritti,14
https://ameliamorsellino.github.io/biblioteche-fantasma/resource/library/IT-RE0088,IT-RE0088,Biblioteca Armando Gentilucci del Conservatorio di musica di Reggio Emilia e Castelnovo ne' Monti,manoscritti,560
https://ameliamorsellino.github.io/biblioteche-fantasma/resource/library/IT-VA0074,IT-VA0074,Biblioteca Armocida,manoscritti,
https://ameliamorsellino.github.io/biblioteche-fantasma/resource/library/IT-CA0498,IT-CA0498,Biblioteca Arti e Mestieri dello Spettacolo,manoscritti,27
https://ameliamorsellino.github.io/biblioteche-fantasma/resource/library/IT-FI0022,IT-FI0022,Biblioteca Attilio Mori del Museo Storico della Cartografia Italiana - I.G.M. e Biblioteca Militare del Presidio di Firenze,manoscritti,530
https://ameliamorsellino.github.io/biblioteche-fantasma/resource/library/IT-UD0243,IT-UD0243,Biblioteca Bartoliniana,manoscritti,176
https://ameliamorsellino.github.io/biblioteche-fantasma/resource/library/IT-BR0005,IT-BR0005,Biblioteca Beato Domenico della Madre di Dio,manoscritti,50
https://ameliamorsellino.github.io/biblioteche-fantasma/resource/library/IT-AQ0115,IT-AQ0115,Biblioteca Beato Tommaso da Celano,manoscritti,2
https://ameliamorsellino.github.io/biblioteche-fantasma/resource/library/IT-MI1142,IT-MI1142,Biblioteca Benedettine Abbazia Viboldone,manoscritti,2
https://ameliamorsellino.github.io/biblioteche-fantasma/resource/library/IT-FI0263,IT-FI0263,Biblioteca Berenson. The Harvard University Center for Italian Renaissance Studies,manoscritti,
https://ameliamorsellino.github.io/biblioteche-fantasma/resource/library/IT-BG0344,IT-BG0344,Biblioteca Betty Ambiveri,manoscritti,
https://ameliamorsellino.github.io/biblioteche-fantasma/resource/library/IT-VI0149,IT-VI0149,Biblioteca Bibliomuseo Palazzo Baccin di Nove,manoscritti,1
https://ameliamorsellino.github.io/biblioteche-fantasma/resource/library/IT-FI0215,IT-FI0215,Biblioteca Biomedica - Università degli studi di Firenze,manoscritti,
https://ameliamorsellino.github.io/biblioteche-fantasma/resource/library/IT-CS0199,IT-CS0199,Biblioteca Borretti,manoscritti,
https://ameliamorsellino.github.io/biblioteche-fantasma/resource/library/IT-LE0249,IT-LE0249,Biblioteca Calasanziana,manoscritti,150
https://ameliamorsellino.github.io/biblioteche-fantasma/resource/library/IT-BS0012,IT-BS0012,Biblioteca Camuna monsignor Andrea Morandini,manoscritti,
https://ameliamorsellino.github.io/biblioteche-fantasma/resource/library/IT-VV0031,IT-VV0031,Biblioteca Capialbi Afan De Rivera,manoscritti,
https://ameliamorsellino.github.io/biblioteche-fantasma/resource/library/IT-BN0010,IT-BN0010,Biblioteca Capitolare,manoscritti,2073
https://ameliamorsellino.github.io/biblioteche-fantasma/resource/library/IT-PD0093,IT-PD0093,Biblioteca Capitolare,manoscritti,4000
https://ameliamorsellino.github.io/biblioteche-fantasma/resource/library/IT-VR0056,IT-VR0056,Biblioteca Capitolare,manoscritti,1283
https://ameliamorsellino.github.io/biblioteche-fantasma/resource/library/IT-BA0142,IT-BA0142,Biblioteca Capitolare Finia,manoscritti,25
https://ameliamorsellino.github.io/biblioteche-fantasma/resource/library/IT-PZ0098,IT-PZ0098,"Biblioteca Capitolare Parrocchiale ""Margherita De Sarlo”",manoscritti,20
https://ameliamorsellino.github.io/biblioteche-fantasma/resource/library/IT-VA0030,IT-VA0030,Biblioteca Capitolare di San Giovanni Battista,manoscritti,80
https://ameliamorsellino.github.io/biblioteche-fantasma/resource/library/IT-RM0292,IT-RM0292,Biblioteca Capranicense,manoscritti,25
https://ameliamorsellino.github.io/biblioteche-fantasma/resource/library/IT-CB0014,IT-CB0014,Biblioteca Caradonio di Blasio,manoscritti,10
https://ameliamorsellino.github.io/biblioteche-fantasma/resource/library/IT-VA0122,IT-VA0122,Biblioteca Cardinale Carlo Maria Martini,manoscritti,170
https://ameliamorsellino.github.io/biblioteche-fantasma/resource/library/IT-TO0771,IT-TO0771,Biblioteca Carilibri della Fondazione Alberto Colonnetti,manoscritti,
https://ameliamorsellino.github.io/biblioteche-fantasma/resource/library/IT-BG0909,IT-BG0909,Biblioteca Carlo Locatelli del Centro Studi Valle Imagna,manoscritti,5
https://ameliamorsellino.github.io/biblioteche-fantasma/resource/library/IT-AL0134,IT-AL0134,Biblioteca Carlo Mosso del Conservatorio statale di musica Antonio Vivaldi,manoscritti,40
https://ameliamorsellino.github.io/biblioteche-fantasma/resource/library/IT-GE0202,IT-GE0202,Biblioteca Carmelitani Scalzi - Convento di S. Anna,manoscritti,
https://ameliamorsellino.github.io/biblioteche-fantasma/resource/library/IT-MB0002,IT-MB0002,Biblioteca Carrobiolo,manoscritti,29
https://ameliamorsellino.github.io/biblioteche-fantasma/resource/library/IT-FI0046,IT-FI0046,Biblioteca Casa Buonarroti,manoscritti,170
https://ameliamorsellino.github.io/biblioteche-fantasma/resource/library/IT-ME0459,IT-ME0459,Biblioteca Casa Cuseni Taormina,manoscritti,10100
https://ameliamorsellino.github.io/biblioteche-fantasma/resource/library/IT-MC0067,IT-MC0067,Biblioteca Casa Leopardi,manoscritti,
https://ameliamorsellino.github.io/biblioteche-fantasma/resource/library/IT-LE0346,IT-LE0346,Biblioteca Casa Museo Calabrese,manoscritti,500
https://ameliamorsellino.github.io/biblioteche-fantasma/resource/library/IT-CH0134,IT-CH0134,Biblioteca Casa Rossetti - Archivio Storico,manoscritti,
https://ameliamorsellino.github.io/biblioteche-fantasma/resource/library/IT-VE0063,IT-VE0063,Biblioteca Casa di Goldoni - Centro di Studi Teatrali,manoscritti,590
https://ameliamorsellino.github.io/biblioteche-fantasma/resource/library/IT-RM0313,IT-RM0313,Biblioteca Casanatense,manoscritti,35000
https://ameliamorsellino.github.io/biblioteche-fantasma/resource/library/IT-PI0027,IT-PI0027,Biblioteca Cathariniana,manoscritti,238
https://ameliamorsellino.github.io/biblioteche-fantasma/resource/library/IT-RM0731,IT-RM0731,Biblioteca Centrale Giuridica,manoscritti,150
https://ameliamorsellino.github.io/biblioteche-fantasma/resource/library/IT-BO0273,IT-BO0273,Biblioteca Centralizzata,manoscritti,
https://ameliamorsellino.github.io/biblioteche-fantasma/resource/library/IT-TA0013,IT-TA0013,Biblioteca Centro Culturale Gruppo Anonimo '74,manoscritti,1
https://ameliamorsellino.github.io/biblioteche-fantasma/resource/library/IT-BS0292,IT-BS0292,Biblioteca Centro Culturale comunale Cesare Cantù,manoscritti,1
https://ameliamorsellino.github.io/biblioteche-fantasma/resource/library/IT-PG1006,IT-PG1006,Biblioteca Centro Studi Agostiniani,manoscritti,1
https://ameliamorsellino.github.io/biblioteche-fantasma/resource/library/IT-TA0060,IT-TA0060,Biblioteca Centro Studi Melitensi,manoscritti,3
https://ameliamorsellino.github.io/biblioteche-fantasma/resource/library/IT-GE0026,IT-GE0026,Biblioteca Centro Studi e Documentazione Scout Mario Mazza,manoscritti,
https://ameliamorsellino.github.io/biblioteche-fantasma/resource/library/IT-SS0407,IT-SS0407,Biblioteca Centro di Istituzione Bibliografica Privata 'Dott.Ssa Ivana Marroni',manoscritti,50
https://ameliamorsellino.github.io/biblioteche-fantasma/resource/library/IT-AR0007,IT-AR0007,Biblioteca Centro di Ricerca Foreste e Legno,manoscritti,100
https://ameliamorsellino.github.io/biblioteche-fantasma/resource/library/IT-GE0028,IT-GE0028,Biblioteca Centro di documentazione della Camera di Commercio di Genova,manoscritti,50
https://ameliamorsellino.github.io/biblioteche-fantasma/resource/library/IT-AV0194,IT-AV0194,Biblioteca Centro studi Calitrani,manoscritti,709
https://ameliamorsellino.github.io/biblioteche-fantasma/resource/library/IT-GE0027,IT-GE0027,Biblioteca Centro studi francescani per la Liguria,manoscritti,120
https://ameliamorsellino.github.io/biblioteche-fantasma/resource/library/IT-CS0080,IT-CS0080,Biblioteca Charitas della Basilica di San Francesco di Paola,manoscritti,100
https://ameliamorsellino.github.io/biblioteche-fantasma/resource/library/IT-IM0034,IT-IM0034,"Biblioteca Civica ""Dott. Francesco Corradi""",manoscritti,10
https://ameliamorsellino.github.io/biblioteche-fantasma/resource/library/IT-SV0001,IT-SV0001,"Biblioteca Civica ""Renzo Deaglio""",manoscritti,1
https://ameliamorsellino.github.io/biblioteche-fantasma/resource/library/IT-IM0012,IT-IM0012,Biblioteca Civica Angiolo Silvio Novaro,manoscritti,1
https://ameliamorsellino.github.io/biblioteche-fantasma/resource/library/IT-BS0026,IT-BS0026,Biblioteca Civica Queriniana di Brescia,manoscritti,8644
https://ameliamorsellino.github.io/biblioteche-fantasma/resource/library/IT-MI0488,IT-MI0488,Biblioteca Civica comunale,manoscritti,4600
https://ameliamorsellino.github.io/biblioteche-fantasma/resource/library/IT-CT0063,IT-CT0063,Biblioteca Civica ed Antonio Ursino Recupero,manoscritti,4000
https://ameliamorsellino.github.io/biblioteche-fantasma/resource/library/IT-MO0237,IT-MO0237,Biblioteca Civico Planetario F. Martino,manoscritti,50
https://ameliamorsellino.github.io/biblioteche-fantasma/resource/library/IT-IM0001,IT-IM0001,Biblioteca Clarence Bicknell dell'Istituto internazionale di studi liguri,manoscritti,135
https://ameliamorsellino.github.io/biblioteche-fantasma/resource/library/IT-FR0131,IT-FR0131,Biblioteca Claudiana,manoscritti,50
https://ameliamorsellino.github.io/biblioteche-fantasma/resource/library/IT-PT0014,IT-PT0014,Biblioteca Collodiana ,manoscritti,890
https://ameliamorsellino.github.io/biblioteche-fantasma/resource/library/IT-SA0215,IT-SA0215,Biblioteca Comunale,manoscritti,3
https://ameliamorsellino.github.io/biblioteche-fantasma/resource/library/IT-SA0258,IT-SA0258,Biblioteca Comunale,manoscritti,50
https://ameliamorsellino.github.io/biblioteche-fantasma/resource/library/IT-SS0119,IT-SS0119,Biblioteca Comunale,manoscritti,1
https://ameliamorsellino.github.io/biblioteche-fantasma/resource/library/IT-TO0933,IT-TO0933,Biblioteca Comunale,manoscritti,2
https://ameliamorsellino.github.io/biblioteche-fantasma/resource/library/IT-VV0037,IT-VV0037,Biblioteca Comunale,manoscritti,1
https://ameliamorsellino.github.io/biblioteche-fantasma/resource/library/IT-FM0046,IT-FM0046,"Biblioteca Comunale ""Ada Natali""",manoscritti,4
https://ameliamorsellino.github.io/biblioteche-fantasma/resource/library/IT-AG0042,IT-AG0042,"Biblioteca Comunale ""Aurelio Cassar""",manoscritti,
https://ameliamorsellino.github.io/biblioteche-fantasma/resource/library/IT-FE0145,IT-FE0145,"Biblioteca Comunale ""Giorgio Bassani"" - Codigoro",manoscritti,2
https://ameliamorsellino.github.io/biblioteche-fantasma/resource/library/IT-PA0063,IT-PA0063,"Biblioteca Comunale ""Leonardo Sciascia""",manoscritti,6600
https://ameliamorsellino.github.io/biblioteche-fantasma/resource/library/IT-TN0136,IT-TN0136,Biblioteca Comunale - Trento Sede di Gardolo,manoscritti,1
https://ameliamorsellino.github.io/biblioteche-fantasma/resource/library/IT-TN0137,IT-TN0137,Biblioteca Comunale - Trento Sede di Mattarello,manoscritti,1
https://ameliamorsellino.github.io/biblioteche-fantasma/resource/library/IT-TN0177,IT-TN0177,Biblioteca Comunale - Trento Sede di Sopramonte,manoscritti,1
https://ameliamorsellino.github.io/biblioteche-fantasma/resource/library/IT-TN0176,IT-TN0176,Biblioteca Comunale - Trento Sede di Villazzano,manoscritti,1
https://ameliamorsellino.github.io/biblioteche-fantasma/resource/library/IT-BN0092,IT-BN0092,Biblioteca Comunale Antonio D'Alessio,manoscritti,5337
https://ameliamorsellino.github.io/biblioteche-fantasma/resource/library/IT-AG0022,IT-AG0022,Biblioteca Comunale Barone Antonio Mendola,manoscritti,14
https://ameliamorsellino.github.io/biblioteche-fantasma/resource/library/IT-SA0263,IT-SA0263,Biblioteca Comunale Berardino Guida,manoscritti,31
https://ameliamorsellino.github.io/biblioteche-fantasma/resource/library/IT-AG0031,IT-AG0031,Biblioteca Comunale Feliciana,manoscritti,57
https://ameliamorsellino.github.io/biblioteche-fantasma/resource/library/IT-AG0060,IT-AG0060,Biblioteca Comunale Francesco Lo Bue,manoscritti,2
https://ameliamorsellino.github.io/biblioteche-fantasma/resource/library/IT-AG0007,IT-AG0007,Biblioteca Comunale Franco La Rocca,manoscritti,3
https://ameliamorsellino.github.io/biblioteche-fantasma/resource/library/IT-PA0188,IT-PA0188,Biblioteca Comunale Liciniana,manoscritti,150
https://ameliamorsellino.github.io/biblioteche-fantasma/resource/library/IT-CE0094,IT-CE0094,Biblioteca Comunale Luigi Compagnone,manoscritti,81
https://ameliamorsellino.github.io/biblioteche-fantasma/resource/library/IT-AG0014,IT-AG0014,Biblioteca Comunale Mons. Domenico De Gregorio,manoscritti,500
https://ameliamorsellino.github.io/biblioteche-fantasma/resource/library/IT-CE0055,IT-CE0055,Biblioteca Comunale Paolo Di Stasio,manoscritti,10
https://ameliamorsellino.github.io/biblioteche-fantasma/resource/library/IT-AG0027,IT-AG0027,Biblioteca Comunale Piersanti Mattarella,manoscritti,6
https://ameliamorsellino.github.io/biblioteche-fantasma/resource/library/IT-AV0158,IT-AV0158,Biblioteca Comunale Pinuccio Sala,manoscritti,2000
https://ameliamorsellino.github.io/biblioteche-fantasma/resource/library/IT-CT0009,IT-CT0009,Biblioteca Comunale Rosario Russo di Adrano,manoscritti,40
https://ameliamorsellino.github.io/biblioteche-fantasma/resource/library/IT-AV0014,IT-AV0014,Biblioteca Comunale Salvatore Pescatori,manoscritti,5
https://ameliamorsellino.github.io/biblioteche-fantasma/resource/library/IT-AV0116,IT-AV0116,Biblioteca Comunale don Gaetano Cipriano,manoscritti,30
https://ameliamorsellino.github.io/biblioteche-fantasma/resource/library/IT-FI0519,IT-FI0519,Biblioteca Convento San Francesco,manoscritti,3
https://ameliamorsellino.github.io/biblioteche-fantasma/resource/library/IT-FI0521,IT-FI0521,Biblioteca Convento di Santo Spirito Padri Agostiniani,manoscritti,150
https://ameliamorsellino.github.io/biblioteche-fantasma/resource/library/IT-MI0918,IT-MI0918,Biblioteca Corte Valenti,manoscritti,2
https://ameliamorsellino.github.io/biblioteche-fantasma/resource/library/IT-BG0897,IT-BG0897,Biblioteca Costantino Locatelli di Ca' Berizzi,manoscritti,10
https://ameliamorsellino.github.io/biblioteche-fantasma/resource/library/IT-PV0339,IT-PV0339,Biblioteca Costanza Gregotti,manoscritti,
https://ameliamorsellino.github.io/biblioteche-fantasma/resource/library/IT-VV0047,IT-VV0047,Biblioteca Cultura Aperta,manoscritti,1000
https://ameliamorsellino.github.io/biblioteche-fantasma/resource/library/IT-RC0059,IT-RC0059,"Biblioteca Diocesana ""Domenico Farias""",manoscritti,30
https://ameliamorsellino.github.io/biblioteche-fantasma/resource/library/IT-BA0087,IT-BA0087,Biblioteca Diocesana Domenico Morea,manoscritti,140
https://ameliamorsellino.github.io/biblioteche-fantasma/resource/library/IT-BS0031,IT-BS0031,Biblioteca Diocesana Luciano Monari,manoscritti,2
https://ameliamorsellino.github.io/biblioteche-fantasma/resource/library/IT-LU0023,IT-LU0023,Biblioteca Diocesana Mons. Giuliano Agresti,manoscritti,90
https://ameliamorsellino.github.io/biblioteche-fantasma/resource/library/IT-CS0104,IT-CS0104,Biblioteca Diocesana Mons. L. Rinaldi,manoscritti,7
https://ameliamorsellino.github.io/biblioteche-fantasma/resource/library/IT-EN0032,IT-EN0032,Biblioteca Diocesana Paolo VI,manoscritti,4
https://ameliamorsellino.github.io/biblioteche-fantasma/resource/library/IT-CN0276,IT-CN0276,Biblioteca Diocesana Saluzzo,manoscritti,10
https://ameliamorsellino.github.io/biblioteche-fantasma/resource/library/IT-CE0047,IT-CE0047,Biblioteca Diocesana Seminario,manoscritti,21
https://ameliamorsellino.github.io/biblioteche-fantasma/resource/library/IT-TN0132,IT-TN0132,Biblioteca Diocesana Vigilianum,manoscritti,493
https://ameliamorsellino.github.io/biblioteche-fantasma/resource/library/IT-BG0039,IT-BG0039,Biblioteca Diocesana del Seminario Vescovile Giovanni XXIII,manoscritti,10
https://ameliamorsellino.github.io/biblioteche-fantasma/resource/library/IT-CR0055,IT-CR0055,Biblioteca Diocesana di Crema,manoscritti,50
https://ameliamorsellino.github.io/biblioteche-fantasma/resource/library/IT-NU0042,IT-NU0042,Biblioteca Diocesana di Nuoro,manoscritti,
https://ameliamorsellino.github.io/biblioteche-fantasma/resource/library/IT-TR0040,IT-TR0040,Biblioteca Diocesana «Angelo Mai»,manoscritti,30
https://ameliamorsellino.github.io/biblioteche-fantasma/resource/library/IT-ME0116,IT-ME0116,Biblioteca Divus Thomas del Seminario Vescovile,manoscritti,12
https://ameliamorsellino.github.io/biblioteche-fantasma/resource/library/IT-NA0228,IT-NA0228,Biblioteca Domenicana,manoscritti,1
https://ameliamorsellino.github.io/biblioteche-fantasma/resource/library/IT-CE0189,IT-CE0189,Biblioteca Don Milani,manoscritti,30
https://ameliamorsellino.github.io/biblioteche-fantasma/resource/library/IT-SV0221,IT-SV0221,Biblioteca Don Umberto Barbera,manoscritti,5
https://ameliamorsellino.github.io/biblioteche-fantasma/resource/library/IT-GE0047,IT-GE0047,Biblioteca Durazzo,manoscritti,
https://ameliamorsellino.github.io/biblioteche-fantasma/resource/library/IT-SA0272,IT-SA0272,Biblioteca Edith Stein,manoscritti,
https://ameliamorsellino.github.io/biblioteche-fantasma/resource/library/IT-MC0083,IT-MC0083,Biblioteca Egidiana,manoscritti,500
https://ameliamorsellino.github.io/biblioteche-fantasma/resource/library/IT-IS0071,IT-IS0071,Biblioteca Emidiana della Diocesi di Trivento - Parrocchia S. Emidio,manoscritti,50
https://ameliamorsellino.github.io/biblioteche-fantasma/resource/library/IT-FI0177,IT-FI0177,Biblioteca Ernesto Ragionieri,manoscritti,1
https://ameliamorsellino.github.io/biblioteche-fantasma/resource/library/IT-MO0089,IT-MO0089,Biblioteca Estense Universitaria,manoscritti,171202
https://ameliamorsellino.github.io/biblioteche-fantasma/resource/library/IT-PA0087,IT-PA0087,Biblioteca Etnografica Giuseppe Pitré,manoscritti,5000
https://ameliamorsellino.github.io/biblioteche-fantasma/resource/library/IT-TS0137,IT-TS0137,Biblioteca Europa. Generale - Università degli studi di Trieste,manoscritti,4
https://ameliamorsellino.github.io/biblioteche-fantasma/resource/library/IT-PT0026,IT-PT0026,Biblioteca Fabroniana,manoscritti,419
https://ameliamorsellino.github.io/biblioteche-fantasma/resource/library/IT-TP0022,IT-TP0022,Biblioteca Fardelliana,manoscritti,446
https://ameliamorsellino.github.io/biblioteche-fantasma/resource/library/IT-OR0256,IT-OR0256,Biblioteca Felice Mastino,manoscritti,12
https://ameliamorsellino.github.io/biblioteche-fantasma/resource/library/IT-TN0157,IT-TN0157,Biblioteca Fondazione Bruno Kessler,manoscritti,625
https://ameliamorsellino.github.io/biblioteche-fantasma/resource/library/IT-VI0095,IT-VI0095,"Biblioteca Fondazione Centro Internazionale di Studi di Architettura ""Andrea Palladio""",manoscritti,3
https://ameliamorsellino.github.io/biblioteche-fantasma/resource/library/IT-PG0147,IT-PG0147,Biblioteca Fondazione Ranieri di Sorbello ETS,manoscritti,49
https://ameliamorsellino.github.io/biblioteche-fantasma/resource/library/IT-PA0272,IT-PA0272,Biblioteca Francescana di Palermo,manoscritti,60
https://ameliamorsellino.github.io/biblioteche-fantasma/resource/library/IT-AP0083,IT-AP0083,Biblioteca Francesco Antonio Marcucci,manoscritti,10
https://ameliamorsellino.github.io/biblioteche-fantasma/resource/library/IT-AV0169,IT-AV0169,Biblioteca Francesco Tulino/Giuseppa Fiordellisi,manoscritti,3
https://ameliamorsellino.github.io/biblioteche-fantasma/resource/library/IT-PI0368,IT-PI0368,Biblioteca Franco Serantini,manoscritti,270
https://ameliamorsellino.github.io/biblioteche-fantasma/resource/library/IT-LU0006,IT-LU0006,Biblioteca Fratelli Pellegrini,manoscritti,20
https://ameliamorsellino.github.io/biblioteche-fantasma/resource/library/IT-NO0064,IT-NO0064,Biblioteca Gaudenziana della diocesi di Novara,manoscritti,277
https://ameliamorsellino.github.io/biblioteche-fantasma/resource/library/IT-PG0027,IT-PG0027,Biblioteca Gertrudis Magna,manoscritti,1
https://ameliamorsellino.github.io/biblioteche-fantasma/resource/library/IT-PU0156,IT-PU0156,Biblioteca Gian Battista Marini,manoscritti,
https://ameliamorsellino.github.io/biblioteche-fantasma/resource/library/IT-TN0039,IT-TN0039,Biblioteca Gian Pietro Muratori,manoscritti,
https://ameliamorsellino.github.io/biblioteche-fantasma/resource/library/IT-PG0418,IT-PG0418,Biblioteca Giovanni Carandente della Galleria civica d'arte moderna,manoscritti,3
https://ameliamorsellino.github.io/biblioteche-fantasma/resource/library/IT-MI1999,IT-MI1999,Biblioteca Giovanni Testori,manoscritti,100
https://ameliamorsellino.github.io/biblioteche-fantasma/resource/library/IT-FR0072,IT-FR0072,Biblioteca Giovardiana,manoscritti,597
https://ameliamorsellino.github.io/biblioteche-fantasma/resource/library/IT-BG0380,IT-BG0380,Biblioteca Girolamo Zanchi del Centro culturale protestante di Bergamo,manoscritti,1
https://ameliamorsellino.github.io/biblioteche-fantasma/resource/library/IT-TN0019,IT-TN0019,Biblioteca Giudicarie Esteriori,manoscritti,6
https://ameliamorsellino.github.io/biblioteche-fantasma/resource/library/IT-RM1904,IT-RM1904,Biblioteca Giuridica Federico Cesi,manoscritti,
https://ameliamorsellino.github.io/biblioteche-fantasma/resource/library/IT-PA0497,IT-PA0497,Biblioteca Giuseppe Leggio dell'Associazione per la Conservazione delle Tradizioni Popolari e del Mu,manoscritti,178
https://ameliamorsellino.github.io/biblioteche-fantasma/resource/library/IT-FR0082,IT-FR0082,Biblioteca Giuseppe Marchetti Longhi,manoscritti,
https://ameliamorsellino.github.io/biblioteche-fantasma/resource/library/IT-RM1905,IT-RM1905,Biblioteca Giuseppe Medici dell' Istituto Nazionale Sociologia Rurale. Insor,manoscritti,100
https://ameliamorsellino.github.io/biblioteche-fantasma/resource/library/IT-CA0296,IT-CA0296,Biblioteca Giuseppe Siotto,manoscritti,2
https://ameliamorsellino.github.io/biblioteche-fantasma/resource/library/IT-BI0026,IT-BI0026,Biblioteca Giuseppe Valetto dell'Unione industriale biellese,manoscritti,
https://ameliamorsellino.github.io/biblioteche-fantasma/resource/library/IT-OR0095,IT-OR0095,Biblioteca Gramsciana,manoscritti,45
https://ameliamorsellino.github.io/biblioteche-fantasma/resource/library/IT-CS0036,IT-CS0036,Biblioteca Greco,manoscritti,43
https://ameliamorsellino.github.io/biblioteche-fantasma/resource/library/IT-PI0176,IT-PI0176,Biblioteca Guarnacci,manoscritti,514
https://ameliamorsellino.github.io/biblioteche-fantasma/resource/library/IT-FI0330,IT-FI0330,Biblioteca Harold Acton del British Institute Of Florence,manoscritti,257
https://ameliamorsellino.github.io/biblioteche-fantasma/resource/library/IT-SR0019,IT-SR0019,Biblioteca Historica. Museo di Cavalleria e d'Africa,manoscritti,3000
https://ameliamorsellino.github.io/biblioteche-fantasma/resource/library/IT-LE0211,IT-LE0211,Biblioteca Innocenzo XII,manoscritti,190
https://ameliamorsellino.github.io/biblioteche-fantasma/resource/library/IT-TN0183,IT-TN0183,Biblioteca Intercomunale di Predaia - Sede di Coredo,manoscritti,2
https://ameliamorsellino.github.io/biblioteche-fantasma/resource/library/IT-TN0116,IT-TN0116,Biblioteca Intercomunale di Predaia - Sede di Taio,manoscritti,3
https://ameliamorsellino.github.io/biblioteche-fantasma/resource/library/IT-TN0055,IT-TN0055,Biblioteca Intercomunale di Primiero,manoscritti,6
https://ameliamorsellino.github.io/biblioteche-fantasma/resource/library/IT-LU0046,IT-LU0046,Biblioteca Interistituzionale Gastone Venturelli,manoscritti,10
https://ameliamorsellino.github.io/biblioteche-fantasma/resource/library/IT-GE0163,IT-GE0163,Biblioteca Internazionale Città di Rapallo,manoscritti,1
https://ameliamorsellino.github.io/biblioteche-fantasma/resource/library/IT-TO0870,IT-TO0870,Biblioteca Internazionale di Letteratura Giovanile della Fondazione Tancredi di Barolo ,manoscritti,120
https://ameliamorsellino.github.io/biblioteche-fantasma/resource/library/IT-RM1094,IT-RM1094,Biblioteca Invalsi 'Aldo Visalberghi',manoscritti,1
https://ameliamorsellino.github.io/biblioteche-fantasma/resource/library/IT-RM0108,IT-RM0108,Biblioteca IsIAO,manoscritti,1
https://ameliamorsellino.github.io/biblioteche-fantasma/resource/library/IT-MI0559,IT-MI0559,Biblioteca Isimbardi,manoscritti,5
https://ameliamorsellino.github.io/biblioteche-fantasma/resource/library/IT-PV0313,IT-PV0313,Biblioteca Istituto Scientifico di Montescano,manoscritti,844
https://ameliamorsellino.github.io/biblioteche-fantasma/resource/library/IT-RM1233,IT-RM1233,Biblioteca Istituzionale della Città Metropolitana di Roma Capitale - Villa Altieri,manoscritti,91
https://ameliamorsellino.github.io/biblioteche-fantasma/resource/library/IT-BO0284,IT-BO0284,"Biblioteca Italiana delle Donne - Centro di Documentazione, Ricerca e Iniziativa delle Donne",manoscritti,1
https://ameliamorsellino.github.io/biblioteche-fantasma/resource/library/IT-RM2014,IT-RM2014,Biblioteca Italo Viglianesi,manoscritti,50
https://ameliamorsellino.github.io/biblioteche-fantasma/resource/library/IT-RM0666,IT-RM0666,Biblioteca Keats Shelley memorial library,manoscritti,2000
https://ameliamorsellino.github.io/biblioteche-fantasma/resource/library/IT-PO0032,IT-PO0032,Biblioteca L. Bettarini della Scuola di musica Giuseppe Verdi,manoscritti,5000
https://ameliamorsellino.github.io/biblioteche-fantasma/resource/library/IT-PG0040,IT-PG0040,Biblioteca L. Jacobilli,manoscritti,800
https://ameliamorsellino.github.io/biblioteche-fantasma/resource/library/IT-NA0304,IT-NA0304,Biblioteca La Montagna. Club alpino italiano. Sezione di Napoli,manoscritti,1
https://ameliamorsellino.github.io/biblioteche-fantasma/resource/library/IT-RM0260,IT-RM0260,Biblioteca Lancisiana,manoscritti,374
https://ameliamorsellino.github.io/biblioteche-fantasma/resource/library/IT-SA0075,IT-SA0075,Biblioteca Leonardo Angeloni,manoscritti,315
https://ameliamorsellino.github.io/biblioteche-fantasma/resource/library/IT-PT0019,IT-PT0019,Biblioteca Leoniana,manoscritti,297
https://ameliamorsellino.github.io/biblioteche-fantasma/resource/library/IT-FE0013,IT-FE0013,Biblioteca Lionello Poletti dell'Accademia delle scienze di Ferrara,manoscritti,7000
https://ameliamorsellino.github.io/biblioteche-fantasma/resource/library/IT-MI0169,IT-MI0169,Biblioteca Livia Simoni - Museo teatrale alla Scala,manoscritti,15000
https://ameliamorsellino.github.io/biblioteche-fantasma/resource/library/IT-TS0265,IT-TS0265,Biblioteca Livio Paladin del Consiglio Regionale del Friuli Venezia Giulia,manoscritti,10
https://ameliamorsellino.github.io/biblioteche-fantasma/resource/library/IT-BL0008,IT-BL0008,Biblioteca Lolliniana,manoscritti,190
https://ameliamorsellino.github.io/biblioteche-fantasma/resource/library/IT-AG0085,IT-AG0085,Biblioteca Lucchesiana,manoscritti,350
https://ameliamorsellino.github.io/biblioteche-fantasma/resource/library/IT-KR0026,IT-KR0026,Biblioteca Lucifero,manoscritti,
https://ameliamorsellino.github.io/biblioteche-fantasma/resource/library/IT-PA0056,IT-PA0056,Biblioteca Ludovico II De Torres,manoscritti,5
https://ameliamorsellino.github.io/biblioteche-fantasma/resource/library/IT-RM0410,IT-RM0410,Biblioteca Luigi Chiarini,manoscritti,2000
https://ameliamorsellino.github.io/biblioteche-fantasma/resource/library/IT-SO0094,IT-SO0094,Biblioteca Luigi Credaro della Banca Popolare di Sondrio,manoscritti,25000
https://ameliamorsellino.github.io/biblioteche-fantasma/resource/library/IT-BO0385,IT-BO0385,Biblioteca Luigi Fantini dell'Unione speleologica bolognese,manoscritti,3000
https://ameliamorsellino.github.io/biblioteche-fantasma/resource/library/IT-MN0124,IT-MN0124,Biblioteca Luigi Gatti del Conservatorio Lucio Campiani,manoscritti,405
https://ameliamorsellino.github.io/biblioteche-fantasma/resource/library/IT-FC0011,IT-FC0011,Biblioteca Malatestiana,manoscritti,1479
https://ameliamorsellino.github.io/biblioteche-fantasma/resource/library/IT-RE0036,IT-RE0036,Biblioteca Maldotti,manoscritti,3500
https://ameliamorsellino.github.io/biblioteche-fantasma/resource/library/IT-CN0130,IT-CN0130,Biblioteca Marchionale,manoscritti,
https://ameliamorsellino.github.io/biblioteche-fantasma/resource/library/IT-RM0211,IT-RM0211,Biblioteca Marco Besso,manoscritti,
https://ameliamorsellino.github.io/biblioteche-fantasma/resource/library/IT-RM0994,IT-RM0994,Biblioteca Marco Polo - Sapienza Università di Roma,manoscritti,3
https://ameliamorsellino.github.io/biblioteche-fantasma/resource/library/IT-FR0005,IT-FR0005,Biblioteca Mariana,manoscritti,
https://ameliamorsellino.github.io/biblioteche-fantasma/resource/library/IT-TS0103,IT-TS0103,Biblioteca Mario Marzari del Civico Museo del Mare,manoscritti,20
https://ameliamorsellino.github.io/biblioteche-fantasma/resource/library/IT-NA0607,IT-NA0607,Biblioteca Mario Pilati del Centro italiano di musica da camera,manoscritti,54
https://ameliamorsellino.github.io/biblioteche-fantasma/resource/library/IT-FI0101,IT-FI0101,Biblioteca Marucelliana,manoscritti,79169
https://ameliamorsellino.github.io/biblioteche-fantasma/resource/library/IT-RM1301,IT-RM1301,Biblioteca María Zambrano - Instituto Cervantes di Roma,manoscritti,
https://ameliamorsellino.github.io/biblioteche-fantasma/resource/library/IT-RM0582,IT-RM0582,Biblioteca Mater Dei,manoscritti,40
https://ameliamorsellino.github.io/biblioteche-fantasma/resource/library/IT-MT0132,IT-MT0132,Biblioteca Mauro e Camilla Padula ,manoscritti,17
https://ameliamorsellino.github.io/biblioteche-fantasma/resource/library/IT-FI0362,IT-FI0362,Biblioteca Mediateca - Institut Français Firenze,manoscritti,
https://ameliamorsellino.github.io/biblioteche-fantasma/resource/library/IT-GE0042,IT-GE0042,"Biblioteca Medica ""Mario Segale"" Ospedale Galliera",manoscritti,2
https://ameliamorsellino.github.io/biblioteche-fantasma/resource/library/IT-RM0263,IT-RM0263,Biblioteca Medica Statale,manoscritti,11
https://ameliamorsellino.github.io/biblioteche-fantasma/resource/library/IT-FI0100,IT-FI0100,Biblioteca Medicea Laurenziana,manoscritti,11046
https://ameliamorsellino.github.io/biblioteche-fantasma/resource/library/IT-TE0024,IT-TE0024,Biblioteca Melchiorre Dèlfico,manoscritti,
https://ameliamorsellino.github.io/biblioteche-fantasma/resource/library/IT-BA0136,IT-BA0136,Biblioteca Metropolitana De Gemmis,manoscritti,50000
https://ameliamorsellino.github.io/biblioteche-fantasma/resource/library/IT-FR0002,IT-FR0002,Biblioteca Molella,manoscritti,80
https://ameliamorsellino.github.io/biblioteche-fantasma/resource/library/IT-CH0164,IT-CH0164,Biblioteca Monastero Santa Maria dei miracoli,manoscritti,98
https://ameliamorsellino.github.io/biblioteche-fantasma/resource/library/IT-BS0060,IT-BS0060,Biblioteca Morcelliana,manoscritti,3000
https://ameliamorsellino.github.io/biblioteche-fantasma/resource/library/IT-FI0099,IT-FI0099,Biblioteca Moreniana,manoscritti,4000
https://ameliamorsellino.github.io/biblioteche-fantasma/resource/library/IT-MC0409,IT-MC0409,Biblioteca Mosca-Giorgi,manoscritti,10
https://ameliamorsellino.github.io/biblioteche-fantasma/resource/library/IT-AN0033,IT-AN0033,"Biblioteca Multimediale ""R. Sassi""",manoscritti,254
https://ameliamorsellino.github.io/biblioteche-fantasma/resource/library/IT-TP0037,IT-TP0037,"Biblioteca Multimediale Barbara Rizzo, Giuseppe e Salvatore Asta",manoscritti,250
https://ameliamorsellino.github.io/biblioteche-fantasma/resource/library/IT-SR0099,IT-SR0099,Biblioteca MusIF - Museo dell'Informatica Funzionante,manoscritti,100
https://ameliamorsellino.github.io/biblioteche-fantasma/resource/library/IT-AG0091,IT-AG0091,Biblioteca Museo Luigi Pirandello,manoscritti,3359
https://ameliamorsellino.github.io/biblioteche-fantasma/resource/library/IT-RM0279,IT-RM0279,Biblioteca Museo Teatrale SIAE,manoscritti,50
https://ameliamorsellino.github.io/biblioteche-fantasma/resource/library/IT-VE0307,IT-VE0307,Biblioteca Museo del vetro di Murano,manoscritti,65
https://ameliamorsellino.github.io/biblioteche-fantasma/resource/library/IT-CE0013,IT-CE0013,Biblioteca Museo della Reggia di Caserta,manoscritti,1629
https://ameliamorsellino.github.io/biblioteche-fantasma/resource/library/IT-TV0118,IT-TV0118,Biblioteca Musicale di Treviso,manoscritti,75
https://ameliamorsellino.github.io/biblioteche-fantasma/resource/library/IT-AQ0159,IT-AQ0159,Biblioteca Muzio Febonio,manoscritti,75
https://ameliamorsellino.github.io/biblioteche-fantasma/resource/library/IT-BA0018,IT-BA0018,Biblioteca Nazionale Sagarriga Visconti Volpi,manoscritti,16916
https://ameliamorsellino.github.io/biblioteche-fantasma/resource/library/IT-TO0265,IT-TO0265,Biblioteca Nazionale Universitaria,manoscritti,34415
https://ameliamorsellino.github.io/biblioteche-fantasma/resource/library/IT-RM0166,IT-RM0166,"Biblioteca Nazionale dell’Ebraismo Italiano ""Tullia Zevi”",manoscritti,276
https://ameliamorsellino.github.io/biblioteche-fantasma/resource/library/IT-CS0143,IT-CS0143,Biblioteca Nazionale di Cosenza,manoscritti,5
https://ameliamorsellino.github.io/biblioteche-fantasma/resource/library/IT-SP0058,IT-SP0058,Biblioteca Niccolò V,manoscritti,
https://ameliamorsellino.github.io/biblioteche-fantasma/resource/library/IT-LE0098,IT-LE0098,Biblioteca Nicola Bernardini,manoscritti,489
https://ameliamorsellino.github.io/biblioteche-fantasma/resource/library/IT-PA0550,IT-PA0550,Biblioteca Nino Muccioli,manoscritti,10
https://ameliamorsellino.github.io/biblioteche-fantasma/resource/library/IT-CE0065,IT-CE0065,Biblioteca Oblata Sant'Eugenio de Mazenod,manoscritti,10
https://ameliamorsellino.github.io/biblioteche-fantasma/resource/library/IT-PA0690,IT-PA0690,Biblioteca Oblata Sant'Eugenio de Mazenod,manoscritti,5
https://ameliamorsellino.github.io/biblioteche-fantasma/resource/library/IT-MI1141,IT-MI1141,Biblioteca Oblati missionari,manoscritti,35
https://ameliamorsellino.github.io/biblioteche-fantasma/resource/library/IT-FR0198,IT-FR0198,Biblioteca Oltre l'Occidente,manoscritti,5
https://ameliamorsellino.github.io/biblioteche-fantasma/resource/library/IT-VR0065,IT-VR0065,Biblioteca Opera don Calabria S. Zeno in Monte,manoscritti,
https://ameliamorsellino.github.io/biblioteche-fantasma/resource/library/IT-SI0137,IT-SI0137,Biblioteca Otello Terzani,manoscritti,3
https://ameliamorsellino.github.io/biblioteche-fantasma/resource/library/IT-BS0211,IT-BS0211,Biblioteca Ottorino Marcolini dell'Università cattolica del Sacro Cuore,manoscritti,60
https://ameliamorsellino.github.io/biblioteche-fantasma/resource/library/IT-LE0233,IT-LE0233,Biblioteca Padre Placido Caputo,manoscritti,2
https://ameliamorsellino.github.io/biblioteche-fantasma/resource/library/IT-MO0087,IT-MO0087,Biblioteca Pagliaroli di Baggiovara,manoscritti,484
https://ameliamorsellino.github.io/biblioteche-fantasma/resource/library/IT-ME0052,IT-ME0052,Biblioteca Painiana del Seminario Arcivescovile S. Pio X,manoscritti,250
https://ameliamorsellino.github.io/biblioteche-fantasma/resource/library/IT-PR0072,IT-PR0072,Biblioteca Palatina,manoscritti,142424
https://ameliamorsellino.github.io/biblioteche-fantasma/resource/library/IT-PR0071,IT-PR0071,Biblioteca Palatina. Sezione musicale,manoscritti,
https://ameliamorsellino.github.io/biblioteche-fantasma/resource/library/IT-RM0324,IT-RM0324,Biblioteca Paolo Baffi,manoscritti,5
https://ameliamorsellino.github.io/biblioteche-fantasma/resource/library/IT-TA0097,IT-TA0097,"Biblioteca Parrocchiale ""San Carlo Borromeo""",manoscritti,
https://ameliamorsellino.github.io/biblioteche-fantasma/resource/library/IT-VE0206,IT-VE0206,Biblioteca Pedagogica,manoscritti,2
https://ameliamorsellino.github.io/biblioteche-fantasma/resource/library/IT-SV0059,IT-SV0059,Biblioteca Perrando dell'Associazione Amici del Sassello,manoscritti,800
https://ameliamorsellino.github.io/biblioteche-fantasma/resource/library/IT-CT0298,IT-CT0298,Biblioteca Philippiana,manoscritti,7
https://ameliamorsellino.github.io/biblioteche-fantasma/resource/library/IT-CN0329,IT-CN0329,Biblioteca Pinacoteca Mario Lattes della Fondazione Bottari Lattes,manoscritti,10
https://ameliamorsellino.github.io/biblioteche-fantasma/resource/library/IT-PR0004,IT-PR0004,Biblioteca Pio Istituto Domenico Manara,manoscritti,36
https://ameliamorsellino.github.io/biblioteche-fantasma/resource/library/IT-BN0064,IT-BN0064,Biblioteca Pio XI del Seminario arcivescovile,manoscritti,
https://ameliamorsellino.github.io/biblioteche-fantasma/resource/library/IT-AR0069,IT-AR0069,Biblioteca Poggiana,manoscritti,4000
https://ameliamorsellino.github.io/biblioteche-fantasma/resource/library/IT-MN0142,IT-MN0142,Biblioteca Polo Museale Vespasiano Gonzaga,manoscritti,701
https://ameliamorsellino.github.io/biblioteche-fantasma/resource/library/IT-TE0045,IT-TE0045,"Biblioteca Polo Umanistico - Bioscienze ""Giovanna Mancini""",manoscritti,
https://ameliamorsellino.github.io/biblioteche-fantasma/resource/library/IT-VA0019,IT-VA0019,Biblioteca Popolare Ornella Contini,manoscritti,2
https://ameliamorsellino.github.io/biblioteche-fantasma/resource/library/IT-PG0179,IT-PG0179,Biblioteca Porziuncola,manoscritti,220
https://ameliamorsellino.github.io/biblioteche-fantasma/resource/library/IT-TN0134,IT-TN0134,Biblioteca Provinciale cappuccini di Trento,manoscritti,800
https://ameliamorsellino.github.io/biblioteche-fantasma/resource/library/IT-PZ0081,IT-PZ0081,Biblioteca Provinciale di Potenza,manoscritti,21
https://ameliamorsellino.github.io/biblioteche-fantasma/resource/library/IT-RO0044,IT-RO0044,Biblioteca Provinciale di Rovigo,manoscritti,3
https://ameliamorsellino.github.io/biblioteche-fantasma/resource/library/IT-LU0125,IT-LU0125,Biblioteca Pubblica Assistenza Croce Verde,manoscritti,50
https://ameliamorsellino.github.io/biblioteche-fantasma/resource/library/IT-TN0099,IT-TN0099,Biblioteca Pubblica Comunale di Sella Giudicarie,manoscritti,15
https://ameliamorsellino.github.io/biblioteche-fantasma/resource/library/IT-TN0120,IT-TN0120,Biblioteca Pubblica Intercomunale di Tione di Trento,manoscritti,49
https://ameliamorsellino.github.io/biblioteche-fantasma/resource/library/IT-FC0205,IT-FC0205,Biblioteca Quadrio dell'Associazione Mazziniana Italiana - AMI,manoscritti,100
https://ameliamorsellino.github.io/biblioteche-fantasma/resource/library/IT-NA0431,IT-NA0431,Biblioteca Rafael Alberti del Instituto Cervantes,manoscritti,8
https://ameliamorsellino.github.io/biblioteche-fantasma/resource/library/IT-TO0263,IT-TO0263,Biblioteca Reale di Torino,manoscritti,5500
https://ameliamorsellino.github.io/biblioteche-fantasma/resource/library/IT-CH0020,IT-CH0020,Biblioteca Regionale Angelo Camillo De Meis,manoscritti,4500
https://ameliamorsellino.github.io/biblioteche-fantasma/resource/library/IT-AQ0047,IT-AQ0047,Biblioteca Regionale Salvatore Tommasi,manoscritti,3000
https://ameliamorsellino.github.io/biblioteche-fantasma/resource/library/IT-PA0511,IT-PA0511,Biblioteca Regionale dei Domenicani,manoscritti,3
https://ameliamorsellino.github.io/biblioteche-fantasma/resource/library/IT-BO0286,IT-BO0286,Biblioteca Renzo Renzi. Cinema e Fotografia,manoscritti,3441
https://ameliamorsellino.github.io/biblioteche-fantasma/resource/library/IT-FI0094,IT-FI0094,Biblioteca Riccardiana,manoscritti,4460
https://ameliamorsellino.github.io/biblioteche-fantasma/resource/library/IT-CN0330,IT-CN0330,Biblioteca Rifugio Mongioie,manoscritti,1
https://ameliamorsellino.github.io/biblioteche-fantasma/resource/library/IT-NA0536,IT-NA0536,Biblioteca Rina Rossotto,manoscritti,
https://ameliamorsellino.github.io/biblioteche-fantasma/resource/library/IT-LE0097,IT-LE0097,Biblioteca Roberto Caracciolo,manoscritti,112
https://ameliamorsellino.github.io/biblioteche-fantasma/resource/library/IT-TR0276,IT-TR0276,Biblioteca Roberto Galvano dell'Unione Italiana Libero teatro - U.I.L.T. ,manoscritti,20
https://ameliamorsellino.github.io/biblioteche-fantasma/resource/library/IT-CB0062,IT-CB0062,Biblioteca Roberto e Linda Testa,manoscritti,280
https://ameliamorsellino.github.io/biblioteche-fantasma/resource/library/IT-TA0071,IT-TA0071,Biblioteca Romano Guardini dell'Istituto superiore di scienze religiose,manoscritti,
https://ameliamorsellino.github.io/biblioteche-fantasma/resource/library/IT-PO0005,IT-PO0005,Biblioteca Roncioniana,manoscritti,3552
https://ameliamorsellino.github.io/biblioteche-fantasma/resource/library/IT-TN0105,IT-TN0105,Biblioteca Rosminiana,manoscritti,183
https://ameliamorsellino.github.io/biblioteche-fantasma/resource/library/IT-NA0262,IT-NA0262,Biblioteca S. Alfonso dei PP. redentoristi di Marianella,manoscritti,15
https://ameliamorsellino.github.io/biblioteche-fantasma/resource/library/IT-SA0037,IT-SA0037,Biblioteca S. Antonio dottore,manoscritti,5
https://ameliamorsellino.github.io/biblioteche-fantasma/resource/library/IT-VV0036,IT-VV0036,Biblioteca S. Domenico,manoscritti,
https://ameliamorsellino.github.io/biblioteche-fantasma/resource/library/IT-TA0022,IT-TA0022,Biblioteca S. Egidio da Taranto,manoscritti,
https://ameliamorsellino.github.io/biblioteche-fantasma/resource/library/IT-RI0163,IT-RI0163,Biblioteca S. Filippa Mareri,manoscritti,7
https://ameliamorsellino.github.io/biblioteche-fantasma/resource/library/IT-NA0251,IT-NA0251,Biblioteca S. Francesco,manoscritti,1
https://ameliamorsellino.github.io/biblioteche-fantasma/resource/library/IT-SA0048,IT-SA0048,Biblioteca S. Francesco,manoscritti,
https://ameliamorsellino.github.io/biblioteche-fantasma/resource/library/IT-TA0019,IT-TA0019,Biblioteca S. Francesco,manoscritti,
https://ameliamorsellino.github.io/biblioteche-fantasma/resource/library/IT-TA0005,IT-TA0005,Biblioteca S. Francesco de Geronimo,manoscritti,50
https://ameliamorsellino.github.io/biblioteche-fantasma/resource/library/IT-BG0196,IT-BG0196,Biblioteca S. Giacomo del Monastero benedettino,manoscritti,100
https://ameliamorsellino.github.io/biblioteche-fantasma/resource/library/IT-AV0081,IT-AV0081,Biblioteca S. Giovanni del Palco,manoscritti,50
https://ameliamorsellino.github.io/biblioteche-fantasma/resource/library/IT-PI0168,IT-PI0168,Biblioteca S. Giuseppe Custos Verbi,manoscritti,
https://ameliamorsellino.github.io/biblioteche-fantasma/resource/library/IT-AQ0149,IT-AQ0149,Biblioteca S. Maria Orientale,manoscritti,15
https://ameliamorsellino.github.io/biblioteche-fantasma/resource/library/IT-CS0072,IT-CS0072,Biblioteca S. Maria degli Angeli,manoscritti,2
https://ameliamorsellino.github.io/biblioteche-fantasma/resource/library/IT-PE0052,IT-PE0052,Biblioteca S. Maria del Paradiso,manoscritti,
https://ameliamorsellino.github.io/biblioteche-fantasma/resource/library/IT-BA0338,IT-BA0338,Biblioteca S. Nicola dei Padri domenicani,manoscritti,10
https://ameliamorsellino.github.io/biblioteche-fantasma/resource/library/IT-NU0130,IT-NU0130,Biblioteca S. Satta. Sezione Sardegna,manoscritti,190
https://ameliamorsellino.github.io/biblioteche-fantasma/resource/library/IT-CB0006,IT-CB0006,Biblioteca Sacro Cuore dei padri cappuccini,manoscritti,10
https://ameliamorsellino.github.io/biblioteche-fantasma/resource/library/IT-BO0563,IT-BO0563,Biblioteca Salaborsa,manoscritti,17
https://ameliamorsellino.github.io/biblioteche-fantasma/resource/library/IT-MI2001,IT-MI2001,Biblioteca San Barnaba dell'Istituto Zaccaria,manoscritti,100
https://ameliamorsellino.github.io/biblioteche-fantasma/resource/library/IT-VR0057,IT-VR0057,Biblioteca San Bernardino,manoscritti,22
https://ameliamorsellino.github.io/biblioteche-fantasma/resource/library/IT-AV0106,IT-AV0106,Biblioteca San Francesco,manoscritti,2
https://ameliamorsellino.github.io/biblioteche-fantasma/resource/library/IT-VE0031,IT-VE0031,Biblioteca San Francesco della Vigna,manoscritti,1000
https://ameliamorsellino.github.io/biblioteche-fantasma/resource/library/IT-AQ0044,IT-AQ0044,Biblioteca San Giuliano dei Frati Minori,manoscritti,100
https://ameliamorsellino.github.io/biblioteche-fantasma/resource/library/IT-TA0030,IT-TA0030,Biblioteca San Paolo della Croce,manoscritti,200
https://ameliamorsellino.github.io/biblioteche-fantasma/resource/library/IT-CA0014,IT-CA0014,Biblioteca San Tommaso d'Aquino del Convento P.P. Domenicani,manoscritti,7
https://ameliamorsellino.github.io/biblioteche-fantasma/resource/library/IT-TA0130,IT-TA0130,Biblioteca Sant'Agostino,manoscritti,
https://ameliamorsellino.github.io/biblioteche-fantasma/resource/library/IT-ME0448,IT-ME0448,Biblioteca Sedes Sapientiae Parrocchia S. Lucia,manoscritti,10
https://ameliamorsellino.github.io/biblioteche-fantasma/resource/library/IT-CE0069,IT-CE0069,Biblioteca Seminariale Paolo VI,manoscritti,100
https://ameliamorsellino.github.io/biblioteche-fantasma/resource/library/IT-PI0278,IT-PI0278,Biblioteca Sms Pisa,manoscritti,1300
https://ameliamorsellino.github.io/biblioteche-fantasma/resource/library/IT-CT0023,IT-CT0023,Biblioteca Società Storica Catanese,manoscritti,10
https://ameliamorsellino.github.io/biblioteche-fantasma/resource/library/IT-CE0072,IT-CE0072,"Biblioteca Soprintendenza Archeologia, Belle arti e paesaggio per le province di Caserta e Benevento",manoscritti,1
https://ameliamorsellino.github.io/biblioteche-fantasma/resource/library/IT-CS0038,IT-CS0038,Biblioteca Ss. Crocifisso dei Frati Minori Cappuccini di Calabria,manoscritti,67
https://ameliamorsellino.github.io/biblioteche-fantasma/resource/library/IT-LU0022,IT-LU0022,Biblioteca Statale,manoscritti,25758
https://ameliamorsellino.github.io/biblioteche-fantasma/resource/library/IT-GO0025,IT-GO0025,Biblioteca Statale Isontina,manoscritti,988
https://ameliamorsellino.github.io/biblioteche-fantasma/resource/library/IT-TS0027,IT-TS0027,Biblioteca Statale Stelio Crise di Trieste,manoscritti,32
https://ameliamorsellino.github.io/biblioteche-fantasma/resource/library/IT-FR0073,IT-FR0073,Biblioteca Statale del Monumento Nazionale di Casamari,manoscritti,283
https://ameliamorsellino.github.io/biblioteche-fantasma/resource/library/IT-PD0077,IT-PD0077,Biblioteca Statale del Monumento Nazionale di Santa Giustina,manoscritti,84
https://ameliamorsellino.github.io/biblioteche-fantasma/resource/library/IT-MC0197,IT-MC0197,Biblioteca Statale di Macerata,manoscritti,89
https://ameliamorsellino.github.io/biblioteche-fantasma/resource/library/IT-CS0231,IT-CS0231,Biblioteca Stefano Rodotà del Liceo Classico Bernardino Telesio,manoscritti,1
https://ameliamorsellino.github.io/biblioteche-fantasma/resource/library/IT-PA0675,IT-PA0675,Biblioteca Stella Maris dell'Istituto euro-mediterraneo di scienza e tecnologia - I.E.ME.S.T. ,manoscritti,300
https://ameliamorsellino.github.io/biblioteche-fantasma/resource/library/IT-BL0072,IT-BL0072,Biblioteca Storica Cadorina di Vigo di Cadore,manoscritti,366
https://ameliamorsellino.github.io/biblioteche-fantasma/resource/library/IT-NU0103,IT-NU0103,Biblioteca Storica Pietro Meloni Satta,manoscritti,14
https://ameliamorsellino.github.io/biblioteche-fantasma/resource/library/IT-ME0198,IT-ME0198,Biblioteca Storica comunale del 600' 'B. Craxi',manoscritti,2200
https://ameliamorsellino.github.io/biblioteche-fantasma/resource/library/IT-VE0266,IT-VE0266,Biblioteca Storica di San Servolo,manoscritti,10
https://ameliamorsellino.github.io/biblioteche-fantasma/resource/library/IT-TN0251,IT-TN0251,"Biblioteca Studenti ""don Lorenzo Guetti"" - Collegio Arcivescovile Celestino Endrici",manoscritti,10
https://ameliamorsellino.github.io/biblioteche-fantasma/resource/library/IT-PA0674,IT-PA0674,Biblioteca Suore Collegine,manoscritti,15
https://ameliamorsellino.github.io/biblioteche-fantasma/resource/library/IT-AQ0196,IT-AQ0196,Biblioteca Susanna Pezzopane del Conservatorio di musica Alfredo Casella,manoscritti,200
https://ameliamorsellino.github.io/biblioteche-fantasma/resource/library/IT-RM0241,IT-RM0241,Biblioteca Sylvestro Ganassi,manoscritti,
https://ameliamorsellino.github.io/biblioteche-fantasma/resource/library/IT-RA0214,IT-RA0214,Biblioteca Teatrale Molinari,manoscritti,2
https://ameliamorsellino.github.io/biblioteche-fantasma/resource/library/IT-SV0227,IT-SV0227,Biblioteca Tematica dell'Olivo e della Civiltà Contadina di Arnasco,manoscritti,2
https://ameliamorsellino.github.io/biblioteche-fantasma/resource/library/IT-BI0059,IT-BI0059,Biblioteca Tessile Mario Sodano,manoscritti,20
https://ameliamorsellino.github.io/biblioteche-fantasma/resource/library/IT-TR0288,IT-TR0288,"Biblioteca Thyrus ""Francesco e Giorgio Buscema""",manoscritti,40
https://ameliamorsellino.github.io/biblioteche-fantasma/resource/library/IT-FG0156,IT-FG0156,Biblioteca Tommaso Federici,manoscritti,2
https://ameliamorsellino.github.io/biblioteche-fantasma/resource/library/IT-RA0052,IT-RA0052,Biblioteca Torricelliana,manoscritti,5
https://ameliamorsellino.github.io/biblioteche-fantasma/resource/library/IT-FR0217,IT-FR0217,Biblioteca Totiana,manoscritti,9000
https://ameliamorsellino.github.io/biblioteche-fantasma/resource/library/IT-CB0066,IT-CB0066,Biblioteca Trotta,manoscritti,
https://ameliamorsellino.github.io/biblioteche-fantasma/resource/library/IT-FI0211,IT-FI0211,Biblioteca Umanistica - Lettere  - Università degli studi di Firenze,manoscritti,4
https://ameliamorsellino.github.io/biblioteche-fantasma/resource/library/IT-GE0038,IT-GE0038,Biblioteca Universitaria,manoscritti,22806
https://ameliamorsellino.github.io/biblioteche-fantasma/resource/library/IT-PI0112,IT-PI0112,Biblioteca Universitaria,manoscritti,2571
https://ameliamorsellino.github.io/biblioteche-fantasma/resource/library/IT-PV0291,IT-PV0291,Biblioteca Universitaria,manoscritti,18000
https://ameliamorsellino.github.io/biblioteche-fantasma/resource/library/IT-BO0098,IT-BO0098,Biblioteca Universitaria di Bologna,manoscritti,7654
https://ameliamorsellino.github.io/biblioteche-fantasma/resource/library/IT-PD0158,IT-PD0158,Biblioteca Universitaria di Padova,manoscritti,2837
https://ameliamorsellino.github.io/biblioteche-fantasma/resource/library/IT-SS0073,IT-SS0073,Biblioteca Universitaria di Sassari,manoscritti,5945
https://ameliamorsellino.github.io/biblioteche-fantasma/resource/library/IT-TN0040,IT-TN0040,Biblioteca Valle di Cavedine,manoscritti,4
https://ameliamorsellino.github.io/biblioteche-fantasma/resource/library/IT-RM0281,IT-RM0281,Biblioteca Vallicelliana,manoscritti,3191
https://ameliamorsellino.github.io/biblioteche-fantasma/resource/library/IT-TO0830,IT-TO0830,Biblioteca Valperga di Masino e di Caluso,manoscritti,50
https://ameliamorsellino.github.io/biblioteche-fantasma/resource/library/IT-RM1384,IT-RM1384,Biblioteca Vasqueziana del Convento di Santa Maria del Buon Consiglio di Genazzano,manoscritti,110
https://ameliamorsellino.github.io/biblioteche-fantasma/resource/library/IT-CT0021,IT-CT0021,Biblioteca Villadicanense,manoscritti,
https://ameliamorsellino.github.io/biblioteche-fantasma/resource/library/IT-BL0044,IT-BL0044,Biblioteca W.R. Rearick della Fondazione Tiziano,manoscritti,1
https://ameliamorsellino.github.io/biblioteche-fantasma/resource/library/IT-RM1706,IT-RM1706,Biblioteca Wadding del Collegio S.Isidoro,manoscritti,270
https://ameliamorsellino.github.io/biblioteche-fantasma/resource/library/IT-CT0260,IT-CT0260,Biblioteca Zelantea di Acireale,manoscritti,340
https://ameliamorsellino.github.io/biblioteche-fantasma/resource/library/IT-GR0052,IT-GR0052,Biblioteca Zikhang di Merigar,manoscritti,64
https://ameliamorsellino.github.io/biblioteche-fantasma/resource/library/IT-MO0096,IT-MO0096,Biblioteca abbaziale,manoscritti,99
https://ameliamorsellino.github.io/biblioteche-fantasma/resource/library/IT-LI0003,IT-LI0003,Biblioteca abbaziale del Santuario di Montenero,manoscritti,65
https://ameliamorsellino.github.io/biblioteche-fantasma/resource/library/IT-VR0175,IT-VR0175,Biblioteca alle Stimate,manoscritti,10
https://ameliamorsellino.github.io/biblioteche-fantasma/resource/library/IT-CO0272,IT-CO0272,Biblioteca annessa all'Archivio storico della diocesi di Como,manoscritti,
https://ameliamorsellino.github.io/biblioteche-fantasma/resource/library/IT-AL0074,IT-AL0074,Biblioteca antica del Castello,manoscritti,4
https://ameliamorsellino.github.io/biblioteche-fantasma/resource/library/IT-PG1022,IT-PG1022,Biblioteca archivio Paolo Maffei,manoscritti,20000
https://ameliamorsellino.github.io/biblioteche-fantasma/resource/library/IT-RA0046,IT-RA0046,Biblioteca archivio capitolare ,manoscritti,40
https://ameliamorsellino.github.io/biblioteche-fantasma/resource/library/IT-RM0286,IT-RM0286,Biblioteca archivio dell'Istituto di Studi Pirandelliani e sul teatro contemporaneo,manoscritti,1335
https://ameliamorsellino.github.io/biblioteche-fantasma/resource/library/IT-LU0021,IT-LU0021,Biblioteca arcivescovile,manoscritti,100
https://ameliamorsellino.github.io/biblioteche-fantasma/resource/library/IT-UD0100,IT-UD0100,Biblioteca arcivescovile,manoscritti,514
https://ameliamorsellino.github.io/biblioteche-fantasma/resource/library/IT-TA0020,IT-TA0020,Biblioteca arcivescovile Giuseppe Capecelatro,manoscritti,10
https://ameliamorsellino.github.io/biblioteche-fantasma/resource/library/IT-PC0003,IT-PC0003,Biblioteca ausiliaria degli Archivi storici diocesani. Sede di Bobbio,manoscritti,
https://ameliamorsellino.github.io/biblioteche-fantasma/resource/library/IT-MI0294,IT-MI0294,Biblioteca avvocato Giorgio Ambrosoli dell'Ordine degli avvocati di Milano,manoscritti,1
https://ameliamorsellino.github.io/biblioteche-fantasma/resource/library/IT-BO0221,IT-BO0221,Biblioteca capitolare,manoscritti,100
https://ameliamorsellino.github.io/biblioteche-fantasma/resource/library/IT-CH0143,IT-CH0143,Biblioteca capitolare,manoscritti,200
https://ameliamorsellino.github.io/biblioteche-fantasma/resource/library/IT-CN0119,IT-CN0119,Biblioteca capitolare,manoscritti,
https://ameliamorsellino.github.io/biblioteche-fantasma/resource/library/IT-FR0008,IT-FR0008,Biblioteca capitolare,manoscritti,
https://ameliamorsellino.github.io/biblioteche-fantasma/resource/library/IT-PT0016,IT-PT0016,Biblioteca capitolare,manoscritti,92
https://ameliamorsellino.github.io/biblioteche-fantasma/resource/library/IT-TE0002,IT-TE0002,Biblioteca capitolare,manoscritti,
https://ameliamorsellino.github.io/biblioteche-fantasma/resource/library/IT-TO0110,IT-TO0110,Biblioteca capitolare,manoscritti,129
https://ameliamorsellino.github.io/biblioteche-fantasma/resource/library/IT-VC0074,IT-VC0074,Biblioteca capitolare,manoscritti,260
https://ameliamorsellino.github.io/biblioteche-fantasma/resource/library/IT-PG0151,IT-PG0151,Biblioteca capitolare Dominicini,manoscritti,763
https://ameliamorsellino.github.io/biblioteche-fantasma/resource/library/IT-LU0020,IT-LU0020,Biblioteca capitolare Feliniana,manoscritti,315
https://ameliamorsellino.github.io/biblioteche-fantasma/resource/library/IT-MI1013,IT-MI1013,Biblioteca capitolare Paolo Angelo Ballerini,manoscritti,
https://ameliamorsellino.github.io/biblioteche-fantasma/resource/library/IT-UD0102,IT-UD0102,Biblioteca capitolare del Capitolo della Cattedrale di Santa Maria Annunziata,manoscritti,100
https://ameliamorsellino.github.io/biblioteche-fantasma/resource/library/IT-TV0111,IT-TV0111,Biblioteca capitolare del Duomo,manoscritti,112
https://ameliamorsellino.github.io/biblioteche-fantasma/resource/library/IT-MI0375,IT-MI0375,Biblioteca capitolare del Duomo di Monza,manoscritti,1836
https://ameliamorsellino.github.io/biblioteche-fantasma/resource/library/IT-FE0097,IT-FE0097,Biblioteca capitolare di S. Biagio,manoscritti,200
https://ameliamorsellino.github.io/biblioteche-fantasma/resource/library/IT-NO0053,IT-NO0053,Biblioteca capitolare di Santa Maria,manoscritti,164
https://ameliamorsellino.github.io/biblioteche-fantasma/resource/library/IT-RA0017,IT-RA0017,Biblioteca cardinale Gaetano Cicognani,manoscritti,150
https://ameliamorsellino.github.io/biblioteche-fantasma/resource/library/IT-CE0148,IT-CE0148,Biblioteca carmelitana Santissima Annunziata,manoscritti,1
https://ameliamorsellino.github.io/biblioteche-fantasma/resource/library/IT-NA0105,IT-NA0105,Biblioteca centrale della Facoltà di lettere e filosofia Adolfo Omodeo,manoscritti,11
https://ameliamorsellino.github.io/biblioteche-fantasma/resource/library/IT-VT0065,IT-VT0065,Biblioteca centrale della Provincia Agostiniana d'Italia,manoscritti,50
https://ameliamorsellino.github.io/biblioteche-fantasma/resource/library/IT-PA0064,IT-PA0064,Biblioteca centrale della Regione siciliana Alberto Bombace,manoscritti,15000
https://ameliamorsellino.github.io/biblioteche-fantasma/resource/library/IT-RM0318,IT-RM0318,Biblioteca centrale dello Stato Maggiore della Marina del Ministero della difesa,manoscritti,52
https://ameliamorsellino.github.io/biblioteche-fantasma/resource/library/IT-TS0141,IT-TS0141,Biblioteca centrale di medicina dell'Università degli studi di Trieste,manoscritti,6
https://ameliamorsellino.github.io/biblioteche-fantasma/resource/library/IT-CT0004,IT-CT0004,Biblioteca centrale diocesana,manoscritti,20
https://ameliamorsellino.github.io/biblioteche-fantasma/resource/library/IT-PD0232,IT-PD0232,Biblioteca centro studi sui Castelli,manoscritti,812
https://ameliamorsellino.github.io/biblioteche-fantasma/resource/library/IT-AR0070,IT-AR0070,Biblioteca città di Arezzo,manoscritti,645
https://ameliamorsellino.github.io/biblioteche-fantasma/resource/library/IT-AL0038,IT-AL0038,Biblioteca civica,manoscritti,1
https://ameliamorsellino.github.io/biblioteche-fantasma/resource/library/IT-AL0041,IT-AL0041,Biblioteca civica,manoscritti,15
https://ameliamorsellino.github.io/biblioteche-fantasma/resource/library/IT-AL0072,IT-AL0072,Biblioteca civica,manoscritti,2500
https://ameliamorsellino.github.io/biblioteche-fantasma/resource/library/IT-AL0095,IT-AL0095,Biblioteca civica,manoscritti,4
https://ameliamorsellino.github.io/biblioteche-fantasma/resource/library/IT-AL0099,IT-AL0099,Biblioteca civica,manoscritti,300
https://ameliamorsellino.github.io/biblioteche-fantasma/resource/library/IT-BI0018,IT-BI0018,Biblioteca civica,manoscritti,13700
https://ameliamorsellino.github.io/biblioteche-fantasma/resource/library/IT-CN0101,IT-CN0101,Biblioteca civica,manoscritti,50
https://ameliamorsellino.github.io/biblioteche-fantasma/resource/library/IT-CN0113,IT-CN0113,Biblioteca civica,manoscritti,2
https://ameliamorsellino.github.io/biblioteche-fantasma/resource/library/IT-CN0142,IT-CN0142,Biblioteca civica,manoscritti,60
https://ameliamorsellino.github.io/biblioteche-fantasma/resource/library/IT-CN0175,IT-CN0175,Biblioteca civica,manoscritti,1
https://ameliamorsellino.github.io/biblioteche-fantasma/resource/library/IT-CN0183,IT-CN0183,Biblioteca civica,manoscritti,90
https://ameliamorsellino.github.io/biblioteche-fantasma/resource/library/IT-CR0130,IT-CR0130,Biblioteca civica,manoscritti,255
https://ameliamorsellino.github.io/biblioteche-fantasma/resource/library/IT-CS0190,IT-CS0190,Biblioteca civica,manoscritti,90
https://ameliamorsellino.github.io/biblioteche-fantasma/resource/library/IT-FG0021,IT-FG0021,Biblioteca civica,manoscritti,20
https://ameliamorsellino.github.io/biblioteche-fantasma/resource/library/IT-IM0043,IT-IM0043,Biblioteca civica,manoscritti,62
https://ameliamorsellino.github.io/biblioteche-fantasma/resource/library/IT-NO0046,IT-NO0046,Biblioteca civica,manoscritti,500
https://ameliamorsellino.github.io/biblioteche-fantasma/resource/library/IT-NO0084,IT-NO0084,Biblioteca civica,manoscritti,48
https://ameliamorsellino.github.io/biblioteche-fantasma/resource/library/IT-NO0095,IT-NO0095,Biblioteca civica,manoscritti,2
https://ameliamorsellino.github.io/biblioteche-fantasma/resource/library/IT-NU0010,IT-NU0010,Biblioteca civica,manoscritti,27
https://ameliamorsellino.github.io/biblioteche-fantasma/resource/library/IT-PN0044,IT-PN0044,Biblioteca civica,manoscritti,2
https://ameliamorsellino.github.io/biblioteche-fantasma/resource/library/IT-RE0066,IT-RE0066,Biblioteca civica,manoscritti,1
https://ameliamorsellino.github.io/biblioteche-fantasma/resource/library/IT-TE0013,IT-TE0013,Biblioteca civica,manoscritti,1
https://ameliamorsellino.github.io/biblioteche-fantasma/resource/library/IT-TO0052,IT-TO0052,Biblioteca civica,manoscritti,12
https://ameliamorsellino.github.io/biblioteche-fantasma/resource/library/IT-TO0055,IT-TO0055,Biblioteca civica,manoscritti,1
https://ameliamorsellino.github.io/biblioteche-fantasma/resource/library/IT-TO0409,IT-TO0409,Biblioteca civica,manoscritti,10
https://ameliamorsellino.github.io/biblioteche-fantasma/resource/library/IT-TO0947,IT-TO0947,Biblioteca civica,manoscritti,5
https://ameliamorsellino.github.io/biblioteche-fantasma/resource/library/IT-VC0038,IT-VC0038,Biblioteca civica,manoscritti,60
https://ameliamorsellino.github.io/biblioteche-fantasma/resource/library/IT-VC0073,IT-VC0073,Biblioteca civica,manoscritti,600
https://ameliamorsellino.github.io/biblioteche-fantasma/resource/library/IT-VC0138,IT-VC0138,Biblioteca civica,manoscritti,500
https://ameliamorsellino.github.io/biblioteche-fantasma/resource/library/IT-SP0061,IT-SP0061,Biblioteca civica  Pagine e Pensieri,manoscritti,5
https://ameliamorsellino.github.io/biblioteche-fantasma/resource/library/IT-TO0135,IT-TO0135,"Biblioteca civica ""A. Arduino""",manoscritti,6
https://ameliamorsellino.github.io/biblioteche-fantasma/resource/library/IT-GE0169,IT-GE0169,"Biblioteca civica ""A. e A. Vago""",manoscritti,306
https://ameliamorsellino.github.io/biblioteche-fantasma/resource/library/IT-TN0008,IT-TN0008,"Biblioteca civica ""Bruno Emmert"" di Arco",manoscritti,53
https://ameliamorsellino.github.io/biblioteche-fantasma/resource/library/IT-SP0057,IT-SP0057,"Biblioteca civica ""Cesare Arzelà""",manoscritti,535
https://ameliamorsellino.github.io/biblioteche-fantasma/resource/library/IT-SP0002,IT-SP0002,"Biblioteca civica ""Cesare Bibolini""",manoscritti,1
https://ameliamorsellino.github.io/biblioteche-fantasma/resource/library/IT-SP0059,IT-SP0059,"Biblioteca civica ""Corrado Martinetti""",manoscritti,200
https://ameliamorsellino.github.io/biblioteche-fantasma/resource/library/IT-TO0068,IT-TO0068,"Biblioteca civica ""E. Riccardino""",manoscritti,100
https://ameliamorsellino.github.io/biblioteche-fantasma/resource/library/IT-VR0028,IT-VR0028,"Biblioteca civica ""Elisa Masini"" di Nogara",manoscritti,20490
https://ameliamorsellino.github.io/biblioteche-fantasma/resource/library/IT-TO0235,IT-TO0235,"Biblioteca civica ""Enrico de' Bartolomei""",manoscritti,120
https://ameliamorsellino.github.io/biblioteche-fantasma/resource/library/IT-IM0052,IT-IM0052,"Biblioteca civica ""Enzo e Nanda De Marchi""",manoscritti,10
https://ameliamorsellino.github.io/biblioteche-fantasma/resource/library/IT-TN0103,IT-TN0103,"Biblioteca civica ""G. Tartarotti"" di Rovereto",manoscritti,3491
https://ameliamorsellino.github.io/biblioteche-fantasma/resource/library/IT-CN0229,IT-CN0229,"Biblioteca civica ""Gallo Orsi""",manoscritti,20
https://ameliamorsellino.github.io/biblioteche-fantasma/resource/library/IT-BA0086,IT-BA0086,"Biblioteca civica ""Giacomo Tauro""",manoscritti,5
https://ameliamorsellino.github.io/biblioteche-fantasma/resource/library/IT-RI0070,IT-RI0070,"Biblioteca civica ""Giuseppe Cultrera""",manoscritti,50
https://ameliamorsellino.github.io/biblioteche-fantasma/resource/library/IT-IM0048,IT-IM0048,"Biblioteca civica ""Il Tiglio""",manoscritti,1
https://ameliamorsellino.github.io/biblioteche-fantasma/resource/library/IT-CN0136,IT-CN0136,"Biblioteca civica ""L. Ornato""",manoscritti,1
https://ameliamorsellino.github.io/biblioteche-fantasma/resource/library/IT-TO0425,IT-TO0425,"Biblioteca civica ""Luigi Martoia""",manoscritti,1
https://ameliamorsellino.github.io/biblioteche-fantasma/resource/library/IT-PR0031,IT-PR0031,"Biblioteca civica ""Mario Colombi Guidotti""",manoscritti,100
https://ameliamorsellino.github.io/biblioteche-fantasma/resource/library/IT-GE0004,IT-GE0004,"Biblioteca civica ""Niccolò Cuneo""",manoscritti,
https://ameliamorsellino.github.io/biblioteche-fantasma/resource/library/IT-CN0047,IT-CN0047,"Biblioteca civica ""Nicola e Beppe Milano""",manoscritti,50
https://ameliamorsellino.github.io/biblioteche-fantasma/resource/library/IT-CN0024,IT-CN0024,"Biblioteca civica ""Nuto Revelli"" di Cavallermaggiore",manoscritti,3
https://ameliamorsellino.github.io/biblioteche-fantasma/resource/library/IT-IM0004,IT-IM0004,"Biblioteca civica ""O. D'Oria""",manoscritti,4
https://ameliamorsellino.github.io/biblioteche-fantasma/resource/library/IT-SV0006,IT-SV0006,"Biblioteca civica ""P. Tambani""",manoscritti,35
https://ameliamorsellino.github.io/biblioteche-fantasma/resource/library/IT-VC0183,IT-VC0183,"Biblioteca civica ""Prof. Arnaldo Colombo""",manoscritti,100
https://ameliamorsellino.github.io/biblioteche-fantasma/resource/library/IT-AP0012,IT-AP0012,"Biblioteca civica ""Romolo Spezioli""",manoscritti,3127
https://ameliamorsellino.github.io/biblioteche-fantasma/resource/library/IT-TE0009,IT-TE0009,"Biblioteca civica ""Vincenzo Bindi""",manoscritti,5000
https://ameliamorsellino.github.io/biblioteche-fantasma/resource/library/IT-MI0377,IT-MI0377,Biblioteca civica 'Beppe Colombo',manoscritti,109
https://ameliamorsellino.github.io/biblioteche-fantasma/resource/library/IT-TO0130,IT-TO0130,Biblioteca civica 'Pasquale Cantone',manoscritti,20
https://ameliamorsellino.github.io/biblioteche-fantasma/resource/library/IT-TO0053,IT-TO0053,Biblioteca civica 'Rayneri-Berti',manoscritti,20
https://ameliamorsellino.github.io/biblioteche-fantasma/resource/library/IT-TO0175,IT-TO0175,Biblioteca civica - Fondazione Giuseppe Guiot Bourg,manoscritti,16200
https://ameliamorsellino.github.io/biblioteche-fantasma/resource/library/IT-BG0151,IT-BG0151,Biblioteca civica 13 Martiri,manoscritti,93
https://ameliamorsellino.github.io/biblioteche-fantasma/resource/library/IT-BG0237,IT-BG0237,Biblioteca civica Abate Carlo Cameroni,manoscritti,
https://ameliamorsellino.github.io/biblioteche-fantasma/resource/library/IT-SP0037,IT-SP0037,Biblioteca civica Andrea Doria,manoscritti,12
https://ameliamorsellino.github.io/biblioteche-fantasma/resource/library/IT-BG0026,IT-BG0026,Biblioteca civica Angelo Mai e Archivi storici,manoscritti,50751
https://ameliamorsellino.github.io/biblioteche-fantasma/resource/library/IT-CS0111,IT-CS0111,Biblioteca civica Angelo Masci,manoscritti,2
https://ameliamorsellino.github.io/biblioteche-fantasma/resource/library/IT-SV0038,IT-SV0038,Biblioteca civica Anton Giulio Barrili,manoscritti,600
https://ameliamorsellino.github.io/biblioteche-fantasma/resource/library/IT-RE0063,IT-RE0063,Biblioteca civica Antonio Urceo Codro,manoscritti,3
https://ameliamorsellino.github.io/biblioteche-fantasma/resource/library/IT-IM0038,IT-IM0038,Biblioteca civica Aprosiana,manoscritti,29
https://ameliamorsellino.github.io/biblioteche-fantasma/resource/library/IT-TS0013,IT-TS0013,Biblioteca civica Attilio Hortis,manoscritti,357
https://ameliamorsellino.github.io/biblioteche-fantasma/resource/library/IT-GE0008,IT-GE0008,Biblioteca civica Balbi,manoscritti,2
https://ameliamorsellino.github.io/biblioteche-fantasma/resource/library/IT-PU0027,IT-PU0027,Biblioteca civica Benedetto Passionei,manoscritti,1
https://ameliamorsellino.github.io/biblioteche-fantasma/resource/library/IT-GE0036,IT-GE0036,Biblioteca civica Berio,manoscritti,9028
https://ameliamorsellino.github.io/biblioteche-fantasma/resource/library/IT-VI0096,IT-VI0096,Biblioteca civica Bertoliana Palazzo San Giacomo,manoscritti,4070
https://ameliamorsellino.github.io/biblioteche-fantasma/resource/library/IT-TO0162,IT-TO0162,Biblioteca civica Camillo Alliaudi,manoscritti,125
https://ameliamorsellino.github.io/biblioteche-fantasma/resource/library/IT-AV0126,IT-AV0126,Biblioteca civica Can. Marciano De Leo,manoscritti,1
https://ameliamorsellino.github.io/biblioteche-fantasma/resource/library/IT-PV0071,IT-PV0071,Biblioteca civica Carlo Bonetta,manoscritti,426
https://ameliamorsellino.github.io/biblioteche-fantasma/resource/library/IT-TA0002,IT-TA0002,Biblioteca civica Carlo Natale,manoscritti,1
https://ameliamorsellino.github.io/biblioteche-fantasma/resource/library/IT-NO0054,IT-NO0054,Biblioteca civica Carlo Negroni,manoscritti,
https://ameliamorsellino.github.io/biblioteche-fantasma/resource/library/IT-NO0093,IT-NO0093,Biblioteca civica Carlo Torelli,manoscritti,10
https://ameliamorsellino.github.io/biblioteche-fantasma/resource/library/IT-TO0059,IT-TO0059,Biblioteca civica Carlo Trabucco,manoscritti,183
https://ameliamorsellino.github.io/biblioteche-fantasma/resource/library/IT-FG0023,IT-FG0023,Biblioteca civica Casalnuovo Monterotaro,manoscritti,70
https://ameliamorsellino.github.io/biblioteche-fantasma/resource/library/IT-BZ0004,IT-BZ0004,Biblioteca civica Cesare Battisti - Stadtbibliothek-Zentrale,manoscritti,150
https://ameliamorsellino.github.io/biblioteche-fantasma/resource/library/IT-PD0228,IT-PD0228,Biblioteca civica Contessa A. Dolfin Boldù di Este,manoscritti,162
https://ameliamorsellino.github.io/biblioteche-fantasma/resource/library/IT-SP0089,IT-SP0089,Biblioteca civica Corrado Martinetti - Sede distaccata di Marinella,manoscritti,200
https://ameliamorsellino.github.io/biblioteche-fantasma/resource/library/IT-TO0112,IT-TO0112,Biblioteca civica Costantino Nigra,manoscritti,75
https://ameliamorsellino.github.io/biblioteche-fantasma/resource/library/IT-TO0938,IT-TO0938,Biblioteca civica Dino Campana,manoscritti,4663
https://ameliamorsellino.github.io/biblioteche-fantasma/resource/library/IT-MS0011,IT-MS0011,Biblioteca civica Emanuele Gerini,manoscritti,25
https://ameliamorsellino.github.io/biblioteche-fantasma/resource/library/IT-GO0034,IT-GO0034,Biblioteca civica Falco Marin,manoscritti,
https://ameliamorsellino.github.io/biblioteche-fantasma/resource/library/IT-LI0018,IT-LI0018,Biblioteca civica Falesiana,manoscritti,1
https://ameliamorsellino.github.io/biblioteche-fantasma/resource/library/IT-VC0086,IT-VC0086,Biblioteca civica Farinone-Centa,manoscritti,1000
https://ameliamorsellino.github.io/biblioteche-fantasma/resource/library/IT-VC0061,IT-VC0061,Biblioteca civica Favorino Brunod,manoscritti,123
https://ameliamorsellino.github.io/biblioteche-fantasma/resource/library/IT-PD0001,IT-PD0001,Biblioteca civica Federico Talami di Abano Terme,manoscritti,1
https://ameliamorsellino.github.io/biblioteche-fantasma/resource/library/IT-AL0002,IT-AL0002,Biblioteca civica Francesca Calvo di Alessandria,manoscritti,266
https://ameliamorsellino.github.io/biblioteche-fantasma/resource/library/IT-SV0013,IT-SV0013,Biblioteca civica Francesco Cesare Rossi,manoscritti,20
https://ameliamorsellino.github.io/biblioteche-fantasma/resource/library/IT-SV0049,IT-SV0049,Biblioteca civica Fratelli Rosselli,manoscritti,149
https://ameliamorsellino.github.io/biblioteche-fantasma/resource/library/IT-RN0013,IT-RN0013,Biblioteca civica Gambalunga,manoscritti,1388
https://ameliamorsellino.github.io/biblioteche-fantasma/resource/library/IT-RN0024,IT-RN0024,Biblioteca civica Gambalunga - Cineteca comunale,manoscritti,55
https://ameliamorsellino.github.io/biblioteche-fantasma/resource/library/IT-BS0124,IT-BS0124,Biblioteca civica Giacinto Ubaldo Lanfranchi,manoscritti,20
https://ameliamorsellino.github.io/biblioteche-fantasma/resource/library/IT-VB0006,IT-VB0006,Biblioteca civica Gianfranco Contini,manoscritti,371
https://ameliamorsellino.github.io/biblioteche-fantasma/resource/library/IT-AT0051,IT-AT0051,Biblioteca civica Gigi Monticone,manoscritti,30
https://ameliamorsellino.github.io/biblioteche-fantasma/resource/library/IT-CS0134,IT-CS0134,Biblioteca civica Giorgio Leone,manoscritti,2
https://ameliamorsellino.github.io/biblioteche-fantasma/resource/library/IT-CN0013,IT-CN0013,Biblioteca civica Giovanni Arpino di Bra,manoscritti,301
https://ameliamorsellino.github.io/biblioteche-fantasma/resource/library/IT-CN0030,IT-CN0030,Biblioteca civica Giovanni Battista Adriani di Cherasco,manoscritti,180
https://ameliamorsellino.github.io/biblioteche-fantasma/resource/library/IT-AL0114,IT-AL0114,Biblioteca civica Giovanni Canna di Casale Monferrato,manoscritti,321
https://ameliamorsellino.github.io/biblioteche-fantasma/resource/library/IT-VC0046,IT-VC0046,Biblioteca civica Giovanni Faldella,manoscritti,3000
https://ameliamorsellino.github.io/biblioteche-fantasma/resource/library/IT-CN0055,IT-CN0055,Biblioteca civica Giovanni Ferrero,manoscritti,1500
https://ameliamorsellino.github.io/biblioteche-fantasma/resource/library/IT-CN0002,IT-CN0002,Biblioteca civica Giovanni Ferrero di Alba,manoscritti,1000
https://ameliamorsellino.github.io/biblioteche-fantasma/resource/library/IT-PN0071,IT-PN0071,Biblioteca civica Giovanni Sigalotti,manoscritti,1
https://ameliamorsellino.github.io/biblioteche-fantasma/resource/library/IT-SP0013,IT-SP0013,Biblioteca civica Giulio Bonfiglio,manoscritti,1
https://ameliamorsellino.github.io/biblioteche-fantasma/resource/library/IT-AL0046,IT-AL0046,Biblioteca civica Giuseppe Boffito,manoscritti,10
https://ameliamorsellino.github.io/biblioteche-fantasma/resource/library/IT-PZ0045,IT-PZ0045,Biblioteca civica Giuseppe De Lorenzo,manoscritti,500
https://ameliamorsellino.github.io/biblioteche-fantasma/resource/library/IT-LC0031,IT-LC0031,Biblioteca civica Giuseppe Panzeri,manoscritti,3
https://ameliamorsellino.github.io/biblioteche-fantasma/resource/library/IT-CN0264,IT-CN0264,Biblioteca civica Giuseppe Peano - sezione esterna,manoscritti,4259
https://ameliamorsellino.github.io/biblioteche-fantasma/resource/library/IT-UD0026,IT-UD0026,Biblioteca civica Glemonense 'don Valentino Baldissera',manoscritti,154
https://ameliamorsellino.github.io/biblioteche-fantasma/resource/library/IT-VC0016,IT-VC0016,Biblioteca civica Guido Secreto,manoscritti,1
https://ameliamorsellino.github.io/biblioteche-fantasma/resource/library/IT-CO0055,IT-CO0055,Biblioteca civica L. Santucci,manoscritti,2000
https://ameliamorsellino.github.io/biblioteche-fantasma/resource/library/IT-GE0168,IT-GE0168,Biblioteca civica Lascito Cuneo,manoscritti,1000
https://ameliamorsellino.github.io/biblioteche-fantasma/resource/library/IT-IM0019,IT-IM0019,Biblioteca civica Leonardo Lagorio,manoscritti,848
https://ameliamorsellino.github.io/biblioteche-fantasma/resource/library/IT-CN0149,IT-CN0149,Biblioteca civica Lidia Beccaria Rolfi di Saluzzo,manoscritti,20
https://ameliamorsellino.github.io/biblioteche-fantasma/resource/library/IT-PV0188,IT-PV0188,Biblioteca civica Lucio Mastronardi,manoscritti,7
https://ameliamorsellino.github.io/biblioteche-fantasma/resource/library/IT-CN0103,IT-CN0103,Biblioteca civica Luigi Baccolo,manoscritti,23
https://ameliamorsellino.github.io/biblioteche-fantasma/resource/library/IT-BA0088,IT-BA0088,Biblioteca civica Maria Marangelli,manoscritti,5
https://ameliamorsellino.github.io/biblioteche-fantasma/resource/library/IT-VR0098,IT-VR0098,Biblioteca civica Mario Donadoni di Bovolone,manoscritti,50
https://ameliamorsellino.github.io/biblioteche-fantasma/resource/library/IT-FG0125,IT-FG0125,Biblioteca civica Michele Lecce,manoscritti,
https://ameliamorsellino.github.io/biblioteche-fantasma/resource/library/IT-PN0051,IT-PN0051,Biblioteca civica Multimediale,manoscritti,3
https://ameliamorsellino.github.io/biblioteche-fantasma/resource/library/IT-TO0072,IT-TO0072,Biblioteca civica Nicolò e Paola Francone,manoscritti,29
https://ameliamorsellino.github.io/biblioteche-fantasma/resource/library/IT-AL0080,IT-AL0080,Biblioteca civica Norberto Bobbio,manoscritti,1
https://ameliamorsellino.github.io/biblioteche-fantasma/resource/library/IT-LE0110,IT-LE0110,Biblioteca civica Paolo Stomeo,manoscritti,100
https://ameliamorsellino.github.io/biblioteche-fantasma/resource/library/IT-SO0047,IT-SO0047,Biblioteca civica Paolo e Paola Maria Arcari,manoscritti,4893
https://ameliamorsellino.github.io/biblioteche-fantasma/resource/library/IT-FE0004,IT-FE0004,Biblioteca civica Patrimonio Studi,manoscritti,10
https://ameliamorsellino.github.io/biblioteche-fantasma/resource/library/IT-TA0021,IT-TA0021,Biblioteca civica Pietro Acclavio,manoscritti,33
https://ameliamorsellino.github.io/biblioteche-fantasma/resource/library/IT-SV0017,IT-SV0017,Biblioteca civica Pietro Costa,manoscritti,2
https://ameliamorsellino.github.io/biblioteche-fantasma/resource/library/IT-SO0040,IT-SO0040,Biblioteca civica Pio Rajna,manoscritti,2851
https://ameliamorsellino.github.io/biblioteche-fantasma/resource/library/IT-AL0016,IT-AL0016,Biblioteca civica Pio e Ildegarda Occella,manoscritti,4
https://ameliamorsellino.github.io/biblioteche-fantasma/resource/library/IT-BA0104,IT-BA0104,Biblioteca civica Prospero Rendella,manoscritti,10
https://ameliamorsellino.github.io/biblioteche-fantasma/resource/library/IT-IM0036,IT-IM0036,Biblioteca civica Rambaldi,manoscritti,10
https://ameliamorsellino.github.io/biblioteche-fantasma/resource/library/IT-PV0190,IT-PV0190,Biblioteca civica Ricottiana,manoscritti,5
https://ameliamorsellino.github.io/biblioteche-fantasma/resource/library/IT-TP0001,IT-TP0001,Biblioteca civica Sebastiano Bagolino,manoscritti,200
https://ameliamorsellino.github.io/biblioteche-fantasma/resource/library/IT-SV0003,IT-SV0003,Biblioteca civica Simonetta Comanedi,manoscritti,1
https://ameliamorsellino.github.io/biblioteche-fantasma/resource/library/IT-MS0026,IT-MS0026,Biblioteca civica Stefano Giampaoli,manoscritti,60
https://ameliamorsellino.github.io/biblioteche-fantasma/resource/library/IT-CN0053,IT-CN0053,Biblioteca civica Teologo Costantino Dalmasso,manoscritti,40
https://ameliamorsellino.github.io/biblioteche-fantasma/resource/library/IT-AL0100,IT-AL0100,Biblioteca civica Tommaso de Ocheda di Tortona,manoscritti,400
https://ameliamorsellino.github.io/biblioteche-fantasma/resource/library/IT-AL0073,IT-AL0073,Biblioteca civica Tommaso e Angiolina Battaglia,manoscritti,3000
https://ameliamorsellino.github.io/biblioteche-fantasma/resource/library/IT-SP0032,IT-SP0032,Biblioteca civica Ubaldo Mazzini,manoscritti,1000
https://ameliamorsellino.github.io/biblioteche-fantasma/resource/library/IT-LC0035,IT-LC0035,Biblioteca civica Uberto Pozzoli,manoscritti,313
https://ameliamorsellino.github.io/biblioteche-fantasma/resource/library/IT-CS0026,IT-CS0026,Biblioteca civica Umberto Caldora,manoscritti,253
https://ameliamorsellino.github.io/biblioteche-fantasma/resource/library/IT-GE0295,IT-GE0295,Biblioteca civica Umberto Fracchia,manoscritti,
https://ameliamorsellino.github.io/biblioteche-fantasma/resource/library/IT-VI0092,IT-VI0092,Biblioteca civica Villa Valle Comune di Valdagno,manoscritti,18
https://ameliamorsellino.github.io/biblioteche-fantasma/resource/library/IT-FG0058,IT-FG0058,Biblioteca civica Vincenzo De Luca,manoscritti,10
https://ameliamorsellino.github.io/biblioteche-fantasma/resource/library/IT-UD0106,IT-UD0106,Biblioteca civica Vincenzo Joppi,manoscritti,10004
https://ameliamorsellino.github.io/biblioteche-fantasma/resource/library/IT-TA0055,IT-TA0055,Biblioteca civica Vito Laterza,manoscritti,6
https://ameliamorsellino.github.io/biblioteche-fantasma/resource/library/IT-TO0240,IT-TO0240,Biblioteca civica centrale,manoscritti,1359
https://ameliamorsellino.github.io/biblioteche-fantasma/resource/library/IT-SV0016,IT-SV0016,Biblioteca civica del Centro studi Anton Giulio Barrili,manoscritti,113
https://ameliamorsellino.github.io/biblioteche-fantasma/resource/library/IT-BA0012,IT-BA0012,Biblioteca civica del museo storico,manoscritti,
https://ameliamorsellino.github.io/biblioteche-fantasma/resource/library/IT-FG0002,IT-FG0002,Biblioteca civica di Accadia,manoscritti,50
https://ameliamorsellino.github.io/biblioteche-fantasma/resource/library/IT-VI0005,IT-VI0005,Biblioteca civica di Bassano del Grappa,manoscritti,51022
https://ameliamorsellino.github.io/biblioteche-fantasma/resource/library/IT-BL0006,IT-BL0006,Biblioteca civica di Belluno,manoscritti,1471
https://ameliamorsellino.github.io/biblioteche-fantasma/resource/library/IT-BI0025,IT-BI0025,"Biblioteca civica di Biella ""Alfredo Frassati”",manoscritti,20
https://ameliamorsellino.github.io/biblioteche-fantasma/resource/library/IT-BL0012,IT-BL0012,Biblioteca civica di Cesiomaggiore,manoscritti,6
https://ameliamorsellino.github.io/biblioteche-fantasma/resource/library/IT-VE0007,IT-VE0007,"Biblioteca civica di Chioggia ""C. Sabbadino""",manoscritti,237
https://ameliamorsellino.github.io/biblioteche-fantasma/resource/library/IT-TV0128,IT-TV0128,Biblioteca civica di Conegliano,manoscritti,1
https://ameliamorsellino.github.io/biblioteche-fantasma/resource/library/IT-CS0044,IT-CS0044,Biblioteca civica di Cosenza,manoscritti,500
https://ameliamorsellino.github.io/biblioteche-fantasma/resource/library/IT-CN0037,IT-CN0037,Biblioteca civica di Cuneo,manoscritti,314
https://ameliamorsellino.github.io/biblioteche-fantasma/resource/library/IT-BA0091,IT-BA0091,"Biblioteca civica di Gioia del Colle ""don Vincenzo Angelilli""",manoscritti,200
https://ameliamorsellino.github.io/biblioteche-fantasma/resource/library/IT-GO0032,IT-GO0032,Biblioteca civica di Gradisca d'Isonzo,manoscritti,4
https://ameliamorsellino.github.io/biblioteche-fantasma/resource/library/IT-VE0110,IT-VE0110,Biblioteca civica di Mestre,manoscritti,5
https://ameliamorsellino.github.io/biblioteche-fantasma/resource/library/IT-CN0065,IT-CN0065,Biblioteca civica di Mondovì,manoscritti,217
https://ameliamorsellino.github.io/biblioteche-fantasma/resource/library/IT-AL0060,IT-AL0060,Biblioteca civica di Novi Ligure,manoscritti,93
https://ameliamorsellino.github.io/biblioteche-fantasma/resource/library/IT-TV0066,IT-TV0066,Biblioteca civica di Oderzo - Fondazione Oderzo Cultura ONLUS,manoscritti,1
https://ameliamorsellino.github.io/biblioteche-fantasma/resource/library/IT-PD0090,IT-PD0090,Biblioteca civica di Padova,manoscritti,17000
https://ameliamorsellino.github.io/biblioteche-fantasma/resource/library/IT-PN0050,IT-PN0050,Biblioteca civica di Porcia,manoscritti,111
https://ameliamorsellino.github.io/biblioteche-fantasma/resource/library/IT-TN0097,IT-TN0097,Biblioteca civica di Riva del Garda,manoscritti,417
https://ameliamorsellino.github.io/biblioteche-fantasma/resource/library/IT-CN0342,IT-CN0342,Biblioteca civica di Roddino,manoscritti,3000
https://ameliamorsellino.github.io/biblioteche-fantasma/resource/library/IT-CN0195,IT-CN0195,Biblioteca civica di Salmour,manoscritti,5
https://ameliamorsellino.github.io/biblioteche-fantasma/resource/library/IT-BL0054,IT-BL0054,Biblioteca civica di San Gregorio nelle Alpi,manoscritti,30
https://ameliamorsellino.github.io/biblioteche-fantasma/resource/library/IT-VR0048,IT-VR0048,Biblioteca civica di Soave,manoscritti,10
https://ameliamorsellino.github.io/biblioteche-fantasma/resource/library/IT-VA0116,IT-VA0116,Biblioteca civica di Varese,manoscritti,483
https://ameliamorsellino.github.io/biblioteche-fantasma/resource/library/IT-VR0059,IT-VR0059,Biblioteca civica di Verona,manoscritti,5000
https://ameliamorsellino.github.io/biblioteche-fantasma/resource/library/IT-TV0121,IT-TV0121,Biblioteca civica di Vittorio Veneto,manoscritti,80
https://ameliamorsellino.github.io/biblioteche-fantasma/resource/library/IT-AL0237,IT-AL0237,Biblioteca civica di Voltaggio,manoscritti,10
https://ameliamorsellino.github.io/biblioteche-fantasma/resource/library/IT-TO0258,IT-TO0258,Biblioteca civica musicale Andrea della Corte,manoscritti,333
https://ameliamorsellino.github.io/biblioteche-fantasma/resource/library/IT-BS0025,IT-BS0025,Biblioteca comprensoriale,manoscritti,2756
https://ameliamorsellino.github.io/biblioteche-fantasma/resource/library/IT-AG0017,IT-AG0017,Biblioteca comunale,manoscritti,15
https://ameliamorsellino.github.io/biblioteche-fantasma/resource/library/IT-AL0047,IT-AL0047,Biblioteca comunale,manoscritti,100
https://ameliamorsellino.github.io/biblioteche-fantasma/resource/library/IT-AN0058,IT-AN0058,Biblioteca comunale,manoscritti,30
https://ameliamorsellino.github.io/biblioteche-fantasma/resource/library/IT-AN0080,IT-AN0080,Biblioteca comunale,manoscritti,2
https://ameliamorsellino.github.io/biblioteche-fantasma/resource/library/IT-AN0108,IT-AN0108,Biblioteca comunale,manoscritti,100
https://ameliamorsellino.github.io/biblioteche-fantasma/resource/library/IT-AP0023,IT-AP0023,Biblioteca comunale,manoscritti,100
https://ameliamorsellino.github.io/biblioteche-fantasma/resource/library/IT-AQ0099,IT-AQ0099,Biblioteca comunale,manoscritti,30
https://ameliamorsellino.github.io/biblioteche-fantasma/resource/library/IT-AQ0107,IT-AQ0107,Biblioteca comunale,manoscritti,9
https://ameliamorsellino.github.io/biblioteche-fantasma/resource/library/IT-AQ0143,IT-AQ0143,Biblioteca comunale,manoscritti,250
https://ameliamorsellino.github.io/biblioteche-fantasma/resource/library/IT-AQ0172,IT-AQ0172,Biblioteca comunale,manoscritti,200
https://ameliamorsellino.github.io/biblioteche-fantasma/resource/library/IT-AR0001,IT-AR0001,Biblioteca comunale,manoscritti,3000
https://ameliamorsellino.github.io/biblioteche-fantasma/resource/library/IT-AR0012,IT-AR0012,Biblioteca comunale,manoscritti,20
https://ameliamorsellino.github.io/biblioteche-fantasma/resource/library/IT-AR0023,IT-AR0023,Biblioteca comunale,manoscritti,5000
https://ameliamorsellino.github.io/biblioteche-fantasma/resource/library/IT-AR0041,IT-AR0041,Biblioteca comunale,manoscritti,50
https://ameliamorsellino.github.io/biblioteche-fantasma/resource/library/IT-AR0049,IT-AR0049,Biblioteca comunale,manoscritti,8
https://ameliamorsellino.github.io/biblioteche-fantasma/resource/library/IT-AV0002,IT-AV0002,Biblioteca comunale,manoscritti,6
https://ameliamorsellino.github.io/biblioteche-fantasma/resource/library/IT-AV0034,IT-AV0034,Biblioteca comunale,manoscritti,1
https://ameliamorsellino.github.io/biblioteche-fantasma/resource/library/IT-AV0040,IT-AV0040,Biblioteca comunale,manoscritti,2
https://ameliamorsellino.github.io/biblioteche-fantasma/resource/library/IT-AV0050,IT-AV0050,Biblioteca comunale,manoscritti,44
https://ameliamorsellino.github.io/biblioteche-fantasma/resource/library/IT-AV0088,IT-AV0088,Biblioteca comunale,manoscritti,2
https://ameliamorsellino.github.io/biblioteche-fantasma/resource/library/IT-AV0138,IT-AV0138,Biblioteca comunale,manoscritti,325
https://ameliamorsellino.github.io/biblioteche-fantasma/resource/library/IT-AV0157,IT-AV0157,Biblioteca comunale,manoscritti,2
https://ameliamorsellino.github.io/biblioteche-fantasma/resource/library/IT-BG0049,IT-BG0049,Biblioteca comunale,manoscritti,1307
https://ameliamorsellino.github.io/biblioteche-fantasma/resource/library/IT-BG0115,IT-BG0115,Biblioteca comunale,manoscritti,2
https://ameliamorsellino.github.io/biblioteche-fantasma/resource/library/IT-BG0211,IT-BG0211,Biblioteca comunale,manoscritti,5
https://ameliamorsellino.github.io/biblioteche-fantasma/resource/library/IT-BG0223,IT-BG0223,Biblioteca comunale,manoscritti,6921
https://ameliamorsellino.github.io/biblioteche-fantasma/resource/library/IT-BG0229,IT-BG0229,Biblioteca comunale,manoscritti,10
https://ameliamorsellino.github.io/biblioteche-fantasma/resource/library/IT-BO0181,IT-BO0181,Biblioteca comunale,manoscritti,
https://ameliamorsellino.github.io/biblioteche-fantasma/resource/library/IT-BO0188,IT-BO0188,Biblioteca comunale,manoscritti,62
https://ameliamorsellino.github.io/biblioteche-fantasma/resource/library/IT-BO0199,IT-BO0199,Biblioteca comunale,manoscritti,4061
https://ameliamorsellino.github.io/biblioteche-fantasma/resource/library/IT-BO0207,IT-BO0207,Biblioteca comunale,manoscritti,2
https://ameliamorsellino.github.io/biblioteche-fantasma/resource/library/IT-BO0241,IT-BO0241,Biblioteca comunale,manoscritti,
https://ameliamorsellino.github.io/biblioteche-fantasma/resource/library/IT-BS0008,IT-BS0008,Biblioteca comunale,manoscritti,7491
https://ameliamorsellino.github.io/biblioteche-fantasma/resource/library/IT-BS0017,IT-BS0017,Biblioteca comunale,manoscritti,9220
https://ameliamorsellino.github.io/biblioteche-fantasma/resource/library/IT-BS0104,IT-BS0104,Biblioteca comunale,manoscritti,6914
https://ameliamorsellino.github.io/biblioteche-fantasma/resource/library/IT-BS0144,IT-BS0144,Biblioteca comunale,manoscritti,23695
https://ameliamorsellino.github.io/biblioteche-fantasma/resource/library/IT-CA0101,IT-CA0101,Biblioteca comunale,manoscritti,103
https://ameliamorsellino.github.io/biblioteche-fantasma/resource/library/IT-CA0165,IT-CA0165,Biblioteca comunale,manoscritti,1
https://ameliamorsellino.github.io/biblioteche-fantasma/resource/library/IT-CH0068,IT-CH0068,Biblioteca comunale,manoscritti,203
https://ameliamorsellino.github.io/biblioteche-fantasma/resource/library/IT-CH0105,IT-CH0105,Biblioteca comunale,manoscritti,80
https://ameliamorsellino.github.io/biblioteche-fantasma/resource/library/IT-CH0109,IT-CH0109,Biblioteca comunale,manoscritti,
https://ameliamorsellino.github.io/biblioteche-fantasma/resource/library/IT-CH0141,IT-CH0141,Biblioteca comunale,manoscritti,100
https://ameliamorsellino.github.io/biblioteche-fantasma/resource/library/IT-CN0348,IT-CN0348,Biblioteca comunale,manoscritti,1
https://ameliamorsellino.github.io/biblioteche-fantasma/resource/library/IT-CO0114,IT-CO0114,Biblioteca comunale,manoscritti,7043
https://ameliamorsellino.github.io/biblioteche-fantasma/resource/library/IT-CO0258,IT-CO0258,Biblioteca comunale,manoscritti,200
https://ameliamorsellino.github.io/biblioteche-fantasma/resource/library/IT-CR0326,IT-CR0326,Biblioteca comunale,manoscritti,9151
https://ameliamorsellino.github.io/biblioteche-fantasma/resource/library/IT-CS0005,IT-CS0005,Biblioteca comunale,manoscritti,1
https://ameliamorsellino.github.io/biblioteche-fantasma/resource/library/IT-CS0031,IT-CS0031,Biblioteca comunale,manoscritti,3
https://ameliamorsellino.github.io/biblioteche-fantasma/resource/library/IT-CS0052,IT-CS0052,Biblioteca comunale,manoscritti,
https://ameliamorsellino.github.io/biblioteche-fantasma/resource/library/IT-CS0075,IT-CS0075,Biblioteca comunale,manoscritti,7
https://ameliamorsellino.github.io/biblioteche-fantasma/resource/library/IT-CS0095,IT-CS0095,Biblioteca comunale,manoscritti,20
https://ameliamorsellino.github.io/biblioteche-fantasma/resource/library/IT-CS0107,IT-CS0107,Biblioteca comunale,manoscritti,500
https://ameliamorsellino.github.io/biblioteche-fantasma/resource/library/IT-CS0140,IT-CS0140,Biblioteca comunale,manoscritti,75
https://ameliamorsellino.github.io/biblioteche-fantasma/resource/library/IT-CS0223,IT-CS0223,Biblioteca comunale,manoscritti,300
https://ameliamorsellino.github.io/biblioteche-fantasma/resource/library/IT-CT0075,IT-CT0075,Biblioteca comunale,manoscritti,5
https://ameliamorsellino.github.io/biblioteche-fantasma/resource/library/IT-CZ0040,IT-CZ0040,Biblioteca comunale,manoscritti,1
https://ameliamorsellino.github.io/biblioteche-fantasma/resource/library/IT-CZ0045,IT-CZ0045,Biblioteca comunale,manoscritti,500
https://ameliamorsellino.github.io/biblioteche-fantasma/resource/library/IT-CZ0066,IT-CZ0066,Biblioteca comunale,manoscritti,5445
https://ameliamorsellino.github.io/biblioteche-fantasma/resource/library/IT-CZ0097,IT-CZ0097,Biblioteca comunale,manoscritti,21
https://ameliamorsellino.github.io/biblioteche-fantasma/resource/library/IT-CZ0120,IT-CZ0120,Biblioteca comunale,manoscritti,50
https://ameliamorsellino.github.io/biblioteche-fantasma/resource/library/IT-EN0014,IT-EN0014,Biblioteca comunale,manoscritti,10
https://ameliamorsellino.github.io/biblioteche-fantasma/resource/library/IT-EN0021,IT-EN0021,Biblioteca comunale,manoscritti,24
https://ameliamorsellino.github.io/biblioteche-fantasma/resource/library/IT-EN0025,IT-EN0025,Biblioteca comunale,manoscritti,35
https://ameliamorsellino.github.io/biblioteche-fantasma/resource/library/IT-EN0026,IT-EN0026,Biblioteca comunale,manoscritti,2
https://ameliamorsellino.github.io/biblioteche-fantasma/resource/library/IT-EN0030,IT-EN0030,Biblioteca comunale,manoscritti,5
https://ameliamorsellino.github.io/biblioteche-fantasma/resource/library/IT-EN0038,IT-EN0038,Biblioteca comunale,manoscritti,8
https://ameliamorsellino.github.io/biblioteche-fantasma/resource/library/IT-FG0060,IT-FG0060,Biblioteca comunale,manoscritti,
https://ameliamorsellino.github.io/biblioteche-fantasma/resource/library/IT-FG0066,IT-FG0066,Biblioteca comunale,manoscritti,
https://ameliamorsellino.github.io/biblioteche-fantasma/resource/library/IT-FG0082,IT-FG0082,Biblioteca comunale,manoscritti,
https://ameliamorsellino.github.io/biblioteche-fantasma/resource/library/IT-FG0089,IT-FG0089,Biblioteca comunale,manoscritti,50
https://ameliamorsellino.github.io/biblioteche-fantasma/resource/library/IT-FG0111,IT-FG0111,Biblioteca comunale,manoscritti,8
https://ameliamorsellino.github.io/biblioteche-fantasma/resource/library/IT-FI0152,IT-FI0152,Biblioteca comunale,manoscritti,
https://ameliamorsellino.github.io/biblioteche-fantasma/resource/library/IT-FI0356,IT-FI0356,Biblioteca comunale,manoscritti,14875
https://ameliamorsellino.github.io/biblioteche-fantasma/resource/library/IT-FI0528,IT-FI0528,Biblioteca comunale,manoscritti,10
https://ameliamorsellino.github.io/biblioteche-fantasma/resource/library/IT-FR0013,IT-FR0013,Biblioteca comunale,manoscritti,10
https://ameliamorsellino.github.io/biblioteche-fantasma/resource/library/IT-FR0049,IT-FR0049,Biblioteca comunale,manoscritti,20
https://ameliamorsellino.github.io/biblioteche-fantasma/resource/library/IT-FR0118,IT-FR0118,Biblioteca comunale,manoscritti,30
https://ameliamorsellino.github.io/biblioteche-fantasma/resource/library/IT-GR0002,IT-GR0002,Biblioteca comunale,manoscritti,1500
https://ameliamorsellino.github.io/biblioteche-fantasma/resource/library/IT-GR0007,IT-GR0007,Biblioteca comunale,manoscritti,1
https://ameliamorsellino.github.io/biblioteche-fantasma/resource/library/IT-GR0028,IT-GR0028,Biblioteca comunale,manoscritti,13096
https://ameliamorsellino.github.io/biblioteche-fantasma/resource/library/IT-IS0050,IT-IS0050,Biblioteca comunale,manoscritti,300
https://ameliamorsellino.github.io/biblioteche-fantasma/resource/library/IT-IS0063,IT-IS0063,Biblioteca comunale,manoscritti,50
https://ameliamorsellino.github.io/biblioteche-fantasma/resource/library/IT-LC0016,IT-LC0016,Biblioteca comunale,manoscritti,8
https://ameliamorsellino.github.io/biblioteche-fantasma/resource/library/IT-LE0006,IT-LE0006,Biblioteca comunale,manoscritti,1
https://ameliamorsellino.github.io/biblioteche-fantasma/resource/library/IT-LE0045,IT-LE0045,Biblioteca comunale,manoscritti,300
https://ameliamorsellino.github.io/biblioteche-fantasma/resource/library/IT-LE0062,IT-LE0062,Biblioteca comunale,manoscritti,15
https://ameliamorsellino.github.io/biblioteche-fantasma/resource/library/IT-LO0041,IT-LO0041,Biblioteca comunale,manoscritti,10183
https://ameliamorsellino.github.io/biblioteche-fantasma/resource/library/IT-LU0032,IT-LU0032,Biblioteca comunale,manoscritti,200
https://ameliamorsellino.github.io/biblioteche-fantasma/resource/library/IT-ME0011,IT-ME0011,Biblioteca comunale,manoscritti,20
https://ameliamorsellino.github.io/biblioteche-fantasma/resource/library/IT-ME0019,IT-ME0019,Biblioteca comunale,manoscritti,500
https://ameliamorsellino.github.io/biblioteche-fantasma/resource/library/IT-ME0039,IT-ME0039,Biblioteca comunale,manoscritti,4
https://ameliamorsellino.github.io/biblioteche-fantasma/resource/library/IT-ME0124,IT-ME0124,Biblioteca comunale,manoscritti,1
https://ameliamorsellino.github.io/biblioteche-fantasma/resource/library/IT-ME0128,IT-ME0128,Biblioteca comunale,manoscritti,50
https://ameliamorsellino.github.io/biblioteche-fantasma/resource/library/IT-ME0133,IT-ME0133,Biblioteca comunale,manoscritti,10
https://ameliamorsellino.github.io/biblioteche-fantasma/resource/library/IT-ME0193,IT-ME0193,Biblioteca comunale,manoscritti,7
https://ameliamorsellino.github.io/biblioteche-fantasma/resource/library/IT-ME0201,IT-ME0201,Biblioteca comunale,manoscritti,2147
https://ameliamorsellino.github.io/biblioteche-fantasma/resource/library/IT-ME0401,IT-ME0401,Biblioteca comunale,manoscritti,1
https://ameliamorsellino.github.io/biblioteche-fantasma/resource/library/IT-MI0907,IT-MI0907,Biblioteca comunale,manoscritti,51975
https://ameliamorsellino.github.io/biblioteche-fantasma/resource/library/IT-MT0002,IT-MT0002,Biblioteca comunale,manoscritti,100
https://ameliamorsellino.github.io/biblioteche-fantasma/resource/library/IT-NA0016,IT-NA0016,Biblioteca comunale,manoscritti,
https://ameliamorsellino.github.io/biblioteche-fantasma/resource/library/IT-NA0194,IT-NA0194,Biblioteca comunale,manoscritti,100
https://ameliamorsellino.github.io/biblioteche-fantasma/resource/library/IT-NA0215,IT-NA0215,Biblioteca comunale,manoscritti,8
https://ameliamorsellino.github.io/biblioteche-fantasma/resource/library/IT-NA0329,IT-NA0329,Biblioteca comunale,manoscritti,200
https://ameliamorsellino.github.io/biblioteche-fantasma/resource/library/IT-NO0033,IT-NO0033,Biblioteca comunale,manoscritti,2
https://ameliamorsellino.github.io/biblioteche-fantasma/resource/library/IT-OR0037,IT-OR0037,Biblioteca comunale,manoscritti,3
https://ameliamorsellino.github.io/biblioteche-fantasma/resource/library/IT-PA0033,IT-PA0033,Biblioteca comunale,manoscritti,700
https://ameliamorsellino.github.io/biblioteche-fantasma/resource/library/IT-PA0172,IT-PA0172,Biblioteca comunale,manoscritti,30
https://ameliamorsellino.github.io/biblioteche-fantasma/resource/library/IT-PA0184,IT-PA0184,Biblioteca comunale,manoscritti,50
https://ameliamorsellino.github.io/biblioteche-fantasma/resource/library/IT-PA0487,IT-PA0487,Biblioteca comunale,manoscritti,30
https://ameliamorsellino.github.io/biblioteche-fantasma/resource/library/IT-PD0384,IT-PD0384,Biblioteca comunale,manoscritti,3874
https://ameliamorsellino.github.io/biblioteche-fantasma/resource/library/IT-PG0058,IT-PG0058,Biblioteca comunale,manoscritti,100
https://ameliamorsellino.github.io/biblioteche-fantasma/resource/library/IT-PI0022,IT-PI0022,Biblioteca comunale,manoscritti,
https://ameliamorsellino.github.io/biblioteche-fantasma/resource/library/IT-PI0270,IT-PI0270,Biblioteca comunale,manoscritti,
https://ameliamorsellino.github.io/biblioteche-fantasma/resource/library/IT-PN0065,IT-PN0065,Biblioteca comunale,manoscritti,5
https://ameliamorsellino.github.io/biblioteche-fantasma/resource/library/IT-PR0310,IT-PR0310,Biblioteca comunale,manoscritti,200
https://ameliamorsellino.github.io/biblioteche-fantasma/resource/library/IT-PU0095,IT-PU0095,Biblioteca comunale,manoscritti,300
https://ameliamorsellino.github.io/biblioteche-fantasma/resource/library/IT-PZ0029,IT-PZ0029,Biblioteca comunale,manoscritti,3
https://ameliamorsellino.github.io/biblioteche-fantasma/resource/library/IT-PZ0048,IT-PZ0048,Biblioteca comunale,manoscritti,2
https://ameliamorsellino.github.io/biblioteche-fantasma/resource/library/IT-PZ0074,IT-PZ0074,Biblioteca comunale,manoscritti,2000
https://ameliamorsellino.github.io/biblioteche-fantasma/resource/library/IT-PZ0109,IT-PZ0109,Biblioteca comunale,manoscritti,100
https://ameliamorsellino.github.io/biblioteche-fantasma/resource/library/IT-PZ0113,IT-PZ0113,Biblioteca comunale,manoscritti,5
https://ameliamorsellino.github.io/biblioteche-fantasma/resource/library/IT-PZ0161,IT-PZ0161,Biblioteca comunale,manoscritti,15
https://ameliamorsellino.github.io/biblioteche-fantasma/resource/library/IT-RC0023,IT-RC0023,Biblioteca comunale,manoscritti,
https://ameliamorsellino.github.io/biblioteche-fantasma/resource/library/IT-RC0032,IT-RC0032,Biblioteca comunale,manoscritti,100
https://ameliamorsellino.github.io/biblioteche-fantasma/resource/library/IT-RC0051,IT-RC0051,Biblioteca comunale,manoscritti,
https://ameliamorsellino.github.io/biblioteche-fantasma/resource/library/IT-RC0097,IT-RC0097,Biblioteca comunale,manoscritti,1
https://ameliamorsellino.github.io/biblioteche-fantasma/resource/library/IT-RC0115,IT-RC0115,Biblioteca comunale,manoscritti,10
https://ameliamorsellino.github.io/biblioteche-fantasma/resource/library/IT-RC0134,IT-RC0134,Biblioteca comunale,manoscritti,50
https://ameliamorsellino.github.io/biblioteche-fantasma/resource/library/IT-RC0135,IT-RC0135,Biblioteca comunale,manoscritti,5
https://ameliamorsellino.github.io/biblioteche-fantasma/resource/library/IT-RE0017,IT-RE0017,Biblioteca comunale,manoscritti,106
https://ameliamorsellino.github.io/biblioteche-fantasma/resource/library/IT-RE0058,IT-RE0058,Biblioteca comunale,manoscritti,150
https://ameliamorsellino.github.io/biblioteche-fantasma/resource/library/IT-RI0022,IT-RI0022,Biblioteca comunale,manoscritti,10
https://ameliamorsellino.github.io/biblioteche-fantasma/resource/library/IT-RI0073,IT-RI0073,Biblioteca comunale,manoscritti,5
https://ameliamorsellino.github.io/biblioteche-fantasma/resource/library/IT-RI0108,IT-RI0108,Biblioteca comunale,manoscritti,200
https://ameliamorsellino.github.io/biblioteche-fantasma/resource/library/IT-RM0012,IT-RM0012,Biblioteca comunale,manoscritti,25
https://ameliamorsellino.github.io/biblioteche-fantasma/resource/library/IT-RM1692,IT-RM1692,Biblioteca comunale,manoscritti,10
https://ameliamorsellino.github.io/biblioteche-fantasma/resource/library/IT-SA0101,IT-SA0101,Biblioteca comunale,manoscritti,1500
https://ameliamorsellino.github.io/biblioteche-fantasma/resource/library/IT-SA0154,IT-SA0154,Biblioteca comunale,manoscritti,15
https://ameliamorsellino.github.io/biblioteche-fantasma/resource/library/IT-SA0156,IT-SA0156,Biblioteca comunale,manoscritti,100
https://ameliamorsellino.github.io/biblioteche-fantasma/resource/library/IT-SA0180,IT-SA0180,Biblioteca comunale,manoscritti,
https://ameliamorsellino.github.io/biblioteche-fantasma/resource/library/IT-SI0011,IT-SI0011,Biblioteca comunale,manoscritti,
https://ameliamorsellino.github.io/biblioteche-fantasma/resource/library/IT-SI0098,IT-SI0098,Biblioteca comunale,manoscritti,25
https://ameliamorsellino.github.io/biblioteche-fantasma/resource/library/IT-SO0075,IT-SO0075,Biblioteca comunale,manoscritti,1
https://ameliamorsellino.github.io/biblioteche-fantasma/resource/library/IT-SR0005,IT-SR0005,Biblioteca comunale,manoscritti,100
https://ameliamorsellino.github.io/biblioteche-fantasma/resource/library/IT-SR0029,IT-SR0029,Biblioteca comunale,manoscritti,17879
https://ameliamorsellino.github.io/biblioteche-fantasma/resource/library/IT-TA0018,IT-TA0018,Biblioteca comunale,manoscritti,113
https://ameliamorsellino.github.io/biblioteche-fantasma/resource/library/IT-TA0044,IT-TA0044,Biblioteca comunale,manoscritti,790
https://ameliamorsellino.github.io/biblioteche-fantasma/resource/library/IT-TP0004,IT-TP0004,Biblioteca comunale,manoscritti,71
https://ameliamorsellino.github.io/biblioteche-fantasma/resource/library/IT-TP0012,IT-TP0012,Biblioteca comunale,manoscritti,500
https://ameliamorsellino.github.io/biblioteche-fantasma/resource/library/IT-TP0013,IT-TP0013,Biblioteca comunale,manoscritti,37
https://ameliamorsellino.github.io/biblioteche-fantasma/resource/library/IT-TR0032,IT-TR0032,Biblioteca comunale,manoscritti,291
https://ameliamorsellino.github.io/biblioteche-fantasma/resource/library/IT-TV0094,IT-TV0094,Biblioteca comunale,manoscritti,15
https://ameliamorsellino.github.io/biblioteche-fantasma/resource/library/IT-UD0068,IT-UD0068,Biblioteca comunale,manoscritti,11
https://ameliamorsellino.github.io/biblioteche-fantasma/resource/library/IT-UD0425,IT-UD0425,Biblioteca comunale,manoscritti,3009
https://ameliamorsellino.github.io/biblioteche-fantasma/resource/library/IT-VI0061,IT-VI0061,Biblioteca comunale,manoscritti,
https://ameliamorsellino.github.io/biblioteche-fantasma/resource/library/IT-VT0002,IT-VT0002,Biblioteca comunale,manoscritti,50
https://ameliamorsellino.github.io/biblioteche-fantasma/resource/library/IT-VT0035,IT-VT0035,Biblioteca comunale,manoscritti,10
https://ameliamorsellino.github.io/biblioteche-fantasma/resource/library/IT-VT0053,IT-VT0053,Biblioteca comunale,manoscritti,20
https://ameliamorsellino.github.io/biblioteche-fantasma/resource/library/IT-VT0081,IT-VT0081,Biblioteca comunale,manoscritti,
https://ameliamorsellino.github.io/biblioteche-fantasma/resource/library/IT-VV0001,IT-VV0001,Biblioteca comunale,manoscritti,
https://ameliamorsellino.github.io/biblioteche-fantasma/resource/library/IT-VV0005,IT-VV0005,Biblioteca comunale,manoscritti,20
https://ameliamorsellino.github.io/biblioteche-fantasma/resource/library/IT-VV0032,IT-VV0032,Biblioteca comunale,manoscritti,7
https://ameliamorsellino.github.io/biblioteche-fantasma/resource/library/IT-RO0007,IT-RO0007,"Biblioteca comunale  ""Bellini"" di Bergantino",manoscritti,140
https://ameliamorsellino.github.io/biblioteche-fantasma/resource/library/IT-CT0113,IT-CT0113,Biblioteca comunale  L. Marineo di Vizzini,manoscritti,17
https://ameliamorsellino.github.io/biblioteche-fantasma/resource/library/IT-SR0057,IT-SR0057,"Biblioteca comunale ""Andrea Gurciullo""",manoscritti,2
https://ameliamorsellino.github.io/biblioteche-fantasma/resource/library/IT-VR0209,IT-VR0209,"Biblioteca comunale ""Andrea Porta""",manoscritti,50
https://ameliamorsellino.github.io/biblioteche-fantasma/resource/library/IT-AN0020,IT-AN0020,"Biblioteca comunale ""Angelo Rocca""",manoscritti,2
https://ameliamorsellino.github.io/biblioteche-fantasma/resource/library/IT-VT0027,IT-VT0027,"Biblioteca comunale ""Annamaria Ciuchini""",manoscritti,11550
https://ameliamorsellino.github.io/biblioteche-fantasma/resource/library/IT-RG0005,IT-RG0005,"Biblioteca comunale ""Antonio dell'Agli"" Giarratana",manoscritti,4
https://ameliamorsellino.github.io/biblioteche-fantasma/resource/library/IT-NA0201,IT-NA0201,"Biblioteca comunale ""Bartolomeo Capasso""",manoscritti,2
https://ameliamorsellino.github.io/biblioteche-fantasma/resource/library/IT-PV0015,IT-PV0015,"Biblioteca comunale ""Bassani Franco""",manoscritti,1
https://ameliamorsellino.github.io/biblioteche-fantasma/resource/library/IT-ME0143,IT-ME0143,"Biblioteca comunale ""Beniamino Joppolo""",manoscritti,1
https://ameliamorsellino.github.io/biblioteche-fantasma/resource/library/IT-FI0012,IT-FI0012,"Biblioteca comunale ""Bruno Ciari""",manoscritti,
https://ameliamorsellino.github.io/biblioteche-fantasma/resource/library/IT-AP0054,IT-AP0054,"Biblioteca comunale ""Carlo Cuini""",manoscritti,20
https://ameliamorsellino.github.io/biblioteche-fantasma/resource/library/IT-PE0043,IT-PE0043,"Biblioteca comunale ""Carlo Di Bartolomeo""",manoscritti,2
https://ameliamorsellino.github.io/biblioteche-fantasma/resource/library/IT-RM1116,IT-RM1116,"Biblioteca comunale ""Carlo Magno""",manoscritti,1
https://ameliamorsellino.github.io/biblioteche-fantasma/resource/library/IT-CB0027,IT-CB0027,"Biblioteca comunale ""Corrado Gizzi""",manoscritti,45
https://ameliamorsellino.github.io/biblioteche-fantasma/resource/library/IT-LE0212,IT-LE0212,"Biblioteca comunale ""Edmondo D'Arpe""",manoscritti,1
https://ameliamorsellino.github.io/biblioteche-fantasma/resource/library/IT-SO0044,IT-SO0044,"Biblioteca comunale ""Elisa Branchi""",manoscritti,1
https://ameliamorsellino.github.io/biblioteche-fantasma/resource/library/IT-CT0018,IT-CT0018,"Biblioteca comunale ""Emanuele Taranto Rosso"" di Caltagirone",manoscritti,2
https://ameliamorsellino.github.io/biblioteche-fantasma/resource/library/IT-MO0035,IT-MO0035,"Biblioteca comunale ""Eugenio Garin""",manoscritti,625
https://ameliamorsellino.github.io/biblioteche-fantasma/resource/library/IT-AN0333,IT-AN0333,"Biblioteca comunale ""Evaristo Breccia""",manoscritti,3
https://ameliamorsellino.github.io/biblioteche-fantasma/resource/library/IT-BA0112,IT-BA0112,"Biblioteca comunale ""F. Angelini De Miccolis""",manoscritti,20
https://ameliamorsellino.github.io/biblioteche-fantasma/resource/library/IT-PZ0124,IT-PZ0124,"Biblioteca comunale ""Ferdinando Santoro""",manoscritti,
https://ameliamorsellino.github.io/biblioteche-fantasma/resource/library/IT-MC0075,IT-MC0075,"Biblioteca comunale ""Francesco Antolisei""",manoscritti,800
https://ameliamorsellino.github.io/biblioteche-fantasma/resource/library/IT-PA0028,IT-PA0028,"Biblioteca comunale ""Francesco Brancato""",manoscritti,5
https://ameliamorsellino.github.io/biblioteche-fantasma/resource/library/IT-PG0031,IT-PG0031,"Biblioteca comunale ""Francesco Melosio""",manoscritti,197
https://ameliamorsellino.github.io/biblioteche-fantasma/resource/library/IT-SR0016,IT-SR0016,"Biblioteca comunale ""G. D'Albergo""",manoscritti,70
https://ameliamorsellino.github.io/biblioteche-fantasma/resource/library/IT-GR0024,IT-GR0024,"Biblioteca comunale ""Gaetano Badii""",manoscritti,50
https://ameliamorsellino.github.io/biblioteche-fantasma/resource/library/IT-SI0031,IT-SI0031,"Biblioteca comunale ""Gaetano Pieraccini""",manoscritti,4
https://ameliamorsellino.github.io/biblioteche-fantasma/resource/library/IT-PG0162,IT-PG0162,"Biblioteca comunale ""Giacomo Prampolini""",manoscritti,7
https://ameliamorsellino.github.io/biblioteche-fantasma/resource/library/IT-BA0124,IT-BA0124,"Biblioteca comunale ""Giovanni Bovio""",manoscritti,399
https://ameliamorsellino.github.io/biblioteche-fantasma/resource/library/IT-BG0224,IT-BG0224,"Biblioteca comunale ""Giovanni Falcone e Paolo Borsellino""",manoscritti,29044
https://ameliamorsellino.github.io/biblioteche-fantasma/resource/library/IT-RE0031,IT-RE0031,"Biblioteca comunale ""Giulio Einaudi""",manoscritti,575
https://ameliamorsellino.github.io/biblioteche-fantasma/resource/library/IT-SR0003,IT-SR0003,"Biblioteca comunale ""Giuseppe Bianca""",manoscritti,4
https://ameliamorsellino.github.io/biblioteche-fantasma/resource/library/IT-FG0196,IT-FG0196,"Biblioteca comunale ""Giuseppe Di Palma""",manoscritti,2000
https://ameliamorsellino.github.io/biblioteche-fantasma/resource/library/IT-AG0012,IT-AG0012,"Biblioteca comunale ""Guglielmo Raimondo Moncada""",manoscritti,9
https://ameliamorsellino.github.io/biblioteche-fantasma/resource/library/IT-BO0192,IT-BO0192,"Biblioteca comunale ""La Fonte""",manoscritti,2
https://ameliamorsellino.github.io/biblioteche-fantasma/resource/library/IT-CH0045,IT-CH0045,"Biblioteca comunale ""Ladra di libri""",manoscritti,10
https://ameliamorsellino.github.io/biblioteche-fantasma/resource/library/IT-TP0059,IT-TP0059,"Biblioteca comunale ""Leonardo Centonze""",manoscritti,350
https://ameliamorsellino.github.io/biblioteche-fantasma/resource/library/IT-PG0172,IT-PG0172,"Biblioteca comunale ""Lorenzo Leoni""",manoscritti,240
https://ameliamorsellino.github.io/biblioteche-fantasma/resource/library/IT-VR0202,IT-VR0202,"Biblioteca comunale ""Lucrezio Veronese""",manoscritti,100
https://ameliamorsellino.github.io/biblioteche-fantasma/resource/library/IT-FE0006,IT-FE0006,"Biblioteca comunale ""Ludovico Antonio Muratori""",manoscritti,1
https://ameliamorsellino.github.io/biblioteche-fantasma/resource/library/IT-TO0131,IT-TO0131,"Biblioteca comunale ""Luisa Mosso""",manoscritti,5
https://ameliamorsellino.github.io/biblioteche-fantasma/resource/library/IT-CB0087,IT-CB0087,"Biblioteca comunale ""Maestro Giuseppe Lidio Lalli""",manoscritti,3000
https://ameliamorsellino.github.io/biblioteche-fantasma/resource/library/IT-PV0008,IT-PV0008,"Biblioteca comunale ""Marino Muzzio""",manoscritti,3000
https://ameliamorsellino.github.io/biblioteche-fantasma/resource/library/IT-CH0114,IT-CH0114,"Biblioteca comunale ""Mario Bellisario""",manoscritti,540
https://ameliamorsellino.github.io/biblioteche-fantasma/resource/library/IT-FE0047,IT-FE0047,"Biblioteca comunale ""Mario Soldati""",manoscritti,1
https://ameliamorsellino.github.io/biblioteche-fantasma/resource/library/IT-BA0232,IT-BA0232,"Biblioteca comunale ""Mons. A. Amatulli""",manoscritti,5300
https://ameliamorsellino.github.io/biblioteche-fantasma/resource/library/IT-MO0120,IT-MO0120,"Biblioteca comunale ""Natale Cionini""",manoscritti,23
https://ameliamorsellino.github.io/biblioteche-fantasma/resource/library/IT-FR0039,IT-FR0039,"Biblioteca comunale ""Natale Polci""",manoscritti,1
https://ameliamorsellino.github.io/biblioteche-fantasma/resource/library/IT-PZ0107,IT-PZ0107,"Biblioteca comunale ""Niccolo' Ramagli""",manoscritti,1000
https://ameliamorsellino.github.io/biblioteche-fantasma/resource/library/IT-CT0097,IT-CT0097,"Biblioteca comunale ""Nitto Indovino"" di Ramacca",manoscritti,150
https://ameliamorsellino.github.io/biblioteche-fantasma/resource/library/IT-FI0355,IT-FI0355,"Biblioteca comunale ""Pablo Neruda""",manoscritti,8911
https://ameliamorsellino.github.io/biblioteche-fantasma/resource/library/IT-FC0136,IT-FC0136,"Biblioteca comunale ""Palazzo Vendemini""",manoscritti,
https://ameliamorsellino.github.io/biblioteche-fantasma/resource/library/IT-BR0022,IT-BR0022,"Biblioteca comunale ""Pietro Gatti"" - Ceglie Messapica",manoscritti,
https://ameliamorsellino.github.io/biblioteche-fantasma/resource/library/IT-GR0030,IT-GR0030,"Biblioteca comunale ""Pietro Raveggi""",manoscritti,20
https://ameliamorsellino.github.io/biblioteche-fantasma/resource/library/IT-SR0013,IT-SR0013,"Biblioteca comunale ""Principe di Villadorata""",manoscritti,1359
https://ameliamorsellino.github.io/biblioteche-fantasma/resource/library/IT-FI0013,IT-FI0013,"Biblioteca comunale ""Renato Fucini""",manoscritti,200
https://ameliamorsellino.github.io/biblioteche-fantasma/resource/library/IT-CT0131,IT-CT0131,"Biblioteca comunale ""Roberto Sava"" di Belpasso",manoscritti,3
https://ameliamorsellino.github.io/biblioteche-fantasma/resource/library/IT-MO0110,IT-MO0110,"Biblioteca comunale ""Sibilla Aleramo""",manoscritti,21
https://ameliamorsellino.github.io/biblioteche-fantasma/resource/library/IT-PV0165,IT-PV0165,"Biblioteca comunale ""Stelio Lozza""",manoscritti,1
https://ameliamorsellino.github.io/biblioteche-fantasma/resource/library/IT-ME0399,IT-ME0399,"Biblioteca comunale ""Tommaso Cannizzaro""",manoscritti,12
https://ameliamorsellino.github.io/biblioteche-fantasma/resource/library/IT-BS0175,IT-BS0175,"Biblioteca comunale ""Ugo Vaglia""",manoscritti,2
https://ameliamorsellino.github.io/biblioteche-fantasma/resource/library/IT-RC0040,IT-RC0040,"Biblioteca comunale ""Valentina Scopelliti""",manoscritti,50
https://ameliamorsellino.github.io/biblioteche-fantasma/resource/library/IT-AT0081,IT-AT0081,Biblioteca comunale 'Carlo Fruttero' di Passerano Marmorito,manoscritti,100
https://ameliamorsellino.github.io/biblioteche-fantasma/resource/library/IT-LE0189,IT-LE0189,Biblioteca comunale 'Carmela Carrozzini',manoscritti,10
https://ameliamorsellino.github.io/biblioteche-fantasma/resource/library/IT-CR0056,IT-CR0056,Biblioteca comunale 'Clara Gallini',manoscritti,1435
https://ameliamorsellino.github.io/biblioteche-fantasma/resource/library/IT-CT0130,IT-CT0130,Biblioteca comunale 'Gerardo Sangiorgio' di Biancavilla,manoscritti,15
https://ameliamorsellino.github.io/biblioteche-fantasma/resource/library/IT-PA0508,IT-PA0508,Biblioteca comunale 'Il Ponte',manoscritti,1
https://ameliamorsellino.github.io/biblioteche-fantasma/resource/library/IT-PT0035,IT-PT0035,Biblioteca comunale 'Leandro Magnani' di Montecatini Terme,manoscritti,391
https://ameliamorsellino.github.io/biblioteche-fantasma/resource/library/IT-FG0108,IT-FG0108,Biblioteca comunale 'Mons. V. Morra' Sede Centrale Via Aspromonte 1 - Sede decentrata Viale I Maggio 104,manoscritti,2
https://ameliamorsellino.github.io/biblioteche-fantasma/resource/library/IT-PZ0158,IT-PZ0158,Biblioteca comunale 'Nicola Basilè,manoscritti,
https://ameliamorsellino.github.io/biblioteche-fantasma/resource/library/IT-EN0029,IT-EN0029,Biblioteca comunale 'Nuccio Sciacchitano',manoscritti,1
https://ameliamorsellino.github.io/biblioteche-fantasma/resource/library/IT-CZ0051,IT-CZ0051,Biblioteca comunale 'O. Borrello',manoscritti,30
https://ameliamorsellino.github.io/biblioteche-fantasma/resource/library/IT-SI0018,IT-SI0018,Biblioteca comunale 'Ottiero Ottieri' di Chiusi,manoscritti,10
https://ameliamorsellino.github.io/biblioteche-fantasma/resource/library/IT-UD0229,IT-UD0229,Biblioteca comunale 'Padre Luigi Lucchini',manoscritti,40
https://ameliamorsellino.github.io/biblioteche-fantasma/resource/library/IT-CB0026,IT-CB0026,Biblioteca comunale 'Paolo Martino',manoscritti,2
https://ameliamorsellino.github.io/biblioteche-fantasma/resource/library/IT-BA0077,IT-BA0077,Biblioteca comunale 'Prof.ssa Rosa Antonacci De Marco',manoscritti,1
https://ameliamorsellino.github.io/biblioteche-fantasma/resource/library/IT-EN0019,IT-EN0019,Biblioteca comunale 'Salvatore Citelli',manoscritti,2500
https://ameliamorsellino.github.io/biblioteche-fantasma/resource/library/IT-IS0051,IT-IS0051,Biblioteca comunale 'Sant'Agapito Martire',manoscritti,50
https://ameliamorsellino.github.io/biblioteche-fantasma/resource/library/IT-BO0213,IT-BO0213,Biblioteca comunale 'le Scuole',manoscritti,
https://ameliamorsellino.github.io/biblioteche-fantasma/resource/library/IT-PG0393,IT-PG0393,Biblioteca comunale - Fondo antico,manoscritti,1100
https://ameliamorsellino.github.io/biblioteche-fantasma/resource/library/IT-TN0192,IT-TN0192,Biblioteca comunale - Trento. Sede di Ravina,manoscritti,1
https://ameliamorsellino.github.io/biblioteche-fantasma/resource/library/IT-ME0452,IT-ME0452,"Biblioteca comunale - sezione ragazzi ""Oasi""",manoscritti,40
https://ameliamorsellino.github.io/biblioteche-fantasma/resource/library/IT-RG0016,IT-RG0016,Biblioteca comunale A. Alfieri,manoscritti,1
https://ameliamorsellino.github.io/biblioteche-fantasma/resource/library/IT-PO0002,IT-PO0002,Biblioteca comunale A. Lazzerini - Istituto Culturale e di Documentazione Lazzerini,manoscritti,1
https://ameliamorsellino.github.io/biblioteche-fantasma/resource/library/IT-KR0020,IT-KR0020,Biblioteca comunale A.Cosco,manoscritti,7840
https://ameliamorsellino.github.io/biblioteche-fantasma/resource/library/IT-RI0055,IT-RI0055,Biblioteca comunale Abate Alano,manoscritti,2
https://ameliamorsellino.github.io/biblioteche-fantasma/resource/library/IT-CT0108,IT-CT0108,Biblioteca comunale Abate Ferrara di Trecastagni,manoscritti,5
https://ameliamorsellino.github.io/biblioteche-fantasma/resource/library/IT-LE0132,IT-LE0132,Biblioteca comunale Achille Vergari,manoscritti,51
https://ameliamorsellino.github.io/biblioteche-fantasma/resource/library/IT-EN0018,IT-EN0018,Biblioteca comunale Alceste e Remigio Roccella,manoscritti,49
https://ameliamorsellino.github.io/biblioteche-fantasma/resource/library/IT-AP0035,IT-AP0035,Biblioteca comunale Aldo Gabrielli,manoscritti,57
https://ameliamorsellino.github.io/biblioteche-fantasma/resource/library/IT-AR0021,IT-AR0021,Biblioteca comunale Aldo Merlini - Castelfranco di Sopra,manoscritti,
https://ameliamorsellino.github.io/biblioteche-fantasma/resource/library/IT-RM0599,IT-RM0599,Biblioteca comunale Alessandro Capotosti,manoscritti,15
https://ameliamorsellino.github.io/biblioteche-fantasma/resource/library/IT-RM0024,IT-RM0024,Biblioteca comunale Alessandro Cialdi,manoscritti,2
https://ameliamorsellino.github.io/biblioteche-fantasma/resource/library/IT-AV0066,IT-AV0066,Biblioteca comunale Alessandro Manzoni,manoscritti,22
https://ameliamorsellino.github.io/biblioteche-fantasma/resource/library/IT-LC0044,IT-LC0044,Biblioteca comunale Alessandro Manzoni,manoscritti,1
https://ameliamorsellino.github.io/biblioteche-fantasma/resource/library/IT-FG0096,IT-FG0096,Biblioteca comunale Alessandro Minuziano,manoscritti,95
https://ameliamorsellino.github.io/biblioteche-fantasma/resource/library/IT-AV0121,IT-AV0121,Biblioteca comunale Alfonso Menna,manoscritti,30
https://ameliamorsellino.github.io/biblioteche-fantasma/resource/library/IT-RN0020,IT-RN0020,Biblioteca comunale Alfredo Panzini,manoscritti,124
https://ameliamorsellino.github.io/biblioteche-fantasma/resource/library/IT-VT0031,IT-VT0031,Biblioteca comunale Alfredo Tarquini,manoscritti,50
https://ameliamorsellino.github.io/biblioteche-fantasma/resource/library/IT-PA0509,IT-PA0509,Biblioteca comunale Andrea Salamone,manoscritti,
https://ameliamorsellino.github.io/biblioteche-fantasma/resource/library/IT-CT0079,IT-CT0079,Biblioteca comunale Angelo Majorana di Militello in Val di Catania,manoscritti,40
https://ameliamorsellino.github.io/biblioteche-fantasma/resource/library/IT-CR0031,IT-CR0031,Biblioteca comunale Anton Enrico Mortara,manoscritti,29
https://ameliamorsellino.github.io/biblioteche-fantasma/resource/library/IT-AN0069,IT-AN0069,Biblioteca comunale Antonelliana,manoscritti,80
https://ameliamorsellino.github.io/biblioteche-fantasma/resource/library/IT-ME0105,IT-ME0105,Biblioteca comunale Antonino Pagliaro,manoscritti,34
https://ameliamorsellino.github.io/biblioteche-fantasma/resource/library/IT-RN0028,IT-RN0028,Biblioteca comunale Antonio Baldini,manoscritti,
https://ameliamorsellino.github.io/biblioteche-fantasma/resource/library/IT-PA0285,IT-PA0285,Biblioteca comunale Antonio Castelli,manoscritti,10
https://ameliamorsellino.github.io/biblioteche-fantasma/resource/library/IT-FR0010,IT-FR0010,Biblioteca comunale Aquinas,manoscritti,6000
https://ameliamorsellino.github.io/biblioteche-fantasma/resource/library/IT-VT0075,IT-VT0075,Biblioteca comunale Ardenti,manoscritti,6252
https://ameliamorsellino.github.io/biblioteche-fantasma/resource/library/IT-FE0017,IT-FE0017,Biblioteca comunale Ariostea,manoscritti,7160
https://ameliamorsellino.github.io/biblioteche-fantasma/resource/library/IT-ME0017,IT-ME0017,Biblioteca comunale Artemisia,manoscritti,14
https://ameliamorsellino.github.io/biblioteche-fantasma/resource/library/IT-MC0038,IT-MC0038,Biblioteca comunale Ascariana,manoscritti,50
https://ameliamorsellino.github.io/biblioteche-fantasma/resource/library/IT-PG0109,IT-PG0109,Biblioteca comunale Augusta,manoscritti,3441
https://ameliamorsellino.github.io/biblioteche-fantasma/resource/library/IT-BO0175,IT-BO0175,Biblioteca comunale Augusto Majani-Nasica,manoscritti,5
https://ameliamorsellino.github.io/biblioteche-fantasma/resource/library/IT-ME0367,IT-ME0367,Biblioteca comunale Aurelio Rigoli,manoscritti,300
https://ameliamorsellino.github.io/biblioteche-fantasma/resource/library/IT-FC0018,IT-FC0018,Biblioteca comunale Aurelio Saffi e Fondo Piancastelli,manoscritti,325014
https://ameliamorsellino.github.io/biblioteche-fantasma/resource/library/IT-NU0123,IT-NU0123,Biblioteca comunale Bachisio Ruggiu,manoscritti,2
https://ameliamorsellino.github.io/biblioteche-fantasma/resource/library/IT-BG0074,IT-BG0074,Biblioteca comunale Banfi,manoscritti,2
https://ameliamorsellino.github.io/biblioteche-fantasma/resource/library/IT-TO0152,IT-TO0152,Biblioteca comunale Barbara Allason,manoscritti,1
https://ameliamorsellino.github.io/biblioteche-fantasma/resource/library/IT-CB0029,IT-CB0029,Biblioteca comunale Bartolomeo Preziosi,manoscritti,100
https://ameliamorsellino.github.io/biblioteche-fantasma/resource/library/IT-AP0130,IT-AP0130,Biblioteca comunale Belvedere,manoscritti,500
https://ameliamorsellino.github.io/biblioteche-fantasma/resource/library/IT-LC0027,IT-LC0027,Biblioteca comunale Benedetto De Angelis,manoscritti,14184
https://ameliamorsellino.github.io/biblioteche-fantasma/resource/library/IT-BA0095,IT-BA0095,Biblioteca comunale Beniamino d'Amato,manoscritti,1
https://ameliamorsellino.github.io/biblioteche-fantasma/resource/library/IT-CS0060,IT-CS0060,Biblioteca comunale Bruno da Longobucco,manoscritti,20
https://ameliamorsellino.github.io/biblioteche-fantasma/resource/library/IT-PV0158,IT-PV0158,Biblioteca comunale CIVICA,manoscritti,50
https://ameliamorsellino.github.io/biblioteche-fantasma/resource/library/IT-MS0021,IT-MS0021,Biblioteca comunale Camillo Cimati,manoscritti,150
https://ameliamorsellino.github.io/biblioteche-fantasma/resource/library/IT-MO0115,IT-MO0115,Biblioteca comunale Campi - Costa Giani,manoscritti,3
https://ameliamorsellino.github.io/biblioteche-fantasma/resource/library/IT-AR0042,IT-AR0042,Biblioteca comunale Card. Giovanni Colombo,manoscritti,5
https://ameliamorsellino.github.io/biblioteche-fantasma/resource/library/IT-PG0032,IT-PG0032,Biblioteca comunale Carducci,manoscritti,121
https://ameliamorsellino.github.io/biblioteche-fantasma/resource/library/IT-PT0015,IT-PT0015,Biblioteca comunale Carlo Magnani,manoscritti,480
https://ameliamorsellino.github.io/biblioteche-fantasma/resource/library/IT-RA0024,IT-RA0024,Biblioteca comunale Carlo Piancastelli,manoscritti,2
https://ameliamorsellino.github.io/biblioteche-fantasma/resource/library/IT-RG0015,IT-RG0015,Biblioteca comunale Carmelo La Rocca,manoscritti,43
https://ameliamorsellino.github.io/biblioteche-fantasma/resource/library/IT-OR0254,IT-OR0254,Biblioteca comunale Casa Borrelli Biblioteca Caffè Letterario,manoscritti,2
https://ameliamorsellino.github.io/biblioteche-fantasma/resource/library/IT-UD0036,IT-UD0036,Biblioteca comunale Caterina Percoto,manoscritti,40
https://ameliamorsellino.github.io/biblioteche-fantasma/resource/library/IT-AG0058,IT-AG0058,Biblioteca comunale Centro Culturale San Domenico,manoscritti,
https://ameliamorsellino.github.io/biblioteche-fantasma/resource/library/IT-BO0239,IT-BO0239,Biblioteca comunale Cesare Pavese,manoscritti,2
https://ameliamorsellino.github.io/biblioteche-fantasma/resource/library/IT-GR0012,IT-GR0012,Biblioteca comunale Chelliana,manoscritti,188
https://ameliamorsellino.github.io/biblioteche-fantasma/resource/library/IT-EN0007,IT-EN0007,Biblioteca comunale Cicerone,manoscritti,3
https://ameliamorsellino.github.io/biblioteche-fantasma/resource/library/IT-CZ0095,IT-CZ0095,Biblioteca comunale Circolo di cultura Antonio Gramsci,manoscritti,
https://ameliamorsellino.github.io/biblioteche-fantasma/resource/library/IT-BS0510,IT-BS0510,Biblioteca comunale Clotilde Rovati,manoscritti,9309
https://ameliamorsellino.github.io/biblioteche-fantasma/resource/library/IT-FR0029,IT-FR0029,Biblioteca comunale Collepardo,manoscritti,100
https://ameliamorsellino.github.io/biblioteche-fantasma/resource/library/IT-RC0006,IT-RC0006,Biblioteca comunale Corrado Alvaro,manoscritti,70
https://ameliamorsellino.github.io/biblioteche-fantasma/resource/library/IT-PG0035,IT-PG0035,Biblioteca comunale Dante Alighieri,manoscritti,712
https://ameliamorsellino.github.io/biblioteche-fantasma/resource/library/IT-MO0027,IT-MO0027,Biblioteca comunale Daria Bertolani Marchetti,manoscritti,
https://ameliamorsellino.github.io/biblioteche-fantasma/resource/library/IT-IS0048,IT-IS0048,Biblioteca comunale De Bellis-Pilla-Morra,manoscritti,2
https://ameliamorsellino.github.io/biblioteche-fantasma/resource/library/IT-NU0127,IT-NU0127,Biblioteca comunale Demetrio Ballicu,manoscritti,6
https://ameliamorsellino.github.io/biblioteche-fantasma/resource/library/IT-PD0360,IT-PD0360,Biblioteca comunale Diego Valeri di Piove di Sacco,manoscritti,2
https://ameliamorsellino.github.io/biblioteche-fantasma/resource/library/IT-AR0060,IT-AR0060,Biblioteca comunale Dionisio Roberti,manoscritti,6000
https://ameliamorsellino.github.io/biblioteche-fantasma/resource/library/IT-LU0017,IT-LU0017,Biblioteca comunale Domenico Bertini,manoscritti,152
https://ameliamorsellino.github.io/biblioteche-fantasma/resource/library/IT-CT0067,IT-CT0067,Biblioteca comunale Domenico Cucinotta di Giarre,manoscritti,
https://ameliamorsellino.github.io/biblioteche-fantasma/resource/library/IT-CT0093,IT-CT0093,Biblioteca comunale Domenico Rizzo di Pedara,manoscritti,5
https://ameliamorsellino.github.io/biblioteche-fantasma/resource/library/IT-BG0184,IT-BG0184,Biblioteca comunale Don Antonio Marinoni,manoscritti,3
https://ameliamorsellino.github.io/biblioteche-fantasma/resource/library/IT-NA0524,IT-NA0524,Biblioteca comunale Don Michele Ambrosino,manoscritti,10
https://ameliamorsellino.github.io/biblioteche-fantasma/resource/library/IT-PT0005,IT-PT0005,Biblioteca comunale Don Siro Butelli,manoscritti,15
https://ameliamorsellino.github.io/biblioteche-fantasma/resource/library/IT-AL0165,IT-AL0165,Biblioteca comunale Dott. G. D. Sancio,manoscritti,1
https://ameliamorsellino.github.io/biblioteche-fantasma/resource/library/IT-BL0009,IT-BL0009,Biblioteca comunale E. De Lotto di Calalzo di Cadore,manoscritti,7
https://ameliamorsellino.github.io/biblioteche-fantasma/resource/library/IT-NA0202,IT-NA0202,Biblioteca comunale ERNESTO CESARO,manoscritti,1
https://ameliamorsellino.github.io/biblioteche-fantasma/resource/library/IT-BG0080,IT-BG0080,Biblioteca comunale Elisa Perani,manoscritti,45
https://ameliamorsellino.github.io/biblioteche-fantasma/resource/library/IT-CS0103,IT-CS0103,Biblioteca comunale Emanuele Conti,manoscritti,18
https://ameliamorsellino.github.io/biblioteche-fantasma/resource/library/IT-CB0043,IT-CB0043,Biblioteca comunale Emilio Ambrogio Paterno,manoscritti,30
https://ameliamorsellino.github.io/biblioteche-fantasma/resource/library/IT-CS0012,IT-CS0012,Biblioteca comunale Enrico Cappa,manoscritti,200
https://ameliamorsellino.github.io/biblioteche-fantasma/resource/library/IT-AP0073,IT-AP0073,Biblioteca comunale Enzo Massimiliano Conti,manoscritti,17
https://ameliamorsellino.github.io/biblioteche-fantasma/resource/library/IT-RM0616,IT-RM0616,Biblioteca comunale Enzo Tortora,manoscritti,1
https://ameliamorsellino.github.io/biblioteche-fantasma/resource/library/IT-PV0006,IT-PV0006,Biblioteca comunale Erminia Lavezzi,manoscritti,50
https://ameliamorsellino.github.io/biblioteche-fantasma/resource/library/IT-ME0009,IT-ME0009,Biblioteca comunale Ernesto  Mancari,manoscritti,18300
https://ameliamorsellino.github.io/biblioteche-fantasma/resource/library/IT-BA0078,IT-BA0078,Biblioteca comunale Eustachio Rogadeo,manoscritti,350
https://ameliamorsellino.github.io/biblioteche-fantasma/resource/library/IT-SO0061,IT-SO0061,Biblioteca comunale Ezio Vanoni,manoscritti,3
https://ameliamorsellino.github.io/biblioteche-fantasma/resource/library/IT-CB0025,IT-CB0025,Biblioteca comunale F. Berardinelli,manoscritti,7
https://ameliamorsellino.github.io/biblioteche-fantasma/resource/library/IT-RA0025,IT-RA0025,Biblioteca comunale Fabrizio Trisi,manoscritti,12002
https://ameliamorsellino.github.io/biblioteche-fantasma/resource/library/IT-RM0073,IT-RM0073,Biblioteca comunale Fantoniana,manoscritti,15
https://ameliamorsellino.github.io/biblioteche-fantasma/resource/library/IT-PU0018,IT-PU0018,Biblioteca comunale Federiciana,manoscritti,137000
https://ameliamorsellino.github.io/biblioteche-fantasma/resource/library/IT-MN0022,IT-MN0022,Biblioteca comunale Ferrante Bandera,manoscritti,100
https://ameliamorsellino.github.io/biblioteche-fantasma/resource/library/IT-MC0055,IT-MC0055,Biblioteca comunale Ferretti-Brocco,manoscritti,800
https://ameliamorsellino.github.io/biblioteche-fantasma/resource/library/IT-MC0082,IT-MC0082,Biblioteca comunale Filelfica,manoscritti,
https://ameliamorsellino.github.io/biblioteche-fantasma/resource/library/IT-CZ0014,IT-CZ0014,Biblioteca comunale Filippo De Nobili,manoscritti,900
https://ameliamorsellino.github.io/biblioteche-fantasma/resource/library/IT-FR0021,IT-FR0021,Biblioteca comunale Filippo Maria de Sanctis,manoscritti,10
https://ameliamorsellino.github.io/biblioteche-fantasma/resource/library/IT-MT0033,IT-MT0033,Biblioteca comunale Filippo Rondinelli,manoscritti,15
https://ameliamorsellino.github.io/biblioteche-fantasma/resource/library/IT-LE0200,IT-LE0200,Biblioteca comunale Fiore Tommaso Gnoni,manoscritti,1000
https://ameliamorsellino.github.io/biblioteche-fantasma/resource/library/IT-CR0044,IT-CR0044,Biblioteca comunale Fiorino Soldi,manoscritti,7
https://ameliamorsellino.github.io/biblioteche-fantasma/resource/library/IT-LI0020,IT-LI0020,Biblioteca comunale Foresiana,manoscritti,12000
https://ameliamorsellino.github.io/biblioteche-fantasma/resource/library/IT-PT0025,IT-PT0025,Biblioteca comunale Forteguerriana,manoscritti,1400
https://ameliamorsellino.github.io/biblioteche-fantasma/resource/library/IT-CZ0005,IT-CZ0005,Biblioteca comunale Fortunato Andrea Cordaro,manoscritti,100
https://ameliamorsellino.github.io/biblioteche-fantasma/resource/library/IT-PA0034,IT-PA0034,Biblioteca comunale Francesco Bentivegna,manoscritti,20
https://ameliamorsellino.github.io/biblioteche-fantasma/resource/library/IT-AN0054,IT-AN0054,Biblioteca comunale Francesco Cini,manoscritti,4000
https://ameliamorsellino.github.io/biblioteche-fantasma/resource/library/IT-PA0174,IT-PA0174,Biblioteca comunale Francesco Inguaggiato Fatta,manoscritti,3
https://ameliamorsellino.github.io/biblioteche-fantasma/resource/library/IT-PA0183,IT-PA0183,Biblioteca comunale Francesco La Rocca,manoscritti,1
https://ameliamorsellino.github.io/biblioteche-fantasma/resource/library/IT-FE0001,IT-FE0001,Biblioteca comunale Francesco Leopoldo Bertoldi,manoscritti,7
https://ameliamorsellino.github.io/biblioteche-fantasma/resource/library/IT-PV0199,IT-PV0199,Biblioteca comunale Francesco Pezza,manoscritti,1
https://ameliamorsellino.github.io/biblioteche-fantasma/resource/library/IT-LE0108,IT-LE0108,Biblioteca comunale Francesco Piccinno,manoscritti,10
https://ameliamorsellino.github.io/biblioteche-fantasma/resource/library/IT-PA0004,IT-PA0004,Biblioteca comunale Francesco Scaduto,manoscritti,
https://ameliamorsellino.github.io/biblioteche-fantasma/resource/library/IT-PA0021,IT-PA0021,Biblioteca comunale Francesco Scavo,manoscritti,50
https://ameliamorsellino.github.io/biblioteche-fantasma/resource/library/IT-MO0127,IT-MO0127,Biblioteca comunale Francesco Selmi,manoscritti,23
https://ameliamorsellino.github.io/biblioteche-fantasma/resource/library/IT-PG0019,IT-PG0019,Biblioteca comunale Francesco Torti,manoscritti,60
https://ameliamorsellino.github.io/biblioteche-fantasma/resource/library/IT-BR0015,IT-BR0015,Biblioteca comunale Francesco Trinchera senior -Ostuni,manoscritti,40
https://ameliamorsellino.github.io/biblioteche-fantasma/resource/library/IT-GR0031,IT-GR0031,Biblioteca comunale Francesco Zuccarelli,manoscritti,
https://ameliamorsellino.github.io/biblioteche-fantasma/resource/library/IT-RG0004,IT-RG0004,Biblioteca comunale Fulvio Stanganelli,manoscritti,
https://ameliamorsellino.github.io/biblioteche-fantasma/resource/library/IT-PG0168,IT-PG0168,Biblioteca comunale G. Carducci,manoscritti,410
https://ameliamorsellino.github.io/biblioteche-fantasma/resource/library/IT-CA0143,IT-CA0143,Biblioteca comunale G. Deledda,manoscritti,20
https://ameliamorsellino.github.io/biblioteche-fantasma/resource/library/IT-RC0035,IT-RC0035,Biblioteca comunale G. Incorpora,manoscritti,1
https://ameliamorsellino.github.io/biblioteche-fantasma/resource/library/IT-AL0102,IT-AL0102,Biblioteca comunale G. Spina,manoscritti,20
https://ameliamorsellino.github.io/biblioteche-fantasma/resource/library/IT-CS0132,IT-CS0132,Biblioteca comunale G. Toscano - Centro studio calabro-lucano e di documentazione,manoscritti,50
https://ameliamorsellino.github.io/biblioteche-fantasma/resource/library/IT-PD0352,IT-PD0352,Biblioteca comunale G.B. Marinelli di Anguillara Veneta,manoscritti,17
https://ameliamorsellino.github.io/biblioteche-fantasma/resource/library/IT-NA0012,IT-NA0012,Biblioteca comunale Gaetano Filangieri,manoscritti,30
https://ameliamorsellino.github.io/biblioteche-fantasma/resource/library/IT-CE0068,IT-CE0068,Biblioteca comunale Gaetano Parente,manoscritti,20
https://ameliamorsellino.github.io/biblioteche-fantasma/resource/library/IT-LE0181,IT-LE0181,Biblioteca comunale Gaetano Salvemini,manoscritti,4
https://ameliamorsellino.github.io/biblioteche-fantasma/resource/library/IT-RE0072,IT-RE0072,Biblioteca comunale Gaetano Salvemini,manoscritti,4
https://ameliamorsellino.github.io/biblioteche-fantasma/resource/library/IT-EN0004,IT-EN0004,Biblioteca comunale Gaetano Scovazzo,manoscritti,30
https://ameliamorsellino.github.io/biblioteche-fantasma/resource/library/IT-RN0010,IT-RN0010,Biblioteca comunale Gaspare Mariotti,manoscritti,
https://ameliamorsellino.github.io/biblioteche-fantasma/resource/library/IT-AN0049,IT-AN0049,Biblioteca comunale Gaspare Spontini,manoscritti,2
https://ameliamorsellino.github.io/biblioteche-fantasma/resource/library/IT-RC0004,IT-RC0004,Biblioteca comunale Generale A. Iracà - Sala Multimediale Uccio Lopresto,manoscritti,3
https://ameliamorsellino.github.io/biblioteche-fantasma/resource/library/IT-CB0064,IT-CB0064,Biblioteca comunale Gennaro Perrotta,manoscritti,1000
https://ameliamorsellino.github.io/biblioteche-fantasma/resource/library/IT-SR0001,IT-SR0001,Biblioteca comunale Georges Vallet,manoscritti,12
https://ameliamorsellino.github.io/biblioteche-fantasma/resource/library/IT-PZ0057,IT-PZ0057,Biblioteca comunale Giacomo Racioppi,manoscritti,4
https://ameliamorsellino.github.io/biblioteche-fantasma/resource/library/IT-VA0029,IT-VA0029,Biblioteca comunale Gian Battista Roggia,manoscritti,42
https://ameliamorsellino.github.io/biblioteche-fantasma/resource/library/IT-PR0102,IT-PR0102,Biblioteca comunale Gian Domenico Romagnosi,manoscritti,3
https://ameliamorsellino.github.io/biblioteche-fantasma/resource/library/IT-BA0109,IT-BA0109,Biblioteca comunale Gian Matteo Giuliani,manoscritti,18
https://ameliamorsellino.github.io/biblioteche-fantasma/resource/library/IT-FE0144,IT-FE0144,Biblioteca comunale Gianni Rodari,manoscritti,2
https://ameliamorsellino.github.io/biblioteche-fantasma/resource/library/IT-NU0109,IT-NU0109,Biblioteca comunale Giannina Concas,manoscritti,6345
https://ameliamorsellino.github.io/biblioteche-fantasma/resource/library/IT-FI0189,IT-FI0189,Biblioteca comunale Gilberto Rovai,manoscritti,
https://ameliamorsellino.github.io/biblioteche-fantasma/resource/library/IT-FE0098,IT-FE0098,Biblioteca comunale Giorgio Bassani,manoscritti,9
https://ameliamorsellino.github.io/biblioteche-fantasma/resource/library/IT-CT0091,IT-CT0091,Biblioteca comunale Giovan Battista Nicolosi di Paternò,manoscritti,147
https://ameliamorsellino.github.io/biblioteche-fantasma/resource/library/IT-RN0003,IT-RN0003,Biblioteca comunale Giovanni Antonio Battarra,manoscritti,2
https://ameliamorsellino.github.io/biblioteche-fantasma/resource/library/IT-PV0044,IT-PV0044,Biblioteca comunale Giovanni Arrigoni,manoscritti,20
https://ameliamorsellino.github.io/biblioteche-fantasma/resource/library/IT-BR0009,IT-BR0009,Biblioteca comunale Giovanni Calò,manoscritti,1
https://ameliamorsellino.github.io/biblioteche-fantasma/resource/library/IT-TR0020,IT-TR0020,Biblioteca comunale Giovanni Eroli,manoscritti,70
https://ameliamorsellino.github.io/biblioteche-fantasma/resource/library/IT-AR0013,IT-AR0013,Biblioteca comunale Giovanni Giovannini,manoscritti,2
https://ameliamorsellino.github.io/biblioteche-fantasma/resource/library/IT-SS0112,IT-SS0112,Biblioteca comunale Giovanni Maria Dettori,manoscritti,10
https://ameliamorsellino.github.io/biblioteche-fantasma/resource/library/IT-BA0102,IT-BA0102,Biblioteca comunale Giovanni Panunzio,manoscritti,922
https://ameliamorsellino.github.io/biblioteche-fantasma/resource/library/IT-GE0006,IT-GE0006,Biblioteca comunale Giovanni Ponte,manoscritti,10
https://ameliamorsellino.github.io/biblioteche-fantasma/resource/library/IT-RG0010,IT-RG0010,Biblioteca comunale Giovanni Verga,manoscritti,7
https://ameliamorsellino.github.io/biblioteche-fantasma/resource/library/IT-PA0003,IT-PA0003,Biblioteca comunale Giovanni Vernaci,manoscritti,1
https://ameliamorsellino.github.io/biblioteche-fantasma/resource/library/IT-BR0017,IT-BR0017,Biblioteca comunale Giovanni XXIII - San Vito dei Normanni,manoscritti,600
https://ameliamorsellino.github.io/biblioteche-fantasma/resource/library/IT-BO0220,IT-BO0220,Biblioteca comunale Giulio Cesare Croce,manoscritti,16100
https://ameliamorsellino.github.io/biblioteche-fantasma/resource/library/IT-AP0006,IT-AP0006,Biblioteca comunale Giulio Gabrielli,manoscritti,3000
https://ameliamorsellino.github.io/biblioteche-fantasma/resource/library/IT-NO0139,IT-NO0139,Biblioteca comunale Giulio Macchi,manoscritti,4900
https://ameliamorsellino.github.io/biblioteche-fantasma/resource/library/IT-CS0226,IT-CS0226,Biblioteca comunale Giuseppe Angelo Nociti,manoscritti,
https://ameliamorsellino.github.io/biblioteche-fantasma/resource/library/IT-CS0086,IT-CS0086,Biblioteca comunale Giuseppe Arabia,manoscritti,
https://ameliamorsellino.github.io/biblioteche-fantasma/resource/library/IT-CT0140,IT-CT0140,Biblioteca comunale Giuseppe Barchitta di Scordia,manoscritti,5
https://ameliamorsellino.github.io/biblioteche-fantasma/resource/library/IT-BA0005,IT-BA0005,Biblioteca comunale Giuseppe Ceci,manoscritti,15
https://ameliamorsellino.github.io/biblioteche-fantasma/resource/library/IT-VT0009,IT-VT0009,Biblioteca comunale Giuseppe Cozza Luzi,manoscritti,284
https://ameliamorsellino.github.io/biblioteche-fantasma/resource/library/IT-FG0134,IT-FG0134,Biblioteca comunale Giuseppe Del Viscio,manoscritti,50
https://ameliamorsellino.github.io/biblioteche-fantasma/resource/library/IT-PA0009,IT-PA0009,Biblioteca comunale Giuseppe Genovese,manoscritti,18
https://ameliamorsellino.github.io/biblioteche-fantasma/resource/library/IT-BR0016,IT-BR0016,Biblioteca comunale Giuseppe Melli - San Pietro Vernotico,manoscritti,15
https://ameliamorsellino.github.io/biblioteche-fantasma/resource/library/IT-MO0023,IT-MO0023,Biblioteca comunale Giuseppe Pederiali,manoscritti,390
https://ameliamorsellino.github.io/biblioteche-fantasma/resource/library/IT-AN0061,IT-AN0061,Biblioteca comunale Giuseppe Tanfani,manoscritti,5
https://ameliamorsellino.github.io/biblioteche-fantasma/resource/library/IT-RA0002,IT-RA0002,Biblioteca comunale Giuseppe Taroni,manoscritti,78
https://ameliamorsellino.github.io/biblioteche-fantasma/resource/library/IT-PA0290,IT-PA0290,Biblioteca comunale Giuseppe Traina,manoscritti,20
https://ameliamorsellino.github.io/biblioteche-fantasma/resource/library/IT-PZ0089,IT-PZ0089,Biblioteca comunale Giustino Fortunato,manoscritti,
https://ameliamorsellino.github.io/biblioteche-fantasma/resource/library/IT-PR0156,IT-PR0156,Biblioteca comunale Glauco Lombardi,manoscritti,3
https://ameliamorsellino.github.io/biblioteche-fantasma/resource/library/IT-CO0253,IT-CO0253,Biblioteca comunale Guido Roveda,manoscritti,3170
https://ameliamorsellino.github.io/biblioteche-fantasma/resource/library/IT-TA0010,IT-TA0010,Biblioteca comunale Isidoro Chirulli,manoscritti,5000
https://ameliamorsellino.github.io/biblioteche-fantasma/resource/library/IT-MI1008,IT-MI1008,Biblioteca comunale Italo Calvino,manoscritti,31670
https://ameliamorsellino.github.io/biblioteche-fantasma/resource/library/IT-UD0046,IT-UD0046,Biblioteca comunale Italo Guidetti,manoscritti,5
https://ameliamorsellino.github.io/biblioteche-fantasma/resource/library/IT-FI0254,IT-FI0254,Biblioteca comunale Ivano Tognarini - Fiesole,manoscritti,1
https://ameliamorsellino.github.io/biblioteche-fantasma/resource/library/IT-SA0024,IT-SA0024,Biblioteca comunale Jack Frusciante,manoscritti,144
https://ameliamorsellino.github.io/biblioteche-fantasma/resource/library/IT-AG0089,IT-AG0089,Biblioteca comunale L. Vitali,manoscritti,65
https://ameliamorsellino.github.io/biblioteche-fantasma/resource/library/IT-LI0027,IT-LI0027,Biblioteca comunale Labronica - Sez. Villa Maria. Centro di documentazione sulle arti dello spettacolo,manoscritti,3
https://ameliamorsellino.github.io/biblioteche-fantasma/resource/library/IT-LI0011,IT-LI0011,Biblioteca comunale Labronica Francesco Domenico Guerrazzi,manoscritti,44379
https://ameliamorsellino.github.io/biblioteche-fantasma/resource/library/IT-PA0178,IT-PA0178,Biblioteca comunale Lancia di Brolo,manoscritti,135
https://ameliamorsellino.github.io/biblioteche-fantasma/resource/library/IT-LO0020,IT-LO0020,Biblioteca comunale Laudense,manoscritti,622
https://ameliamorsellino.github.io/biblioteche-fantasma/resource/library/IT-FI0268,IT-FI0268,Biblioteca comunale Leonardiana,manoscritti,4500
https://ameliamorsellino.github.io/biblioteche-fantasma/resource/library/IT-NA0163,IT-NA0163,Biblioteca comunale Leopoldo Caliendo,manoscritti,1
https://ameliamorsellino.github.io/biblioteche-fantasma/resource/library/IT-CS0210,IT-CS0210,Biblioteca comunale Leopoldo Franchetti,manoscritti,2
https://ameliamorsellino.github.io/biblioteche-fantasma/resource/library/IT-MC0053,IT-MC0053,Biblioteca comunale Libero Bigiaretti,manoscritti,5
https://ameliamorsellino.github.io/biblioteche-fantasma/resource/library/IT-MC0081,IT-MC0081,Biblioteca comunale Libero Lipperini,manoscritti,2800
https://ameliamorsellino.github.io/biblioteche-fantasma/resource/library/IT-UD0067,IT-UD0067,Biblioteca comunale Luca Petris,manoscritti,10
https://ameliamorsellino.github.io/biblioteche-fantasma/resource/library/IT-AN0001,IT-AN0001,Biblioteca comunale Luciano Benincasa,manoscritti,300
https://ameliamorsellino.github.io/biblioteche-fantasma/resource/library/IT-TR0004,IT-TR0004,Biblioteca comunale Luciano Lama,manoscritti,2
https://ameliamorsellino.github.io/biblioteche-fantasma/resource/library/IT-CL0005,IT-CL0005,Biblioteca comunale Luciano Scarabelli,manoscritti,281
https://ameliamorsellino.github.io/biblioteche-fantasma/resource/library/IT-PU0011,IT-PU0011,Biblioteca comunale Ludovisiana,manoscritti,100
https://ameliamorsellino.github.io/biblioteche-fantasma/resource/library/IT-BA0097,IT-BA0097,Biblioteca comunale Luigi Barbera,manoscritti,5000
https://ameliamorsellino.github.io/biblioteche-fantasma/resource/library/IT-RG0006,IT-RG0006,Biblioteca comunale Luigi Capuana,manoscritti,33000
https://ameliamorsellino.github.io/biblioteche-fantasma/resource/library/IT-CT0083,IT-CT0083,Biblioteca comunale Luigi Capuana di Mineo,manoscritti,1300
https://ameliamorsellino.github.io/biblioteche-fantasma/resource/library/IT-RA0006,IT-RA0006,Biblioteca comunale Luigi Dal Pane,manoscritti,800
https://ameliamorsellino.github.io/biblioteche-fantasma/resource/library/IT-CO0042,IT-CO0042,Biblioteca comunale Luigi Gennari,manoscritti,5062
https://ameliamorsellino.github.io/biblioteche-fantasma/resource/library/IT-MN0089,IT-MN0089,Biblioteca comunale Luigi Parazzi,manoscritti,780
https://ameliamorsellino.github.io/biblioteche-fantasma/resource/library/IT-CT0104,IT-CT0104,Biblioteca comunale Luigi Sturzo e Giacomo Maggiore di Santa Maria di Licodia,manoscritti,49
https://ameliamorsellino.github.io/biblioteche-fantasma/resource/library/IT-CE0046,IT-CE0046,Biblioteca comunale Luigi Tessitore,manoscritti,201
https://ameliamorsellino.github.io/biblioteche-fantasma/resource/library/IT-CZ0088,IT-CZ0088,Biblioteca comunale Luis Scalese,manoscritti,1
https://ameliamorsellino.github.io/biblioteche-fantasma/resource/library/IT-BS0091,IT-BS0091,Biblioteca comunale Lydia Caprara di Montalba,manoscritti,1
https://ameliamorsellino.github.io/biblioteche-fantasma/resource/library/IT-BS0139,IT-BS0139,Biblioteca comunale Maestra Barbara Grazioli Belisai,manoscritti,29
https://ameliamorsellino.github.io/biblioteche-fantasma/resource/library/IT-VR0109,IT-VR0109,Biblioteca comunale Malcesine,manoscritti,10
https://ameliamorsellino.github.io/biblioteche-fantasma/resource/library/IT-RA0016,IT-RA0016,Biblioteca comunale Manfrediana,manoscritti,600
https://ameliamorsellino.github.io/biblioteche-fantasma/resource/library/IT-GR0039,IT-GR0039,Biblioteca comunale Manfredo Vanni,manoscritti,
https://ameliamorsellino.github.io/biblioteche-fantasma/resource/library/IT-SI0020,IT-SI0020,Biblioteca comunale Marcello Braccagni,manoscritti,3
https://ameliamorsellino.github.io/biblioteche-fantasma/resource/library/IT-TA0008,IT-TA0008,Biblioteca comunale Marco Gatti,manoscritti,200
https://ameliamorsellino.github.io/biblioteche-fantasma/resource/library/IT-PG1020,IT-PG1020,Biblioteca comunale Maria Adelaide Bruschi,manoscritti,3500
https://ameliamorsellino.github.io/biblioteche-fantasma/resource/library/IT-RM0606,IT-RM0606,Biblioteca comunale Maria Coccanari Fornari,manoscritti,4
https://ameliamorsellino.github.io/biblioteche-fantasma/resource/library/IT-PA0001,IT-PA0001,Biblioteca comunale Maria Ermegilda Fuxa,manoscritti,2
https://ameliamorsellino.github.io/biblioteche-fantasma/resource/library/IT-RA0009,IT-RA0009,Biblioteca comunale Maria Goia,manoscritti,813
https://ameliamorsellino.github.io/biblioteche-fantasma/resource/library/IT-PZ0017,IT-PZ0017,Biblioteca comunale Mariano Collazzo,manoscritti,7
https://ameliamorsellino.github.io/biblioteche-fantasma/resource/library/IT-CS0017,IT-CS0017,Biblioteca comunale Mario Cosentino,manoscritti,500
https://ameliamorsellino.github.io/biblioteche-fantasma/resource/library/IT-CL0036,IT-CL0036,Biblioteca comunale Mario Gori,manoscritti,4
https://ameliamorsellino.github.io/biblioteche-fantasma/resource/library/IT-AP0117,IT-AP0117,Biblioteca comunale Mario Rivosecchi,manoscritti,100
https://ameliamorsellino.github.io/biblioteche-fantasma/resource/library/IT-FI0018,IT-FI0018,Biblioteca comunale Marsilio Ficino,manoscritti,
https://ameliamorsellino.github.io/biblioteche-fantasma/resource/library/IT-LE0194,IT-LE0194,Biblioteca comunale Martino Abatelillo,manoscritti,1
https://ameliamorsellino.github.io/biblioteche-fantasma/resource/library/IT-BA0090,IT-BA0090,Biblioteca comunale Matteo Renato Imbriani,manoscritti,43
https://ameliamorsellino.github.io/biblioteche-fantasma/resource/library/IT-RE0068,IT-RE0068,Biblioteca comunale Meuccio Ruini,manoscritti,2
https://ameliamorsellino.github.io/biblioteche-fantasma/resource/library/IT-AV0049,IT-AV0049,Biblioteca comunale Michelangelo Petruzziello,manoscritti,4
https://ameliamorsellino.github.io/biblioteche-fantasma/resource/library/IT-NA0020,IT-NA0020,Biblioteca comunale Michele Cavaliere,manoscritti,100
https://ameliamorsellino.github.io/biblioteche-fantasma/resource/library/IT-FG0107,IT-FG0107,Biblioteca comunale Michele De Angelis,manoscritti,20
https://ameliamorsellino.github.io/biblioteche-fantasma/resource/library/IT-IS0019,IT-IS0019,Biblioteca comunale Michele Romano,manoscritti,10
https://ameliamorsellino.github.io/biblioteche-fantasma/resource/library/IT-PZ0031,IT-PZ0031,Biblioteca comunale Michele e Pietro Lacava C/O Piazzetta del Risorgimento Lucano,manoscritti,3
https://ameliamorsellino.github.io/biblioteche-fantasma/resource/library/IT-ME0407,IT-ME0407,Biblioteca comunale Milazzo Zi.Pe. Zirilli/Pellegrino,manoscritti,
https://ameliamorsellino.github.io/biblioteche-fantasma/resource/library/IT-AP0025,IT-AP0025,Biblioteca comunale Monsignor Germano Liberati,manoscritti,1
https://ameliamorsellino.github.io/biblioteche-fantasma/resource/library/IT-BG0250,IT-BG0250,Biblioteca comunale Monsignor Luigi Chiodi,manoscritti,2
https://ameliamorsellino.github.io/biblioteche-fantasma/resource/library/IT-NU0001,IT-NU0001,Biblioteca comunale Monsignor Virgilio,manoscritti,1
https://ameliamorsellino.github.io/biblioteche-fantasma/resource/library/IT-NU0092,IT-NU0092,Biblioteca comunale Montanaru,manoscritti,4
https://ameliamorsellino.github.io/biblioteche-fantasma/resource/library/IT-MC0049,IT-MC0049,Biblioteca comunale Mozzi-Borgetti,manoscritti,1500
https://ameliamorsellino.github.io/biblioteche-fantasma/resource/library/IT-BO0179,IT-BO0179,Biblioteca comunale Multimediale,manoscritti,10
https://ameliamorsellino.github.io/biblioteche-fantasma/resource/library/IT-PE0008,IT-PE0008,Biblioteca comunale N. Castagna,manoscritti,4
https://ameliamorsellino.github.io/biblioteche-fantasma/resource/library/IT-ME0406,IT-ME0406,Biblioteca comunale Nannino Di Giovanni,manoscritti,2
https://ameliamorsellino.github.io/biblioteche-fantasma/resource/library/IT-FG0007,IT-FG0007,Biblioteca comunale Nicola Pitta,manoscritti,500
https://ameliamorsellino.github.io/biblioteche-fantasma/resource/library/IT-AV0152,IT-AV0152,Biblioteca comunale Osvaldo  Sanini,manoscritti,66
https://ameliamorsellino.github.io/biblioteche-fantasma/resource/library/IT-FM0003,IT-FM0003,Biblioteca comunale Osvaldo Licini,manoscritti,6
https://ameliamorsellino.github.io/biblioteche-fantasma/resource/library/IT-BS0022,IT-BS0022,Biblioteca comunale P. Impastato,manoscritti,45
https://ameliamorsellino.github.io/biblioteche-fantasma/resource/library/IT-AV0036,IT-AV0036,Biblioteca comunale Padre Leonardo De Martino,manoscritti,4515
https://ameliamorsellino.github.io/biblioteche-fantasma/resource/library/IT-ME0042,IT-ME0042,Biblioteca comunale Palazzo Mastroieni-Longo,manoscritti,50
https://ameliamorsellino.github.io/biblioteche-fantasma/resource/library/IT-RM1219,IT-RM1219,Biblioteca comunale Paolo Angelani,manoscritti,1
https://ameliamorsellino.github.io/biblioteche-fantasma/resource/library/IT-CO0059,IT-CO0059,Biblioteca comunale Paolo Borsellino,manoscritti,1468
https://ameliamorsellino.github.io/biblioteche-fantasma/resource/library/IT-CL0035,IT-CL0035,Biblioteca comunale Paolo Emiliani Giudici,manoscritti,
https://ameliamorsellino.github.io/biblioteche-fantasma/resource/library/IT-RC0143,IT-RC0143,Biblioteca comunale Paolo Greco,manoscritti,56
https://ameliamorsellino.github.io/biblioteche-fantasma/resource/library/IT-BO0227,IT-BO0227,Biblioteca comunale Paolo Guidotti,manoscritti,
https://ameliamorsellino.github.io/biblioteche-fantasma/resource/library/IT-RI0126,IT-RI0126,Biblioteca comunale Paroniana,manoscritti,120
https://ameliamorsellino.github.io/biblioteche-fantasma/resource/library/IT-SA0166,IT-SA0166,Biblioteca comunale Pasquale Petrizzo e Michele De Lisa,manoscritti,1
https://ameliamorsellino.github.io/biblioteche-fantasma/resource/library/IT-FG0008,IT-FG0008,Biblioteca comunale Pasquale Rosario,manoscritti,
https://ameliamorsellino.github.io/biblioteche-fantasma/resource/library/IT-PC0030,IT-PC0030,Biblioteca comunale Passerini-Landi,manoscritti,2140
https://ameliamorsellino.github.io/biblioteche-fantasma/resource/library/IT-MT0035,IT-MT0035,Biblioteca comunale Pia Vivarelli,manoscritti,1500
https://ameliamorsellino.github.io/biblioteche-fantasma/resource/library/IT-AL0033,IT-AL0033,Biblioteca comunale Pier Angelo Soldini,manoscritti,1
https://ameliamorsellino.github.io/biblioteche-fantasma/resource/library/IT-CS0125,IT-CS0125,Biblioteca comunale Pier Vittorio Carlomagno,manoscritti,100
https://ameliamorsellino.github.io/biblioteche-fantasma/resource/library/IT-CS0295,IT-CS0295,Biblioteca comunale Pierpaolo Pasolini,manoscritti,2
https://ameliamorsellino.github.io/biblioteche-fantasma/resource/library/IT-RC0058,IT-RC0058,Biblioteca comunale Pietro De Nava,manoscritti,2000
https://ameliamorsellino.github.io/biblioteche-fantasma/resource/library/IT-CO0019,IT-CO0019,Biblioteca comunale Pietro Maldini,manoscritti,5
https://ameliamorsellino.github.io/biblioteche-fantasma/resource/library/IT-EN0002,IT-EN0002,Biblioteca comunale Pietro Mineo,manoscritti,116
https://ameliamorsellino.github.io/biblioteche-fantasma/resource/library/IT-LE0209,IT-LE0209,Biblioteca comunale Pietro Siciliani,manoscritti,28
https://ameliamorsellino.github.io/biblioteche-fantasma/resource/library/IT-VR0105,IT-VR0105,Biblioteca comunale Pino Crescini di Garda,manoscritti,7
https://ameliamorsellino.github.io/biblioteche-fantasma/resource/library/IT-RA0001,IT-RA0001,Biblioteca comunale Pino Orioli,manoscritti,1
https://ameliamorsellino.github.io/biblioteche-fantasma/resource/library/IT-AN0092,IT-AN0092,Biblioteca comunale Planettiana,manoscritti,820
https://ameliamorsellino.github.io/biblioteche-fantasma/resource/library/IT-LE0152,IT-LE0152,Biblioteca comunale Presicce-Acquarica,manoscritti,
https://ameliamorsellino.github.io/biblioteche-fantasma/resource/library/IT-BO0208,IT-BO0208,Biblioteca comunale Prometeo,manoscritti,
https://ameliamorsellino.github.io/biblioteche-fantasma/resource/library/IT-PZ0262,IT-PZ0262,Biblioteca comunale Prospero Guidone,manoscritti,1
https://ameliamorsellino.github.io/biblioteche-fantasma/resource/library/IT-AQ0109,IT-AQ0109,Biblioteca comunale Publio Ovidio Nasone,manoscritti,
https://ameliamorsellino.github.io/biblioteche-fantasma/resource/library/IT-SS0004,IT-SS0004,Biblioteca comunale Rafael Sari,manoscritti,100
https://ameliamorsellino.github.io/biblioteche-fantasma/resource/library/IT-CH0053,IT-CH0053,Biblioteca comunale Raffaele Liberatore,manoscritti,50
https://ameliamorsellino.github.io/biblioteche-fantasma/resource/library/IT-SI0009,IT-SI0009,Biblioteca comunale Ranuccio Bianchi Bandinelli,manoscritti,1
https://ameliamorsellino.github.io/biblioteche-fantasma/resource/library/IT-RM1376,IT-RM1376,Biblioteca comunale Renato Nicolini,manoscritti,1
https://ameliamorsellino.github.io/biblioteche-fantasma/resource/library/IT-AR0050,IT-AR0050,Biblioteca comunale Rilli Vettori,manoscritti,840
https://ameliamorsellino.github.io/biblioteche-fantasma/resource/library/IT-PC0139,IT-PC0139,Biblioteca comunale Rio Canto,manoscritti,8
https://ameliamorsellino.github.io/biblioteche-fantasma/resource/library/IT-PV0029,IT-PV0029,Biblioteca comunale Roberto Rampi,manoscritti,11456
https://ameliamorsellino.github.io/biblioteche-fantasma/resource/library/IT-VV0010,IT-VV0010,Biblioteca comunale Rocco Cambareri,manoscritti,10
https://ameliamorsellino.github.io/biblioteche-fantasma/resource/library/IT-CO0159,IT-CO0159,Biblioteca comunale Romolo Costa,manoscritti,2
https://ameliamorsellino.github.io/biblioteche-fantasma/resource/library/IT-FG0054,IT-FG0054,Biblioteca comunale Ruggero Bonghi,manoscritti,
https://ameliamorsellino.github.io/biblioteche-fantasma/resource/library/IT-ME0397,IT-ME0397,Biblioteca comunale S. Agostino,manoscritti,14
https://ameliamorsellino.github.io/biblioteche-fantasma/resource/library/IT-NU0059,IT-NU0059,Biblioteca comunale Sa Libertadi,manoscritti,10
https://ameliamorsellino.github.io/biblioteche-fantasma/resource/library/IT-BA0071,IT-BA0071,Biblioteca comunale Sabino Loffredo,manoscritti,508
https://ameliamorsellino.github.io/biblioteche-fantasma/resource/library/IT-RI0134,IT-RI0134,Biblioteca comunale Salisano,manoscritti,5
https://ameliamorsellino.github.io/biblioteche-fantasma/resource/library/IT-SS0137,IT-SS0137,Biblioteca comunale Salvatore Farina,manoscritti,30
https://ameliamorsellino.github.io/biblioteche-fantasma/resource/library/IT-BR0021,IT-BR0021,Biblioteca comunale Salvatore Morelli - Carovigno,manoscritti,4
https://ameliamorsellino.github.io/biblioteche-fantasma/resource/library/IT-ME0043,IT-ME0043,Biblioteca comunale Salvatore Quasimodo,manoscritti,4
https://ameliamorsellino.github.io/biblioteche-fantasma/resource/library/IT-RG0007,IT-RG0007,Biblioteca comunale Salvatore Quasimodo,manoscritti,
https://ameliamorsellino.github.io/biblioteche-fantasma/resource/library/IT-TP0010,IT-TP0010,Biblioteca comunale Salvatore Struppa,manoscritti,10
https://ameliamorsellino.github.io/biblioteche-fantasma/resource/library/IT-SA0195,IT-SA0195,Biblioteca comunale Salvatore Valitutti,manoscritti,5
https://ameliamorsellino.github.io/biblioteche-fantasma/resource/library/IT-CB0060,IT-CB0060,Biblioteca comunale San Polo Matese,manoscritti,50
https://ameliamorsellino.github.io/biblioteche-fantasma/resource/library/IT-PA0057,IT-PA0057,Biblioteca comunale Santa Maria La Nuova,manoscritti,100
https://ameliamorsellino.github.io/biblioteche-fantasma/resource/library/IT-RG0003,IT-RG0003,Biblioteca comunale Saverio Nicastro,manoscritti,
https://ameliamorsellino.github.io/biblioteche-fantasma/resource/library/IT-MC0073,IT-MC0073,Biblioteca comunale Scipione Gentili,manoscritti,20
https://ameliamorsellino.github.io/biblioteche-fantasma/resource/library/IT-SR0010,IT-SR0010,Biblioteca comunale Sebastiano Franco,manoscritti,1000
https://ameliamorsellino.github.io/biblioteche-fantasma/resource/library/IT-TA0045,IT-TA0045,"Biblioteca comunale Sezione Marina di Ginosa ""Giulio Ranaldo""",manoscritti,66
https://ameliamorsellino.github.io/biblioteche-fantasma/resource/library/IT-LT0041,IT-LT0041,Biblioteca comunale Sezze Centro Valerio Flacco,manoscritti,5
https://ameliamorsellino.github.io/biblioteche-fantasma/resource/library/IT-MC0040,IT-MC0040,Biblioteca comunale Silvio Zavatti,manoscritti,530
https://ameliamorsellino.github.io/biblioteche-fantasma/resource/library/IT-TP0019,IT-TP0019,Biblioteca comunale Simone Corleo,manoscritti,53
https://ameliamorsellino.github.io/biblioteche-fantasma/resource/library/IT-PG0049,IT-PG0049,Biblioteca comunale Sperelliana,manoscritti,18
https://ameliamorsellino.github.io/biblioteche-fantasma/resource/library/IT-AN0026,IT-AN0026,Biblioteca comunale T. Lippera,manoscritti,1
https://ameliamorsellino.github.io/biblioteche-fantasma/resource/library/IT-MN0035,IT-MN0035,Biblioteca comunale Teresiana,manoscritti,1770
https://ameliamorsellino.github.io/biblioteche-fantasma/resource/library/IT-CZ0036,IT-CZ0036,Biblioteca comunale Tommaso Campanella,manoscritti,12500
https://ameliamorsellino.github.io/biblioteche-fantasma/resource/library/IT-PG0023,IT-PG0023,Biblioteca comunale Tranquillo Graziani,manoscritti,100
https://ameliamorsellino.github.io/biblioteche-fantasma/resource/library/IT-PU0072,IT-PU0072,Biblioteca comunale Ubaldiana,manoscritti,10
https://ameliamorsellino.github.io/biblioteche-fantasma/resource/library/IT-RC0131,IT-RC0131,Biblioteca comunale Ugo Arcuri,manoscritti,3106
https://ameliamorsellino.github.io/biblioteche-fantasma/resource/library/IT-CO0034,IT-CO0034,Biblioteca comunale Ugo Bernasconi,manoscritti,2
https://ameliamorsellino.github.io/biblioteche-fantasma/resource/library/IT-BR0011,IT-BR0011,Biblioteca comunale Ugo Granafei - Mesagne,manoscritti,19
https://ameliamorsellino.github.io/biblioteche-fantasma/resource/library/IT-PA0017,IT-PA0017,Biblioteca comunale V. Aglialoro - G. Caraffa,manoscritti,1
https://ameliamorsellino.github.io/biblioteche-fantasma/resource/library/IT-PU0075,IT-PU0075,Biblioteca comunale Vagnarelli,manoscritti,1
https://ameliamorsellino.github.io/biblioteche-fantasma/resource/library/IT-MC0004,IT-MC0004,Biblioteca comunale Valentiniana,manoscritti,583
https://ameliamorsellino.github.io/biblioteche-fantasma/resource/library/IT-TN0258,IT-TN0258,Biblioteca comunale Vallelaghi. Sede di Vezzano,manoscritti,1
https://ameliamorsellino.github.io/biblioteche-fantasma/resource/library/IT-FI0008,IT-FI0008,Biblioteca comunale Vallesiana,manoscritti,10
https://ameliamorsellino.github.io/biblioteche-fantasma/resource/library/IT-PC0009,IT-PC0009,Biblioteca comunale Villa Braghieri,manoscritti,
https://ameliamorsellino.github.io/biblioteche-fantasma/resource/library/IT-VT0051,IT-VT0051,Biblioteca comunale Vincenzo Cardarelli,manoscritti,150
https://ameliamorsellino.github.io/biblioteche-fantasma/resource/library/IT-CS0224,IT-CS0224,Biblioteca comunale Vincenzo Forestieri,manoscritti,5
https://ameliamorsellino.github.io/biblioteche-fantasma/resource/library/IT-AG0034,IT-AG0034,Biblioteca comunale Vincenzo Navarro,manoscritti,5
https://ameliamorsellino.github.io/biblioteche-fantasma/resource/library/IT-CS0108,IT-CS0108,Biblioteca comunale Vincenzo Spinelli,manoscritti,100
https://ameliamorsellino.github.io/biblioteche-fantasma/resource/library/IT-TP0008,IT-TP0008,Biblioteca comunale Vito Carvini,manoscritti,100
https://ameliamorsellino.github.io/biblioteche-fantasma/resource/library/IT-TA0014,IT-TA0014,Biblioteca comunale Vito Sansonetti,manoscritti,2
https://ameliamorsellino.github.io/biblioteche-fantasma/resource/library/IT-RM0049,IT-RM0049,Biblioteca comunale Vittoria Colonna,manoscritti,1000
https://ameliamorsellino.github.io/biblioteche-fantasma/resource/library/IT-CS0209,IT-CS0209,Biblioteca comunale c/o Museo Multimediale,manoscritti,100
https://ameliamorsellino.github.io/biblioteche-fantasma/resource/library/IT-MI0162,IT-MI0162,Biblioteca comunale centrale Sormani,manoscritti,36906
https://ameliamorsellino.github.io/biblioteche-fantasma/resource/library/IT-RE0085,IT-RE0085,Biblioteca comunale decentrata Rosta Nuova Domenico Manfredi,manoscritti,1
https://ameliamorsellino.github.io/biblioteche-fantasma/resource/library/IT-SI0046,IT-SI0046,Biblioteca comunale degli Intronati - Istituzione del Comune di Siena,manoscritti,8654
https://ameliamorsellino.github.io/biblioteche-fantasma/resource/library/IT-PC0004,IT-PC0004,Biblioteca comunale del Centro culturale polivalente,manoscritti,2
https://ameliamorsellino.github.io/biblioteche-fantasma/resource/library/IT-BO0304,IT-BO0304,Biblioteca comunale dell'Archiginnasio,manoscritti,8658
https://ameliamorsellino.github.io/biblioteche-fantasma/resource/library/IT-RO0002,IT-RO0002,"Biblioteca comunale di Adria ""Luigi Groto""",manoscritti,5
https://ameliamorsellino.github.io/biblioteche-fantasma/resource/library/IT-TN0001,IT-TN0001,Biblioteca comunale di Ala,manoscritti,666
https://ameliamorsellino.github.io/biblioteche-fantasma/resource/library/IT-TN0007,IT-TN0007,Biblioteca comunale di Aldeno,manoscritti,1
https://ameliamorsellino.github.io/biblioteche-fantasma/resource/library/IT-VI0004,IT-VI0004,Biblioteca comunale di Arzignano,manoscritti,6
https://ameliamorsellino.github.io/biblioteche-fantasma/resource/library/IT-PG0001,IT-PG0001,Biblioteca comunale di Assisi,manoscritti,96
https://ameliamorsellino.github.io/biblioteche-fantasma/resource/library/IT-TN0012,IT-TN0012,"Biblioteca comunale di Avio ""Arnaldo Segarizzi""",manoscritti,6
https://ameliamorsellino.github.io/biblioteche-fantasma/resource/library/IT-RI0009,IT-RI0009,Biblioteca comunale di Borbona,manoscritti,1
https://ameliamorsellino.github.io/biblioteche-fantasma/resource/library/IT-TN0146,IT-TN0146,Biblioteca comunale di Borgo Valsugana,manoscritti,23
https://ameliamorsellino.github.io/biblioteche-fantasma/resource/library/IT-MI1182,IT-MI1182,Biblioteca comunale di Bubbiano,manoscritti,1000
https://ameliamorsellino.github.io/biblioteche-fantasma/resource/library/IT-RO0009,IT-RO0009,Biblioteca comunale di Calto,manoscritti,145
https://ameliamorsellino.github.io/biblioteche-fantasma/resource/library/IT-TV0015,IT-TV0015,Biblioteca comunale di Castelfranco Veneto,manoscritti,546
https://ameliamorsellino.github.io/biblioteche-fantasma/resource/library/IT-TV0016,IT-TV0016,Biblioteca comunale di Castello di Godego,manoscritti,2
https://ameliamorsellino.github.io/biblioteche-fantasma/resource/library/IT-CO0044,IT-CO0044,Biblioteca comunale di Castelmarte,manoscritti,6105
https://ameliamorsellino.github.io/biblioteche-fantasma/resource/library/IT-RO0014,IT-RO0014,"Biblioteca comunale di Castelmassa ""E.  Fornasari""",manoscritti,1
https://ameliamorsellino.github.io/biblioteche-fantasma/resource/library/IT-RO0016,IT-RO0016,Biblioteca comunale di Ceregnano,manoscritti,7500
https://ameliamorsellino.github.io/biblioteche-fantasma/resource/library/IT-SS0019,IT-SS0019,Biblioteca comunale di Chiaramonti,manoscritti,30
https://ameliamorsellino.github.io/biblioteche-fantasma/resource/library/IT-BS0065,IT-BS0065,Biblioteca comunale di Coccaglio,manoscritti,10
https://ameliamorsellino.github.io/biblioteche-fantasma/resource/library/IT-BS0245,IT-BS0245,Biblioteca comunale di Concesio,manoscritti,5
https://ameliamorsellino.github.io/biblioteche-fantasma/resource/library/IT-MC0274,IT-MC0274,Biblioteca comunale di Corridonia,manoscritti,214
https://ameliamorsellino.github.io/biblioteche-fantasma/resource/library/IT-AN0031,IT-AN0031,Biblioteca comunale di Cupramontana,manoscritti,15
https://ameliamorsellino.github.io/biblioteche-fantasma/resource/library/IT-MT0011,IT-MT0011,Biblioteca comunale di Ferrandina,manoscritti,12
https://ameliamorsellino.github.io/biblioteche-fantasma/resource/library/IT-RO0026,IT-RO0026,Biblioteca comunale di Gaiba,manoscritti,2450
https://ameliamorsellino.github.io/biblioteche-fantasma/resource/library/IT-BG0127,IT-BG0127,Biblioteca comunale di Gandino,manoscritti,14
https://ameliamorsellino.github.io/biblioteche-fantasma/resource/library/IT-RO0027,IT-RO0027,Biblioteca comunale di Gavello,manoscritti,
https://ameliamorsellino.github.io/biblioteche-fantasma/resource/library/IT-TV0138,IT-TV0138,Biblioteca comunale di Giavera del Montello,manoscritti,
https://ameliamorsellino.github.io/biblioteche-fantasma/resource/library/IT-PV0046,IT-PV0046,Biblioteca comunale di Godiasco-Salice Terme Rino Scupelli,manoscritti,1000
https://ameliamorsellino.github.io/biblioteche-fantasma/resource/library/IT-LU0030,IT-LU0030,Biblioteca comunale di Gramolazzo,manoscritti,7
https://ameliamorsellino.github.io/biblioteche-fantasma/resource/library/IT-TN0064,IT-TN0064,"Biblioteca comunale di Lavarone ""Sigmund Freud""",manoscritti,2
https://ameliamorsellino.github.io/biblioteche-fantasma/resource/library/IT-RO0031,IT-RO0031,"Biblioteca comunale di Lendinara ""G. Baccari""",manoscritti,
https://ameliamorsellino.github.io/biblioteche-fantasma/resource/library/IT-PD0049,IT-PD0049,Biblioteca comunale di Loreggia,manoscritti,7
https://ameliamorsellino.github.io/biblioteche-fantasma/resource/library/IT-PG0050,IT-PG0050,Biblioteca comunale di Magione 'Vittoria Aganoor Pompilj',manoscritti,7
https://ameliamorsellino.github.io/biblioteche-fantasma/resource/library/IT-TV0051,IT-TV0051,Biblioteca comunale di Mansuè,manoscritti,
https://ameliamorsellino.github.io/biblioteche-fantasma/resource/library/IT-VA0297,IT-VA0297,Biblioteca comunale di Masciago Primo,manoscritti,1
https://ameliamorsellino.github.io/biblioteche-fantasma/resource/library/IT-PG0051,IT-PG0051,Biblioteca comunale di Massa Martana,manoscritti,1600
https://ameliamorsellino.github.io/biblioteche-fantasma/resource/library/IT-CO0134,IT-CO0134,Biblioteca comunale di Monguzzo,manoscritti,10
https://ameliamorsellino.github.io/biblioteche-fantasma/resource/library/IT-PD0230,IT-PD0230,Biblioteca comunale di Monselice,manoscritti,4
https://ameliamorsellino.github.io/biblioteche-fantasma/resource/library/IT-TV0139,IT-TV0139,Biblioteca comunale di Montebelluna,manoscritti,2
https://ameliamorsellino.github.io/biblioteche-fantasma/resource/library/IT-RM2077,IT-RM2077,Biblioteca comunale di Monteflavio,manoscritti,2
https://ameliamorsellino.github.io/biblioteche-fantasma/resource/library/IT-TR0282,IT-TR0282,Biblioteca comunale di Montegabbione,manoscritti,20
https://ameliamorsellino.github.io/biblioteche-fantasma/resource/library/IT-VT0039,IT-VT0039,Biblioteca comunale di Oriolo Romano,manoscritti,4
https://ameliamorsellino.github.io/biblioteche-fantasma/resource/library/IT-ME0114,IT-ME0114,Biblioteca comunale di Pagliara,manoscritti,10
https://ameliamorsellino.github.io/biblioteche-fantasma/resource/library/IT-RI0104,IT-RI0104,Biblioteca comunale di Petrella Salto,manoscritti,2
https://ameliamorsellino.github.io/biblioteche-fantasma/resource/library/IT-TN0094,IT-TN0094,Biblioteca comunale di Pinzolo,manoscritti,35
https://ameliamorsellino.github.io/biblioteche-fantasma/resource/library/IT-MC0063,IT-MC0063,Biblioteca comunale di Pollenza,manoscritti,200
https://ameliamorsellino.github.io/biblioteche-fantasma/resource/library/IT-TV0080,IT-TV0080,Biblioteca comunale di Ponte di Piave,manoscritti,2
https://ameliamorsellino.github.io/biblioteche-fantasma/resource/library/IT-PE0057,IT-PE0057,Biblioteca comunale di Popoli Terme,manoscritti,25
https://ameliamorsellino.github.io/biblioteche-fantasma/resource/library/IT-VI0139,IT-VI0139,Biblioteca comunale di Posina,manoscritti,15
https://ameliamorsellino.github.io/biblioteche-fantasma/resource/library/IT-CT0096,IT-CT0096,Biblioteca comunale di Ragalna,manoscritti,400
https://ameliamorsellino.github.io/biblioteche-fantasma/resource/library/IT-RO0050,IT-RO0050,Biblioteca comunale di Salara,manoscritti,6
https://ameliamorsellino.github.io/biblioteche-fantasma/resource/library/IT-FI0191,IT-FI0191,Biblioteca comunale di San Casciano in Val di Pesa,manoscritti,
https://ameliamorsellino.github.io/biblioteche-fantasma/resource/library/IT-PD0193,IT-PD0193,Biblioteca comunale di San Giorgio in Bosco,manoscritti,
https://ameliamorsellino.github.io/biblioteche-fantasma/resource/library/IT-TV0151,IT-TV0151,Biblioteca comunale di San Pietro di Feletto,manoscritti,4
https://ameliamorsellino.github.io/biblioteche-fantasma/resource/library/IT-VE0141,IT-VE0141,Biblioteca comunale di Santa Maria di Sala,manoscritti,20
https://ameliamorsellino.github.io/biblioteche-fantasma/resource/library/IT-MC0079,IT-MC0079,Biblioteca comunale di Sarnano,manoscritti,284
https://ameliamorsellino.github.io/biblioteche-fantasma/resource/library/IT-SS0072,IT-SS0072,Biblioteca comunale di Sassari 'Pasquale Tola' - Sede Centrale,manoscritti,46
https://ameliamorsellino.github.io/biblioteche-fantasma/resource/library/IT-VI0073,IT-VI0073,Biblioteca comunale di Schio,manoscritti,26
https://ameliamorsellino.github.io/biblioteche-fantasma/resource/library/IT-SR0026,IT-SR0026,Biblioteca comunale di Siracusa,manoscritti,400
https://ameliamorsellino.github.io/biblioteche-fantasma/resource/library/IT-RI0140,IT-RI0140,Biblioteca comunale di Tarano,manoscritti,1414
https://ameliamorsellino.github.io/biblioteche-fantasma/resource/library/IT-TN0209,IT-TN0209,Biblioteca comunale di Tesero,manoscritti,3
https://ameliamorsellino.github.io/biblioteche-fantasma/resource/library/IT-CR0185,IT-CR0185,Biblioteca comunale di Torricella del Pizzo,manoscritti,1
https://ameliamorsellino.github.io/biblioteche-fantasma/resource/library/IT-TN0140,IT-TN0140,Biblioteca comunale di Trento Sede dell'Argentario di Cognola - Trento,manoscritti,28
https://ameliamorsellino.github.io/biblioteche-fantasma/resource/library/IT-TN0174,IT-TN0174,Biblioteca comunale di Trento. Sede di via Roma (Sede centrale),manoscritti,6545
https://ameliamorsellino.github.io/biblioteche-fantasma/resource/library/IT-FE0051,IT-FE0051,Biblioteca comunale di Tresigallo,manoscritti,150
https://ameliamorsellino.github.io/biblioteche-fantasma/resource/library/IT-TV0114,IT-TV0114,Biblioteca comunale di Treviso - G. Comisso,manoscritti,11000
https://ameliamorsellino.github.io/biblioteche-fantasma/resource/library/IT-TO0412,IT-TO0412,Biblioteca comunale di Varisella,manoscritti,1
https://ameliamorsellino.github.io/biblioteche-fantasma/resource/library/IT-RM0611,IT-RM0611,Biblioteca comunale di Velletri - Fondo antico,manoscritti,300
https://ameliamorsellino.github.io/biblioteche-fantasma/resource/library/IT-LO0050,IT-LO0050,Biblioteca comunale di Villanova del Sillaro,manoscritti,50
https://ameliamorsellino.github.io/biblioteche-fantasma/resource/library/IT-PZ0006,IT-PZ0006,Biblioteca comunale don Giuseppe De Luca,manoscritti,10
https://ameliamorsellino.github.io/biblioteche-fantasma/resource/library/IT-SI0024,IT-SI0024,Biblioteca comunale e Archivio Storico Piero Calamandrei Istituzione del Comune di Montepulciano,manoscritti,50
https://ameliamorsellino.github.io/biblioteche-fantasma/resource/library/IT-SI0044,IT-SI0044,Biblioteca comunale e Informagiovani,manoscritti,1000
https://ameliamorsellino.github.io/biblioteche-fantasma/resource/library/IT-PU0085,IT-PU0085,Biblioteca comunale e centro culturale Laura Battiferri,manoscritti,20
https://ameliamorsellino.github.io/biblioteche-fantasma/resource/library/IT-BA0075,IT-BA0075,Biblioteca comunale mons. Pompeo Sarnelli,manoscritti,38
https://ameliamorsellino.github.io/biblioteche-fantasma/resource/library/IT-PZ0122,IT-PZ0122,Biblioteca comunale monsignor Rocco Briscese,manoscritti,38
https://ameliamorsellino.github.io/biblioteche-fantasma/resource/library/IT-CZ0032,IT-CZ0032,Biblioteca comunale popolare G. Amendola,manoscritti,50
https://ameliamorsellino.github.io/biblioteche-fantasma/resource/library/IT-AV0086,IT-AV0086,Biblioteca comunale popolare S. Guerriero,manoscritti,200
https://ameliamorsellino.github.io/biblioteche-fantasma/resource/library/IT-PI0018,IT-PI0018,Biblioteca comunale sede di Lari,manoscritti,1
https://ameliamorsellino.github.io/biblioteche-fantasma/resource/library/IT-PU0037,IT-PU0037,Biblioteca comunale storica,manoscritti,19
https://ameliamorsellino.github.io/biblioteche-fantasma/resource/library/IT-LT0014,IT-LT0014,Biblioteca comunale tenente Filippo Testa,manoscritti,2
https://ameliamorsellino.github.io/biblioteche-fantasma/resource/library/IT-RI0069,IT-RI0069,Biblioteca comunale. Sezione Convento dei padri cappuccini,manoscritti,38
https://ameliamorsellino.github.io/biblioteche-fantasma/resource/library/IT-NA0268,IT-NA0268,Biblioteca conventuale OFM San Pietro d'Alcantara,manoscritti,25
https://ameliamorsellino.github.io/biblioteche-fantasma/resource/library/IT-SA0038,IT-SA0038,Biblioteca conventuale S. Maria Materdomini,manoscritti,
https://ameliamorsellino.github.io/biblioteche-fantasma/resource/library/IT-UD0103,IT-UD0103,Biblioteca d'Arte dei Civici Musei,manoscritti,2
https://ameliamorsellino.github.io/biblioteche-fantasma/resource/library/IT-VR0058,IT-VR0058,Biblioteca d'Arte del Museo di Castelvecchio,manoscritti,13
https://ameliamorsellino.github.io/biblioteche-fantasma/resource/library/IT-TS0262,IT-TS0262,Biblioteca d'arte Sergio Molesi - Civico Museo Revoltella,manoscritti,10
https://ameliamorsellino.github.io/biblioteche-fantasma/resource/library/IT-BO0376,IT-BO0376,Biblioteca d'arte e di storia di San Giorgio in Poggiale,manoscritti,1700
https://ameliamorsellino.github.io/biblioteche-fantasma/resource/library/IT-AO0007,IT-AO0007,Biblioteca de l'Académie Saint-Anselme d'Aoste,manoscritti,30
https://ameliamorsellino.github.io/biblioteche-fantasma/resource/library/IT-RM1312,IT-RM1312,Biblioteca degli Archivi delle arti applicate italiane del XX secolo,manoscritti,
https://ameliamorsellino.github.io/biblioteche-fantasma/resource/library/IT-FI0431,IT-FI0431,Biblioteca degli Uffizi,manoscritti,490
https://ameliamorsellino.github.io/biblioteche-fantasma/resource/library/IT-BZ0011,IT-BZ0011,Biblioteca dei Benedettini di Muri-Gries,manoscritti,
https://ameliamorsellino.github.io/biblioteche-fantasma/resource/library/IT-CL0042,IT-CL0042,Biblioteca dei Cappuccini,manoscritti,4
https://ameliamorsellino.github.io/biblioteche-fantasma/resource/library/IT-BZ0015,IT-BZ0015,Biblioteca dei Cappuccini - Bibliothek der Kapuziner,manoscritti,
https://ameliamorsellino.github.io/biblioteche-fantasma/resource/library/IT-TS0012,IT-TS0012,Biblioteca dei Civici musei di storia e arte,manoscritti,921
https://ameliamorsellino.github.io/biblioteche-fantasma/resource/library/IT-MN0034,IT-MN0034,Biblioteca dei Conti d'Arco,manoscritti,15
https://ameliamorsellino.github.io/biblioteche-fantasma/resource/library/IT-PT0024,IT-PT0024,Biblioteca dei Domenicani di Pistoia,manoscritti,1
https://ameliamorsellino.github.io/biblioteche-fantasma/resource/library/IT-SR0049,IT-SR0049,Biblioteca dei Frati cappuccini,manoscritti,20
https://ameliamorsellino.github.io/biblioteche-fantasma/resource/library/IT-CO0205,IT-CO0205,Biblioteca dei Musei Civici,manoscritti,40
https://ameliamorsellino.github.io/biblioteche-fantasma/resource/library/IT-FE0111,IT-FE0111,Biblioteca dei Musei civici d'arte antica,manoscritti,200
https://ameliamorsellino.github.io/biblioteche-fantasma/resource/library/IT-GO0027,IT-GO0027,Biblioteca dei Musei provinciali ERPAC-FVG,manoscritti,2
https://ameliamorsellino.github.io/biblioteche-fantasma/resource/library/IT-NA0065,IT-NA0065,Biblioteca dei Padri Passionisti,manoscritti,65
https://ameliamorsellino.github.io/biblioteche-fantasma/resource/library/IT-LE0136,IT-LE0136,Biblioteca dei Padri Passionisti di Novoli,manoscritti,
https://ameliamorsellino.github.io/biblioteche-fantasma/resource/library/IT-NA0432,IT-NA0432,Biblioteca dei Padri Redentoristi,manoscritti,30
https://ameliamorsellino.github.io/biblioteche-fantasma/resource/library/IT-PI0046,IT-PI0046,Biblioteca dei Padri carmelitani scalzi,manoscritti,1
https://ameliamorsellino.github.io/biblioteche-fantasma/resource/library/IT-BI0134,IT-BI0134,Biblioteca dei Padri della Congregazione di San Filippo Neri,manoscritti,20
https://ameliamorsellino.github.io/biblioteche-fantasma/resource/library/IT-NA0441,IT-NA0441,Biblioteca dei Padri vincenziani,manoscritti,1500
https://ameliamorsellino.github.io/biblioteche-fantasma/resource/library/IT-SI0058,IT-SI0058,Biblioteca dei Servi,manoscritti,12
https://ameliamorsellino.github.io/biblioteche-fantasma/resource/library/IT-AN0066,IT-AN0066,Biblioteca dei frati minori del Convento La Pace,manoscritti,
https://ameliamorsellino.github.io/biblioteche-fantasma/resource/library/IT-VE0150,IT-VE0150,Biblioteca dei padri Redentoristi di S. Maria della Consolazione,manoscritti,65
https://ameliamorsellino.github.io/biblioteche-fantasma/resource/library/IT-MI0675,IT-MI0675,Biblioteca dei trasporti e della mutualità Cesare Pozzo,manoscritti,7
https://ameliamorsellino.github.io/biblioteche-fantasma/resource/library/IT-PI0115,IT-PI0115,Biblioteca del Capitolo della Primaziale di Pisa,manoscritti,1000
https://ameliamorsellino.github.io/biblioteche-fantasma/resource/library/IT-MI0489,IT-MI0489,Biblioteca del Capitolo metropolitano di Milano,manoscritti,400
https://ameliamorsellino.github.io/biblioteche-fantasma/resource/library/IT-TN0158,IT-TN0158,Biblioteca del Castello del Buonconsiglio,manoscritti,412
https://ameliamorsellino.github.io/biblioteche-fantasma/resource/library/IT-RM1647,IT-RM1647,Biblioteca del Castello della Cecchignola,manoscritti,2
https://ameliamorsellino.github.io/biblioteche-fantasma/resource/library/IT-LU0123,IT-LU0123,Biblioteca del Centro Matteucci per l'arte moderna,manoscritti,500
https://ameliamorsellino.github.io/biblioteche-fantasma/resource/library/IT-BS0280,IT-BS0280,Biblioteca del Centro Salesiano di Studio «Paolo Vi»,manoscritti,
https://ameliamorsellino.github.io/biblioteche-fantasma/resource/library/IT-GE0451,IT-GE0451,Biblioteca del Centro Scuole e Nuove Culture,manoscritti,1
https://ameliamorsellino.github.io/biblioteche-fantasma/resource/library/IT-TO0863,IT-TO0863,"Biblioteca del Centro Studi ""Pasticceria Internazionale""",manoscritti,20
https://ameliamorsellino.github.io/biblioteche-fantasma/resource/library/IT-FE0116,IT-FE0116,Biblioteca del Centro Studi S. Simone e Giuda,manoscritti,
https://ameliamorsellino.github.io/biblioteche-fantasma/resource/library/IT-VE0146,IT-VE0146,"Biblioteca del Centro Studi di Storia del Tessuto, del Costume e del Profumo di Palazzo Mocenigo",manoscritti,2
https://ameliamorsellino.github.io/biblioteche-fantasma/resource/library/IT-PZ0049,IT-PZ0049,Biblioteca del Centro culturale Josè Mario Cernicchiaro,manoscritti,5
https://ameliamorsellino.github.io/biblioteche-fantasma/resource/library/IT-MS0028,IT-MS0028,Biblioteca del Centro culturale apuano,manoscritti,13000
https://ameliamorsellino.github.io/biblioteche-fantasma/resource/library/IT-RA0035,IT-RA0035,Biblioteca del Centro dantesco,manoscritti,
https://ameliamorsellino.github.io/biblioteche-fantasma/resource/library/IT-GE0058,IT-GE0058,"Biblioteca del Centro di Documentazione per la Storia, l'Arte e l'Immagine di Genova",manoscritti,2
https://ameliamorsellino.github.io/biblioteche-fantasma/resource/library/IT-CB0083,IT-CB0083,Biblioteca del Centro di Lettura,manoscritti,300
https://ameliamorsellino.github.io/biblioteche-fantasma/resource/library/IT-LU0124,IT-LU0124,Biblioteca del Centro di documentazione Associazione Lucchesi nel mondo,manoscritti,1
https://ameliamorsellino.github.io/biblioteche-fantasma/resource/library/IT-FE0167,IT-FE0167,Biblioteca del Centro di documentazione del mondo agricolo ferrarese,manoscritti,100
https://ameliamorsellino.github.io/biblioteche-fantasma/resource/library/IT-FI0511,IT-FI0511,Biblioteca del Centro di documentazione e archivio storico della CGIL regionale Toscana,manoscritti,800
https://ameliamorsellino.github.io/biblioteche-fantasma/resource/library/IT-PO0014,IT-PO0014,Biblioteca del Centro di informazione e documentazione - CID/Arti visive,manoscritti,4746
https://ameliamorsellino.github.io/biblioteche-fantasma/resource/library/IT-CS0222,IT-CS0222,Biblioteca del Centro di iniziative culturali G. De Rada,manoscritti,550
https://ameliamorsellino.github.io/biblioteche-fantasma/resource/library/IT-VE0261,IT-VE0261,Biblioteca del Centro di ricerca Silvio Trentin per la documentazione e lo studio sull'antifascismo e la Resistenza nel Veneto,manoscritti,
https://ameliamorsellino.github.io/biblioteche-fantasma/resource/library/IT-RM0025,IT-RM0025,Biblioteca del Centro di simulazione e validazione dell'Esercito,manoscritti,23
https://ameliamorsellino.github.io/biblioteche-fantasma/resource/library/IT-AQ0155,IT-AQ0155,Biblioteca del Centro di studi peligni Antonio De Nino,manoscritti,
https://ameliamorsellino.github.io/biblioteche-fantasma/resource/library/IT-PA0339,IT-PA0339,Biblioteca del Centro di studi per il miglioramento genetico degli agrumi,manoscritti,
https://ameliamorsellino.github.io/biblioteche-fantasma/resource/library/IT-RM0368,IT-RM0368,Biblioteca del Centro di studi per la storia dell'architettura,manoscritti,
https://ameliamorsellino.github.io/biblioteche-fantasma/resource/library/IT-SO0076,IT-SO0076,Biblioteca del Centro di studi storici valchiavennaschi,manoscritti,
https://ameliamorsellino.github.io/biblioteche-fantasma/resource/library/IT-FE0115,IT-FE0115,Biblioteca del Centro documentazione donna,manoscritti,
https://ameliamorsellino.github.io/biblioteche-fantasma/resource/library/IT-VI0181,IT-VI0181,Biblioteca del Centro documentazione e studi Presenza donna,manoscritti,200
https://ameliamorsellino.github.io/biblioteche-fantasma/resource/library/IT-NA0439,IT-NA0439,Biblioteca del Centro etnografico campano,manoscritti,
https://ameliamorsellino.github.io/biblioteche-fantasma/resource/library/IT-VB0014,IT-VB0014,Biblioteca del Centro internazionale di studi rosminiani,manoscritti,
https://ameliamorsellino.github.io/biblioteche-fantasma/resource/library/IT-CO0125,IT-CO0125,Biblioteca del Centro italo-tedesco Villa Vigoni,manoscritti,550
https://ameliamorsellino.github.io/biblioteche-fantasma/resource/library/IT-MC0069,IT-MC0069,Biblioteca del Centro nazionale di studi leopardiani,manoscritti,300
https://ameliamorsellino.github.io/biblioteche-fantasma/resource/library/IT-MI0353,IT-MI0353,Biblioteca del Centro nazionale di studi manzoniani,manoscritti,3700
https://ameliamorsellino.github.io/biblioteche-fantasma/resource/library/IT-BS0032,IT-BS0032,Biblioteca del Centro per la Nonviolenza,manoscritti,1000
https://ameliamorsellino.github.io/biblioteche-fantasma/resource/library/IT-TO0922,IT-TO0922,Biblioteca del Centro regionale etnografico linguistico,manoscritti,
https://ameliamorsellino.github.io/biblioteche-fantasma/resource/library/IT-TE0031,IT-TE0031,"Biblioteca del Centro servizi culturali - Teramo, Atri, Giulianova, Nereto",manoscritti,1000
https://ameliamorsellino.github.io/biblioteche-fantasma/resource/library/IT-SR0055,IT-SR0055,Biblioteca del Centro sociale Giorgio La Pira,manoscritti,
https://ameliamorsellino.github.io/biblioteche-fantasma/resource/library/IT-LT0060,IT-LT0060,Biblioteca del Centro storico culturale Gaeta,manoscritti,
https://ameliamorsellino.github.io/biblioteche-fantasma/resource/library/IT-TO0250,IT-TO0250,Biblioteca del Centro studi Piero Gobetti,manoscritti,
https://ameliamorsellino.github.io/biblioteche-fantasma/resource/library/IT-TO0447,IT-TO0447,Biblioteca del Centro studi del Teatro stabile di Torino,manoscritti,
https://ameliamorsellino.github.io/biblioteche-fantasma/resource/library/IT-FG0194,IT-FG0194,Biblioteca del Centro studi giordaniano,manoscritti,
https://ameliamorsellino.github.io/biblioteche-fantasma/resource/library/IT-FI0384,IT-FI0384,"Biblioteca del Centro studi musicali ""Ferruccio Busoni""",manoscritti,100
https://ameliamorsellino.github.io/biblioteche-fantasma/resource/library/IT-TO0547,IT-TO0547,Biblioteca del Centro studi piemontesi,manoscritti,100
https://ameliamorsellino.github.io/biblioteche-fantasma/resource/library/IT-RM1332,IT-RM1332,Biblioteca del Centro studi sulla cultura e l'immagine di Roma,manoscritti,5
https://ameliamorsellino.github.io/biblioteche-fantasma/resource/library/IT-NA0836,IT-NA0836,Biblioteca del Cinema e delle Arti del Mezzogiorno Antonio De Curtis in arte Totò,manoscritti,400
https://ameliamorsellino.github.io/biblioteche-fantasma/resource/library/IT-PA0095,IT-PA0095,Biblioteca del Circolo Matematico di Palermo,manoscritti,500
https://ameliamorsellino.github.io/biblioteche-fantasma/resource/library/IT-UD0222,IT-UD0222,Biblioteca del Circolo culturale Ivan Trinko,manoscritti,2
https://ameliamorsellino.github.io/biblioteche-fantasma/resource/library/IT-RM0588,IT-RM0588,Biblioteca del Circolo speleologico romano,manoscritti,3600
https://ameliamorsellino.github.io/biblioteche-fantasma/resource/library/IT-TS0029,IT-TS0029,Biblioteca del Civico museo teatrale Carlo Schmidl,manoscritti,3731
https://ameliamorsellino.github.io/biblioteche-fantasma/resource/library/IT-BG0043,IT-BG0043,Biblioteca del Clero di S. Alessandro in Colonna,manoscritti,475
https://ameliamorsellino.github.io/biblioteche-fantasma/resource/library/IT-TS0132,IT-TS0132,Biblioteca del Club alpino italiano - CAI. Società alpina delle Giulie,manoscritti,30
https://ameliamorsellino.github.io/biblioteche-fantasma/resource/library/IT-RM0585,IT-RM0585,Biblioteca del Collegio  S. Clemente,manoscritti,10
https://ameliamorsellino.github.io/biblioteche-fantasma/resource/library/IT-PV0073,IT-PV0073,Biblioteca del Collegio Borromeo,manoscritti,
https://ameliamorsellino.github.io/biblioteche-fantasma/resource/library/IT-RM0579,IT-RM0579,Biblioteca del Collegio Leoniano della Missione,manoscritti,10
https://ameliamorsellino.github.io/biblioteche-fantasma/resource/library/IT-CT0098,IT-CT0098,Biblioteca del Collegio S. Basilio,manoscritti,10
https://ameliamorsellino.github.io/biblioteche-fantasma/resource/library/IT-MI1066,IT-MI1066,Biblioteca del Collegio S. Carlo,manoscritti,
https://ameliamorsellino.github.io/biblioteche-fantasma/resource/library/IT-RM1919,IT-RM1919,Biblioteca del Collegio San Bonaventura,manoscritti,24
https://ameliamorsellino.github.io/biblioteche-fantasma/resource/library/IT-PC0032,IT-PC0032,Biblioteca del Collegio cardinale Giulio Alberoni,manoscritti,1000
https://ameliamorsellino.github.io/biblioteche-fantasma/resource/library/IT-RM0586,IT-RM0586,Biblioteca del Collegio degli ingegneri ferroviari italiani,manoscritti,400
https://ameliamorsellino.github.io/biblioteche-fantasma/resource/library/IT-BO0374,IT-BO0374,Biblioteca del Collegio di Spagna,manoscritti,
https://ameliamorsellino.github.io/biblioteche-fantasma/resource/library/IT-RI0160,IT-RI0160,Biblioteca del Collegio francescano S. Maria delle Grazie,manoscritti,6
https://ameliamorsellino.github.io/biblioteche-fantasma/resource/library/IT-AR0034,IT-AR0034,Biblioteca del Comune e dell'Accademia Etrusca di Cortona,manoscritti,1400
https://ameliamorsellino.github.io/biblioteche-fantasma/resource/library/IT-AR0073,IT-AR0073,Biblioteca del Comune e dell'Accademia etrusca. Sezione staccata di Camucia,manoscritti,706
https://ameliamorsellino.github.io/biblioteche-fantasma/resource/library/IT-VE0032,IT-VE0032,Biblioteca del Conservatorio Benedetto Marcello,manoscritti,
https://ameliamorsellino.github.io/biblioteche-fantasma/resource/library/IT-RO0075,IT-RO0075,Biblioteca del Conservatorio Musicale di Adria,manoscritti,
https://ameliamorsellino.github.io/biblioteche-fantasma/resource/library/IT-TN0243,IT-TN0243,"Biblioteca del Conservatorio di Musica ""F.A. Bonporti""",manoscritti,5
https://ameliamorsellino.github.io/biblioteche-fantasma/resource/library/IT-AV0123,IT-AV0123,Biblioteca del Conservatorio di Musica Domenico Cimarosa,manoscritti,100
https://ameliamorsellino.github.io/biblioteche-fantasma/resource/library/IT-PV0307,IT-PV0307,Biblioteca del Conservatorio di Musica Franco Vittadini,manoscritti,
https://ameliamorsellino.github.io/biblioteche-fantasma/resource/library/IT-CO0270,IT-CO0270,Biblioteca del Conservatorio di Musica Giuseppe Verdi di Como,manoscritti,500
https://ameliamorsellino.github.io/biblioteche-fantasma/resource/library/IT-VI0173,IT-VI0173,Biblioteca del Conservatorio di Musica Vicenza,manoscritti,87
https://ameliamorsellino.github.io/biblioteche-fantasma/resource/library/IT-BS0200,IT-BS0200,"Biblioteca del Conservatorio di musica ""Luca Marenzio"" di Brescia",manoscritti,2079
https://ameliamorsellino.github.io/biblioteche-fantasma/resource/library/IT-FI0035,IT-FI0035,"Biblioteca del Conservatorio di musica ""Luigi Cherubini""",manoscritti,42500
https://ameliamorsellino.github.io/biblioteche-fantasma/resource/library/IT-BZ0264,IT-BZ0264,Biblioteca del Conservatorio di musica Claudio Monteverdi,manoscritti,
https://ameliamorsellino.github.io/biblioteche-fantasma/resource/library/IT-CA0023,IT-CA0023,Biblioteca del Conservatorio di musica Giovanni Pierluigi da Palestrina,manoscritti,2815
https://ameliamorsellino.github.io/biblioteche-fantasma/resource/library/IT-MI0344,IT-MI0344,Biblioteca del Conservatorio di musica Giuseppe Verdi di Milano,manoscritti,50000
https://ameliamorsellino.github.io/biblioteche-fantasma/resource/library/IT-LU0027,IT-LU0027,Biblioteca del Conservatorio di musica Luigi Boccherini di Lucca,manoscritti,
https://ameliamorsellino.github.io/biblioteche-fantasma/resource/library/IT-SS0200,IT-SS0200,Biblioteca del Conservatorio di musica Luigi Canepa,manoscritti,140
https://ameliamorsellino.github.io/biblioteche-fantasma/resource/library/IT-RM0266,IT-RM0266,Biblioteca del Conservatorio di musica Santa Cecilia,manoscritti,10000
https://ameliamorsellino.github.io/biblioteche-fantasma/resource/library/IT-LE0256,IT-LE0256,Biblioteca del Conservatorio di musica Tito Schipa,manoscritti,1500
https://ameliamorsellino.github.io/biblioteche-fantasma/resource/library/IT-RA0106,IT-RA0106,Biblioteca del Conservatorio statale Giuseppe Verdi,manoscritti,12
https://ameliamorsellino.github.io/biblioteche-fantasma/resource/library/IT-ME0455,IT-ME0455,"Biblioteca del Conservatorio statale di musica ""A. Corelli""",manoscritti,30
https://ameliamorsellino.github.io/biblioteche-fantasma/resource/library/IT-TR0049,IT-TR0049,"Biblioteca del Conservatorio statale di musica ""G. Briccialdi""",manoscritti,332
https://ameliamorsellino.github.io/biblioteche-fantasma/resource/library/IT-BO0516,IT-BO0516,"Biblioteca del Conservatorio statale di musica ""Gian Battista Martini""",manoscritti,2000
https://ameliamorsellino.github.io/biblioteche-fantasma/resource/library/IT-AP0098,IT-AP0098,"Biblioteca del Conservatorio statale di musica ""Giovanni Battista Pergolesi""",manoscritti,
https://ameliamorsellino.github.io/biblioteche-fantasma/resource/library/IT-FR0179,IT-FR0179,"Biblioteca del Conservatorio statale di musica ""L. Refice""",manoscritti,4
https://ameliamorsellino.github.io/biblioteche-fantasma/resource/library/IT-PD0243,IT-PD0243,Biblioteca del Conservatorio statale di musica Cesare Pollini,manoscritti,600
https://ameliamorsellino.github.io/biblioteche-fantasma/resource/library/IT-VV0050,IT-VV0050,Biblioteca del Conservatorio statale di musica Fausto Torrefranca,manoscritti,5
https://ameliamorsellino.github.io/biblioteche-fantasma/resource/library/IT-PG0387,IT-PG0387,Biblioteca del Conservatorio statale di musica Francesco Morlacchi,manoscritti,300
https://ameliamorsellino.github.io/biblioteche-fantasma/resource/library/IT-FE0125,IT-FE0125,Biblioteca del Conservatorio statale di musica Girolamo Frescobaldi,manoscritti,100
https://ameliamorsellino.github.io/biblioteche-fantasma/resource/library/IT-PC0057,IT-PC0057,Biblioteca del Conservatorio statale di musica Giuseppe Nicolini,manoscritti,1000
https://ameliamorsellino.github.io/biblioteche-fantasma/resource/library/IT-TO0244,IT-TO0244,Biblioteca del Conservatorio statale di musica Giuseppe Verdi,manoscritti,5000
https://ameliamorsellino.github.io/biblioteche-fantasma/resource/library/IT-NO0138,IT-NO0138,Biblioteca del Conservatorio statale di musica Guido Cantelli,manoscritti,400
https://ameliamorsellino.github.io/biblioteche-fantasma/resource/library/IT-UD0216,IT-UD0216,Biblioteca del Conservatorio statale di musica Jacopo Tomadini,manoscritti,300
https://ameliamorsellino.github.io/biblioteche-fantasma/resource/library/IT-GE0148,IT-GE0148,Biblioteca del Conservatorio statale di musica Nicolò Paganini,manoscritti,5962
https://ameliamorsellino.github.io/biblioteche-fantasma/resource/library/IT-FG0133,IT-FG0133,Biblioteca del Conservatorio statale di musica Umberto Giordano,manoscritti,250
https://ameliamorsellino.github.io/biblioteche-fantasma/resource/library/IT-GE0314,IT-GE0314,"Biblioteca del Consiglio dell'Ordine degli Avvocati ""Enrico Grego""",manoscritti,
https://ameliamorsellino.github.io/biblioteche-fantasma/resource/library/IT-RM0575,IT-RM0575,Biblioteca del Consiglio di Stato,manoscritti,103
https://ameliamorsellino.github.io/biblioteche-fantasma/resource/library/IT-RM1190,IT-RM1190,Biblioteca del Consiglio nazionale del notariato,manoscritti,
https://ameliamorsellino.github.io/biblioteche-fantasma/resource/library/IT-VC0075,IT-VC0075,Biblioteca del Consiglio per la Ricerca in agricoltura e l'analisi dell'economia Agraria - sede di Vercelli,manoscritti,1
https://ameliamorsellino.github.io/biblioteche-fantasma/resource/library/IT-CA0022,IT-CA0022,Biblioteca del Consiglio regionale della Sardegna,manoscritti,20
https://ameliamorsellino.github.io/biblioteche-fantasma/resource/library/IT-BO0825,IT-BO0825,Biblioteca del Consorzio di bonifica per il Canale Emiliano Romagnolo,manoscritti,35
https://ameliamorsellino.github.io/biblioteche-fantasma/resource/library/IT-FG0157,IT-FG0157,Biblioteca del Consorzio per la bonifica della Capitanata,manoscritti,200
https://ameliamorsellino.github.io/biblioteche-fantasma/resource/library/IT-AN0057,IT-AN0057,Biblioteca del Convento S. Giuseppe da Copertino,manoscritti,
https://ameliamorsellino.github.io/biblioteche-fantasma/resource/library/IT-CE0059,IT-CE0059,Biblioteca del Convento S. Maria Occorrevole,manoscritti,21
https://ameliamorsellino.github.io/biblioteche-fantasma/resource/library/IT-NA0001,IT-NA0001,Biblioteca del Convento S.Antonio,manoscritti,63
https://ameliamorsellino.github.io/biblioteche-fantasma/resource/library/IT-NA0219,IT-NA0219,Biblioteca del Convento dei Frati Minori di S. Vito,manoscritti,16
https://ameliamorsellino.github.io/biblioteche-fantasma/resource/library/IT-AV0151,IT-AV0151,Biblioteca del Convento dei Frati minori,manoscritti,26
https://ameliamorsellino.github.io/biblioteche-fantasma/resource/library/IT-EN0036,IT-EN0036,Biblioteca del Convento dei cappuccini,manoscritti,
https://ameliamorsellino.github.io/biblioteche-fantasma/resource/library/IT-ME0374,IT-ME0374,Biblioteca del Convento dei frati minori di S. Maria di Porto Salvo,manoscritti,53
https://ameliamorsellino.github.io/biblioteche-fantasma/resource/library/IT-BZ0008,IT-BZ0008,Biblioteca del Convento dei padri Francescani - Franziskaner Kloster Bibliothek,manoscritti,
https://ameliamorsellino.github.io/biblioteche-fantasma/resource/library/IT-FI0343,IT-FI0343,Biblioteca del Convento del Bosco ai Frati,manoscritti,
https://ameliamorsellino.github.io/biblioteche-fantasma/resource/library/IT-FI0338,IT-FI0338,Biblioteca del Convento del Carmine,manoscritti,
https://ameliamorsellino.github.io/biblioteche-fantasma/resource/library/IT-LI0066,IT-LI0066,Biblioteca del Convento della SS. Trinità,manoscritti,22
https://ameliamorsellino.github.io/biblioteche-fantasma/resource/library/IT-AR0029,IT-AR0029,Biblioteca del Convento della Verna,manoscritti,100
https://ameliamorsellino.github.io/biblioteche-fantasma/resource/library/IT-PG0174,IT-PG0174,Biblioteca del Convento di Montesanto,manoscritti,8
https://ameliamorsellino.github.io/biblioteche-fantasma/resource/library/IT-RA0073,IT-RA0073,Biblioteca del Convento di S. Domenico,manoscritti,
https://ameliamorsellino.github.io/biblioteche-fantasma/resource/library/IT-AV0076,IT-AV0076,Biblioteca del Convento di S. Francesco,manoscritti,3
https://ameliamorsellino.github.io/biblioteche-fantasma/resource/library/IT-CT0245,IT-CT0245,Biblioteca del Convento di S. Francesco,manoscritti,3
https://ameliamorsellino.github.io/biblioteche-fantasma/resource/library/IT-NA0206,IT-NA0206,Biblioteca del Convento di S. Francesco d'Assisi,manoscritti,3
https://ameliamorsellino.github.io/biblioteche-fantasma/resource/library/IT-AQ0017,IT-AQ0017,Biblioteca del Convento di S. Giovanni da Capestrano,manoscritti,142
https://ameliamorsellino.github.io/biblioteche-fantasma/resource/library/IT-AQ0028,IT-AQ0028,Biblioteca del Convento di S. Maria Valleverde,manoscritti,300
https://ameliamorsellino.github.io/biblioteche-fantasma/resource/library/IT-NA0806,IT-NA0806,Biblioteca del Convento di S. Maria del Pozzo,manoscritti,10
https://ameliamorsellino.github.io/biblioteche-fantasma/resource/library/IT-FI0016,IT-FI0016,Biblioteca del Convento di San Francesco di Fiesole,manoscritti,30
https://ameliamorsellino.github.io/biblioteche-fantasma/resource/library/IT-PD0400,IT-PD0400,Biblioteca del Convento di San Giacomo,manoscritti,20
https://ameliamorsellino.github.io/biblioteche-fantasma/resource/library/IT-GE0447,IT-GE0447,Biblioteca del Convento di San Nicola dei Padri agostiniani scalzi,manoscritti,60
https://ameliamorsellino.github.io/biblioteche-fantasma/resource/library/IT-NA0247,IT-NA0247,Biblioteca del Convento di San Vito,manoscritti,7
https://ameliamorsellino.github.io/biblioteche-fantasma/resource/library/IT-NA0242,IT-NA0242,Biblioteca del Convento di Sant'Antonio,manoscritti,1
https://ameliamorsellino.github.io/biblioteche-fantasma/resource/library/IT-PA0700,IT-PA0700,Biblioteca del Convento di Sant'Oliva,manoscritti,1
https://ameliamorsellino.github.io/biblioteche-fantasma/resource/library/IT-PO0003,IT-PO0003,Biblioteca del Convitto nazionale Cicognini,manoscritti,19
https://ameliamorsellino.github.io/biblioteche-fantasma/resource/library/IT-LT0085,IT-LT0085,Biblioteca del DMI - Dizionario della Musica in Italia,manoscritti,300
https://ameliamorsellino.github.io/biblioteche-fantasma/resource/library/IT-PR0185,IT-PR0185,"Biblioteca del Dipartimento di Antichistica, Lingue, Educazione, Filosofia - A.L.E.F - Sezione di Musicologia dell'Università degli studi di Parma",manoscritti,
https://ameliamorsellino.github.io/biblioteche-fantasma/resource/library/IT-RM1188,IT-RM1188,Biblioteca del Dipartimento di Biologia ambientale - Sapienza Università di Roma,manoscritti,8
https://ameliamorsellino.github.io/biblioteche-fantasma/resource/library/IT-NA0287,IT-NA0287,"Biblioteca del Dipartimento di Ingegneria Industriale dell'Università degli studi di Napoli Federico II. Sezione di Energetica, Termofluidodinamica Applicata e Condizionamenti Ambientali",manoscritti,20
https://ameliamorsellino.github.io/biblioteche-fantasma/resource/library/IT-MI0647,IT-MI0647,Biblioteca del Dipartimento di Medicina del Lavoro - Sezione di Statistica medica e biometria,manoscritti,153
https://ameliamorsellino.github.io/biblioteche-fantasma/resource/library/IT-TO0641,IT-TO0641,Biblioteca del Dipartimento di Scienze della Vita e Biologia dei sistemi dell'Università di Torino - Sede di Biologia Vegetale ,manoscritti,
https://ameliamorsellino.github.io/biblioteche-fantasma/resource/library/IT-RM1700,IT-RM1700,Biblioteca del Dipartimento di Storia antropologia religioni arte spettacolo - Sapienza Università di Roma,manoscritti,200
https://ameliamorsellino.github.io/biblioteche-fantasma/resource/library/IT-TO0383,IT-TO0383,Biblioteca del Dipartimento di colture arboree dell'Università degli studi di di Torino,manoscritti,
https://ameliamorsellino.github.io/biblioteche-fantasma/resource/library/IT-BO0444,IT-BO0444,Biblioteca del Dipartimento di filologia classica e medioevale dell'Università degli studi di Bologna,manoscritti,3
https://ameliamorsellino.github.io/biblioteche-fantasma/resource/library/IT-TO0741,IT-TO0741,Biblioteca del Dipartimento di ingegneria dei sistemi edilizi e territoriali del Politecnico di Torino,manoscritti,
https://ameliamorsellino.github.io/biblioteche-fantasma/resource/library/IT-BA0314,IT-BA0314,Biblioteca del Dipartimento di pratiche linguistiche e analisi di testi dell'Università degli studi di Bari,manoscritti,
https://ameliamorsellino.github.io/biblioteche-fantasma/resource/library/IT-BA0309,IT-BA0309,Biblioteca del Dipartimento di protezione delle piante dalle malattie dell'Università degli studi di Bari,manoscritti,12
https://ameliamorsellino.github.io/biblioteche-fantasma/resource/library/IT-MI1275,IT-MI1275,Biblioteca del Dipartimento di scienze neurologiche dell'Università degli studi di Milano,manoscritti,700
https://ameliamorsellino.github.io/biblioteche-fantasma/resource/library/IT-BA0156,IT-BA0156,Biblioteca del Dipartimento di scienze neurologiche e psichiatriche. Sezione di scienze neurologiche dell'Università degli studi di Bari,manoscritti,2461
https://ameliamorsellino.github.io/biblioteche-fantasma/resource/library/IT-PI0396,IT-PI0396,Biblioteca del Duomo di Pontedera,manoscritti,
https://ameliamorsellino.github.io/biblioteche-fantasma/resource/library/IT-ME0068,IT-ME0068,Biblioteca del Gabinetto di lettura,manoscritti,3
https://ameliamorsellino.github.io/biblioteche-fantasma/resource/library/IT-PD0040,IT-PD0040,Biblioteca del Gabinetto di lettura,manoscritti,153
https://ameliamorsellino.github.io/biblioteche-fantasma/resource/library/IT-FI0058,IT-FI0058,Biblioteca del Gabinetto scientifico-letterario G.P. Vieusseux,manoscritti,12
https://ameliamorsellino.github.io/biblioteche-fantasma/resource/library/IT-SV0062,IT-SV0062,Biblioteca del Gruppo Speleologico Savonese - Dopolavoro Ferroviario,manoscritti,3956
https://ameliamorsellino.github.io/biblioteche-fantasma/resource/library/IT-PU0022,IT-PU0022,Biblioteca del Laboratorio di biologia marina e pesca del Dipartimento di biologia evoluzionistica e sperimentale dell'Università degli studi di Bologna,manoscritti,9
https://ameliamorsellino.github.io/biblioteche-fantasma/resource/library/IT-MO0201,IT-MO0201,Biblioteca del Laboratorio di poesia,manoscritti,2
https://ameliamorsellino.github.io/biblioteche-fantasma/resource/library/IT-TN0197,IT-TN0197,Biblioteca del Liceo classico Giovanni Prati,manoscritti,50
https://ameliamorsellino.github.io/biblioteche-fantasma/resource/library/IT-TA0056,IT-TA0056,Biblioteca del Liceo classico statale Archita,manoscritti,1
https://ameliamorsellino.github.io/biblioteche-fantasma/resource/library/IT-RM0533,IT-RM0533,Biblioteca del Ministero dell'Istruzione e del Merito 'Luigi De Gregori',manoscritti,200
https://ameliamorsellino.github.io/biblioteche-fantasma/resource/library/IT-AN0036,IT-AN0036,Biblioteca del Monastero S. Silvestro,manoscritti,23
https://ameliamorsellino.github.io/biblioteche-fantasma/resource/library/IT-CT0348,IT-CT0348,Biblioteca del Monastero San Benedetto,manoscritti,100
https://ameliamorsellino.github.io/biblioteche-fantasma/resource/library/IT-PG0438,IT-PG0438,Biblioteca del Monastero delle Benedettine di S. Anna,manoscritti,6
https://ameliamorsellino.github.io/biblioteche-fantasma/resource/library/IT-VT0216,IT-VT0216,Biblioteca del Monastero delle Benedettine di San Pietro,manoscritti,17
https://ameliamorsellino.github.io/biblioteche-fantasma/resource/library/IT-BG0932,IT-BG0932,Biblioteca del Monastero delle Clarisse,manoscritti,
https://ameliamorsellino.github.io/biblioteche-fantasma/resource/library/IT-AR0065,IT-AR0065,Biblioteca del Monastero di Camaldoli,manoscritti,
https://ameliamorsellino.github.io/biblioteche-fantasma/resource/library/IT-GO0023,IT-GO0023,Biblioteca del Monastero di S. Orsola,manoscritti,
https://ameliamorsellino.github.io/biblioteche-fantasma/resource/library/IT-RM2046,IT-RM2046,Biblioteca del Monastero di San Bernardo alle Terme,manoscritti,50
https://ameliamorsellino.github.io/biblioteche-fantasma/resource/library/IT-BR0055,IT-BR0055,Biblioteca del Monastero di San Pietro ,manoscritti,20
https://ameliamorsellino.github.io/biblioteche-fantasma/resource/library/IT-PT0135,IT-PT0135,Biblioteca del Monastero di Santa Maria degli Angeli,manoscritti,3
https://ameliamorsellino.github.io/biblioteche-fantasma/resource/library/IT-PD0206,IT-PD0206,Biblioteca del Monumento nazionale di Praglia,manoscritti,200
https://ameliamorsellino.github.io/biblioteche-fantasma/resource/library/IT-PG0248,IT-PG0248,Biblioteca del Museo Archeologico Nazionale dell'Umbria (MANU),manoscritti,
https://ameliamorsellino.github.io/biblioteche-fantasma/resource/library/IT-FI0419,IT-FI0419,Biblioteca del Museo Archeologico Nazionale di Firenze. Direzione Regionale Musei della Toscana,manoscritti,25
https://ameliamorsellino.github.io/biblioteche-fantasma/resource/library/IT-NA0226,IT-NA0226,Biblioteca del Museo Archeologico Nazionale di Napoli,manoscritti,10
https://ameliamorsellino.github.io/biblioteche-fantasma/resource/library/IT-RC0063,IT-RC0063,Biblioteca del Museo Archeologico Nazionale di Reggio Calabria e della SABAP per la città metropolitana di Reggio Calabria e la provincia di Vibo Valentia,manoscritti,1
https://ameliamorsellino.github.io/biblioteche-fantasma/resource/library/IT-SV0072,IT-SV0072,Biblioteca del Museo Archeologico del Finale,manoscritti,125
https://ameliamorsellino.github.io/biblioteche-fantasma/resource/library/IT-PD0391,IT-PD0391,Biblioteca del Museo Bottacin,manoscritti,150
https://ameliamorsellino.github.io/biblioteche-fantasma/resource/library/IT-VC0120,IT-VC0120,Biblioteca del Museo Camillo Leone,manoscritti,419
https://ameliamorsellino.github.io/biblioteche-fantasma/resource/library/IT-GE0444,IT-GE0444,Biblioteca del Museo Castello D'Albertis,manoscritti,17
https://ameliamorsellino.github.io/biblioteche-fantasma/resource/library/IT-CR0210,IT-CR0210,Biblioteca del Museo Civico,manoscritti,85
https://ameliamorsellino.github.io/biblioteche-fantasma/resource/library/IT-IM0060,IT-IM0060,Biblioteca del Museo Civico,manoscritti,1
https://ameliamorsellino.github.io/biblioteche-fantasma/resource/library/IT-MO0056,IT-MO0056,Biblioteca del Museo Civico,manoscritti,
https://ameliamorsellino.github.io/biblioteche-fantasma/resource/library/IT-VE0039,IT-VE0039,Biblioteca del Museo Correr,manoscritti,12000
https://ameliamorsellino.github.io/biblioteche-fantasma/resource/library/IT-FI0029,IT-FI0029,Biblioteca del Museo Galileo,manoscritti,45
https://ameliamorsellino.github.io/biblioteche-fantasma/resource/library/IT-RM1136,IT-RM1136,Biblioteca del Museo Nazionale Etrusco di Villa Giulia,manoscritti,
https://ameliamorsellino.github.io/biblioteche-fantasma/resource/library/IT-PI0004,IT-PI0004,Biblioteca del Museo Nazionale della Certosa monumentale di Calci,manoscritti,34
https://ameliamorsellino.github.io/biblioteche-fantasma/resource/library/IT-VC0132,IT-VC0132,Biblioteca del Museo Pietro Calderini,manoscritti,
https://ameliamorsellino.github.io/biblioteche-fantasma/resource/library/IT-MI0337,IT-MI0337,Biblioteca del Museo Poldi Pezzoli. Sezione antica,manoscritti,4
https://ameliamorsellino.github.io/biblioteche-fantasma/resource/library/IT-FI0325,IT-FI0325,Biblioteca del Museo Stibbert,manoscritti,3
https://ameliamorsellino.github.io/biblioteche-fantasma/resource/library/IT-PZ0266,IT-PZ0266,Biblioteca del Museo archeologico e della Pinacoteca provinciale,manoscritti,10300
https://ameliamorsellino.github.io/biblioteche-fantasma/resource/library/IT-BZ0007,IT-BZ0007,Biblioteca del Museo civico - Stadtmuseum Bibliothek,manoscritti,140
https://ameliamorsellino.github.io/biblioteche-fantasma/resource/library/IT-MN0114,IT-MN0114,Biblioteca del Museo civico Antonio Parazzi,manoscritti,
https://ameliamorsellino.github.io/biblioteche-fantasma/resource/library/IT-MN0132,IT-MN0132,Biblioteca del Museo civico Polironiano,manoscritti,10
https://ameliamorsellino.github.io/biblioteche-fantasma/resource/library/IT-CT0031,IT-CT0031,Biblioteca del Museo civico belliniano e biblioteca musicale di Catania,manoscritti,3
https://ameliamorsellino.github.io/biblioteche-fantasma/resource/library/IT-BO0311,IT-BO0311,Biblioteca del Museo civico del Risorgimento,manoscritti,1400
https://ameliamorsellino.github.io/biblioteche-fantasma/resource/library/IT-LE0234,IT-LE0234,Biblioteca del Museo civico di paleontologia e paletnologia,manoscritti,15
https://ameliamorsellino.github.io/biblioteche-fantasma/resource/library/IT-BL0023,IT-BL0023,Biblioteca del Museo civico e Galleria d'arte Carlo Rizzarda,manoscritti,
https://ameliamorsellino.github.io/biblioteche-fantasma/resource/library/IT-TN0168,IT-TN0168,Biblioteca del Museo d'arte moderna e contemporanea -  Archivio del '900,manoscritti,96
https://ameliamorsellino.github.io/biblioteche-fantasma/resource/library/IT-BO0313,IT-BO0313,Biblioteca del Museo del Patrimonio industriale,manoscritti,
https://ameliamorsellino.github.io/biblioteche-fantasma/resource/library/IT-VI0121,IT-VI0121,Biblioteca del Museo del Risorgimento e della Resistenza di Villa Guiccioli,manoscritti,10
https://ameliamorsellino.github.io/biblioteche-fantasma/resource/library/IT-BN0013,IT-BN0013,Biblioteca del Museo del Sannio,manoscritti,1662
https://ameliamorsellino.github.io/biblioteche-fantasma/resource/library/IT-MI1179,IT-MI1179,Biblioteca del Museo dell'assicurazione,manoscritti,150
https://ameliamorsellino.github.io/biblioteche-fantasma/resource/library/IT-BO0228,IT-BO0228,Biblioteca del Museo della Civiltà Contadina di San Marino di Bentivoglio,manoscritti,1
https://ameliamorsellino.github.io/biblioteche-fantasma/resource/library/IT-BG0275,IT-BG0275,Biblioteca del Museo delle storie di Bergamo,manoscritti,1
https://ameliamorsellino.github.io/biblioteche-fantasma/resource/library/IT-RM1152,IT-RM1152,Biblioteca del Museo di Roma,manoscritti,14
https://ameliamorsellino.github.io/biblioteche-fantasma/resource/library/IT-VE0078,IT-VE0078,Biblioteca del Museo di Storia Naturale di Venezia Giancarlo Ligabue,manoscritti,
https://ameliamorsellino.github.io/biblioteche-fantasma/resource/library/IT-MI0340,IT-MI0340,Biblioteca del Museo di Storia naturale e dell'Acquario civico di Milano,manoscritti,680
https://ameliamorsellino.github.io/biblioteche-fantasma/resource/library/IT-TN0178,IT-TN0178,Biblioteca del Museo etnografico trentino San Michele,manoscritti,17
https://ameliamorsellino.github.io/biblioteche-fantasma/resource/library/IT-MS0058,IT-MS0058,Biblioteca del Museo etnologico delle Apuane,manoscritti,
https://ameliamorsellino.github.io/biblioteche-fantasma/resource/library/IT-UD0402,IT-UD0402,Biblioteca del Museo friulano di storia naturale,manoscritti,1
https://ameliamorsellino.github.io/biblioteche-fantasma/resource/library/IT-ME0392,IT-ME0392,Biblioteca del Museo interdisciplinare regionale di Messina,manoscritti,90
https://ameliamorsellino.github.io/biblioteche-fantasma/resource/library/IT-RA0019,IT-RA0019,Biblioteca del Museo internazionale delle ceramiche,manoscritti,24
https://ameliamorsellino.github.io/biblioteche-fantasma/resource/library/IT-FI0426,IT-FI0426,Biblioteca del Museo nazionale del Bargello,manoscritti,10
https://ameliamorsellino.github.io/biblioteche-fantasma/resource/library/IT-TO0328,IT-TO0328,Biblioteca del Museo nazionale del Risorgimento italiano,manoscritti,70000
https://ameliamorsellino.github.io/biblioteche-fantasma/resource/library/IT-MI0338,IT-MI0338,Biblioteca del Museo nazionale della scienza e della tecnologia Leonardo da Vinci,manoscritti,1
https://ameliamorsellino.github.io/biblioteche-fantasma/resource/library/IT-RM0694,IT-RM0694,Biblioteca del Museo nazionale di Castel Sant'Angelo,manoscritti,7
https://ameliamorsellino.github.io/biblioteche-fantasma/resource/library/IT-TN0101,IT-TN0101,Biblioteca del Museo storico italiano della guerra,manoscritti,795
https://ameliamorsellino.github.io/biblioteche-fantasma/resource/library/IT-RM1648,IT-RM1648,Biblioteca del Nobile collegio chimico farmaceutico - Universitas Aromatariorum urbis,manoscritti,10
https://ameliamorsellino.github.io/biblioteche-fantasma/resource/library/IT-RM1205,IT-RM1205,Biblioteca del Parco archeologico di Ostia Antica,manoscritti,1
https://ameliamorsellino.github.io/biblioteche-fantasma/resource/library/IT-TO0787,IT-TO0787,Biblioteca del Parco naturale val Troncea,manoscritti,5
https://ameliamorsellino.github.io/biblioteche-fantasma/resource/library/IT-ME0238,IT-ME0238,Biblioteca del Polo Centrale. Area delle scienze giuridiche,manoscritti,
https://ameliamorsellino.github.io/biblioteche-fantasma/resource/library/IT-RM1395,IT-RM1395,Biblioteca del Polo Museale del Lazio,manoscritti,20
https://ameliamorsellino.github.io/biblioteche-fantasma/resource/library/IT-VT0214,IT-VT0214,Biblioteca del Polo Umanistico - Sociale dell'Università degli studi della Tuscia,manoscritti,1
https://ameliamorsellino.github.io/biblioteche-fantasma/resource/library/IT-RM0653,IT-RM0653,Biblioteca del Pontificio Collegio irlandese,manoscritti,50
https://ameliamorsellino.github.io/biblioteche-fantasma/resource/library/IT-RM2071,IT-RM2071,Biblioteca del Pontificio Istituto Orientale,manoscritti,52
https://ameliamorsellino.github.io/biblioteche-fantasma/resource/library/IT-MI0716,IT-MI0716,Biblioteca del Pontificio istituto ambrosiano di musica sacra - PIAMS,manoscritti,3
https://ameliamorsellino.github.io/biblioteche-fantasma/resource/library/IT-RM1699,IT-RM1699,Biblioteca del Pontificio istituto di musica sacra,manoscritti,500
https://ameliamorsellino.github.io/biblioteche-fantasma/resource/library/IT-RM0428,IT-RM0428,Biblioteca del Quirinale,manoscritti,6
https://ameliamorsellino.github.io/biblioteche-fantasma/resource/library/IT-CT0015,IT-CT0015,Biblioteca del Real Collegio Capizzi di Bronte,manoscritti,
https://ameliamorsellino.github.io/biblioteche-fantasma/resource/library/IT-RM0682,IT-RM0682,Biblioteca del Reale Istituto Neerlandese,manoscritti,20
https://ameliamorsellino.github.io/biblioteche-fantasma/resource/library/IT-FR0136,IT-FR0136,Biblioteca del Ritiro S. Maria degli angeli,manoscritti,
https://ameliamorsellino.github.io/biblioteche-fantasma/resource/library/IT-FR0137,IT-FR0137,Biblioteca del Ritiro S. Maria di Pugliano,manoscritti,33
https://ameliamorsellino.github.io/biblioteche-fantasma/resource/library/IT-FR0134,IT-FR0134,Biblioteca del Ritiro S. Sosio martire,manoscritti,
https://ameliamorsellino.github.io/biblioteche-fantasma/resource/library/IT-PG0213,IT-PG0213,Biblioteca del Sacro Convento di San Francesco in Assisi,manoscritti,1100
https://ameliamorsellino.github.io/biblioteche-fantasma/resource/library/IT-RM1631,IT-RM1631,Biblioteca del Sacro Eremo Tuscolano,manoscritti,27
https://ameliamorsellino.github.io/biblioteche-fantasma/resource/library/IT-AR0101,IT-AR0101,Biblioteca del Sacro Eremo di Camaldoli,manoscritti,992
https://ameliamorsellino.github.io/biblioteche-fantasma/resource/library/IT-ME0391,IT-ME0391,Biblioteca del Santuario Ecce Homo,manoscritti,
https://ameliamorsellino.github.io/biblioteche-fantasma/resource/library/IT-RI0065,IT-RI0065,Biblioteca del Santuario Francescano del Presepio,manoscritti,5
https://ameliamorsellino.github.io/biblioteche-fantasma/resource/library/IT-BI0002,IT-BI0002,Biblioteca del Santuario di Nostra Signora di Oropa,manoscritti,4
https://ameliamorsellino.github.io/biblioteche-fantasma/resource/library/IT-NA0499,IT-NA0499,Biblioteca del Segratariato regionale per la Campania,manoscritti,
https://ameliamorsellino.github.io/biblioteche-fantasma/resource/library/IT-TV0122,IT-TV0122,Biblioteca del Seminario,manoscritti,150
https://ameliamorsellino.github.io/biblioteche-fantasma/resource/library/IT-UD0123,IT-UD0123,Biblioteca del Seminario,manoscritti,421
https://ameliamorsellino.github.io/biblioteche-fantasma/resource/library/IT-TO0326,IT-TO0326,Biblioteca del Seminario Arcivescovile,manoscritti,256
https://ameliamorsellino.github.io/biblioteche-fantasma/resource/library/IT-FI0056,IT-FI0056,Biblioteca del Seminario Arcivescovile Maggiore,manoscritti,588
https://ameliamorsellino.github.io/biblioteche-fantasma/resource/library/IT-CA0018,IT-CA0018,Biblioteca del Seminario Arcivescovile di Cagliari Santa Cecilia,manoscritti,50
https://ameliamorsellino.github.io/biblioteche-fantasma/resource/library/IT-FE0009,IT-FE0009,Biblioteca del Seminario Arcivescovile di Ferrara,manoscritti,
https://ameliamorsellino.github.io/biblioteche-fantasma/resource/library/IT-VE0103,IT-VE0103,Biblioteca del Seminario Patriarcale di Venezia,manoscritti,654
https://ameliamorsellino.github.io/biblioteche-fantasma/resource/library/IT-MC0273,IT-MC0273,Biblioteca del Seminario Redemptoris Mater di Macerata,manoscritti,1500
https://ameliamorsellino.github.io/biblioteche-fantasma/resource/library/IT-CE0053,IT-CE0053,Biblioteca del Seminario Vescovile,manoscritti,20
https://ameliamorsellino.github.io/biblioteche-fantasma/resource/library/IT-CN0066,IT-CN0066,Biblioteca del Seminario Vescovile di Mondovì,manoscritti,
https://ameliamorsellino.github.io/biblioteche-fantasma/resource/library/IT-PV0074,IT-PV0074,Biblioteca del Seminario Vescovile di Pavia,manoscritti,214
https://ameliamorsellino.github.io/biblioteche-fantasma/resource/library/IT-BO0639,IT-BO0639,Biblioteca del Seminario arcivescovile,manoscritti,170
https://ameliamorsellino.github.io/biblioteche-fantasma/resource/library/IT-MC0093,IT-MC0093,Biblioteca del Seminario arcivescovile,manoscritti,50
https://ameliamorsellino.github.io/biblioteche-fantasma/resource/library/IT-OR0035,IT-OR0035,Biblioteca del Seminario arcivescovile dell'Immacolata,manoscritti,53
https://ameliamorsellino.github.io/biblioteche-fantasma/resource/library/IT-AP0014,IT-AP0014,Biblioteca del Seminario arcivescovile di Fermo F. De Angelis,manoscritti,41
https://ameliamorsellino.github.io/biblioteche-fantasma/resource/library/IT-PD0518,IT-PD0518,Biblioteca del Seminario di Padova,manoscritti,1556
https://ameliamorsellino.github.io/biblioteche-fantasma/resource/library/IT-BO0198,IT-BO0198,Biblioteca del Seminario diocesano,manoscritti,22
https://ameliamorsellino.github.io/biblioteche-fantasma/resource/library/IT-PN0052,IT-PN0052,Biblioteca del Seminario diocesano di Concordia - Pordenone,manoscritti,155
https://ameliamorsellino.github.io/biblioteche-fantasma/resource/library/IT-BZ0013,IT-BZ0013,Biblioteca del Seminario maggiore,manoscritti,153
https://ameliamorsellino.github.io/biblioteche-fantasma/resource/library/IT-PR0043,IT-PR0043,Biblioteca del Seminario maggiore,manoscritti,62
https://ameliamorsellino.github.io/biblioteche-fantasma/resource/library/IT-MO0054,IT-MO0054,Biblioteca del Seminario metropolitano Ludovico Antonio Muratori,manoscritti,500
https://ameliamorsellino.github.io/biblioteche-fantasma/resource/library/IT-AG0006,IT-AG0006,Biblioteca del Seminario vescovile,manoscritti,20
https://ameliamorsellino.github.io/biblioteche-fantasma/resource/library/IT-AL0024,IT-AL0024,Biblioteca del Seminario vescovile,manoscritti,360
https://ameliamorsellino.github.io/biblioteche-fantasma/resource/library/IT-AR0033,IT-AR0033,Biblioteca del Seminario vescovile,manoscritti,100
https://ameliamorsellino.github.io/biblioteche-fantasma/resource/library/IT-AT0005,IT-AT0005,Biblioteca del Seminario vescovile,manoscritti,300
https://ameliamorsellino.github.io/biblioteche-fantasma/resource/library/IT-BA0103,IT-BA0103,Biblioteca del Seminario vescovile,manoscritti,102
https://ameliamorsellino.github.io/biblioteche-fantasma/resource/library/IT-BL0026,IT-BL0026,Biblioteca del Seminario vescovile,manoscritti,5
https://ameliamorsellino.github.io/biblioteche-fantasma/resource/library/IT-GE0012,IT-GE0012,Biblioteca del Seminario vescovile,manoscritti,50
https://ameliamorsellino.github.io/biblioteche-fantasma/resource/library/IT-GR0025,IT-GR0025,Biblioteca del Seminario vescovile,manoscritti,10
https://ameliamorsellino.github.io/biblioteche-fantasma/resource/library/IT-PR0002,IT-PR0002,Biblioteca del Seminario vescovile,manoscritti,
https://ameliamorsellino.github.io/biblioteche-fantasma/resource/library/IT-TP0011,IT-TP0011,Biblioteca del Seminario vescovile,manoscritti,20
https://ameliamorsellino.github.io/biblioteche-fantasma/resource/library/IT-TS0020,IT-TS0020,Biblioteca del Seminario vescovile,manoscritti,50
https://ameliamorsellino.github.io/biblioteche-fantasma/resource/library/IT-TV0113,IT-TV0113,Biblioteca del Seminario vescovile,manoscritti,500
https://ameliamorsellino.github.io/biblioteche-fantasma/resource/library/IT-VI0101,IT-VI0101,Biblioteca del Seminario vescovile,manoscritti,600
https://ameliamorsellino.github.io/biblioteche-fantasma/resource/library/IT-BZ0127,IT-BZ0127,Biblioteca del Seminario vescovile Johanneum e Fondazione Parschalk - Studienbibliothek des Bischöflichen Seminars Johanneum und Parschalk-Bibliothek,manoscritti,16
https://ameliamorsellino.github.io/biblioteche-fantasma/resource/library/IT-IM0049,IT-IM0049,Biblioteca del Seminario vescovile Pio XI,manoscritti,30
https://ameliamorsellino.github.io/biblioteche-fantasma/resource/library/IT-CR0061,IT-CR0061,Biblioteca del Seminario vescovile S. Maria della pace,manoscritti,294
https://ameliamorsellino.github.io/biblioteche-fantasma/resource/library/IT-RO0042,IT-RO0042,Biblioteca del Seminario vescovile San Pio X,manoscritti,127
https://ameliamorsellino.github.io/biblioteche-fantasma/resource/library/IT-LO0023,IT-LO0023,Biblioteca del Seminario vescovile di Lodi,manoscritti,78
https://ameliamorsellino.github.io/biblioteche-fantasma/resource/library/IT-AL0130,IT-AL0130,Biblioteca del Seminario vescovile monsignor C. G. Capra,manoscritti,12
https://ameliamorsellino.github.io/biblioteche-fantasma/resource/library/IT-RM0427,IT-RM0427,Biblioteca del Senato della Repubblica Giovanni Spadolini,manoscritti,1100
https://ameliamorsellino.github.io/biblioteche-fantasma/resource/library/IT-VV0048,IT-VV0048,Biblioteca del Sistema bibliotecario vibonese,manoscritti,50
https://ameliamorsellino.github.io/biblioteche-fantasma/resource/library/IT-NA0019,IT-NA0019,Biblioteca del Tempio monumentale di S. Vito,manoscritti,30
https://ameliamorsellino.github.io/biblioteche-fantasma/resource/library/IT-RM0716,IT-RM0716,Biblioteca del Teresianum,manoscritti,135
https://ameliamorsellino.github.io/biblioteche-fantasma/resource/library/IT-MS0137,IT-MS0137,Biblioteca del castello di Castiglione del Terziere,manoscritti,13
https://ameliamorsellino.github.io/biblioteche-fantasma/resource/library/IT-PG1024,IT-PG1024,Biblioteca del centro per la documentazione e la ricerca antropologica in Valnerina e nella dorsale appenninica  - CEDRAV ,manoscritti,10
https://ameliamorsellino.github.io/biblioteche-fantasma/resource/library/IT-RM1154,IT-RM1154,Biblioteca del museo Barracco,manoscritti,
https://ameliamorsellino.github.io/biblioteche-fantasma/resource/library/IT-VI0120,IT-VI0120,Biblioteca del museo civico di Palazzo Chiericati,manoscritti,79
https://ameliamorsellino.github.io/biblioteche-fantasma/resource/library/IT-TO1253,IT-TO1253,"Biblioteca del patouà ""Arturo Genre""",manoscritti,50
https://ameliamorsellino.github.io/biblioteche-fantasma/resource/library/IT-CO0213,IT-CO0213,Biblioteca del seminario vescovile di Como,manoscritti,18
https://ameliamorsellino.github.io/biblioteche-fantasma/resource/library/IT-PU0086,IT-PU0086,Biblioteca del venerabile Eremo di Fonte Avellana,manoscritti,100
https://ameliamorsellino.github.io/biblioteche-fantasma/resource/library/IT-TO1017,IT-TO1017,Biblioteca dell' Archivio Storico Olivetti,manoscritti,1
https://ameliamorsellino.github.io/biblioteche-fantasma/resource/library/IT-RM1882,IT-RM1882,"Biblioteca dell'A.N.R.P. - Associazione Nazionale Reduci dalla Prigionia, dall'internamento, dalla guerra di liberazione e loro familiari",manoscritti,5
https://ameliamorsellino.github.io/biblioteche-fantasma/resource/library/IT-RM0423,IT-RM0423,Biblioteca dell'Abbazia S. Maria nova al Foro romano,manoscritti,
https://ameliamorsellino.github.io/biblioteche-fantasma/resource/library/IT-PC0069,IT-PC0069,Biblioteca dell'Abbazia di Nostra Signora della Trinità,manoscritti,1
https://ameliamorsellino.github.io/biblioteche-fantasma/resource/library/IT-BZ0109,IT-BZ0109,Biblioteca dell'Abbazia di Novacella,manoscritti,200
https://ameliamorsellino.github.io/biblioteche-fantasma/resource/library/IT-AN0110,IT-AN0110,Biblioteca dell'Abbazia di S. Maria in Castagnola,manoscritti,
https://ameliamorsellino.github.io/biblioteche-fantasma/resource/library/IT-PG0212,IT-PG0212,Biblioteca dell'Abbazia di S. Pietro,manoscritti,21
https://ameliamorsellino.github.io/biblioteche-fantasma/resource/library/IT-NA0191,IT-NA0191,Biblioteca dell'Abbazia di San Michele Arcangelo,manoscritti,300
https://ameliamorsellino.github.io/biblioteche-fantasma/resource/library/IT-FI0167,IT-FI0167,Biblioteca dell'Abbazia di Vallombrosa,manoscritti,300
https://ameliamorsellino.github.io/biblioteche-fantasma/resource/library/IT-MC0251,IT-MC0251,Biblioteca dell'Accademia Georgica,manoscritti,138
https://ameliamorsellino.github.io/biblioteche-fantasma/resource/library/IT-CT0045,IT-CT0045,Biblioteca dell'Accademia Gioenia di scienze naturali di Catania,manoscritti,50
https://ameliamorsellino.github.io/biblioteche-fantasma/resource/library/IT-GE0188,IT-GE0188,Biblioteca dell'Accademia Ligustica di Belle Arti,manoscritti,
https://ameliamorsellino.github.io/biblioteche-fantasma/resource/library/IT-AR0010,IT-AR0010,"Biblioteca dell'Accademia Petrarca di lettere, arti e scienze",manoscritti,26
https://ameliamorsellino.github.io/biblioteche-fantasma/resource/library/IT-PU0100,IT-PU0100,Biblioteca dell'Accademia Raffaello,manoscritti,10
https://ameliamorsellino.github.io/biblioteche-fantasma/resource/library/IT-PI0169,IT-PI0169,Biblioteca dell'Accademia degli Euteleti,manoscritti,50
https://ameliamorsellino.github.io/biblioteche-fantasma/resource/library/IT-FC0039,IT-FC0039,Biblioteca dell'Accademia degli Incamminati,manoscritti,10
https://ameliamorsellino.github.io/biblioteche-fantasma/resource/library/IT-PG0169,IT-PG0169,Biblioteca dell'Accademia degli Ottusi,manoscritti,
https://ameliamorsellino.github.io/biblioteche-fantasma/resource/library/IT-RO0049,IT-RO0049,Biblioteca dell'Accademia dei Concordi,manoscritti,2000
https://ameliamorsellino.github.io/biblioteche-fantasma/resource/library/IT-SI0054,IT-SI0054,Biblioteca dell'Accademia dei Fisiocritici,manoscritti,15
https://ameliamorsellino.github.io/biblioteche-fantasma/resource/library/IT-FI0052,IT-FI0052,Biblioteca dell'Accademia dei Georgofili,manoscritti,
https://ameliamorsellino.github.io/biblioteche-fantasma/resource/library/IT-MI1181,IT-MI1181,Biblioteca dell'Accademia dei filodrammatici,manoscritti,2
https://ameliamorsellino.github.io/biblioteche-fantasma/resource/library/IT-FI0054,IT-FI0054,Biblioteca dell'Accademia della Crusca,manoscritti,165
https://ameliamorsellino.github.io/biblioteche-fantasma/resource/library/IT-TO0324,IT-TO0324,Biblioteca dell'Accademia delle scienze,manoscritti,5000
https://ameliamorsellino.github.io/biblioteche-fantasma/resource/library/IT-BO0316,IT-BO0316,Biblioteca dell'Accademia delle scienze dell'Istituto di Bologna,manoscritti,
https://ameliamorsellino.github.io/biblioteche-fantasma/resource/library/IT-RM0739,IT-RM0739,Biblioteca dell'Accademia di Francia A Roma-Villa Medici,manoscritti,
https://ameliamorsellino.github.io/biblioteche-fantasma/resource/library/IT-TO0323,IT-TO0323,Biblioteca dell'Accademia di agricoltura,manoscritti,
https://ameliamorsellino.github.io/biblioteche-fantasma/resource/library/IT-FI0053,IT-FI0053,Biblioteca dell'Accademia di belle arti,manoscritti,18
https://ameliamorsellino.github.io/biblioteche-fantasma/resource/library/IT-RA0051,IT-RA0051,Biblioteca dell'Accademia di belle arti,manoscritti,10
https://ameliamorsellino.github.io/biblioteche-fantasma/resource/library/IT-PG0104,IT-PG0104,Biblioteca dell'Accademia di belle arti Pietro Vannucci,manoscritti,23
https://ameliamorsellino.github.io/biblioteche-fantasma/resource/library/IT-BG0400,IT-BG0400,Biblioteca dell'Accademia di belle arti Tadini,manoscritti,20
https://ameliamorsellino.github.io/biblioteche-fantasma/resource/library/IT-MI0330,IT-MI0330,Biblioteca dell'Accademia di belle arti di Brera,manoscritti,
https://ameliamorsellino.github.io/biblioteche-fantasma/resource/library/IT-TO0322,IT-TO0322,Biblioteca dell'Accademia di medicina,manoscritti,20
https://ameliamorsellino.github.io/biblioteche-fantasma/resource/library/IT-VR0070,IT-VR0070,Biblioteca dell'Accademia filarmonica di Verona,manoscritti,1321
https://ameliamorsellino.github.io/biblioteche-fantasma/resource/library/IT-RM0421,IT-RM0421,Biblioteca dell'Accademia filarmonica romana,manoscritti,2480
https://ameliamorsellino.github.io/biblioteche-fantasma/resource/library/IT-AN0004,IT-AN0004,"Biblioteca dell'Accademia marchigiana di scienze, lettere ed arti",manoscritti,
https://ameliamorsellino.github.io/biblioteche-fantasma/resource/library/IT-SI0051,IT-SI0051,Biblioteca dell'Accademia musicale Chigiana,manoscritti,70000
https://ameliamorsellino.github.io/biblioteche-fantasma/resource/library/IT-RM0418,IT-RM0418,Biblioteca dell'Accademia nazionale dei Lincei e Corsiniana,manoscritti,1800
https://ameliamorsellino.github.io/biblioteche-fantasma/resource/library/IT-RM0417,IT-RM0417,Biblioteca dell'Accademia nazionale delle scienze detta dei XL,manoscritti,2000
https://ameliamorsellino.github.io/biblioteche-fantasma/resource/library/IT-RM0838,IT-RM0838,Biblioteca dell'Accademia nazionale di San Luca,manoscritti,20
https://ameliamorsellino.github.io/biblioteche-fantasma/resource/library/IT-MO0052,IT-MO0052,"Biblioteca dell'Accademia nazionale di Scienze, Lettere e Arti",manoscritti,53
https://ameliamorsellino.github.io/biblioteche-fantasma/resource/library/IT-FI0563,IT-FI0563,Biblioteca dell'Accademia nazionale di entomologia,manoscritti,100
https://ameliamorsellino.github.io/biblioteche-fantasma/resource/library/IT-MN0040,IT-MN0040,Biblioteca dell'Accademia nazionale virgiliana,manoscritti,9280
https://ameliamorsellino.github.io/biblioteche-fantasma/resource/library/IT-MO0106,IT-MO0106,"Biblioteca dell'Accademia scientifica, letteraria e artistica del Frignano Lo Scoltenna",manoscritti,
https://ameliamorsellino.github.io/biblioteche-fantasma/resource/library/IT-FI0049,IT-FI0049,Biblioteca dell'Accademia toscana di scienze e lettere La Colombaria,manoscritti,169
https://ameliamorsellino.github.io/biblioteche-fantasma/resource/library/IT-AL0152,IT-AL0152,Biblioteca dell'Accademia urbense di Ovada - Archivio Alto Monferrato,manoscritti,200
https://ameliamorsellino.github.io/biblioteche-fantasma/resource/library/IT-PR0086,IT-PR0086,Biblioteca dell'Agenzia regionale prevenzione e ambiente - ARPA. Servizio idrografia e idrologia regionale e distretto Po,manoscritti,45
https://ameliamorsellino.github.io/biblioteche-fantasma/resource/library/IT-PR0041,IT-PR0041,Biblioteca dell'Almo Collegio teologico,manoscritti,
https://ameliamorsellino.github.io/biblioteche-fantasma/resource/library/IT-CS0235,IT-CS0235,Biblioteca dell'Amministrazione provinciale di Cosenza,manoscritti,
https://ameliamorsellino.github.io/biblioteche-fantasma/resource/library/IT-AP0132,IT-AP0132,Biblioteca dell'Archeoclub,manoscritti,12
https://ameliamorsellino.github.io/biblioteche-fantasma/resource/library/IT-VE0365,IT-VE0365,Biblioteca dell'Archivio Carlo Montanaro - Fabbrica del Vedere,manoscritti,100
https://ameliamorsellino.github.io/biblioteche-fantasma/resource/library/IT-FI0878,IT-FI0878,Biblioteca dell'Archivio Luciano Caruso,manoscritti,10120
https://ameliamorsellino.github.io/biblioteche-fantasma/resource/library/IT-VE0272,IT-VE0272,Biblioteca dell'Archivio Luigi Nono,manoscritti,38000
https://ameliamorsellino.github.io/biblioteche-fantasma/resource/library/IT-NO0065,IT-NO0065,Biblioteca dell'Archivio capitolare della Basilica di San Gaudenzio,manoscritti,52
https://ameliamorsellino.github.io/biblioteche-fantasma/resource/library/IT-FI0449,IT-FI0449,Biblioteca dell'Archivio contemporaneo Alessandro Bonsanti,manoscritti,500000
https://ameliamorsellino.github.io/biblioteche-fantasma/resource/library/IT-VE0100,IT-VE0100,Biblioteca dell'Archivio della Biennale di Venezia - Asac,manoscritti,
https://ameliamorsellino.github.io/biblioteche-fantasma/resource/library/IT-GE0136,IT-GE0136,Biblioteca dell'Archivio di Stato,manoscritti,183
https://ameliamorsellino.github.io/biblioteche-fantasma/resource/library/IT-AG0005,IT-AG0005,Biblioteca dell'Archivio di Stato di Agrigento,manoscritti,2
https://ameliamorsellino.github.io/biblioteche-fantasma/resource/library/IT-AL0003,IT-AL0003,Biblioteca dell'Archivio di Stato di Alessandria,manoscritti,1
https://ameliamorsellino.github.io/biblioteche-fantasma/resource/library/IT-AP0003,IT-AP0003,Biblioteca dell'Archivio di Stato di Ascoli Piceno,manoscritti,10
https://ameliamorsellino.github.io/biblioteche-fantasma/resource/library/IT-BG0038,IT-BG0038,Biblioteca dell'Archivio di Stato di Bergamo,manoscritti,1
https://ameliamorsellino.github.io/biblioteche-fantasma/resource/library/IT-BI0036,IT-BI0036,Biblioteca dell'Archivio di Stato di Biella,manoscritti,1
https://ameliamorsellino.github.io/biblioteche-fantasma/resource/library/IT-BO0409,IT-BO0409,Biblioteca dell'Archivio di Stato di Bologna,manoscritti,197
https://ameliamorsellino.github.io/biblioteche-fantasma/resource/library/IT-CA0017,IT-CA0017,Biblioteca dell'Archivio di Stato di Cagliari,manoscritti,21
https://ameliamorsellino.github.io/biblioteche-fantasma/resource/library/IT-CB0009,IT-CB0009,Biblioteca dell'Archivio di Stato di Campobasso,manoscritti,24
https://ameliamorsellino.github.io/biblioteche-fantasma/resource/library/IT-CT0047,IT-CT0047,Biblioteca dell'Archivio di Stato di Catania,manoscritti,20
https://ameliamorsellino.github.io/biblioteche-fantasma/resource/library/IT-CS0040,IT-CS0040,Biblioteca dell'Archivio di Stato di Cosenza,manoscritti,5
https://ameliamorsellino.github.io/biblioteche-fantasma/resource/library/IT-FG0048,IT-FG0048,Biblioteca dell'Archivio di Stato di Foggia,manoscritti,8
https://ameliamorsellino.github.io/biblioteche-fantasma/resource/library/IT-FC0020,IT-FC0020,Biblioteca dell'Archivio di Stato di Forlì-Cesena. Sede di Forlì,manoscritti,4
https://ameliamorsellino.github.io/biblioteche-fantasma/resource/library/IT-GO0019,IT-GO0019,Biblioteca dell'Archivio di Stato di Gorizia,manoscritti,8
https://ameliamorsellino.github.io/biblioteche-fantasma/resource/library/IT-GR0016,IT-GR0016,Biblioteca dell'Archivio di Stato di Grosseto,manoscritti,5118
https://ameliamorsellino.github.io/biblioteche-fantasma/resource/library/IT-AQ0040,IT-AQ0040,Biblioteca dell'Archivio di Stato di L'Aquila,manoscritti,100
https://ameliamorsellino.github.io/biblioteche-fantasma/resource/library/IT-LT0019,IT-LT0019,Biblioteca dell'Archivio di Stato di Latina,manoscritti,2
https://ameliamorsellino.github.io/biblioteche-fantasma/resource/library/IT-LE0077,IT-LE0077,Biblioteca dell'Archivio di Stato di Lecce,manoscritti,10
https://ameliamorsellino.github.io/biblioteche-fantasma/resource/library/IT-LI0006,IT-LI0006,Biblioteca dell'Archivio di Stato di Livorno,manoscritti,16
https://ameliamorsellino.github.io/biblioteche-fantasma/resource/library/IT-LU0025,IT-LU0025,Biblioteca dell'Archivio di Stato di Lucca,manoscritti,370
https://ameliamorsellino.github.io/biblioteche-fantasma/resource/library/IT-MC0047,IT-MC0047,Biblioteca dell'Archivio di Stato di Macerata,manoscritti,14
https://ameliamorsellino.github.io/biblioteche-fantasma/resource/library/IT-MN0039,IT-MN0039,Biblioteca dell'Archivio di Stato di Mantova,manoscritti,65
https://ameliamorsellino.github.io/biblioteche-fantasma/resource/library/IT-MS0025,IT-MS0025,Biblioteca dell'Archivio di Stato di Massa,manoscritti,1
https://ameliamorsellino.github.io/biblioteche-fantasma/resource/library/IT-MT0027,IT-MT0027,Biblioteca dell'Archivio di Stato di Matera,manoscritti,
https://ameliamorsellino.github.io/biblioteche-fantasma/resource/library/IT-MI0325,IT-MI0325,Biblioteca dell'Archivio di Stato di Milano,manoscritti,5
https://ameliamorsellino.github.io/biblioteche-fantasma/resource/library/IT-MO0051,IT-MO0051,Biblioteca dell'Archivio di Stato di Modena,manoscritti,200
https://ameliamorsellino.github.io/biblioteche-fantasma/resource/library/IT-NO0109,IT-NO0109,Biblioteca dell'Archivio di Stato di Novara,manoscritti,1
https://ameliamorsellino.github.io/biblioteche-fantasma/resource/library/IT-PD0070,IT-PD0070,Biblioteca dell'Archivio di Stato di Padova,manoscritti,165
https://ameliamorsellino.github.io/biblioteche-fantasma/resource/library/IT-PA0083,IT-PA0083,Biblioteca dell'Archivio di Stato di Palermo,manoscritti,3
https://ameliamorsellino.github.io/biblioteche-fantasma/resource/library/IT-PG0103,IT-PG0103,Biblioteca dell'Archivio di Stato di Perugia,manoscritti,101
https://ameliamorsellino.github.io/biblioteche-fantasma/resource/library/IT-PI0040,IT-PI0040,Biblioteca dell'Archivio di Stato di Pisa,manoscritti,115
https://ameliamorsellino.github.io/biblioteche-fantasma/resource/library/IT-PZ0086,IT-PZ0086,Biblioteca dell'Archivio di Stato di Potenza,manoscritti,1
https://ameliamorsellino.github.io/biblioteche-fantasma/resource/library/IT-RI0122,IT-RI0122,Biblioteca dell'Archivio di Stato di Rieti,manoscritti,31
https://ameliamorsellino.github.io/biblioteche-fantasma/resource/library/IT-RM0459,IT-RM0459,Biblioteca dell'Archivio di Stato di Roma,manoscritti,697
https://ameliamorsellino.github.io/biblioteche-fantasma/resource/library/IT-SS0070,IT-SS0070,Biblioteca dell'Archivio di Stato di Sassari,manoscritti,6275
https://ameliamorsellino.github.io/biblioteche-fantasma/resource/library/IT-SI0060,IT-SI0060,Biblioteca dell'Archivio di Stato di Siena,manoscritti,514
https://ameliamorsellino.github.io/biblioteche-fantasma/resource/library/IT-SR0024,IT-SR0024,Biblioteca dell'Archivio di Stato di Siracusa,manoscritti,1
https://ameliamorsellino.github.io/biblioteche-fantasma/resource/library/IT-TA0027,IT-TA0027,Biblioteca dell'Archivio di Stato di Taranto,manoscritti,2
https://ameliamorsellino.github.io/biblioteche-fantasma/resource/library/IT-TR0034,IT-TR0034,Biblioteca dell'Archivio di Stato di Terni,manoscritti,1
https://ameliamorsellino.github.io/biblioteche-fantasma/resource/library/IT-TO0321,IT-TO0321,Biblioteca dell'Archivio di Stato di Torino,manoscritti,566
https://ameliamorsellino.github.io/biblioteche-fantasma/resource/library/IT-TS0019,IT-TS0019,Biblioteca dell'Archivio di Stato di Trieste,manoscritti,942
https://ameliamorsellino.github.io/biblioteche-fantasma/resource/library/IT-VA0118,IT-VA0118,Biblioteca dell'Archivio di Stato di Varese,manoscritti,2
https://ameliamorsellino.github.io/biblioteche-fantasma/resource/library/IT-LU0061,IT-LU0061,Biblioteca dell'Archivio e Centro  Documentario Storico Francesco Bergamini,manoscritti,10000
https://ameliamorsellino.github.io/biblioteche-fantasma/resource/library/IT-VE0111,IT-VE0111,Biblioteca dell'Archivio provinciale dei frati minori Cappuccini,manoscritti,200
https://ameliamorsellino.github.io/biblioteche-fantasma/resource/library/IT-BO0626,IT-BO0626,Biblioteca dell'Archivio storico CISL Bologna R. Bergamaschi,manoscritti,200
https://ameliamorsellino.github.io/biblioteche-fantasma/resource/library/IT-FE0164,IT-FE0164,Biblioteca dell'Archivio storico comunale,manoscritti,13
https://ameliamorsellino.github.io/biblioteche-fantasma/resource/library/IT-CT0327,IT-CT0327,Biblioteca dell'Archivio storico comunale di Catania,manoscritti,30
https://ameliamorsellino.github.io/biblioteche-fantasma/resource/library/IT-TO0768,IT-TO0768,Biblioteca dell'Archivio storico della Città di Torino,manoscritti,
https://ameliamorsellino.github.io/biblioteche-fantasma/resource/library/IT-NA0818,IT-NA0818,Biblioteca dell'Archivio storico della Provincia napoletana del SS. Cuore di Gesù,manoscritti,30
https://ameliamorsellino.github.io/biblioteche-fantasma/resource/library/IT-NA0227,IT-NA0227,Biblioteca dell'Archivio storico diocesano,manoscritti,200
https://ameliamorsellino.github.io/biblioteche-fantasma/resource/library/IT-RA0118,IT-RA0118,Biblioteca dell'Archivio storico diocesano,manoscritti,47
https://ameliamorsellino.github.io/biblioteche-fantasma/resource/library/IT-MI0524,IT-MI0524,Biblioteca dell'Archivio storico diocesano di Milano,manoscritti,266
https://ameliamorsellino.github.io/biblioteche-fantasma/resource/library/IT-AL0143,IT-AL0143,Biblioteca dell'Archivio vescovile,manoscritti,2
https://ameliamorsellino.github.io/biblioteche-fantasma/resource/library/IT-MN0129,IT-MN0129,Biblioteca dell'Associazione Ecologica Museo Oglio Chiese - Aemoc,manoscritti,
https://ameliamorsellino.github.io/biblioteche-fantasma/resource/library/IT-FE0138,IT-FE0138,Biblioteca dell'Associazione Ferrariae Decus,manoscritti,
https://ameliamorsellino.github.io/biblioteche-fantasma/resource/library/IT-BG0902,IT-BG0902,Biblioteca dell'Associazione Generale di Mutuo Soccorso. Bergamo,manoscritti,5
https://ameliamorsellino.github.io/biblioteche-fantasma/resource/library/IT-RA0150,IT-RA0150,Biblioteca dell'Associazione Istituto Friedrich Schürr,manoscritti,40
https://ameliamorsellino.github.io/biblioteche-fantasma/resource/library/IT-RA0069,IT-RA0069,Biblioteca dell'Associazione Istituto Storico della Resistenza e dell'Età Contemporanea In Ravenna e Provincia,manoscritti,4
https://ameliamorsellino.github.io/biblioteche-fantasma/resource/library/IT-FE0136,IT-FE0136,Biblioteca dell'Associazione Italia Nostra,manoscritti,
https://ameliamorsellino.github.io/biblioteche-fantasma/resource/library/IT-MI1976,IT-MI1976,Biblioteca dell'Associazione NoMus,manoscritti,3000
https://ameliamorsellino.github.io/biblioteche-fantasma/resource/library/IT-AT0093,IT-AT0093,Biblioteca dell'Associazione culturale Davide Lajolo,manoscritti,800
https://ameliamorsellino.github.io/biblioteche-fantasma/resource/library/IT-TO0342,IT-TO0342,"Biblioteca dell'Associazione industriali metallurgici, meccanici e affini - Archivio storico AMMA",manoscritti,
https://ameliamorsellino.github.io/biblioteche-fantasma/resource/library/IT-MI1211,IT-MI1211,Biblioteca dell'Associazione nazionale alpini - ANA,manoscritti,6
https://ameliamorsellino.github.io/biblioteche-fantasma/resource/library/IT-FE0137,IT-FE0137,Biblioteca dell'Associazione nazionale combattenti e reduci,manoscritti,2
https://ameliamorsellino.github.io/biblioteche-fantasma/resource/library/IT-VE0099,IT-VE0099,Biblioteca dell'Ateneo Veneto,manoscritti,100
https://ameliamorsellino.github.io/biblioteche-fantasma/resource/library/IT-BS0029,IT-BS0029,"Biblioteca dell'Ateneo di Brescia - Accademia di scienze, lettere ed arti",manoscritti,
https://ameliamorsellino.github.io/biblioteche-fantasma/resource/library/IT-BG0037,IT-BG0037,"Biblioteca dell'Ateneo di scienze, lettere ed arti",manoscritti,38
https://ameliamorsellino.github.io/biblioteche-fantasma/resource/library/IT-VT0043,IT-VT0043,Biblioteca dell'Ente Ottava Medievale,manoscritti,7
https://ameliamorsellino.github.io/biblioteche-fantasma/resource/library/IT-MI0315,IT-MI0315,Biblioteca dell'Ente Raccolta vinciana,manoscritti,4
https://ameliamorsellino.github.io/biblioteche-fantasma/resource/library/IT-RM1326,IT-RM1326,Biblioteca dell'Ente italiano di servizio sociale,manoscritti,
https://ameliamorsellino.github.io/biblioteche-fantasma/resource/library/IT-NA0474,IT-NA0474,Biblioteca dell'Ente nazionale sordomuti. Sezione di Napoli,manoscritti,
https://ameliamorsellino.github.io/biblioteche-fantasma/resource/library/IT-RM0865,IT-RM0865,Biblioteca dell'IBIMUS - Istituto di bibliografia musicale,manoscritti,1500
https://ameliamorsellino.github.io/biblioteche-fantasma/resource/library/IT-PA0122,IT-PA0122,Biblioteca dell'INAF - Osservatorio astronomico di Palermo,manoscritti,
https://ameliamorsellino.github.io/biblioteche-fantasma/resource/library/IT-PC0074,IT-PC0074,Biblioteca dell'ISREC - Istituto di storia contemporanea di Piacenza APS,manoscritti,10
https://ameliamorsellino.github.io/biblioteche-fantasma/resource/library/IT-TO1219,IT-TO1219,Biblioteca dell'Ispettoria Piemontese delle Figlie di Maria Ausiliatrice,manoscritti,
https://ameliamorsellino.github.io/biblioteche-fantasma/resource/library/IT-PA0052,IT-PA0052,Biblioteca dell'Istituto Andrea Reres,manoscritti,3
https://ameliamorsellino.github.io/biblioteche-fantasma/resource/library/IT-GE0656,IT-GE0656,Biblioteca dell'Istituto Assarotti per Sordomuti di Chiavari,manoscritti,50
https://ameliamorsellino.github.io/biblioteche-fantasma/resource/library/IT-GE0129,IT-GE0129,Biblioteca dell'Istituto Calasanzio,manoscritti,
https://ameliamorsellino.github.io/biblioteche-fantasma/resource/library/IT-AN0053,IT-AN0053,Biblioteca dell'Istituto Campana,manoscritti,155
https://ameliamorsellino.github.io/biblioteche-fantasma/resource/library/IT-BO0404,IT-BO0404,Biblioteca dell'Istituto Carlo Tincani per la ricerca scientifica e la diffusione della cultura,manoscritti,50
https://ameliamorsellino.github.io/biblioteche-fantasma/resource/library/IT-PI0120,IT-PI0120,Biblioteca dell'Istituto Domus Mazziniana,manoscritti,22000
https://ameliamorsellino.github.io/biblioteche-fantasma/resource/library/IT-TO0904,IT-TO0904,Biblioteca dell'Istituto Francesco Faà di Bruno,manoscritti,2
https://ameliamorsellino.github.io/biblioteche-fantasma/resource/library/IT-AN0178,IT-AN0178,Biblioteca dell'Istituto Gramsci Marche,manoscritti,1
https://ameliamorsellino.github.io/biblioteche-fantasma/resource/library/IT-SV0076,IT-SV0076,Biblioteca dell'Istituto Internazionale di Studi Liguri. Sezione Sabazia,manoscritti,50
https://ameliamorsellino.github.io/biblioteche-fantasma/resource/library/IT-BS0406,IT-BS0406,Biblioteca dell'Istituto Pasquali-Agazzi Centro Studi Pedagogici,manoscritti,45
https://ameliamorsellino.github.io/biblioteche-fantasma/resource/library/IT-CT0261,IT-CT0261,Biblioteca dell'Istituto S. Michele,manoscritti,
https://ameliamorsellino.github.io/biblioteche-fantasma/resource/library/IT-PR0036,IT-PR0036,Biblioteca dell'Istituto Statale D'Arte Paolo Toschi,manoscritti,1
https://ameliamorsellino.github.io/biblioteche-fantasma/resource/library/IT-TE0042,IT-TE0042,"Biblioteca dell'Istituto Statale Superiore di Studi Musicali e Coreutici ""Gaetano Braga""",manoscritti,
https://ameliamorsellino.github.io/biblioteche-fantasma/resource/library/IT-RM1438,IT-RM1438,Biblioteca dell'Istituto Statale per Sordi di Roma,manoscritti,10
https://ameliamorsellino.github.io/biblioteche-fantasma/resource/library/IT-FI0137,IT-FI0137,Biblioteca dell'Istituto Stensen,manoscritti,80
https://ameliamorsellino.github.io/biblioteche-fantasma/resource/library/IT-FI0136,IT-FI0136,Biblioteca dell'Istituto Storico Toscano della Resistenza e dell'età contemporanea,manoscritti,100
https://ameliamorsellino.github.io/biblioteche-fantasma/resource/library/IT-SI0261,IT-SI0261,Biblioteca dell'Istituto Storico della Resistenza Senese,manoscritti,30
https://ameliamorsellino.github.io/biblioteche-fantasma/resource/library/IT-VI0183,IT-VI0183,Biblioteca dell'Istituto Storico della Resistenza e dell'Età Contemporanea,manoscritti,300
https://ameliamorsellino.github.io/biblioteche-fantasma/resource/library/IT-TO1223,IT-TO1223,Biblioteca dell'Istituto Suore Francescane Missionarie di Susa,manoscritti,
https://ameliamorsellino.github.io/biblioteche-fantasma/resource/library/IT-RN0037,IT-RN0037,"Biblioteca dell'Istituto Superiore di Studi Musicali ""Giovanni Lettimi""",manoscritti,150
https://ameliamorsellino.github.io/biblioteche-fantasma/resource/library/IT-RM0426,IT-RM0426,Biblioteca dell'Istituto Superiore per la Protezione e la Ricerca Ambientale - ISPRA ,manoscritti,50
https://ameliamorsellino.github.io/biblioteche-fantasma/resource/library/IT-RM0690,IT-RM0690,Biblioteca dell'Istituto Svedese di Studi Classici a Roma,manoscritti,20
https://ameliamorsellino.github.io/biblioteche-fantasma/resource/library/IT-RM1304,IT-RM1304,Biblioteca dell'Istituto Teologico Don Orione,manoscritti,2
https://ameliamorsellino.github.io/biblioteche-fantasma/resource/library/IT-PC0051,IT-PC0051,Biblioteca dell'Istituto delle Orsoline di Maria Immacolata,manoscritti,
https://ameliamorsellino.github.io/biblioteche-fantasma/resource/library/IT-CR0238,IT-CR0238,Biblioteca dell'Istituto delle Suore Adoratrici del SS. Sacramento,manoscritti,
https://ameliamorsellino.github.io/biblioteche-fantasma/resource/library/IT-PO0017,IT-PO0017,Biblioteca dell'Istituto di Studi Storici Postali Aldo Cecchi odv,manoscritti,10
https://ameliamorsellino.github.io/biblioteche-fantasma/resource/library/IT-TO0385,IT-TO0385,Biblioteca dell'Istituto di diritto privato e dell'economia Luigi Abello della Facolta' di economia e commercio dell'Universita' degli studi di Torino,manoscritti,200
https://ameliamorsellino.github.io/biblioteche-fantasma/resource/library/IT-FE0056,IT-FE0056,Biblioteca dell'Istituto di storia contemporanea,manoscritti,
https://ameliamorsellino.github.io/biblioteche-fantasma/resource/library/IT-MI1244,IT-MI1244,Biblioteca dell'Istituto di storia del diritto medievale e moderno della Facoltà di giurisprudenza dell'Università degli studi di Milano,manoscritti,50
https://ameliamorsellino.github.io/biblioteche-fantasma/resource/library/IT-FC0141,IT-FC0141,Biblioteca dell'Istituto di storia della Resistenza e dell'Età contemporanea - Sede provinciale di Forlì,manoscritti,10000
https://ameliamorsellino.github.io/biblioteche-fantasma/resource/library/IT-RM0870,IT-RM0870,Biblioteca dell'Istituto di studi europei Alcide De Gasperi,manoscritti,
https://ameliamorsellino.github.io/biblioteche-fantasma/resource/library/IT-GE0438,IT-GE0438,Biblioteca dell'Istituto di studi sul capitalismo (ISC),manoscritti,40
https://ameliamorsellino.github.io/biblioteche-fantasma/resource/library/IT-VT0209,IT-VT0209,Biblioteca dell'Istituto diocesano Maestre Pie Filippini,manoscritti,2
https://ameliamorsellino.github.io/biblioteche-fantasma/resource/library/IT-FE0020,IT-FE0020,Biblioteca dell'Istituto diocesano di cultura Casa Cini,manoscritti,10
https://ameliamorsellino.github.io/biblioteche-fantasma/resource/library/IT-VE0154,IT-VE0154,Biblioteca dell'Istituto ellenico di studi bizantini e post-bizantini,manoscritti,4
https://ameliamorsellino.github.io/biblioteche-fantasma/resource/library/IT-AP0076,IT-AP0076,"Biblioteca dell'Istituto geografico polare ""Silvio Zavatti""",manoscritti,1000
https://ameliamorsellino.github.io/biblioteche-fantasma/resource/library/IT-TO0472,IT-TO0472,Biblioteca dell'Istituto internazionale don Bosco,manoscritti,13
https://ameliamorsellino.github.io/biblioteche-fantasma/resource/library/IT-RM0107,IT-RM0107,Biblioteca dell'Istituto italiano per la storia della musica,manoscritti,
https://ameliamorsellino.github.io/biblioteche-fantasma/resource/library/IT-MN0144,IT-MN0144,Biblioteca dell'Istituto mantovano di storia contemporanea,manoscritti,5
https://ameliamorsellino.github.io/biblioteche-fantasma/resource/library/IT-AN0131,IT-AN0131,Biblioteca dell'Istituto musicale G.B. Pergolesi,manoscritti,
https://ameliamorsellino.github.io/biblioteche-fantasma/resource/library/IT-PG0391,IT-PG0391,Biblioteca dell'Istituto musicale Girolamo Frescobaldi,manoscritti,200
https://ameliamorsellino.github.io/biblioteche-fantasma/resource/library/IT-RA0062,IT-RA0062,Biblioteca dell'Istituto musicale pareggiato Giuseppe e Luigi Malerbi,manoscritti,1350
https://ameliamorsellino.github.io/biblioteche-fantasma/resource/library/IT-LI0032,IT-LI0032,Biblioteca dell'Istituto musicale pareggiato Pietro Mascagni di Livorno,manoscritti,650
https://ameliamorsellino.github.io/biblioteche-fantasma/resource/library/IT-MI0305,IT-MI0305,Biblioteca dell'Istituto nazionale Ferruccio Parri,manoscritti,
https://ameliamorsellino.github.io/biblioteche-fantasma/resource/library/IT-CA0195,IT-CA0195,Biblioteca dell'Istituto nazionale di astrofisica - INAF Osservatorio astronomico di Cagliari,manoscritti,3
https://ameliamorsellino.github.io/biblioteche-fantasma/resource/library/IT-RM0369,IT-RM0369,Biblioteca dell'Istituto nazionale di statistica - ISTAT,manoscritti,10
https://ameliamorsellino.github.io/biblioteche-fantasma/resource/library/IT-RM0285,IT-RM0285,Biblioteca dell'Istituto nazionale di studi romani,manoscritti,
https://ameliamorsellino.github.io/biblioteche-fantasma/resource/library/IT-FI0027,IT-FI0027,Biblioteca dell'Istituto nazionale di studi sul Rinascimento,manoscritti,11
https://ameliamorsellino.github.io/biblioteche-fantasma/resource/library/IT-PR0091,IT-PR0091,Biblioteca dell'Istituto nazionale di studi verdiani,manoscritti,150
https://ameliamorsellino.github.io/biblioteche-fantasma/resource/library/IT-PV0321,IT-PV0321,Biblioteca dell'Istituto pavese per la storia della Resistenza e dell'Età contemporanea,manoscritti,
https://ameliamorsellino.github.io/biblioteche-fantasma/resource/library/IT-RM0131,IT-RM0131,Biblioteca dell'Istituto per l'oriente Carlo Alfonso Nallino,manoscritti,20
https://ameliamorsellino.github.io/biblioteche-fantasma/resource/library/IT-TN0152,IT-TN0152,Biblioteca dell'Istituto per la BioEconomia del CNR - già Biblioteca dell'Istituto per la Valorizzazione del Legno e delle Specie Arboree - IVALSA,manoscritti,2116
https://ameliamorsellino.github.io/biblioteche-fantasma/resource/library/IT-RM0135,IT-RM0135,Biblioteca dell'Istituto per la storia del Risorgimento italiano,manoscritti,1093
https://ameliamorsellino.github.io/biblioteche-fantasma/resource/library/IT-MI0301,IT-MI0301,Biblioteca dell'Istituto per la storia dell'arte lombarda - ISAL,manoscritti,72
https://ameliamorsellino.github.io/biblioteche-fantasma/resource/library/IT-MI0763,IT-MI0763,Biblioteca dell'Istituto permanente per lo studio e la diffusione del cinema d'animazione - ISCA,manoscritti,
https://ameliamorsellino.github.io/biblioteche-fantasma/resource/library/IT-TS0122,IT-TS0122,Biblioteca dell'Istituto regionale per la Storia della resistenza e dell'età contemporanea - IRSREC FVG,manoscritti,5
https://ameliamorsellino.github.io/biblioteche-fantasma/resource/library/IT-TP0053,IT-TP0053,Biblioteca dell'Istituto salesiano Don Bosco,manoscritti,
https://ameliamorsellino.github.io/biblioteche-fantasma/resource/library/IT-PA0247,IT-PA0247,Biblioteca dell'Istituto siciliano di studi bizantini e neoellenici,manoscritti,1000
https://ameliamorsellino.github.io/biblioteche-fantasma/resource/library/IT-BL0081,IT-BL0081,Biblioteca dell'Istituto storico bellunese della Resistenza e dell'età contemporanea,manoscritti,100
https://ameliamorsellino.github.io/biblioteche-fantasma/resource/library/IT-RM0148,IT-RM0148,Biblioteca dell'Istituto storico dei cappuccini,manoscritti,12
https://ameliamorsellino.github.io/biblioteche-fantasma/resource/library/IT-PR0204,IT-PR0204,Biblioteca dell'Istituto storico della Resistenza e dell'Età contemporanea,manoscritti,
https://ameliamorsellino.github.io/biblioteche-fantasma/resource/library/IT-SV0115,IT-SV0115,Biblioteca dell'Istituto storico della Resistenza e dell'Età contemporanea,manoscritti,9
https://ameliamorsellino.github.io/biblioteche-fantasma/resource/library/IT-IM0040,IT-IM0040,Biblioteca dell'Istituto storico della Resistenza e dell'età contemporanea,manoscritti,1010
https://ameliamorsellino.github.io/biblioteche-fantasma/resource/library/IT-PT0052,IT-PT0052,Biblioteca dell'Istituto storico della Resistenza e dell'età contemporanea in provincia di Pistoia,manoscritti,
https://ameliamorsellino.github.io/biblioteche-fantasma/resource/library/IT-RM1198,IT-RM1198,Biblioteca dell'Istituto storico domenicano,manoscritti,50
https://ameliamorsellino.github.io/biblioteche-fantasma/resource/library/IT-RM0689,IT-RM0689,Biblioteca dell'Istituto storico germanico,manoscritti,100
https://ameliamorsellino.github.io/biblioteche-fantasma/resource/library/IT-RM0151,IT-RM0151,Biblioteca dell'Istituto storico italiano per il medioevo,manoscritti,14
https://ameliamorsellino.github.io/biblioteche-fantasma/resource/library/IT-LU0069,IT-LU0069,Biblioteca dell'Istituto storico lucchese,manoscritti,
https://ameliamorsellino.github.io/biblioteche-fantasma/resource/library/IT-RM0153,IT-RM0153,Biblioteca dell'Istituto superiore di sanità,manoscritti,1
https://ameliamorsellino.github.io/biblioteche-fantasma/resource/library/IT-VT0102,IT-VT0102,Biblioteca dell'Istituto superiore di scienze religiose,manoscritti,30
https://ameliamorsellino.github.io/biblioteche-fantasma/resource/library/IT-MO0175,IT-MO0175,"Biblioteca dell'Istituto superiore di studi musicali ""O. Vecchi - A. Tonelli"". Sede di Modena",manoscritti,2000
https://ameliamorsellino.github.io/biblioteche-fantasma/resource/library/IT-NU0131,IT-NU0131,Biblioteca dell'Istituto superiore regionale etnografico,manoscritti,93
https://ameliamorsellino.github.io/biblioteche-fantasma/resource/library/IT-PI0293,IT-PI0293,Biblioteca dell'Istituzione dei Cavalieri di S. Stefano e Accademia di marina del Sovrano militare ordine dei Cavalieri di S. Stefano,manoscritti,
https://ameliamorsellino.github.io/biblioteche-fantasma/resource/library/IT-PA0252,IT-PA0252,Biblioteca dell'Officina di studi medievali,manoscritti,5
https://ameliamorsellino.github.io/biblioteche-fantasma/resource/library/IT-RM1418,IT-RM1418,Biblioteca dell'Opera Nazionale Montessori,manoscritti,5
https://ameliamorsellino.github.io/biblioteche-fantasma/resource/library/IT-PR0153,IT-PR0153,Biblioteca dell'Ordine Costantiniano di S. Giorgio,manoscritti,60
https://ameliamorsellino.github.io/biblioteche-fantasma/resource/library/IT-PC0025,IT-PC0025,Biblioteca dell'Ospedale civile Sala Colonne,manoscritti,2
https://ameliamorsellino.github.io/biblioteche-fantasma/resource/library/IT-MI0293,IT-MI0293,Biblioteca dell'Osservatorio astronomico di Brera,manoscritti,10
https://ameliamorsellino.github.io/biblioteche-fantasma/resource/library/IT-RA0076,IT-RA0076,Biblioteca dell'Osservatorio geofisico comunale Raffaele Bendandi,manoscritti,500
https://ameliamorsellino.github.io/biblioteche-fantasma/resource/library/IT-NA0017,IT-NA0017,Biblioteca dell'Osservatorio vesuviano,manoscritti,50
https://ameliamorsellino.github.io/biblioteche-fantasma/resource/library/IT-TN0249,IT-TN0249,"Biblioteca dell'UMST Soprintendenza per i Beni e le attività culturali. Ufficio beni archivistici, librari e Archivio provinciale",manoscritti,14
https://ameliamorsellino.github.io/biblioteche-fantasma/resource/library/IT-RM2023,IT-RM2023,Biblioteca dell'Ufficio Storico della Marina Militare,manoscritti,26
https://ameliamorsellino.github.io/biblioteche-fantasma/resource/library/IT-RM1883,IT-RM1883,Biblioteca dell'Università  e Nobil Collegio degli Orefici Argentieri e Gioiellieri dell'Alma città di Roma,manoscritti,3
https://ameliamorsellino.github.io/biblioteche-fantasma/resource/library/IT-PG0250,IT-PG0250,Biblioteca dell'Università per stranieri di Perugia,manoscritti,
https://ameliamorsellino.github.io/biblioteche-fantasma/resource/library/IT-SI0057,IT-SI0057,Biblioteca della Banca Monte dei Paschi,manoscritti,76
https://ameliamorsellino.github.io/biblioteche-fantasma/resource/library/IT-TO0340,IT-TO0340,Biblioteca della Basilica di Superga,manoscritti,
https://ameliamorsellino.github.io/biblioteche-fantasma/resource/library/IT-RM0175,IT-RM0175,Biblioteca della Camera Dei Deputati Nilde Iotti,manoscritti,216
https://ameliamorsellino.github.io/biblioteche-fantasma/resource/library/IT-BO0356,IT-BO0356,Biblioteca della Camera di Commercio Industria Artigianato e Agricoltura di Bologna,manoscritti,
https://ameliamorsellino.github.io/biblioteche-fantasma/resource/library/IT-CA0043,IT-CA0043,"Biblioteca della Camera di commercio, industria, artigianato e agricoltura - CCIAA",manoscritti,3
https://ameliamorsellino.github.io/biblioteche-fantasma/resource/library/IT-LU0026,IT-LU0026,"Biblioteca della Camera di commercio, industria, artigianato e agricoltura - CCIAA",manoscritti,
https://ameliamorsellino.github.io/biblioteche-fantasma/resource/library/IT-MS0004,IT-MS0004,"Biblioteca della Camera di commercio, industria, artigianato e agricoltura - CCIAA",manoscritti,19000
https://ameliamorsellino.github.io/biblioteche-fantasma/resource/library/IT-RA0098,IT-RA0098,Biblioteca della Casa Matha,manoscritti,
https://ameliamorsellino.github.io/biblioteche-fantasma/resource/library/IT-CT0155,IT-CT0155,Biblioteca della Casa Museo Giovanni Verga di Catania,manoscritti,
https://ameliamorsellino.github.io/biblioteche-fantasma/resource/library/IT-FI0011,IT-FI0011,Biblioteca della Casa del Boccaccio,manoscritti,9
https://ameliamorsellino.github.io/biblioteche-fantasma/resource/library/IT-CZ0129,IT-CZ0129,Biblioteca della Casa del libro antico,manoscritti,8
https://ameliamorsellino.github.io/biblioteche-fantasma/resource/library/IT-GE0200,IT-GE0200,Biblioteca della Casa della Missione,manoscritti,26
https://ameliamorsellino.github.io/biblioteche-fantasma/resource/library/IT-RM0178,IT-RM0178,Biblioteca della Casa di Dante,manoscritti,10
https://ameliamorsellino.github.io/biblioteche-fantasma/resource/library/IT-MI1342,IT-MI1342,Biblioteca della Casa di riposo per musicisti Fondazione Giuseppe Verdi,manoscritti,300
https://ameliamorsellino.github.io/biblioteche-fantasma/resource/library/IT-FC0119,IT-FC0119,"Biblioteca della Casa museo ""Marino Moretti""",manoscritti,40000
https://ameliamorsellino.github.io/biblioteche-fantasma/resource/library/IT-TR0036,IT-TR0036,Biblioteca della Cassa di risparmio di Terni e Narni,manoscritti,
https://ameliamorsellino.github.io/biblioteche-fantasma/resource/library/IT-SA0040,IT-SA0040,Biblioteca della Certosa di San Lorenzo,manoscritti,6
https://ameliamorsellino.github.io/biblioteche-fantasma/resource/library/IT-LI0064,IT-LI0064,Biblioteca della Comunità ebraica di Livorno,manoscritti,129
https://ameliamorsellino.github.io/biblioteche-fantasma/resource/library/IT-TS0135,IT-TS0135,Biblioteca della Comunità greco-orientale,manoscritti,35
https://ameliamorsellino.github.io/biblioteche-fantasma/resource/library/IT-SS0170,IT-SS0170,Biblioteca della Confraternita della Misericordia,manoscritti,70
https://ameliamorsellino.github.io/biblioteche-fantasma/resource/library/IT-VE0062,IT-VE0062,Biblioteca della Congregazione armena mechitarista,manoscritti,4500
https://ameliamorsellino.github.io/biblioteche-fantasma/resource/library/IT-RM0193,IT-RM0193,Biblioteca della Congregazione dei figli dell'Immacolata Concezione,manoscritti,
https://ameliamorsellino.github.io/biblioteche-fantasma/resource/library/IT-PG0144,IT-PG0144,Biblioteca della Congregazione dell'oratorio di S. Filippo Neri,manoscritti,1451
https://ameliamorsellino.github.io/biblioteche-fantasma/resource/library/IT-BO0251,IT-BO0251,Biblioteca della Cooperativa agricola Giuseppe Massarenti,manoscritti,
https://ameliamorsellino.github.io/biblioteche-fantasma/resource/library/IT-MI0276,IT-MI0276,Biblioteca della Corte di appello di Milano,manoscritti,50
https://ameliamorsellino.github.io/biblioteche-fantasma/resource/library/IT-TO0305,IT-TO0305,Biblioteca della Corte di appello di Torino,manoscritti,100
https://ameliamorsellino.github.io/biblioteche-fantasma/resource/library/IT-PA0557,IT-PA0557,Biblioteca della Cultura Siciliana,manoscritti,2
https://ameliamorsellino.github.io/biblioteche-fantasma/resource/library/IT-RM1310,IT-RM1310,Biblioteca della Curia generalizia del fatebenefratelli,manoscritti,100
https://ameliamorsellino.github.io/biblioteche-fantasma/resource/library/IT-TO0801,IT-TO0801,Biblioteca della Curia metropolitana della Diocesi di Torino,manoscritti,
https://ameliamorsellino.github.io/biblioteche-fantasma/resource/library/IT-FI0127,IT-FI0127,Biblioteca della Deputazione di storia patria per la Toscana,manoscritti,600
https://ameliamorsellino.github.io/biblioteche-fantasma/resource/library/IT-MO0092,IT-MO0092,Biblioteca della Deputazione di storia patria per le antiche provincie modenesi,manoscritti,100
https://ameliamorsellino.github.io/biblioteche-fantasma/resource/library/IT-TO0304,IT-TO0304,Biblioteca della Deputazione subalpina di storia patria,manoscritti,80
https://ameliamorsellino.github.io/biblioteche-fantasma/resource/library/IT-BO0344,IT-BO0344,Biblioteca della Facoltà teologica dell'Emilia Romagna,manoscritti,32
https://ameliamorsellino.github.io/biblioteche-fantasma/resource/library/IT-PA0257,IT-PA0257,Biblioteca della Facoltà teologica di Sicilia mons. Cataldo Naro,manoscritti,194
https://ameliamorsellino.github.io/biblioteche-fantasma/resource/library/IT-MI1196,IT-MI1196,Biblioteca della Fondazione Anna Kuliscioff ETS,manoscritti,
https://ameliamorsellino.github.io/biblioteche-fantasma/resource/library/IT-CS0201,IT-CS0201,Biblioteca della Fondazione Antonio Guarasci,manoscritti,
https://ameliamorsellino.github.io/biblioteche-fantasma/resource/library/IT-AR0109,IT-AR0109,Biblioteca della Fondazione Archivio diaristico nazionale,manoscritti,
https://ameliamorsellino.github.io/biblioteche-fantasma/resource/library/IT-RM1649,IT-RM1649,Biblioteca della Fondazione Baruchello,manoscritti,5
https://ameliamorsellino.github.io/biblioteche-fantasma/resource/library/IT-RM1516,IT-RM1516,Biblioteca della Fondazione Bettino Craxi - ETS,manoscritti,1
https://ameliamorsellino.github.io/biblioteche-fantasma/resource/library/IT-BR0054,IT-BR0054,Biblioteca della Fondazione Casa Museo Ribezzi Petrosillo - Latiano,manoscritti,1620
https://ameliamorsellino.github.io/biblioteche-fantasma/resource/library/IT-CN0161,IT-CN0161,Biblioteca della Fondazione Cassa di Risparmio di Cuneo,manoscritti,130
https://ameliamorsellino.github.io/biblioteche-fantasma/resource/library/IT-AT0003,IT-AT0003,Biblioteca della Fondazione Centro di Studi Alfieriani,manoscritti,3000
https://ameliamorsellino.github.io/biblioteche-fantasma/resource/library/IT-MI0555,IT-MI0555,Biblioteca della Fondazione Centro di documentazione ebraica contemporanea - CDEC,manoscritti,
https://ameliamorsellino.github.io/biblioteche-fantasma/resource/library/IT-BS0226,IT-BS0226,Biblioteca della Fondazione Civiltà Bresciana Ets,manoscritti,
https://ameliamorsellino.github.io/biblioteche-fantasma/resource/library/IT-MO0057,IT-MO0057,Biblioteca della Fondazione Collegio San Carlo,manoscritti,183
https://ameliamorsellino.github.io/biblioteche-fantasma/resource/library/IT-MI1101,IT-MI1101,Biblioteca della Fondazione Corrente,manoscritti,
https://ameliamorsellino.github.io/biblioteche-fantasma/resource/library/IT-VC0191,IT-VC0191,Biblioteca della Fondazione Danesino ETS,manoscritti,500
https://ameliamorsellino.github.io/biblioteche-fantasma/resource/library/IT-BG0276,IT-BG0276,Biblioteca della Fondazione Donizetti,manoscritti,200
https://ameliamorsellino.github.io/biblioteche-fantasma/resource/library/IT-BA0143,IT-BA0143,Biblioteca della Fondazione Ettore Pomarici Santomasi,manoscritti,10000
https://ameliamorsellino.github.io/biblioteche-fantasma/resource/library/IT-FI0322,IT-FI0322,Biblioteca della Fondazione Ezio Franceschini,manoscritti,2
https://ameliamorsellino.github.io/biblioteche-fantasma/resource/library/IT-RM0541,IT-RM0541,Biblioteca della Fondazione FS Italiane,manoscritti,1000
https://ameliamorsellino.github.io/biblioteche-fantasma/resource/library/IT-TN0169,IT-TN0169,Biblioteca della Fondazione Franco Demarchi,manoscritti,93
https://ameliamorsellino.github.io/biblioteche-fantasma/resource/library/IT-BA0020,IT-BA0020,Biblioteca della Fondazione Gaetano Ricchetti,manoscritti,1
https://ameliamorsellino.github.io/biblioteche-fantasma/resource/library/IT-MI0270,IT-MI0270,Biblioteca della Fondazione Giangiacomo Feltrinelli,manoscritti,1000000
https://ameliamorsellino.github.io/biblioteche-fantasma/resource/library/IT-PU0110,IT-PU0110,Biblioteca della Fondazione Gioacchino Rossini,manoscritti,132
https://ameliamorsellino.github.io/biblioteche-fantasma/resource/library/IT-VE0239,IT-VE0239,Biblioteca della Fondazione Giorgio Cini,manoscritti,29
https://ameliamorsellino.github.io/biblioteche-fantasma/resource/library/IT-VE0080,IT-VE0080,Biblioteca della Fondazione Giorgio Cini. Istituto Venezia e l'Oriente,manoscritti,112
https://ameliamorsellino.github.io/biblioteche-fantasma/resource/library/IT-VE0088,IT-VE0088,Biblioteca della Fondazione Giorgio Cini. Istituto di storia dell'arte,manoscritti,29
https://ameliamorsellino.github.io/biblioteche-fantasma/resource/library/IT-AG0099,IT-AG0099,Biblioteca della Fondazione Giovanni Guarino Amella,manoscritti,800
https://ameliamorsellino.github.io/biblioteche-fantasma/resource/library/IT-FI0400,IT-FI0400,Biblioteca della Fondazione Giovanni Michelucci,manoscritti,
https://ameliamorsellino.github.io/biblioteche-fantasma/resource/library/IT-RM1090,IT-RM1090,Biblioteca della Fondazione Giovanni Pierluigi da Palestrina,manoscritti,110
https://ameliamorsellino.github.io/biblioteche-fantasma/resource/library/IT-PA0258,IT-PA0258,Biblioteca della Fondazione Giuseppe Whitaker,manoscritti,10
https://ameliamorsellino.github.io/biblioteche-fantasma/resource/library/IT-BO0580,IT-BO0580,Biblioteca della Fondazione Guglielmo Marconi,manoscritti,50
https://ameliamorsellino.github.io/biblioteche-fantasma/resource/library/IT-FI0381,IT-FI0381,Biblioteca della Fondazione Herbert P. Horne,manoscritti,128
https://ameliamorsellino.github.io/biblioteche-fantasma/resource/library/IT-BS0310,IT-BS0310,Biblioteca della Fondazione Il Vittoriale degli Italiani,manoscritti,
https://ameliamorsellino.github.io/biblioteche-fantasma/resource/library/IT-RM1625,IT-RM1625,Biblioteca della Fondazione Internazionale Nova Spes,manoscritti,8000
https://ameliamorsellino.github.io/biblioteche-fantasma/resource/library/IT-RM0210,IT-RM0210,Biblioteca della Fondazione Lelio e Lisli Basso - Onlus,manoscritti,200
https://ameliamorsellino.github.io/biblioteche-fantasma/resource/library/IT-AG0093,IT-AG0093,Biblioteca della Fondazione Leonardo Sciascia,manoscritti,15000
https://ameliamorsellino.github.io/biblioteche-fantasma/resource/library/IT-PZ0256,IT-PZ0256,Biblioteca della Fondazione Leonardo Sinisgalli,manoscritti,500
https://ameliamorsellino.github.io/biblioteche-fantasma/resource/library/IT-TO0280,IT-TO0280,Biblioteca della Fondazione Luigi Einaudi,manoscritti,60
https://ameliamorsellino.github.io/biblioteche-fantasma/resource/library/IT-RM1241,IT-RM1241,"Biblioteca della Fondazione Luigi Einaudi ETS, per studi di politica, economia e storia",manoscritti,3150
https://ameliamorsellino.github.io/biblioteche-fantasma/resource/library/IT-TO0469,IT-TO0469,Biblioteca della Fondazione Luigi Firpo. Centro di Studi sul Pensiero Politico Onlus,manoscritti,30
https://ameliamorsellino.github.io/biblioteche-fantasma/resource/library/IT-GE0220,IT-GE0220,Biblioteca della Fondazione Mario Novaro,manoscritti,10000
https://ameliamorsellino.github.io/biblioteche-fantasma/resource/library/IT-FI0486,IT-FI0486,Biblioteca della Fondazione Montanelli Bassi,manoscritti,1000
https://ameliamorsellino.github.io/biblioteche-fantasma/resource/library/IT-FI0133,IT-FI0133,Biblioteca della Fondazione Osservatorio Ximeniano,manoscritti,
https://ameliamorsellino.github.io/biblioteche-fantasma/resource/library/IT-PG0350,IT-PG0350,Biblioteca della Fondazione Palazzo Albizzini - Collezione Burri,manoscritti,300
https://ameliamorsellino.github.io/biblioteche-fantasma/resource/library/IT-TA0057,IT-TA0057,Biblioteca della Fondazione Paolo Grassi,manoscritti,20
https://ameliamorsellino.github.io/biblioteche-fantasma/resource/library/IT-BL0134,IT-BL0134,Biblioteca della Fondazione Papa Luciani di Canale D'Agordo,manoscritti,20
https://ameliamorsellino.github.io/biblioteche-fantasma/resource/library/IT-RM1248,IT-RM1248,Biblioteca della Fondazione Pietro Nenni,manoscritti,
https://ameliamorsellino.github.io/biblioteche-fantasma/resource/library/IT-FI0256,IT-FI0256,Biblioteca della Fondazione Primo Conti,manoscritti,115000
https://ameliamorsellino.github.io/biblioteche-fantasma/resource/library/IT-RM0212,IT-RM0212,Biblioteca della Fondazione Primoli,manoscritti,15
https://ameliamorsellino.github.io/biblioteche-fantasma/resource/library/IT-VE0047,IT-VE0047,Biblioteca della Fondazione Querini Stampalia Onlus,manoscritti,1300
https://ameliamorsellino.github.io/biblioteche-fantasma/resource/library/IT-TA0129,IT-TA0129,Biblioteca della Fondazione Rocco Spani Onlus,manoscritti,30
https://ameliamorsellino.github.io/biblioteche-fantasma/resource/library/IT-LT0122,IT-LT0122,Biblioteca della Fondazione Roffredo Caetani,manoscritti,1000
https://ameliamorsellino.github.io/biblioteche-fantasma/resource/library/IT-LU0122,IT-LU0122,Biblioteca della Fondazione Silvestro Marcucci ONLUS,manoscritti,5000
https://ameliamorsellino.github.io/biblioteche-fantasma/resource/library/IT-FI0568,IT-FI0568,Biblioteca della Fondazione Spadolini Nuova Antologia ETS,manoscritti,3
https://ameliamorsellino.github.io/biblioteche-fantasma/resource/library/IT-FE0179,IT-FE0179,Biblioteca della Fondazione Teatro Comunale,manoscritti,2
https://ameliamorsellino.github.io/biblioteche-fantasma/resource/library/IT-RM1189,IT-RM1189,Biblioteca della Fondazione Ugo Spirito e Renzo De Felice,manoscritti,
https://ameliamorsellino.github.io/biblioteche-fantasma/resource/library/IT-BS0092,IT-BS0092,Biblioteca della Fondazione Ugo da Como,manoscritti,500
https://ameliamorsellino.github.io/biblioteche-fantasma/resource/library/IT-VE0203,IT-VE0203,Biblioteca della Fondazione Ugo e Olga Levi,manoscritti,871
https://ameliamorsellino.github.io/biblioteche-fantasma/resource/library/IT-CT0156,IT-CT0156,Biblioteca della Fondazione Verga di Catania,manoscritti,200
https://ameliamorsellino.github.io/biblioteche-fantasma/resource/library/IT-PA0025,IT-PA0025,Biblioteca della Fondazione culturale Mandralisca,manoscritti,
https://ameliamorsellino.github.io/biblioteche-fantasma/resource/library/IT-MI0959,IT-MI0959,Biblioteca della Fondazione del Collegio della Guastalla,manoscritti,
https://ameliamorsellino.github.io/biblioteche-fantasma/resource/library/IT-FI0119,IT-FI0119,Biblioteca della Fondazione di studi di storia dell'arte Roberto Longhi,manoscritti,
https://ameliamorsellino.github.io/biblioteche-fantasma/resource/library/IT-PG0080,IT-PG0080,Biblioteca della Fondazione per l’Istruzione Agraria in Perugia,manoscritti,60
https://ameliamorsellino.github.io/biblioteche-fantasma/resource/library/IT-FI0447,IT-FI0447,Biblioteca della Fondazione scienza e tecnica,manoscritti,6
https://ameliamorsellino.github.io/biblioteche-fantasma/resource/library/IT-PU0174,IT-PU0174,Biblioteca della Galleria Nazionale delle Marche,manoscritti,1
https://ameliamorsellino.github.io/biblioteche-fantasma/resource/library/IT-PC0140,IT-PC0140,Biblioteca della Galleria d'arte moderna Ricci Oddi ,manoscritti,1000
https://ameliamorsellino.github.io/biblioteche-fantasma/resource/library/IT-SR0037,IT-SR0037,Biblioteca della Galleria regionale di Palazzo Bellomo,manoscritti,8
https://ameliamorsellino.github.io/biblioteche-fantasma/resource/library/IT-RA0091,IT-RA0091,Biblioteca della Lega provinciale cooperative e mutue,manoscritti,
https://ameliamorsellino.github.io/biblioteche-fantasma/resource/library/IT-TN0179,IT-TN0179,Biblioteca della Montagna - SAT,manoscritti,2
https://ameliamorsellino.github.io/biblioteche-fantasma/resource/library/IT-BG0042,IT-BG0042,Biblioteca della Montagna del Club Alpino Italiano,manoscritti,
https://ameliamorsellino.github.io/biblioteche-fantasma/resource/library/IT-BO0638,IT-BO0638,Biblioteca della Nuova Scuola di musica Vassura Baroncini,manoscritti,2
https://ameliamorsellino.github.io/biblioteche-fantasma/resource/library/IT-CS0831,IT-CS0831,Biblioteca della Parrocchia San Nicola di Bari,manoscritti,30
https://ameliamorsellino.github.io/biblioteche-fantasma/resource/library/IT-MN0125,IT-MN0125,Biblioteca della Parrocchia dell'Immacolata Concezione,manoscritti,179
https://ameliamorsellino.github.io/biblioteche-fantasma/resource/library/IT-MI1170,IT-MI1170,Biblioteca della Parrocchia di S. Babila,manoscritti,
https://ameliamorsellino.github.io/biblioteche-fantasma/resource/library/IT-BS0359,IT-BS0359,Biblioteca della Parrocchia di S. Salvatore,manoscritti,
https://ameliamorsellino.github.io/biblioteche-fantasma/resource/library/IT-VR0177,IT-VR0177,Biblioteca della Pia società Istituto don Nicola Mazza don Antonio Spagnolo,manoscritti,15000
https://ameliamorsellino.github.io/biblioteche-fantasma/resource/library/IT-SI0149,IT-SI0149,Biblioteca della Pinacoteca Nazionale di Siena,manoscritti,10
https://ameliamorsellino.github.io/biblioteche-fantasma/resource/library/IT-NA0261,IT-NA0261,Biblioteca della Pontificia Facoltà Teologica dell'Italia Meridionale. Sezione S. Luigi,manoscritti,45
https://ameliamorsellino.github.io/biblioteche-fantasma/resource/library/IT-RM0223,IT-RM0223,Biblioteca della Pontificia Facoltà teologica Marianum,manoscritti,2000
https://ameliamorsellino.github.io/biblioteche-fantasma/resource/library/IT-CA0032,IT-CA0032,Biblioteca della Pontificia Facoltà teologica della Sardegna,manoscritti,3
https://ameliamorsellino.github.io/biblioteche-fantasma/resource/library/IT-RM0692,IT-RM0692,Biblioteca della Pontificia Università Antonianum,manoscritti,150
https://ameliamorsellino.github.io/biblioteche-fantasma/resource/library/IT-RM0668,IT-RM0668,Biblioteca della Pontificia Università Gregoriana,manoscritti,10
https://ameliamorsellino.github.io/biblioteche-fantasma/resource/library/IT-NA0236,IT-NA0236,Biblioteca della Pontificia facoltà dell'Italia Meridionale Sezione S. Tommaso,manoscritti,625
https://ameliamorsellino.github.io/biblioteche-fantasma/resource/library/IT-CE0099,IT-CE0099,Biblioteca della Prefettura di Caserta,manoscritti,
https://ameliamorsellino.github.io/biblioteche-fantasma/resource/library/IT-TN0153,IT-TN0153,Biblioteca della Provincia,manoscritti,46
https://ameliamorsellino.github.io/biblioteche-fantasma/resource/library/IT-BA0017,IT-BA0017,Biblioteca della Provincia delle Puglie dei Frati minori cappuccini,manoscritti,45
https://ameliamorsellino.github.io/biblioteche-fantasma/resource/library/IT-AG0078,IT-AG0078,Biblioteca della Provincia regionale di Agrigento Gaspare Ambrosini,manoscritti,6998
https://ameliamorsellino.github.io/biblioteche-fantasma/resource/library/IT-TO0611,IT-TO0611,"Biblioteca della Regione Piemonte ""Umberto Eco""",manoscritti,2
https://ameliamorsellino.github.io/biblioteche-fantasma/resource/library/IT-UD0195,IT-UD0195,Biblioteca della Resistenza,manoscritti,
https://ameliamorsellino.github.io/biblioteche-fantasma/resource/library/IT-CN0259,IT-CN0259,Biblioteca della Resistenza e della Comunità di Bastia,manoscritti,1
https://ameliamorsellino.github.io/biblioteche-fantasma/resource/library/IT-FC0067,IT-FC0067,Biblioteca della Rubiconia Accademia dei Filopatridi,manoscritti,400
https://ameliamorsellino.github.io/biblioteche-fantasma/resource/library/IT-UD0420,IT-UD0420,Biblioteca della Scrittura,manoscritti,1000
https://ameliamorsellino.github.io/biblioteche-fantasma/resource/library/IT-PI0266,IT-PI0266,Biblioteca della Scuola Normale Superiore,manoscritti,
https://ameliamorsellino.github.io/biblioteche-fantasma/resource/library/IT-VC0144,IT-VC0144,Biblioteca della Scuola comunale di musica F.A. Vallotti,manoscritti,2000
https://ameliamorsellino.github.io/biblioteche-fantasma/resource/library/IT-RA0120,IT-RA0120,Biblioteca della Scuola comunale di musica Giuseppe Sarti,manoscritti,
https://ameliamorsellino.github.io/biblioteche-fantasma/resource/library/IT-GE0066,IT-GE0066,"Biblioteca della Scuola di scienze matematiche, fisiche e naturali. Sede di Biologia, Scienze delle terra e del mare",manoscritti,
https://ameliamorsellino.github.io/biblioteche-fantasma/resource/library/IT-GE0073,IT-GE0073,Biblioteca della Scuola di scienze sociali. Sezione DIEC. Storia economica e finanza pubblica. Università degli studi di Genova,manoscritti,
https://ameliamorsellino.github.io/biblioteche-fantasma/resource/library/IT-MI0811,IT-MI0811,Biblioteca della Scuola musicale di Milano,manoscritti,
https://ameliamorsellino.github.io/biblioteche-fantasma/resource/library/IT-RM1140,IT-RM1140,Biblioteca della Scuola popolare di musica di Testaccio,manoscritti,348
https://ameliamorsellino.github.io/biblioteche-fantasma/resource/library/IT-TO0618,IT-TO0618,Biblioteca della Societa' piemontese di archeologia e belle arti - SPABA,manoscritti,
https://ameliamorsellino.github.io/biblioteche-fantasma/resource/library/IT-GE0011,IT-GE0011,Biblioteca della Società Economica di Chiavari,manoscritti,1095
https://ameliamorsellino.github.io/biblioteche-fantasma/resource/library/IT-UD0108,IT-UD0108,Biblioteca della Società Filologica Friulana,manoscritti,950
https://ameliamorsellino.github.io/biblioteche-fantasma/resource/library/IT-RM0238,IT-RM0238,Biblioteca della Società Geografica Italiana,manoscritti,39
https://ameliamorsellino.github.io/biblioteche-fantasma/resource/library/IT-FI0324,IT-FI0324,Biblioteca della Società Internazionale per lo Studio del Medioevo Latino (Sismel),manoscritti,3
https://ameliamorsellino.github.io/biblioteche-fantasma/resource/library/IT-MI0255,IT-MI0255,Biblioteca della Società Storica Lombarda,manoscritti,46
https://ameliamorsellino.github.io/biblioteche-fantasma/resource/library/IT-FI0398,IT-FI0398,Biblioteca della Società botanica italiana,manoscritti,2
https://ameliamorsellino.github.io/biblioteche-fantasma/resource/library/IT-FI0115,IT-FI0115,Biblioteca della Società dantesca italiana,manoscritti,10
https://ameliamorsellino.github.io/biblioteche-fantasma/resource/library/IT-BT0004,IT-BT0004,"Biblioteca della Società di Storia Patria per la Puglia - Sezione ""Mons. Salvatore Santeramo"" di Barletta",manoscritti,2
https://ameliamorsellino.github.io/biblioteche-fantasma/resource/library/IT-BA0022,IT-BA0022,Biblioteca della Società di storia patria per la Puglia,manoscritti,
https://ameliamorsellino.github.io/biblioteche-fantasma/resource/library/IT-CT0057,IT-CT0057,Biblioteca della Società di storia patria per la Sicilia orientale,manoscritti,300
https://ameliamorsellino.github.io/biblioteche-fantasma/resource/library/IT-RM0234,IT-RM0234,Biblioteca della Società di studi fiumani,manoscritti,5
https://ameliamorsellino.github.io/biblioteche-fantasma/resource/library/IT-VA0153,IT-VA0153,Biblioteca della Società gallaratese per gli studi patri,manoscritti,9
https://ameliamorsellino.github.io/biblioteche-fantasma/resource/library/IT-MI0260,IT-MI0260,Biblioteca della Società incoraggiamento d'arti e mestieri - SIAM,manoscritti,1
https://ameliamorsellino.github.io/biblioteche-fantasma/resource/library/IT-TS0067,IT-TS0067,Biblioteca della Società istriana di archeologia e storia patria,manoscritti,
https://ameliamorsellino.github.io/biblioteche-fantasma/resource/library/IT-GE0050,IT-GE0050,Biblioteca della Società ligure di storia patria,manoscritti,350
https://ameliamorsellino.github.io/biblioteche-fantasma/resource/library/IT-ME0048,IT-ME0048,Biblioteca della Società messinese di storia patria,manoscritti,2
https://ameliamorsellino.github.io/biblioteche-fantasma/resource/library/IT-MI1078,IT-MI1078,Biblioteca della Società numismatica italiana,manoscritti,320
https://ameliamorsellino.github.io/biblioteche-fantasma/resource/library/IT-PT0020,IT-PT0020,Biblioteca della Società pistoiese di storia patria,manoscritti,
https://ameliamorsellino.github.io/biblioteche-fantasma/resource/library/IT-RE0090,IT-RE0090,Biblioteca della Società reggiana di studi storici,manoscritti,
https://ameliamorsellino.github.io/biblioteche-fantasma/resource/library/IT-SV0040,IT-SV0040,Biblioteca della Società savonese di storia patria,manoscritti,500
https://ameliamorsellino.github.io/biblioteche-fantasma/resource/library/IT-PA0100,IT-PA0100,Biblioteca della Società siciliana per la storia patria,manoscritti,
https://ameliamorsellino.github.io/biblioteche-fantasma/resource/library/IT-MI0254,IT-MI0254,Biblioteca della Società umanitaria,manoscritti,
https://ameliamorsellino.github.io/biblioteche-fantasma/resource/library/IT-TO0817,IT-TO0817,"Biblioteca della Soprintendenza Archeologia, Belle Arti e Paesaggio per la Città Metropolitana di Torino. Spa – Architettonica",manoscritti,
https://ameliamorsellino.github.io/biblioteche-fantasma/resource/library/IT-AQ0049,IT-AQ0049,"Biblioteca della Soprintendenza Archeologia, Belle Arti e paesaggio per le province di L’Aquila e Teramo",manoscritti,29
https://ameliamorsellino.github.io/biblioteche-fantasma/resource/library/IT-TO0816,IT-TO0816,"Biblioteca della Soprintendenza Archeologia, belle arti e paesaggio per la città metropolitana di Torino",manoscritti,
https://ameliamorsellino.github.io/biblioteche-fantasma/resource/library/IT-PI0360,IT-PI0360,"Biblioteca della Soprintendenza Archeologia, belle arti e paesaggio per le province di Pisa e Livorno",manoscritti,9
https://ameliamorsellino.github.io/biblioteche-fantasma/resource/library/IT-PA0164,IT-PA0164,Biblioteca della Soprintendenza Archivistica della Sicilia,manoscritti,
https://ameliamorsellino.github.io/biblioteche-fantasma/resource/library/IT-PE0020,IT-PE0020,Biblioteca della Soprintendenza Archivistica e bibliografica dell'Abruzzo e del Molise. Sede di Pescara,manoscritti,1
https://ameliamorsellino.github.io/biblioteche-fantasma/resource/library/IT-MI0195,IT-MI0195,Biblioteca della Soprintendenza Archivistica e bibliografica della Lombardia,manoscritti,1
https://ameliamorsellino.github.io/biblioteche-fantasma/resource/library/IT-CA0031,IT-CA0031,Biblioteca della Soprintendenza archivistica della Sardegna,manoscritti,1
https://ameliamorsellino.github.io/biblioteche-fantasma/resource/library/IT-GE0049,IT-GE0049,Biblioteca della Soprintendenza archivistica e bibliografica della Liguria,manoscritti,3
https://ameliamorsellino.github.io/biblioteche-fantasma/resource/library/IT-AG0001,IT-AG0001,Biblioteca della Soprintendenza per i beni culturali e ambientali Pirro Marconi,manoscritti,
https://ameliamorsellino.github.io/biblioteche-fantasma/resource/library/IT-TN0017,IT-TN0017,Biblioteca della Valle di Ledro,manoscritti,26
https://ameliamorsellino.github.io/biblioteche-fantasma/resource/library/IT-PV0012,IT-PV0012,Biblioteca della collegiata S. Pietro Apostolo,manoscritti,77
https://ameliamorsellino.github.io/biblioteche-fantasma/resource/library/IT-TS0296,IT-TS0296,Biblioteca della comunità religiosa Serbo Ortodossa,manoscritti,1
https://ameliamorsellino.github.io/biblioteche-fantasma/resource/library/IT-BO0282,IT-BO0282,Biblioteca della salute mentale e delle scienze umane. Servizio bibliotecario integrato Gian Franco Minguzzi - Carlo Gentili,manoscritti,
https://ameliamorsellino.github.io/biblioteche-fantasma/resource/library/IT-BO0455,IT-BO0455,Biblioteca delle Arti - Sezione di Musica e Spettacolo - Alma Mater Studiorum - Università di Bologna,manoscritti,
https://ameliamorsellino.github.io/biblioteche-fantasma/resource/library/IT-GE0191,IT-GE0191,Biblioteca delle Arti Antonio Morassi,manoscritti,3
https://ameliamorsellino.github.io/biblioteche-fantasma/resource/library/IT-FI0957,IT-FI0957,Biblioteca delle Benedettine di Santa Marta,manoscritti,40
https://ameliamorsellino.github.io/biblioteche-fantasma/resource/library/IT-MI0339,IT-MI0339,Biblioteca delle Civiche raccolte storiche,manoscritti,
https://ameliamorsellino.github.io/biblioteche-fantasma/resource/library/IT-AQ0176,IT-AQ0176,Biblioteca delle Donne - Associazione Donatella Tellini ETS,manoscritti,110
https://ameliamorsellino.github.io/biblioteche-fantasma/resource/library/IT-RM1683,IT-RM1683,Biblioteca delle Figlie di Maria SS. dell'Orto,manoscritti,13
https://ameliamorsellino.github.io/biblioteche-fantasma/resource/library/IT-BL0220,IT-BL0220,Biblioteca dell’Archivio Storico del Comune di Belluno,manoscritti,50
https://ameliamorsellino.github.io/biblioteche-fantasma/resource/library/IT-BO0420,IT-BO0420,Biblioteca dell’Archivio storico - Alma Mater Studiorum - Università di Bologna,manoscritti,
https://ameliamorsellino.github.io/biblioteche-fantasma/resource/library/IT-BR0098,IT-BR0098,"Biblioteca dell’Associazione Giuseppe Di Vittorio ""Maria Luisa Portulano""- Mesagne",manoscritti,5
https://ameliamorsellino.github.io/biblioteche-fantasma/resource/library/IT-BA0186,IT-BA0186,Biblioteca dell’Ateneo (Biblioteca centrale del Polo Umanistico e di Comunità - Università degli studi di Bari Aldo Moro),manoscritti,
https://ameliamorsellino.github.io/biblioteche-fantasma/resource/library/IT-RM1898,IT-RM1898,Biblioteca del Pontificio Collegio Maronita,manoscritti,20
https://ameliamorsellino.github.io/biblioteche-fantasma/resource/library/IT-BA0313,IT-BA0313,"Biblioteca di Anglistica. UO Biblioteca di Lingue e Letterature straniere, Scienze dello spettacolo (Università degli studi di Bari Aldo Moro)",manoscritti,
https://ameliamorsellino.github.io/biblioteche-fantasma/resource/library/IT-SA0100,IT-SA0100,Biblioteca di Archeologia e Storia dell'Arte dei Musei Provinciali del Salernitano,manoscritti,3
https://ameliamorsellino.github.io/biblioteche-fantasma/resource/library/IT-GE0190,IT-GE0190,Biblioteca di Architettura Armando Dillon,manoscritti,5
https://ameliamorsellino.github.io/biblioteche-fantasma/resource/library/IT-NA0274,IT-NA0274,Biblioteca di Area Agraria dell'Università degli Studi di Napoli Federico II,manoscritti,5
https://ameliamorsellino.github.io/biblioteche-fantasma/resource/library/IT-FG0126,IT-FG0126,Biblioteca di Area Giuridica dell'Università di Foggia,manoscritti,
https://ameliamorsellino.github.io/biblioteche-fantasma/resource/library/IT-RM1889,IT-RM1889,Biblioteca di Ateneo Ferdinando Catapano dell'Università degli studi Niccolò Cusano,manoscritti,454
https://ameliamorsellino.github.io/biblioteche-fantasma/resource/library/IT-MI0291,IT-MI0291,Biblioteca di Ateneo dell'Università cattolica del Sacro Cuore,manoscritti,1680
https://ameliamorsellino.github.io/biblioteche-fantasma/resource/library/IT-TE0003,IT-TE0003,Biblioteca di Atri,manoscritti,5
https://ameliamorsellino.github.io/biblioteche-fantasma/resource/library/IT-BA0300,IT-BA0300,"Biblioteca di Bioetica. UO Biblioteca di Scienze della formazione, psicologia, comunicazione (Università degli Studi di Bari Aldo Moro)",manoscritti,127
https://ameliamorsellino.github.io/biblioteche-fantasma/resource/library/IT-PR0007,IT-PR0007,Biblioteca di Busseto della Fondazione Cariparma ,manoscritti,500
https://ameliamorsellino.github.io/biblioteche-fantasma/resource/library/IT-VA0034,IT-VA0034,Biblioteca di Cairate,manoscritti,27
https://ameliamorsellino.github.io/biblioteche-fantasma/resource/library/IT-BO0283,IT-BO0283,Biblioteca di Casa Carducci,manoscritti,303470
https://ameliamorsellino.github.io/biblioteche-fantasma/resource/library/IT-LE0157,IT-LE0157,Biblioteca di Comunità,manoscritti,7
https://ameliamorsellino.github.io/biblioteche-fantasma/resource/library/IT-FG0037,IT-FG0037,"Biblioteca di Comunità ""Nicola Zingarelli""",manoscritti,2
https://ameliamorsellino.github.io/biblioteche-fantasma/resource/library/IT-BA0336,IT-BA0336,Biblioteca di Filologia romanza e Linguistica. UO Biblioteca di Lettere (Università degli studi di Bari Aldo Moro),manoscritti,
https://ameliamorsellino.github.io/biblioteche-fantasma/resource/library/IT-RM0989,IT-RM0989,Biblioteca di Filosofia - Sapienza Università di Roma,manoscritti,
https://ameliamorsellino.github.io/biblioteche-fantasma/resource/library/IT-TO0635,IT-TO0635,Biblioteca di Fisica dell'Università degli Studi di Torino,manoscritti,
https://ameliamorsellino.github.io/biblioteche-fantasma/resource/library/IT-FG0046,IT-FG0046,Biblioteca di Foggia La Magna Capitana ,manoscritti,414
https://ameliamorsellino.github.io/biblioteche-fantasma/resource/library/IT-BA0311,IT-BA0311,"Biblioteca di Francese. UO Biblioteca di Lingue e Letterature straniere, Scienze dello spettacolo (Università degli studi di Bari Aldo Moro)",manoscritti,
https://ameliamorsellino.github.io/biblioteche-fantasma/resource/library/IT-FI0470,IT-FI0470,Biblioteca di Italia Nostra-Centro di Documentazione sul Paesaggio 'Manlio Marchetta',manoscritti,1000
https://ameliamorsellino.github.io/biblioteche-fantasma/resource/library/IT-SS0209,IT-SS0209,Biblioteca di Lettere e Lingue dell'Università degli studi di Sassari,manoscritti,12
https://ameliamorsellino.github.io/biblioteche-fantasma/resource/library/IT-BA0287,IT-BA0287,"Biblioteca di Lingue e tradizioni culturali europee. UO Biblioteca di Lingue e Letterature straniere, Scienze dello Spettacolo (Università degli studi di Bari Aldo Moro)",manoscritti,
https://ameliamorsellino.github.io/biblioteche-fantasma/resource/library/IT-BA0212,IT-BA0212,"Biblioteca di Linguistica, Letteratura e Filologia moderna. UO Biblioteca di Scienze della formazione, psicologia, comunicazione (Università degli Studi di Bari Aldo Moro)",manoscritti,
https://ameliamorsellino.github.io/biblioteche-fantasma/resource/library/IT-BO0453,IT-BO0453,"Biblioteca di Matematica, Fisica e Informatica. Sezione di Matematica",manoscritti,5
https://ameliamorsellino.github.io/biblioteche-fantasma/resource/library/IT-ME0403,IT-ME0403,Biblioteca di Musica della Filarmonica Laudamo Ente Morale Onlus,manoscritti,100
https://ameliamorsellino.github.io/biblioteche-fantasma/resource/library/IT-BA0301,IT-BA0301,"Biblioteca di Psicologia. UO Biblioteca di Scienze della formazione, psicologia, comunicazione (Università degli Studi di Bari Aldo Moro)",manoscritti,93
https://ameliamorsellino.github.io/biblioteche-fantasma/resource/library/IT-BO0334,IT-BO0334,Biblioteca di S. Francesco,manoscritti,277
https://ameliamorsellino.github.io/biblioteche-fantasma/resource/library/IT-FI0109,IT-FI0109,Biblioteca di Santa Croce,manoscritti,21
https://ameliamorsellino.github.io/biblioteche-fantasma/resource/library/IT-FI0175,IT-FI0175,Biblioteca di Scandicci,manoscritti,2
https://ameliamorsellino.github.io/biblioteche-fantasma/resource/library/IT-MI1256,IT-MI1256,Biblioteca di Scienze dell'antichità e filologia moderna,manoscritti,7
https://ameliamorsellino.github.io/biblioteche-fantasma/resource/library/IT-BA0286,IT-BA0286,Biblioteca di Scienze filosofiche. UO Biblioteca di Storia e Filosofia (Università degli studi di Bari Aldo Moro),manoscritti,
https://ameliamorsellino.github.io/biblioteche-fantasma/resource/library/IT-BA0302,IT-BA0302,"Biblioteca di Scienze pedagogiche e didattiche. UO Biblioteca di Scienze della formazione, psicologia, comunicazione (Università degli Studi di Bari Aldo Moro)",manoscritti,
https://ameliamorsellino.github.io/biblioteche-fantasma/resource/library/IT-BA0211,IT-BA0211,"Biblioteca di Scienze storiche e geografiche. UO Biblioteca di Scienze della formazione, psicologia, comunicazione (Università degli Studi di Bari Aldo Moro)",manoscritti,120
https://ameliamorsellino.github.io/biblioteche-fantasma/resource/library/IT-BA0288,IT-BA0288,Biblioteca di Scienze storiche. UO Biblioteca di Storia e Filosofia (Università degli studi di Bari Aldo Moro),manoscritti,
https://ameliamorsellino.github.io/biblioteche-fantasma/resource/library/IT-BO0442,IT-BO0442,Biblioteca di Storia Culture Civiltà. Sezione di Scienze del Moderno. Alma Mater Studiorum – Università di Bologna,manoscritti,401
https://ameliamorsellino.github.io/biblioteche-fantasma/resource/library/IT-RA0030,IT-RA0030,Biblioteca di Storia contemporanea Alfredo Oriani,manoscritti,10004
https://ameliamorsellino.github.io/biblioteche-fantasma/resource/library/IT-BA0332,IT-BA0332,Biblioteca di Storia dell'Arte. UO Biblioteca di Lettere (Università degli studi di Bari Aldo Moro),manoscritti,
https://ameliamorsellino.github.io/biblioteche-fantasma/resource/library/IT-TO0277,IT-TO0277,Biblioteca di Storia e Cultura del Piemonte G. Grosso - Città Metropolitana di Torino,manoscritti,150
https://ameliamorsellino.github.io/biblioteche-fantasma/resource/library/IT-VE0364,IT-VE0364,Biblioteca di Studi Adriatici [Bsa] / Archivio di Studi Adriatici [Asa] Ismar CNR,manoscritti,
https://ameliamorsellino.github.io/biblioteche-fantasma/resource/library/IT-CA0010,IT-CA0010,Biblioteca di Studi Sardi (presso la MEM),manoscritti,108
https://ameliamorsellino.github.io/biblioteche-fantasma/resource/library/IT-FI0951,IT-FI0951,Biblioteca di Villa La Quiete,manoscritti,50
https://ameliamorsellino.github.io/biblioteche-fantasma/resource/library/IT-AQ0026,IT-AQ0026,Biblioteca di abruzzesistica,manoscritti,
https://ameliamorsellino.github.io/biblioteche-fantasma/resource/library/IT-RM0117,IT-RM0117,Biblioteca di archeologia e storia dell'arte - BiASA,manoscritti,64626
https://ameliamorsellino.github.io/biblioteche-fantasma/resource/library/IT-SI0104,IT-SI0104,Biblioteca di area Giuridico Politologica dell'Università di Siena,manoscritti,100
https://ameliamorsellino.github.io/biblioteche-fantasma/resource/library/IT-SI0128,IT-SI0128,Biblioteca di area Medico Farmaco Biologica - Sede di farmacia - dell'Università di Siena,manoscritti,500
https://ameliamorsellino.github.io/biblioteche-fantasma/resource/library/IT-SI0111,IT-SI0111,Biblioteca di area Medico Farmaco Biologica - sede Le Scotte - dell'Università di Siena,manoscritti,
https://ameliamorsellino.github.io/biblioteche-fantasma/resource/library/IT-CL0040,IT-CL0040,Biblioteca di cultura generale e di studi ambientali,manoscritti,120
https://ameliamorsellino.github.io/biblioteche-fantasma/resource/library/IT-BZ0133,IT-BZ0133,Biblioteca di cultura teatrale - Fachbibliothek für Theaterkultur,manoscritti,
https://ameliamorsellino.github.io/biblioteche-fantasma/resource/library/IT-NA0660,IT-NA0660,"Biblioteca di economia, statistica e scienze sociali - Paolo Conca",manoscritti,2500
https://ameliamorsellino.github.io/biblioteche-fantasma/resource/library/IT-RC0105,IT-RC0105,Biblioteca di interesse locale Rhegium Julii,manoscritti,5
https://ameliamorsellino.github.io/biblioteche-fantasma/resource/library/IT-FI0224,IT-FI0224,Biblioteca di scienze - Antropologia - Università degli studi di Firenze,manoscritti,
https://ameliamorsellino.github.io/biblioteche-fantasma/resource/library/IT-FI0225,IT-FI0225,Biblioteca di scienze - Botanica - Università degli studi di Firenze,manoscritti,
https://ameliamorsellino.github.io/biblioteche-fantasma/resource/library/IT-FI0228,IT-FI0228,Biblioteca di scienze - Matematica - Università degli studi di Firenze,manoscritti,52
https://ameliamorsellino.github.io/biblioteche-fantasma/resource/library/IT-MI0669,IT-MI0669,Biblioteca di scienze politiche Enrica Collotti Pischel dell'Università degli studi di Milano,manoscritti,1
https://ameliamorsellino.github.io/biblioteche-fantasma/resource/library/IT-FI0233,IT-FI0233,Biblioteca di scienze tecnologiche - Agraria - Università degli studi di Firenze,manoscritti,15
https://ameliamorsellino.github.io/biblioteche-fantasma/resource/library/IT-PD0328,IT-PD0328,Biblioteca di storia dell'Università degli studi di Padova,manoscritti,
https://ameliamorsellino.github.io/biblioteche-fantasma/resource/library/IT-PV0302,IT-PV0302,Biblioteca di storia militare del Museo storico,manoscritti,10000
https://ameliamorsellino.github.io/biblioteche-fantasma/resource/library/IT-RM0255,IT-RM0255,Biblioteca di storia moderna e contemporanea,manoscritti,18529
https://ameliamorsellino.github.io/biblioteche-fantasma/resource/library/IT-AO0001,IT-AO0001,Biblioteca diocesana,manoscritti,300
https://ameliamorsellino.github.io/biblioteche-fantasma/resource/library/IT-AV0004,IT-AV0004,Biblioteca diocesana,manoscritti,18
https://ameliamorsellino.github.io/biblioteche-fantasma/resource/library/IT-BR0029,IT-BR0029,Biblioteca diocesana,manoscritti,10
https://ameliamorsellino.github.io/biblioteche-fantasma/resource/library/IT-CH0140,IT-CH0140,Biblioteca diocesana,manoscritti,13
https://ameliamorsellino.github.io/biblioteche-fantasma/resource/library/IT-CS0130,IT-CS0130,Biblioteca diocesana,manoscritti,10
https://ameliamorsellino.github.io/biblioteche-fantasma/resource/library/IT-KR0023,IT-KR0023,Biblioteca diocesana,manoscritti,500
https://ameliamorsellino.github.io/biblioteche-fantasma/resource/library/IT-LE0142,IT-LE0142,Biblioteca diocesana,manoscritti,1
https://ameliamorsellino.github.io/biblioteche-fantasma/resource/library/IT-LI0034,IT-LI0034,Biblioteca diocesana,manoscritti,4
https://ameliamorsellino.github.io/biblioteche-fantasma/resource/library/IT-LT0016,IT-LT0016,Biblioteca diocesana,manoscritti,300
https://ameliamorsellino.github.io/biblioteche-fantasma/resource/library/IT-MO0013,IT-MO0013,Biblioteca diocesana,manoscritti,30
https://ameliamorsellino.github.io/biblioteche-fantasma/resource/library/IT-MT0059,IT-MT0059,Biblioteca diocesana,manoscritti,500
https://ameliamorsellino.github.io/biblioteche-fantasma/resource/library/IT-NU0009,IT-NU0009,Biblioteca diocesana,manoscritti,10
https://ameliamorsellino.github.io/biblioteche-fantasma/resource/library/IT-PO0030,IT-PO0030,Biblioteca diocesana,manoscritti,7368
https://ameliamorsellino.github.io/biblioteche-fantasma/resource/library/IT-PV0189,IT-PV0189,Biblioteca diocesana,manoscritti,500
https://ameliamorsellino.github.io/biblioteche-fantasma/resource/library/IT-RI0120,IT-RI0120,Biblioteca diocesana,manoscritti,2000
https://ameliamorsellino.github.io/biblioteche-fantasma/resource/library/IT-SS0272,IT-SS0272,Biblioteca diocesana,manoscritti,3
https://ameliamorsellino.github.io/biblioteche-fantasma/resource/library/IT-TE0040,IT-TE0040,Biblioteca diocesana,manoscritti,
https://ameliamorsellino.github.io/biblioteche-fantasma/resource/library/IT-VE0309,IT-VE0309,Biblioteca diocesana,manoscritti,15
https://ameliamorsellino.github.io/biblioteche-fantasma/resource/library/IT-VT0125,IT-VT0125,Biblioteca diocesana,manoscritti,150
https://ameliamorsellino.github.io/biblioteche-fantasma/resource/library/IT-SV0226,IT-SV0226,"Biblioteca diocesana ""Mons. Alessandro Piazza""",manoscritti,49
https://ameliamorsellino.github.io/biblioteche-fantasma/resource/library/IT-MS0027,IT-MS0027,Biblioteca diocesana - sede di Massa,manoscritti,2
https://ameliamorsellino.github.io/biblioteche-fantasma/resource/library/IT-KR0024,IT-KR0024,Biblioteca diocesana - sezione di Crotone,manoscritti,400
https://ameliamorsellino.github.io/biblioteche-fantasma/resource/library/IT-LE0131,IT-LE0131,Biblioteca diocesana A. Sanfelice,manoscritti,71
https://ameliamorsellino.github.io/biblioteche-fantasma/resource/library/IT-VC0072,IT-VC0072,Biblioteca diocesana Agnesiana,manoscritti,128
https://ameliamorsellino.github.io/biblioteche-fantasma/resource/library/IT-AN0009,IT-AN0009,Biblioteca diocesana Ancona,manoscritti,10
https://ameliamorsellino.github.io/biblioteche-fantasma/resource/library/IT-CB0111,IT-CB0111,Biblioteca diocesana B. D'Agostino,manoscritti,
https://ameliamorsellino.github.io/biblioteche-fantasma/resource/library/IT-TR0059,IT-TR0059,Biblioteca diocesana Beata Lucia Broccadelli - sede centrale di Narni,manoscritti,30
https://ameliamorsellino.github.io/biblioteche-fantasma/resource/library/IT-FG0047,IT-FG0047,Biblioteca diocesana Foggia - Bovino,manoscritti,2
https://ameliamorsellino.github.io/biblioteche-fantasma/resource/library/IT-PG0199,IT-PG0199,Biblioteca diocesana Fonti,manoscritti,230
https://ameliamorsellino.github.io/biblioteche-fantasma/resource/library/IT-TP0031,IT-TP0031,Biblioteca diocesana Giovanni Biagio Amico,manoscritti,10
https://ameliamorsellino.github.io/biblioteche-fantasma/resource/library/IT-CB0067,IT-CB0067,Biblioteca diocesana Giulia,manoscritti,3
https://ameliamorsellino.github.io/biblioteche-fantasma/resource/library/IT-TO0163,IT-TO0163,Biblioteca diocesana Giulio Bonatto,manoscritti,45
https://ameliamorsellino.github.io/biblioteche-fantasma/resource/library/IT-CE0045,IT-CE0045,Biblioteca diocesana Leone XIII,manoscritti,12
https://ameliamorsellino.github.io/biblioteche-fantasma/resource/library/IT-AN0089,IT-AN0089,Biblioteca diocesana Mastai Ferretti,manoscritti,5
https://ameliamorsellino.github.io/biblioteche-fantasma/resource/library/IT-VV0028,IT-VV0028,Biblioteca diocesana Mileto Nicotera Tropea sezione di Tropea,manoscritti,
https://ameliamorsellino.github.io/biblioteche-fantasma/resource/library/IT-AN0045,IT-AN0045,Biblioteca diocesana Pier Matteo Petrucci,manoscritti,20
https://ameliamorsellino.github.io/biblioteche-fantasma/resource/library/IT-PG0060,IT-PG0060,Biblioteca diocesana Piervissani,manoscritti,200
https://ameliamorsellino.github.io/biblioteche-fantasma/resource/library/IT-BA0070,IT-BA0070,Biblioteca diocesana Pio IX - sezione di Barletta,manoscritti,4
https://ameliamorsellino.github.io/biblioteche-fantasma/resource/library/IT-NA0267,IT-NA0267,Biblioteca diocesana S. Paolino,manoscritti,50
https://ameliamorsellino.github.io/biblioteche-fantasma/resource/library/IT-RM1669,IT-RM1669,Biblioteca diocesana San Bonaventura,manoscritti,1380
https://ameliamorsellino.github.io/biblioteche-fantasma/resource/library/IT-RA0037,IT-RA0037,Biblioteca diocesana San Pier Crisologo,manoscritti,50
https://ameliamorsellino.github.io/biblioteche-fantasma/resource/library/IT-FR0104,IT-FR0104,Biblioteca diocesana cardinal Cesare Baronio,manoscritti,4
https://ameliamorsellino.github.io/biblioteche-fantasma/resource/library/IT-AL0101,IT-AL0101,Biblioteca diocesana del Seminario di Tortona,manoscritti,10
https://ameliamorsellino.github.io/biblioteche-fantasma/resource/library/IT-VR0061,IT-VR0061,Biblioteca diocesana del Seminario maggiore,manoscritti,1
https://ameliamorsellino.github.io/biblioteche-fantasma/resource/library/IT-AL0004,IT-AL0004,Biblioteca diocesana del Seminario vescovile,manoscritti,41
https://ameliamorsellino.github.io/biblioteche-fantasma/resource/library/IT-BI0027,IT-BI0027,Biblioteca diocesana del Seminario vescovile,manoscritti,40
https://ameliamorsellino.github.io/biblioteche-fantasma/resource/library/IT-AR0011,IT-AR0011,Biblioteca diocesana del Seminario vescovile di Arezzo,manoscritti,8
https://ameliamorsellino.github.io/biblioteche-fantasma/resource/library/IT-CN0001,IT-CN0001,Biblioteca diocesana di Alba,manoscritti,2
https://ameliamorsellino.github.io/biblioteche-fantasma/resource/library/IT-BA0129,IT-BA0129,Biblioteca diocesana di Altamura - Gravina - Acquaviva delle Fonti,manoscritti,2
https://ameliamorsellino.github.io/biblioteche-fantasma/resource/library/IT-AP0121,IT-AP0121,Biblioteca diocesana di Ascoli Piceno,manoscritti,30
https://ameliamorsellino.github.io/biblioteche-fantasma/resource/library/IT-CZ0016,IT-CZ0016,"Biblioteca diocesana di Catanzaro-Squillace - sezione di Catanzaro ""Antonio Lombardi""",manoscritti,10
https://ameliamorsellino.github.io/biblioteche-fantasma/resource/library/IT-CN0036,IT-CN0036,Biblioteca diocesana di Cuneo-Fossano,manoscritti,10
https://ameliamorsellino.github.io/biblioteche-fantasma/resource/library/IT-MC0159,IT-MC0159,Biblioteca diocesana di Macerata,manoscritti,15
https://ameliamorsellino.github.io/biblioteche-fantasma/resource/library/IT-VV0012,IT-VV0012,Biblioteca diocesana di Mileto,manoscritti,2
https://ameliamorsellino.github.io/biblioteche-fantasma/resource/library/IT-CH0069,IT-CH0069,Biblioteca diocesana di Ortona,manoscritti,66
https://ameliamorsellino.github.io/biblioteche-fantasma/resource/library/IT-RM1668,IT-RM1668,Biblioteca diocesana di Palestrina,manoscritti,6
https://ameliamorsellino.github.io/biblioteche-fantasma/resource/library/IT-NA0189,IT-NA0189,Biblioteca diocesana di Pozzuoli,manoscritti,13
https://ameliamorsellino.github.io/biblioteche-fantasma/resource/library/IT-AP0033,IT-AP0033,Biblioteca diocesana di Ripatransone,manoscritti,100
https://ameliamorsellino.github.io/biblioteche-fantasma/resource/library/IT-TO0234,IT-TO0234,Biblioteca diocesana di Susa,manoscritti,50
https://ameliamorsellino.github.io/biblioteche-fantasma/resource/library/IT-MT0069,IT-MT0069,Biblioteca diocesana di Tricarico,manoscritti,10
https://ameliamorsellino.github.io/biblioteche-fantasma/resource/library/IT-PR0011,IT-PR0011,Biblioteca diocesana mons. Alessandro Garimberti,manoscritti,100
https://ameliamorsellino.github.io/biblioteche-fantasma/resource/library/IT-BA0079,IT-BA0079,Biblioteca diocesana sezione di Bitonto,manoscritti,
https://ameliamorsellino.github.io/biblioteche-fantasma/resource/library/IT-NA0198,IT-NA0198,Biblioteca diocesana sorrentino stabiese,manoscritti,20
https://ameliamorsellino.github.io/biblioteche-fantasma/resource/library/IT-RM0695,IT-RM0695,Biblioteca don Bosco,manoscritti,300
https://ameliamorsellino.github.io/biblioteche-fantasma/resource/library/IT-PZ0163,IT-PZ0163,Biblioteca don Giuseppe Libutti,manoscritti,
https://ameliamorsellino.github.io/biblioteche-fantasma/resource/library/IT-MI0281,IT-MI0281,Biblioteca e Archivio - civica Raccolta delle Stampe Achille Bertarelli,manoscritti,15
https://ameliamorsellino.github.io/biblioteche-fantasma/resource/library/IT-PC0033,IT-PC0033,Biblioteca e Archivio capitolare del Duomo,manoscritti,
https://ameliamorsellino.github.io/biblioteche-fantasma/resource/library/IT-FI0106,IT-FI0106,Biblioteca e Archivio del Risorgimento,manoscritti,3000
https://ameliamorsellino.github.io/biblioteche-fantasma/resource/library/IT-MI0306,IT-MI0306,Biblioteca e Archivio dell'Istituto lombardo Accademia di scienze e lettere,manoscritti,200
https://ameliamorsellino.github.io/biblioteche-fantasma/resource/library/IT-MI0191,IT-MI0191,Biblioteca e Archivio della Veneranda Fabbrica del Duomo di Milano,manoscritti,41
https://ameliamorsellino.github.io/biblioteche-fantasma/resource/library/IT-MN0150,IT-MN0150,Biblioteca e Archivio don Primo Mazzolari,manoscritti,29100
https://ameliamorsellino.github.io/biblioteche-fantasma/resource/library/IT-RM1316,IT-RM1316,Biblioteca e Archivio musicale dell'Accademia nazionale di S. Cecilia,manoscritti,7444
https://ameliamorsellino.github.io/biblioteche-fantasma/resource/library/IT-FC0071,IT-FC0071,"Biblioteca e Archivio storico ""Walter Toni""",manoscritti,50
https://ameliamorsellino.github.io/biblioteche-fantasma/resource/library/IT-LI0068,IT-LI0068,"Biblioteca e Archivio storico comunale ""Ivan Tognarini""",manoscritti,20
https://ameliamorsellino.github.io/biblioteche-fantasma/resource/library/IT-BO0357,IT-BO0357,"Biblioteca e Archivio storico di ""Casa Lyda Borelli""",manoscritti,25000
https://ameliamorsellino.github.io/biblioteche-fantasma/resource/library/IT-TO1230,IT-TO1230,Biblioteca e Centro di Documentazione Maurice GLBTQ,manoscritti,6550
https://ameliamorsellino.github.io/biblioteche-fantasma/resource/library/IT-NA0075,IT-NA0075,Biblioteca e Complesso monumentale dei Girolamini,manoscritti,1254
https://ameliamorsellino.github.io/biblioteche-fantasma/resource/library/IT-FC0078,IT-FC0078,Biblioteca e Fonoteca dell'Istituto musicale Arcangelo Corelli,manoscritti,900
https://ameliamorsellino.github.io/biblioteche-fantasma/resource/library/IT-SI0217,IT-SI0217,Biblioteca e Fototeca Giuliano Briganti,manoscritti,1
https://ameliamorsellino.github.io/biblioteche-fantasma/resource/library/IT-PU0061,IT-PU0061,Biblioteca e Musei Oliveriani,manoscritti,150000
https://ameliamorsellino.github.io/biblioteche-fantasma/resource/library/IT-ME0379,IT-ME0379,Biblioteca e archivio parrocchiale “S. Luca evangelista”,manoscritti,3
https://ameliamorsellino.github.io/biblioteche-fantasma/resource/library/IT-BL0078,IT-BL0078,Biblioteca e archivio storico arcidiaconale di Agordo,manoscritti,
https://ameliamorsellino.github.io/biblioteche-fantasma/resource/library/IT-RM1633,IT-RM1633,Biblioteca ecclesiastica diocesana padre Alberto Guglielmotti,manoscritti,100
https://ameliamorsellino.github.io/biblioteche-fantasma/resource/library/IT-PA0176,IT-PA0176,"Biblioteca eparchiale (diocesana) ""Giorgio Guzzetta""",manoscritti,15
https://ameliamorsellino.github.io/biblioteche-fantasma/resource/library/IT-CS0037,IT-CS0037,Biblioteca forense,manoscritti,
https://ameliamorsellino.github.io/biblioteche-fantasma/resource/library/IT-NA0259,IT-NA0259,Biblioteca fra Landolfo Caracciolo,manoscritti,101
https://ameliamorsellino.github.io/biblioteche-fantasma/resource/library/IT-UD0104,IT-UD0104,Biblioteca fra' Paolo Sarpi,manoscritti,50
https://ameliamorsellino.github.io/biblioteche-fantasma/resource/library/IT-MI0508,IT-MI0508,Biblioteca francescana,manoscritti,500
https://ameliamorsellino.github.io/biblioteche-fantasma/resource/library/IT-BN0052,IT-BN0052,Biblioteca francescana Le Grazie,manoscritti,7
https://ameliamorsellino.github.io/biblioteche-fantasma/resource/library/IT-BN0035,IT-BN0035,Biblioteca francescana dei Cappuccini,manoscritti,10
https://ameliamorsellino.github.io/biblioteche-fantasma/resource/library/IT-SA0005,IT-SA0005,Biblioteca francescana del Convento SS. Trinità,manoscritti,25
https://ameliamorsellino.github.io/biblioteche-fantasma/resource/library/IT-SS0215,IT-SS0215,Biblioteca francescana del Convento Santa Maria di Betlem dei Frati minori conventuali,manoscritti,100
https://ameliamorsellino.github.io/biblioteche-fantasma/resource/library/IT-NA0164,IT-NA0164,Biblioteca francescana di S. Angelo del Palco,manoscritti,9
https://ameliamorsellino.github.io/biblioteche-fantasma/resource/library/IT-FG0088,IT-FG0088,Biblioteca francescana provinciale P. Antonio Fania,manoscritti,10
https://ameliamorsellino.github.io/biblioteche-fantasma/resource/library/IT-MI0183,IT-MI0183,Biblioteca francescano-cappuccina provinciale,manoscritti,1600
https://ameliamorsellino.github.io/biblioteche-fantasma/resource/library/IT-PR0226,IT-PR0226,Biblioteca gastronomica Academia Barilla,manoscritti,10
https://ameliamorsellino.github.io/biblioteche-fantasma/resource/library/IT-RM2064,IT-RM2064,Biblioteca generale dell'Ordine dei Minimi,manoscritti,150
https://ameliamorsellino.github.io/biblioteche-fantasma/resource/library/IT-TN0028,IT-TN0028,Biblioteca intercomunale di Caldonazzo - Calceranica al Lago - Tenna,manoscritti,1
https://ameliamorsellino.github.io/biblioteche-fantasma/resource/library/IT-TN0066,IT-TN0066,Biblioteca intercomunale di Lavis,manoscritti,5
https://ameliamorsellino.github.io/biblioteche-fantasma/resource/library/IT-TN0098,IT-TN0098,Biblioteca intercomunale di Roncegno Terme,manoscritti,6
https://ameliamorsellino.github.io/biblioteche-fantasma/resource/library/IT-RM0934,IT-RM0934,Biblioteca interdipartimentale di Medicina sperimentale e medicina molecolare. Sede Storia della medicina - Sapienza Università di Roma,manoscritti,
https://ameliamorsellino.github.io/biblioteche-fantasma/resource/library/IT-RM0984,IT-RM0984,Biblioteca interdipartimentale di Scienze giuridiche. Sede Diritto italiano - Sapienza Università di Roma,manoscritti,8
https://ameliamorsellino.github.io/biblioteche-fantasma/resource/library/IT-LE0214,IT-LE0214,Biblioteca interfacoltà dell'Università degli studi di Lecce,manoscritti,9700
https://ameliamorsellino.github.io/biblioteche-fantasma/resource/library/IT-BS0331,IT-BS0331,Biblioteca interna del Museo della Guerra Bianca in Adamello,manoscritti,5
https://ameliamorsellino.github.io/biblioteche-fantasma/resource/library/IT-VI0154,IT-VI0154,Biblioteca internazionale La Vigna,manoscritti,7
https://ameliamorsellino.github.io/biblioteche-fantasma/resource/library/IT-TO0527,IT-TO0527,Biblioteca internazionale di architettura,manoscritti,100
https://ameliamorsellino.github.io/biblioteche-fantasma/resource/library/IT-RA0007,IT-RA0007,Biblioteca libertaria Armando Borghi,manoscritti,200
https://ameliamorsellino.github.io/biblioteche-fantasma/resource/library/IT-RM1674,IT-RM1674,Biblioteca madre Rita Mancini,manoscritti,10
https://ameliamorsellino.github.io/biblioteche-fantasma/resource/library/IT-BA0101,IT-BA0101,Biblioteca mariana Regina Martyrum,manoscritti,5
https://ameliamorsellino.github.io/biblioteche-fantasma/resource/library/IT-SV0021,IT-SV0021,Biblioteca mediateca finalese,manoscritti,344
https://ameliamorsellino.github.io/biblioteche-fantasma/resource/library/IT-SO0065,IT-SO0065,Biblioteca medica dell'Ospedale Eugenio Morelli,manoscritti,1000
https://ameliamorsellino.github.io/biblioteche-fantasma/resource/library/IT-NA0080,IT-NA0080,Biblioteca militare del Presidio di Napoli,manoscritti,9
https://ameliamorsellino.github.io/biblioteche-fantasma/resource/library/IT-PA0168,IT-PA0168,Biblioteca militare di Presidio,manoscritti,1
https://ameliamorsellino.github.io/biblioteche-fantasma/resource/library/IT-MT0064,IT-MT0064,Biblioteca monastica,manoscritti,20
https://ameliamorsellino.github.io/biblioteche-fantasma/resource/library/IT-SS0015,IT-SS0015,Biblioteca monastica San Pietro di Sorres,manoscritti,3
https://ameliamorsellino.github.io/biblioteche-fantasma/resource/library/IT-PR0073,IT-PR0073,Biblioteca monastica dei padri Benedettini di S. Giovanni Evangelista,manoscritti,35
https://ameliamorsellino.github.io/biblioteche-fantasma/resource/library/IT-SV0054,IT-SV0054,Biblioteca monastica dell'Abbazia S. Maria,manoscritti,
https://ameliamorsellino.github.io/biblioteche-fantasma/resource/library/IT-RM1666,IT-RM1666,Biblioteca monastica dell'Abbazia territoriale di Santa Maria di Grottaferrata,manoscritti,300
https://ameliamorsellino.github.io/biblioteche-fantasma/resource/library/IT-BG0030,IT-BG0030,Biblioteca mons. G. M. Radini Tedeschi,manoscritti,35
https://ameliamorsellino.github.io/biblioteche-fantasma/resource/library/IT-LE0273,IT-LE0273,Biblioteca mons. Vito Tonti,manoscritti,220
https://ameliamorsellino.github.io/biblioteche-fantasma/resource/library/IT-RG0021,IT-RG0021,Biblioteca monsignor Francesco Pennisi,manoscritti,5
https://ameliamorsellino.github.io/biblioteche-fantasma/resource/library/IT-MO0012,IT-MO0012,Biblioteca multimediale Arturo Loria,manoscritti,895
https://ameliamorsellino.github.io/biblioteche-fantasma/resource/library/IT-BG0044,IT-BG0044,Biblioteca musicale Gaetano Donizetti,manoscritti,2700
https://ameliamorsellino.github.io/biblioteche-fantasma/resource/library/IT-CH0151,IT-CH0151,Biblioteca musicale abruzzese,manoscritti,146
https://ameliamorsellino.github.io/biblioteche-fantasma/resource/library/IT-GO0109,IT-GO0109,"Biblioteca musicale e musicologica ""Rodolfo Lipizer""",manoscritti,441
https://ameliamorsellino.github.io/biblioteche-fantasma/resource/library/IT-CS0228,IT-CS0228,Biblioteca naturalistica calabrese,manoscritti,50
https://ameliamorsellino.github.io/biblioteche-fantasma/resource/library/IT-MI0185,IT-MI0185,Biblioteca nazionale Braidense,manoscritti,2123
https://ameliamorsellino.github.io/biblioteche-fantasma/resource/library/IT-VE0049,IT-VE0049,Biblioteca nazionale Marciana,manoscritti,13122
https://ameliamorsellino.github.io/biblioteche-fantasma/resource/library/IT-NA0079,IT-NA0079,Biblioteca nazionale Vittorio Emanuele III,manoscritti,176025
https://ameliamorsellino.github.io/biblioteche-fantasma/resource/library/IT-FI0098,IT-FI0098,Biblioteca nazionale centrale,manoscritti,792923
https://ameliamorsellino.github.io/biblioteche-fantasma/resource/library/IT-RM0267,IT-RM0267,Biblioteca nazionale centrale,manoscritti,174700
https://ameliamorsellino.github.io/biblioteche-fantasma/resource/library/IT-TO0266,IT-TO0266,Biblioteca nazionale del Club alpino italiano - CAI,manoscritti,326
https://ameliamorsellino.github.io/biblioteche-fantasma/resource/library/IT-PZ0133,IT-PZ0133,Biblioteca nazionale di Potenza,manoscritti,686
https://ameliamorsellino.github.io/biblioteche-fantasma/resource/library/IT-TO0774,IT-TO0774,Biblioteca orientale Oscar Botto,manoscritti,
https://ameliamorsellino.github.io/biblioteche-fantasma/resource/library/IT-CB0101,IT-CB0101,Biblioteca p. Dionisio Piccirilli,manoscritti,30
https://ameliamorsellino.github.io/biblioteche-fantasma/resource/library/IT-MC0065,IT-MC0065,Biblioteca padre Clemente Benedettucci,manoscritti,300
https://ameliamorsellino.github.io/biblioteche-fantasma/resource/library/IT-PA0708,IT-PA0708,"Biblioteca parrocchiale ""Canonico Giovan Battista Lo Cicero""",manoscritti,3
https://ameliamorsellino.github.io/biblioteche-fantasma/resource/library/IT-PA0051,IT-PA0051,"Biblioteca parrocchiale ""Mons. Lorenzo Perniciaro""",manoscritti,1
https://ameliamorsellino.github.io/biblioteche-fantasma/resource/library/IT-BG0519,IT-BG0519,Biblioteca parrocchiale Mons. Francesco Caccia,manoscritti,20
https://ameliamorsellino.github.io/biblioteche-fantasma/resource/library/IT-EN0050,IT-EN0050,Biblioteca parrocchiale S. Cataldo,manoscritti,
https://ameliamorsellino.github.io/biblioteche-fantasma/resource/library/IT-PA0007,IT-PA0007,Biblioteca parrocchiale Vincenzo Evola,manoscritti,50
https://ameliamorsellino.github.io/biblioteche-fantasma/resource/library/IT-BA0368,IT-BA0368,Biblioteca parrocchiale mons. Paolo Emilio Brescia,manoscritti,
https://ameliamorsellino.github.io/biblioteche-fantasma/resource/library/IT-PA0293,IT-PA0293,Biblioteca popolare Pax,manoscritti,248
https://ameliamorsellino.github.io/biblioteche-fantasma/resource/library/IT-PO0011,IT-PO0011,Biblioteca popolare Petrarca,manoscritti,10
https://ameliamorsellino.github.io/biblioteche-fantasma/resource/library/IT-PA0507,IT-PA0507,Biblioteca popolare S. Anna,manoscritti,7
https://ameliamorsellino.github.io/biblioteche-fantasma/resource/library/IT-MT0020,IT-MT0020,Biblioteca popolare Vito Caravelli,manoscritti,1
https://ameliamorsellino.github.io/biblioteche-fantasma/resource/library/IT-VA0082,IT-VA0082,Biblioteca popolare comunale,manoscritti,5
https://ameliamorsellino.github.io/biblioteche-fantasma/resource/library/IT-PE0011,IT-PE0011,Biblioteca popolare comunale Gaetano Panbianco,manoscritti,30
https://ameliamorsellino.github.io/biblioteche-fantasma/resource/library/IT-VA0201,IT-VA0201,Biblioteca prepositurale di S. Vittore,manoscritti,3
https://ameliamorsellino.github.io/biblioteche-fantasma/resource/library/IT-RA0063,IT-RA0063,Biblioteca privata Filippo Briccoli,manoscritti,15
https://ameliamorsellino.github.io/biblioteche-fantasma/resource/library/IT-MI1285,IT-MI1285,Biblioteca privata Massimo Gentili-Tedeschi,manoscritti,20
https://ameliamorsellino.github.io/biblioteche-fantasma/resource/library/IT-FG0145,IT-FG0145,Biblioteca privata Tommaso Nardella,manoscritti,
https://ameliamorsellino.github.io/biblioteche-fantasma/resource/library/IT-VT0074,IT-VT0074,Biblioteca provinciale Anselmo Anselmi,manoscritti,167
https://ameliamorsellino.github.io/biblioteche-fantasma/resource/library/IT-NA0074,IT-NA0074,Biblioteca provinciale Laurenziana,manoscritti,100
https://ameliamorsellino.github.io/biblioteche-fantasma/resource/library/IT-TO0866,IT-TO0866,Biblioteca provinciale OFM - Torino,manoscritti,35
https://ameliamorsellino.github.io/biblioteche-fantasma/resource/library/IT-VT0071,IT-VT0071,Biblioteca provinciale San Paolo dei Cappuccini,manoscritti,20
https://ameliamorsellino.github.io/biblioteche-fantasma/resource/library/IT-MT0029,IT-MT0029,Biblioteca provinciale Tommaso Stigliani,manoscritti,85
https://ameliamorsellino.github.io/biblioteche-fantasma/resource/library/IT-FI0041,IT-FI0041,Biblioteca provinciale dei Cappuccini,manoscritti,50
https://ameliamorsellino.github.io/biblioteche-fantasma/resource/library/IT-PA0092,IT-PA0092,Biblioteca provinciale dei Cappuccini,manoscritti,10
https://ameliamorsellino.github.io/biblioteche-fantasma/resource/library/IT-FG0045,IT-FG0045,Biblioteca provinciale dei Cappuccini di Foggia,manoscritti,7
https://ameliamorsellino.github.io/biblioteche-fantasma/resource/library/IT-GE0039,IT-GE0039,Biblioteca provinciale dei Cappuccini di Genova,manoscritti,298
https://ameliamorsellino.github.io/biblioteche-fantasma/resource/library/IT-SR0054,IT-SR0054,Biblioteca provinciale dei Cappuccini di Siracusa,manoscritti,4
https://ameliamorsellino.github.io/biblioteche-fantasma/resource/library/IT-MI0366,IT-MI0366,Biblioteca provinciale dei Carmelitani scalzi,manoscritti,1
https://ameliamorsellino.github.io/biblioteche-fantasma/resource/library/IT-FI0095,IT-FI0095,Biblioteca provinciale dei Frati minori,manoscritti,450
https://ameliamorsellino.github.io/biblioteche-fantasma/resource/library/IT-TO0264,IT-TO0264,Biblioteca provinciale dei Frati minori cappuccini,manoscritti,15
https://ameliamorsellino.github.io/biblioteche-fantasma/resource/library/IT-BO0330,IT-BO0330,Biblioteca provinciale dei Frati minori dell'Emilia,manoscritti,
https://ameliamorsellino.github.io/biblioteche-fantasma/resource/library/IT-ME0179,IT-ME0179,Biblioteca provinciale dei frati minori cappuccini Madonna di Pompei,manoscritti,284
https://ameliamorsellino.github.io/biblioteche-fantasma/resource/library/IT-NA0260,IT-NA0260,Biblioteca provinciale francescana Beato Ludovico da Casoria,manoscritti,64
https://ameliamorsellino.github.io/biblioteche-fantasma/resource/library/IT-BZ0274,IT-BZ0274,Biblioteca provinciale italiana Claudia Augusta,manoscritti,
https://ameliamorsellino.github.io/biblioteche-fantasma/resource/library/IT-TN0060,IT-TN0060,Biblioteca pubblica Intercomunale di Borgo d'Anaunia - sede di Fondo,manoscritti,1
https://ameliamorsellino.github.io/biblioteche-fantasma/resource/library/IT-CS0833,IT-CS0833,Biblioteca pubblica Pro Loco San Vincenzo La Costa,manoscritti,4858
https://ameliamorsellino.github.io/biblioteche-fantasma/resource/library/IT-BR0019,IT-BR0019,Biblioteca pubblica S. Benedetto - San Vito dei Normanni,manoscritti,1
https://ameliamorsellino.github.io/biblioteche-fantasma/resource/library/IT-BR0002,IT-BR0002,Biblioteca pubblica arcivescovile Annibale De Leo,manoscritti,400
https://ameliamorsellino.github.io/biblioteche-fantasma/resource/library/IT-TN0115,IT-TN0115,"Biblioteca pubblica comunale ""Albano Tomaselli"" di Castel Ivano",manoscritti,1
https://ameliamorsellino.github.io/biblioteche-fantasma/resource/library/IT-TN0090,IT-TN0090,"Biblioteca pubblica comunale ""Basilio Mosca"" di Pieve di Bono-Prezzo",manoscritti,2
https://ameliamorsellino.github.io/biblioteche-fantasma/resource/library/IT-TN0058,IT-TN0058,"Biblioteca pubblica comunale ""C. Musatti"" di Folgaria",manoscritti,16
https://ameliamorsellino.github.io/biblioteche-fantasma/resource/library/IT-TN0086,IT-TN0086,"Biblioteca pubblica comunale ""Cardinal Migazzi"" Val di Peio",manoscritti,3
https://ameliamorsellino.github.io/biblioteche-fantasma/resource/library/IT-TN0071,IT-TN0071,"Biblioteca pubblica comunale ""Elvio Fachinelli"" di Luserna",manoscritti,3
https://ameliamorsellino.github.io/biblioteche-fantasma/resource/library/IT-TN0083,IT-TN0083,"Biblioteca pubblica comunale ""Luigi Dal Ri"" di Mori",manoscritti,16
https://ameliamorsellino.github.io/biblioteche-fantasma/resource/library/IT-TN0162,IT-TN0162,"Biblioteca pubblica comunale ""Orlando Gasperini"" di Grigno",manoscritti,13
https://ameliamorsellino.github.io/biblioteche-fantasma/resource/library/IT-TN0080,IT-TN0080,"Biblioteca pubblica comunale ""Padre E. Chiocchetti"" di Moena",manoscritti,1
https://ameliamorsellino.github.io/biblioteche-fantasma/resource/library/IT-KR0002,IT-KR0002,"Biblioteca pubblica comunale ""Parco letterario Carmine Abate""",manoscritti,1
https://ameliamorsellino.github.io/biblioteche-fantasma/resource/library/IT-TN0061,IT-TN0061,"Biblioteca pubblica comunale ""V. Cavalieri"" di Isera",manoscritti,1
https://ameliamorsellino.github.io/biblioteche-fantasma/resource/library/IT-TN0145,IT-TN0145,Biblioteca pubblica comunale Altopiano della Vigolana,manoscritti,2
https://ameliamorsellino.github.io/biblioteche-fantasma/resource/library/IT-TN0163,IT-TN0163,Biblioteca pubblica comunale Ville D'Anaunia - Tassullo,manoscritti,2
https://ameliamorsellino.github.io/biblioteche-fantasma/resource/library/IT-TN0005,IT-TN0005,Biblioteca pubblica comunale di Albiano,manoscritti,1
https://ameliamorsellino.github.io/biblioteche-fantasma/resource/library/IT-TN0050,IT-TN0050,Biblioteca pubblica comunale di Borgo Chiese,manoscritti,24
https://ameliamorsellino.github.io/biblioteche-fantasma/resource/library/IT-TN0025,IT-TN0025,Biblioteca pubblica comunale di Brentonico,manoscritti,3
https://ameliamorsellino.github.io/biblioteche-fantasma/resource/library/IT-TN0029,IT-TN0029,Biblioteca pubblica comunale di Calliano,manoscritti,2
https://ameliamorsellino.github.io/biblioteche-fantasma/resource/library/IT-TN0147,IT-TN0147,Biblioteca pubblica comunale di Canal San Bovo,manoscritti,1
https://ameliamorsellino.github.io/biblioteche-fantasma/resource/library/IT-TN0033,IT-TN0033,Biblioteca pubblica comunale di Canazei,manoscritti,2
https://ameliamorsellino.github.io/biblioteche-fantasma/resource/library/IT-TN0034,IT-TN0034,Biblioteca pubblica comunale di Castello Tesino,manoscritti,3
https://ameliamorsellino.github.io/biblioteche-fantasma/resource/library/IT-TN0035,IT-TN0035,Biblioteca pubblica comunale di Cavalese,manoscritti,4
https://ameliamorsellino.github.io/biblioteche-fantasma/resource/library/IT-TN0042,IT-TN0042,Biblioteca pubblica comunale di Cembra Lisignago,manoscritti,4
https://ameliamorsellino.github.io/biblioteche-fantasma/resource/library/IT-TN0045,IT-TN0045,Biblioteca pubblica comunale di Civezzano,manoscritti,4
https://ameliamorsellino.github.io/biblioteche-fantasma/resource/library/IT-TN0048,IT-TN0048,Biblioteca pubblica comunale di Cles,manoscritti,4
https://ameliamorsellino.github.io/biblioteche-fantasma/resource/library/IT-TN0052,IT-TN0052,Biblioteca pubblica comunale di Denno,manoscritti,1
https://ameliamorsellino.github.io/biblioteche-fantasma/resource/library/IT-TN0227,IT-TN0227,Biblioteca pubblica comunale di Giovo,manoscritti,1
https://ameliamorsellino.github.io/biblioteche-fantasma/resource/library/IT-TN0148,IT-TN0148,Biblioteca pubblica comunale di Levico Terme,manoscritti,26
https://ameliamorsellino.github.io/biblioteche-fantasma/resource/library/IT-TN0072,IT-TN0072,Biblioteca pubblica comunale di Malè,manoscritti,5
https://ameliamorsellino.github.io/biblioteche-fantasma/resource/library/IT-TN0084,IT-TN0084,Biblioteca pubblica comunale di Nomi,manoscritti,1
https://ameliamorsellino.github.io/biblioteche-fantasma/resource/library/IT-TN0096,IT-TN0096,Biblioteca pubblica comunale di Novella - Revò,manoscritti,3
https://ameliamorsellino.github.io/biblioteche-fantasma/resource/library/IT-TN0108,IT-TN0108,Biblioteca pubblica comunale di San Michele All'Adige,manoscritti,1
https://ameliamorsellino.github.io/biblioteche-fantasma/resource/library/IT-TN0109,IT-TN0109,Biblioteca pubblica comunale di Sant'Orsola Terme,manoscritti,1
https://ameliamorsellino.github.io/biblioteche-fantasma/resource/library/IT-TN0149,IT-TN0149,Biblioteca pubblica comunale di Telve,manoscritti,16
https://ameliamorsellino.github.io/biblioteche-fantasma/resource/library/IT-TN0166,IT-TN0166,Biblioteca pubblica comunale di Vallarsa,manoscritti,4
https://ameliamorsellino.github.io/biblioteche-fantasma/resource/library/IT-GO0020,IT-GO0020,Biblioteca pubblica del Seminario teologico centrale,manoscritti,1404
https://ameliamorsellino.github.io/biblioteche-fantasma/resource/library/IT-SA0077,IT-SA0077,Biblioteca pubblica diocesana Pio XII,manoscritti,15
https://ameliamorsellino.github.io/biblioteche-fantasma/resource/library/IT-BR0013,IT-BR0013,Biblioteca pubblica diocesana Raffaele Ferrigno - Ostuni,manoscritti,22
https://ameliamorsellino.github.io/biblioteche-fantasma/resource/library/IT-NO0011,IT-NO0011,Biblioteca pubblica e Casa della cultura. Fondazione Achille Marazza,manoscritti,200
https://ameliamorsellino.github.io/biblioteche-fantasma/resource/library/IT-TN0113,IT-TN0113,"Biblioteca pubblica intercomunale ""Nino Scaglia"" di Storo",manoscritti,17
https://ameliamorsellino.github.io/biblioteche-fantasma/resource/library/IT-TN0161,IT-TN0161,Biblioteca pubblica intercomunale di Dimaro Folgarida,manoscritti,1
https://ameliamorsellino.github.io/biblioteche-fantasma/resource/library/IT-TN0076,IT-TN0076,Biblioteca pubblica intercomunale di Mezzocorona,manoscritti,2
https://ameliamorsellino.github.io/biblioteche-fantasma/resource/library/IT-TN0079,IT-TN0079,Biblioteca pubblica intercomunale di Mezzolombardo,manoscritti,2
https://ameliamorsellino.github.io/biblioteche-fantasma/resource/library/IT-CA0159,IT-CA0159,Biblioteca regionale,manoscritti,2
https://ameliamorsellino.github.io/biblioteche-fantasma/resource/library/IT-AO0064,IT-AO0064,Biblioteca regionale Bruno Salvadori,manoscritti,90
https://ameliamorsellino.github.io/biblioteche-fantasma/resource/library/IT-CT0062,IT-CT0062,Biblioteca regionale universitaria di Catania,manoscritti,11000
https://ameliamorsellino.github.io/biblioteche-fantasma/resource/library/IT-ME0050,IT-ME0050,Biblioteca regionale universitaria di Messina,manoscritti,1315
https://ameliamorsellino.github.io/biblioteche-fantasma/resource/library/IT-RM0275,IT-RM0275,Biblioteca romana ed emeroteca,manoscritti,531
https://ameliamorsellino.github.io/biblioteche-fantasma/resource/library/IT-RE0053,IT-RE0053,"Biblioteca scientifica ""Carlo Livi""",manoscritti,1
https://ameliamorsellino.github.io/biblioteche-fantasma/resource/library/IT-CN0134,IT-CN0134,Biblioteca scientifica del Museo civico Craveri di storia naturale,manoscritti,9300
https://ameliamorsellino.github.io/biblioteche-fantasma/resource/library/IT-AR0198,IT-AR0198,Biblioteca scolastica dell'Istituto Comprensivo di Bucine,manoscritti,
https://ameliamorsellino.github.io/biblioteche-fantasma/resource/library/IT-TN0160,IT-TN0160,Biblioteca sovracomunale di Pergine Valsugana e Valle del Fersina,manoscritti,4
https://ameliamorsellino.github.io/biblioteche-fantasma/resource/library/IT-SO0080,IT-SO0080,Biblioteca specialistica del Museo valtellinese di storia ed arte,manoscritti,198
https://ameliamorsellino.github.io/biblioteche-fantasma/resource/library/IT-SV0111,IT-SV0111,Biblioteca specialistica del vetro,manoscritti,211
https://ameliamorsellino.github.io/biblioteche-fantasma/resource/library/IT-AL0201,IT-AL0201,Biblioteca specialistica dell'Associazione Pellizza da Volpedo,manoscritti,
https://ameliamorsellino.github.io/biblioteche-fantasma/resource/library/IT-RM0039,IT-RM0039,Biblioteca statale del Monumento Nazionale di Grottaferrata,manoscritti,1197
https://ameliamorsellino.github.io/biblioteche-fantasma/resource/library/IT-SA0088,IT-SA0088,Biblioteca statale del Monumento nazionale Badia di Cava,manoscritti,439
https://ameliamorsellino.github.io/biblioteche-fantasma/resource/library/IT-RI0158,IT-RI0158,Biblioteca statale del Monumento nazionale di Farfa,manoscritti,1584
https://ameliamorsellino.github.io/biblioteche-fantasma/resource/library/IT-FR0084,IT-FR0084,Biblioteca statale del Monumento nazionale di Montecassino,manoscritti,15260
https://ameliamorsellino.github.io/biblioteche-fantasma/resource/library/IT-RM0602,IT-RM0602,Biblioteca statale del Monumento nazionale di S. Scolastica,manoscritti,948
https://ameliamorsellino.github.io/biblioteche-fantasma/resource/library/IT-FR0028,IT-FR0028,Biblioteca statale del Monumento nazionale di Trisulti,manoscritti,200
https://ameliamorsellino.github.io/biblioteche-fantasma/resource/library/IT-CR0062,IT-CR0062,Biblioteca statale di Cremona,manoscritti,4300
https://ameliamorsellino.github.io/biblioteche-fantasma/resource/library/IT-FC0032,IT-FC0032,Biblioteca storica Lelio Pasolini,manoscritti,
https://ameliamorsellino.github.io/biblioteche-fantasma/resource/library/IT-FC0109,IT-FC0109,"Biblioteca storica del Civico Museo ""Monsignor Domenico Mambrini""",manoscritti,10
https://ameliamorsellino.github.io/biblioteche-fantasma/resource/library/IT-RM0545,IT-RM0545,Biblioteca storica del Ministero dell'economia e delle finanze,manoscritti,2
https://ameliamorsellino.github.io/biblioteche-fantasma/resource/library/IT-RM0773,IT-RM0773,Biblioteca storica dell'Amministrazione penitenziaria,manoscritti,15
https://ameliamorsellino.github.io/biblioteche-fantasma/resource/library/IT-MI0837,IT-MI0837,Biblioteca storica di medicina dell'Ospedale Maggiore di Milano,manoscritti,2
https://ameliamorsellino.github.io/biblioteche-fantasma/resource/library/IT-PD0341,IT-PD0341,Biblioteca storica di medicina e botanica Vincenzo Pinali e Giovanni Marsili,manoscritti,
https://ameliamorsellino.github.io/biblioteche-fantasma/resource/library/IT-RM0730,IT-RM0730,Biblioteca storica nazionale dell'Agricoltura,manoscritti,4
https://ameliamorsellino.github.io/biblioteche-fantasma/resource/library/IT-FI0020,IT-FI0020,Biblioteca storico-araldica genealogica Guelfi Camaiani,manoscritti,200
https://ameliamorsellino.github.io/biblioteche-fantasma/resource/library/IT-PG0004,IT-PG0004,Biblioteca storico-francescana della Chiesa Nuova,manoscritti,244
https://ameliamorsellino.github.io/biblioteche-fantasma/resource/library/IT-AN0039,IT-AN0039,Biblioteca storico-francescana e picena,manoscritti,80
https://ameliamorsellino.github.io/biblioteche-fantasma/resource/library/IT-RM1702,IT-RM1702,Biblioteca tecnica della Direzione Centrale per la Prevenzione e la Sicurezza Tecnica del Corpo Nazionale dei Vigili del Fuoco ,manoscritti,4
https://ameliamorsellino.github.io/biblioteche-fantasma/resource/library/IT-RM0150,IT-RM0150,Biblioteca tecnico scientifica dell'Istituto storico e di cultura dell'arma del genio,manoscritti,
https://ameliamorsellino.github.io/biblioteche-fantasma/resource/library/IT-AP0020,IT-AP0020,Biblioteca tomistica S. Alessio,manoscritti,31
https://ameliamorsellino.github.io/biblioteche-fantasma/resource/library/IT-RM0280,IT-RM0280,Biblioteca universitaria Alessandrina,manoscritti,599
https://ameliamorsellino.github.io/biblioteche-fantasma/resource/library/IT-CA0194,IT-CA0194,Biblioteca universitaria di Cagliari,manoscritti,6200
https://ameliamorsellino.github.io/biblioteche-fantasma/resource/library/IT-NA0070,IT-NA0070,Biblioteca universitaria di Napoli,manoscritti,148
https://ameliamorsellino.github.io/biblioteche-fantasma/resource/library/IT-PG0011,IT-PG0011,Biblioteca vescovile,manoscritti,
https://ameliamorsellino.github.io/biblioteche-fantasma/resource/library/IT-VE0204,IT-VE0204,Biblioteca-archivio Renato Maestro,manoscritti,
https://ameliamorsellino.github.io/biblioteche-fantasma/resource/library/IT-VE0227,IT-VE0227,Biblioteca-archivio dell'IRE,manoscritti,2
https://ameliamorsellino.github.io/biblioteche-fantasma/resource/library/IT-BA0280,IT-BA0280,Biblioteca-archivio dell'Istituto di bibliografia musicale di Puglia,manoscritti,
https://ameliamorsellino.github.io/biblioteche-fantasma/resource/library/IT-FE0121,IT-FE0121,BibliotecaBlù,manoscritti,10
https://ameliamorsellino.github.io/biblioteche-fantasma/resource/library/IT-BO0271,IT-BO0271,Biblioteche Scientifiche dell'Istituto Ortopedico Rizzoli,manoscritti,17
https://ameliamorsellino.github.io/biblioteche-fantasma/resource/library/IT-RM0528,IT-RM0528,Biblioteche del Museo delle Civiltà,manoscritti,20
https://ameliamorsellino.github.io/biblioteche-fantasma/resource/library/IT-TN0198,IT-TN0198,Biblioteche della Paganella,manoscritti,3
https://ameliamorsellino.github.io/biblioteche-fantasma/resource/library/IT-IS0003,IT-IS0003,"Biblioteche riunite comunale e ""B. Labanca""",manoscritti,22000
https://ameliamorsellino.github.io/biblioteche-fantasma/resource/library/IT-LE0137,IT-LE0137,Bibliotheca Minima,manoscritti,10
https://ameliamorsellino.github.io/biblioteche-fantasma/resource/library/IT-CE0060,IT-CE0060,Bibliotheca Scriptorum Loci,manoscritti,32
https://ameliamorsellino.github.io/biblioteche-fantasma/resource/library/IT-CZ0125,IT-CZ0125,Bibliotheca Vivariensis Istituto di studi su Cassiodoro e sul medioevo in Calabria,manoscritti,10
https://ameliamorsellino.github.io/biblioteche-fantasma/resource/library/IT-AO0053,IT-AO0053,Bibliothèque Du Centre D'Études Francoprovençales Renè Willien,manoscritti,
https://ameliamorsellino.github.io/biblioteche-fantasma/resource/library/IT-MI0725,IT-MI0725,CENTRO DOCUMENTAZIONE AGESCI,manoscritti,1000
https://ameliamorsellino.github.io/biblioteche-fantasma/resource/library/IT-PR0164,IT-PR0164,Casa della musica. Archivio storico del Teatro Regio - Sezione storica,manoscritti,127
https://ameliamorsellino.github.io/biblioteche-fantasma/resource/library/IT-RA0026,IT-RA0026,Centro Culturale Carlo Venturini,manoscritti,55
https://ameliamorsellino.github.io/biblioteche-fantasma/resource/library/IT-GE0021,IT-GE0021,Centro Documentazione Istituto David Chiossone,manoscritti,
https://ameliamorsellino.github.io/biblioteche-fantasma/resource/library/IT-SI0134,IT-SI0134,"Centro Nazionale Studi sul Jazz ""Arrigo Polillo"" - Siena Jazz",manoscritti,1000
https://ameliamorsellino.github.io/biblioteche-fantasma/resource/library/IT-BL0110,IT-BL0110,Centro Studi Buzzati,manoscritti,400
https://ameliamorsellino.github.io/biblioteche-fantasma/resource/library/IT-MI0699,IT-MI0699,Centro Studi Libertari Giuseppe Pinelli APS,manoscritti,100
https://ameliamorsellino.github.io/biblioteche-fantasma/resource/library/IT-TO0329,IT-TO0329,Centro di Documentazione del Museo Nazionale dell’Automobile,manoscritti,50
https://ameliamorsellino.github.io/biblioteche-fantasma/resource/library/IT-CN0180,IT-CN0180,Centro di Ricerca e Documentazione dell'Istituto per i Beni Musicali in Piemonte,manoscritti,1
https://ameliamorsellino.github.io/biblioteche-fantasma/resource/library/IT-FI0359,IT-FI0359,"Centro di documentazione - Biblioteca ""Matteo Lanzoni"" di Polimoda ",manoscritti,1
https://ameliamorsellino.github.io/biblioteche-fantasma/resource/library/IT-FI0902,IT-FI0902,Centro di documentazione Azione Gay e Lesbica,manoscritti,2680
https://ameliamorsellino.github.io/biblioteche-fantasma/resource/library/IT-MI1193,IT-MI1193,Centro di documentazione Omologie,manoscritti,100
https://ameliamorsellino.github.io/biblioteche-fantasma/resource/library/IT-RM1906,IT-RM1906,Centro di documentazione dell'associazione nazionale fra mutilati ed invalidi di guerra ,manoscritti,10
https://ameliamorsellino.github.io/biblioteche-fantasma/resource/library/IT-BI0031,IT-BI0031,Centro di documentazione sindacale e biblioteca della Camera del lavoro,manoscritti,90
https://ameliamorsellino.github.io/biblioteche-fantasma/resource/library/IT-TV0146,IT-TV0146,Centro documentazione della Fondazione Benetton Studi Ricerche,manoscritti,5
https://ameliamorsellino.github.io/biblioteche-fantasma/resource/library/IT-MI0368,IT-MI0368,Civica Biblioteca D'Arte,manoscritti,942
https://ameliamorsellino.github.io/biblioteche-fantasma/resource/library/IT-UD0075,IT-UD0075,Civica Biblioteca Guarneriana,manoscritti,600
https://ameliamorsellino.github.io/biblioteche-fantasma/resource/library/IT-MI0534,IT-MI0534,Civica biblioteca archeologica e numismatica,manoscritti,
https://ameliamorsellino.github.io/biblioteche-fantasma/resource/library/IT-FG0124,IT-FG0124,Civiche biblioteche unificate,manoscritti,
https://ameliamorsellino.github.io/biblioteche-fantasma/resource/library/IT-GE0041,IT-GE0041,Civico museo biblioteca dell'attore del Teatro stabile di Genova,manoscritti,60000
https://ameliamorsellino.github.io/biblioteche-fantasma/resource/library/IT-BA0032,IT-BA0032,Consiglio per la Ricerca In Agricoltura e l'Analisi dell'Economia Agraria Centro di Ricerca Agricoltura e Ambiente - Sede di Bari (Crea-Aa Sede di Bari),manoscritti,9
https://ameliamorsellino.github.io/biblioteche-fantasma/resource/library/IT-BA0151,IT-BA0151,"Emeroteca umanistica ""Antonio Corsano"" (Università degli studi di Bari Aldo Moro)",manoscritti,
https://ameliamorsellino.github.io/biblioteche-fantasma/resource/library/IT-BO0566,IT-BO0566,Fondazione Biblioteca Bozzano-De Boni Onlus,manoscritti,100
https://ameliamorsellino.github.io/biblioteche-fantasma/resource/library/IT-TN0122,IT-TN0122,Fondazione Biblioteca San Bernardino,manoscritti,1541
https://ameliamorsellino.github.io/biblioteche-fantasma/resource/library/IT-AT0004,IT-AT0004,Fondazione Biblioteca astense Giorgio Faletti,manoscritti,60
https://ameliamorsellino.github.io/biblioteche-fantasma/resource/library/IT-FI0584,IT-FI0584,Fondazione Biblioteche Cassa di Risparmio di Firenze,manoscritti,
https://ameliamorsellino.github.io/biblioteche-fantasma/resource/library/IT-MN0069,IT-MN0069,Fondazione Sanguanini Rivarolo Onlus,manoscritti,10
https://ameliamorsellino.github.io/biblioteche-fantasma/resource/library/IT-BL0218,IT-BL0218,Fondo Bibliografico 'Don Ferdinando Tamis',manoscritti,1500
https://ameliamorsellino.github.io/biblioteche-fantasma/resource/library/IT-MN0052,IT-MN0052,Fondo musicale Giuseppe Greggiati,manoscritti,5339
https://ameliamorsellino.github.io/biblioteche-fantasma/resource/library/IT-VE0172,IT-VE0172,Fondo storico di ateneo dell'Università Ca' Foscari Venezia,manoscritti,7
https://ameliamorsellino.github.io/biblioteche-fantasma/resource/library/IT-FI0587,IT-FI0587,Galleria degli Uffizi. Gabinetto dei disegni e delle stampe,manoscritti,50
https://ameliamorsellino.github.io/biblioteche-fantasma/resource/library/IT-BR0008,IT-BR0008,"I portici - Biblioteca di Comunità ""Ignazio Ciaia""",manoscritti,2
https://ameliamorsellino.github.io/biblioteche-fantasma/resource/library/IT-PA0241,IT-PA0241,Istituto Gramsci Siciliano (IGS) – ETS,manoscritti,1
https://ameliamorsellino.github.io/biblioteche-fantasma/resource/library/IT-RA0036,IT-RA0036,Istituzione Biblioteca Classense,manoscritti,11091
https://ameliamorsellino.github.io/biblioteche-fantasma/resource/library/IT-TS0010,IT-TS0010,Knjiznica Dusana Cerneta - Biblioteca Dusan Cerne,manoscritti,20
https://ameliamorsellino.github.io/biblioteche-fantasma/resource/library/IT-TN0014,IT-TN0014,LAC Biblioteca di Baselga di Piné,manoscritti,24
https://ameliamorsellino.github.io/biblioteche-fantasma/resource/library/IT-TO1233,IT-TO1233,La Bi(m)blioteca - Scuola primaria Roberto D'Azeglio,manoscritti,
https://ameliamorsellino.github.io/biblioteche-fantasma/resource/library/IT-MI0129,IT-MI0129,La Biblioteca,manoscritti,186
https://ameliamorsellino.github.io/biblioteche-fantasma/resource/library/IT-TN0095,IT-TN0095,La Stazione / destinazione cultura. Biblioteca comunale di Predazzo,manoscritti,33
https://ameliamorsellino.github.io/biblioteche-fantasma/resource/library/IT-CR0200,IT-CR0200,Libreria civica,manoscritti,1000
https://ameliamorsellino.github.io/biblioteche-fantasma/resource/library/IT-SP0075,IT-SP0075,Ludoteca civica,manoscritti,50
https://ameliamorsellino.github.io/biblioteche-fantasma/resource/library/IT-BR0003,IT-BR0003,MediaPorto-Biblioteca di Brindisi,manoscritti,7
https://ameliamorsellino.github.io/biblioteche-fantasma/resource/library/IT-SP0071,IT-SP0071,"Mediateca Regionale Ligure ""Sergio Fregoso""",manoscritti,30
https://ameliamorsellino.github.io/biblioteche-fantasma/resource/library/IT-BA0441,IT-BA0441,Mediateca Regionale Pugliese,manoscritti,
https://ameliamorsellino.github.io/biblioteche-fantasma/resource/library/IT-MI1089,IT-MI1089,Mediateca di Milano Civica Scuola di Musica   ,manoscritti,
https://ameliamorsellino.github.io/biblioteche-fantasma/resource/library/IT-PR0158,IT-PR0158,Mediateca e museo del Conservatorio Arrigo Boito,manoscritti,41
https://ameliamorsellino.github.io/biblioteche-fantasma/resource/library/IT-BZ0255,IT-BZ0255,Museo Archivio e Biblioteca della Collegiata di San Candido - Museum Archiv und Bibliothek des Stifts Innichen,manoscritti,70
https://ameliamorsellino.github.io/biblioteche-fantasma/resource/library/IT-RC0629,IT-RC0629,Museo d’arte contemporanea AM International & Fondazione Elio Furina,manoscritti,793
https://ameliamorsellino.github.io/biblioteche-fantasma/resource/library/IT-BO0310,IT-BO0310,Museo internazionale e biblioteca della musica,manoscritti,45000
https://ameliamorsellino.github.io/biblioteche-fantasma/resource/library/IT-RM1902,IT-RM1902,Museo storico della liberazione - Mediateca Gerardo De Angelis,manoscritti,50
https://ameliamorsellino.github.io/biblioteche-fantasma/resource/library/IT-TR0022,IT-TR0022,Nuova Biblioteca Pubblica Luigi Fumi,manoscritti,4028
https://ameliamorsellino.github.io/biblioteche-fantasma/resource/library/IT-BL0091,IT-BL0091,Polo bibliotecario feltrino Panfilo Castaldi,manoscritti,20000
https://ameliamorsellino.github.io/biblioteche-fantasma/resource/library/IT-PU0010,IT-PU0010,Polo culturale di Eccellenza,manoscritti,1000
https://ameliamorsellino.github.io/biblioteche-fantasma/resource/library/IT-FI0553,IT-FI0553,Polo documentario AUSL Toscana Centro,manoscritti,
https://ameliamorsellino.github.io/biblioteche-fantasma/resource/library/IT-TN0575,IT-TN0575,Punto Di Prestito Di Montevaccino,manoscritti,5
https://ameliamorsellino.github.io/biblioteche-fantasma/resource/library/IT-TN0580,IT-TN0580,Punto Lettura Cloz,manoscritti,1
https://ameliamorsellino.github.io/biblioteche-fantasma/resource/library/IT-VE0230,IT-VE0230,Punto Prestito di San Toma',manoscritti,1
https://ameliamorsellino.github.io/biblioteche-fantasma/resource/library/IT-TN0181,IT-TN0181,Punto di Lettura di Besenello,manoscritti,1
https://ameliamorsellino.github.io/biblioteche-fantasma/resource/library/IT-TN0223,IT-TN0223,Punto di Lettura di Bosentino,manoscritti,2
https://ameliamorsellino.github.io/biblioteche-fantasma/resource/library/IT-TN0200,IT-TN0200,Punto di Lettura di Calavino,manoscritti,1
https://ameliamorsellino.github.io/biblioteche-fantasma/resource/library/IT-TN0201,IT-TN0201,Punto di Lettura di Fai della Paganella,manoscritti,1
https://ameliamorsellino.github.io/biblioteche-fantasma/resource/library/IT-TN0184,IT-TN0184,Punto di Lettura di Fornace,manoscritti,2
https://ameliamorsellino.github.io/biblioteche-fantasma/resource/library/IT-TN0062,IT-TN0062,Punto di Lettura di Lasino,manoscritti,1
https://ameliamorsellino.github.io/biblioteche-fantasma/resource/library/IT-TN0206,IT-TN0206,Punto di Lettura di Madonna di Campiglio,manoscritti,4
https://ameliamorsellino.github.io/biblioteche-fantasma/resource/library/IT-TN0228,IT-TN0228,Punto di Lettura di Mezzana,manoscritti,2
https://ameliamorsellino.github.io/biblioteche-fantasma/resource/library/IT-TN0186,IT-TN0186,Punto di Lettura di Mezzano,manoscritti,2
https://ameliamorsellino.github.io/biblioteche-fantasma/resource/library/IT-TN0230,IT-TN0230,Punto di Lettura di Padergnone,manoscritti,3
https://ameliamorsellino.github.io/biblioteche-fantasma/resource/library/IT-TN0233,IT-TN0233,Punto di Lettura di Roverè della Luna,manoscritti,1
https://ameliamorsellino.github.io/biblioteche-fantasma/resource/library/IT-TN0238,IT-TN0238,Punto di Lettura di Sporminore,manoscritti,1
https://ameliamorsellino.github.io/biblioteche-fantasma/resource/library/IT-TN0188,IT-TN0188,Punto di Lettura di Tenna,manoscritti,1
https://ameliamorsellino.github.io/biblioteche-fantasma/resource/library/IT-TN0210,IT-TN0210,Punto di Lettura di Trambileno,manoscritti,5
https://ameliamorsellino.github.io/biblioteche-fantasma/resource/library/IT-TN0171,IT-TN0171,Punto di Lettura di Vigo Cavedine,manoscritti,1
https://ameliamorsellino.github.io/biblioteche-fantasma/resource/library/IT-TN0224,IT-TN0224,Punto di lettura di Campodenno,manoscritti,1
https://ameliamorsellino.github.io/biblioteche-fantasma/resource/library/IT-TN0584,IT-TN0584,Punto di lettura di Javré,manoscritti,1
https://ameliamorsellino.github.io/biblioteche-fantasma/resource/library/IT-TN0586,IT-TN0586,Punto di lettura di Spiazzo,manoscritti,1
https://ameliamorsellino.github.io/biblioteche-fantasma/resource/library/IT-TN0579,IT-TN0579,Punto di lettura di Ton,manoscritti,1
https://ameliamorsellino.github.io/biblioteche-fantasma/resource/library/IT-TN0577,IT-TN0577,Punto di prestito di Cadine,manoscritti,1
https://ameliamorsellino.github.io/biblioteche-fantasma/resource/library/IT-FG0128,IT-FG0128,Sala di lettura padre Pio,manoscritti,2500
https://ameliamorsellino.github.io/biblioteche-fantasma/resource/library/IT-GE0398,IT-GE0398,Servizio di documentazione scientifica dell'Area della ricerca di Genova del Consiglio nazionale delle ricerche,manoscritti,1
https://ameliamorsellino.github.io/biblioteche-fantasma/resource/library/IT-TS0022,IT-TS0022,Sezione staccata del Civico Museo di guerra per la pace 'Diego de Henriquez',manoscritti,287
https://ameliamorsellino.github.io/biblioteche-fantasma/resource/library/IT-TR0291,IT-TR0291,Simmetria Institute Library Museum,manoscritti,150
https://ameliamorsellino.github.io/biblioteche-fantasma/resource/library/IT-TV0184,IT-TV0184,Tipoteca Italiana Fondazione - Biblioteca del Museo del Carattere e della Tipografia,manoscritti,10
https://ameliamorsellino.github.io/biblioteche-fantasma/resource/library/IT-MI0133,IT-MI0133,Veneranda Biblioteca Ambrosiana,manoscritti,36000
